path	prefab	min	max	rotation
Directional Light		(0.000, 3.000, 0.000)	(0.000, 3.000, 0.000)	(50.0, 315.5, 0.0)
Floor		(-1.000, -3.840, -1.000)	(17.505, 1.130, 31.000)	(0.0, 0.0, 0.0)
Floor/Floor2x2	Assets/Modern Villa/Prefabs/floors/Floor2x2.prefab	(-1.000, 0.000, -1.000)	(1.000, 1.000, 1.000)	(0.0, 0.0, 0.0)
Floor/Floor2x2 (64)	Assets/Modern Villa/Prefabs/floors/Floor2x2.prefab	(7.000, 0.000, -1.000)	(9.000, 1.000, 1.000)	(0.0, 0.0, 0.0)
Floor/Floor2x2 (32)	Assets/Modern Villa/Prefabs/floors/Floor2x2.prefab	(3.000, 0.000, -1.000)	(5.000, 1.000, 1.000)	(0.0, 0.0, 0.0)
Floor/Floor2x2 (65)	Assets/Modern Villa/Prefabs/floors/Floor2x2.prefab	(11.000, 0.000, -1.000)	(13.000, 1.000, 1.000)	(0.0, 0.0, 0.0)
Floor/Floor2x2 (16)	Assets/Modern Villa/Prefabs/floors/Floor2x2.prefab	(1.000, 0.000, -1.000)	(3.000, 1.000, 1.000)	(0.0, 0.0, 0.0)
Floor/Floor2x2 (66)	Assets/Modern Villa/Prefabs/floors/Floor2x2.prefab	(9.000, 0.000, -1.000)	(11.000, 1.000, 1.000)	(0.0, 0.0, 0.0)
Floor/Floor2x2 (33)	Assets/Modern Villa/Prefabs/floors/Floor2x2.prefab	(5.000, 0.000, -1.000)	(7.000, 1.000, 1.000)	(0.0, 0.0, 0.0)
Floor/Floor2x2 (67)	Assets/Modern Villa/Prefabs/floors/Floor2x2.prefab	(13.000, 0.000, -1.000)	(15.000, 1.000, 1.000)	(0.0, 0.0, 0.0)
Floor/Floor2x2 (8)	Assets/Modern Villa/Prefabs/floors/Floor2x2.prefab	(-1.000, 0.000, 15.000)	(1.000, 1.000, 17.000)	(0.0, 0.0, 0.0)
Floor/Floor2x2 (68)	Assets/Modern Villa/Prefabs/floors/Floor2x2.prefab	(7.000, 0.000, 15.000)	(9.000, 1.000, 17.000)	(0.0, 0.0, 0.0)
Floor/Floor2x2 (34)	Assets/Modern Villa/Prefabs/floors/Floor2x2.prefab	(3.000, 0.000, 15.000)	(5.000, 1.000, 17.000)	(0.0, 0.0, 0.0)
Floor/Floor2x2 (69)	Assets/Modern Villa/Prefabs/floors/Floor2x2.prefab	(11.000, 0.000, 15.000)	(13.000, 1.000, 17.000)	(0.0, 0.0, 0.0)
Floor/Floor2x2 (17)	Assets/Modern Villa/Prefabs/floors/Floor2x2.prefab	(1.000, 0.000, 15.000)	(3.000, 1.000, 17.000)	(0.0, 0.0, 0.0)
Floor/Floor2x2 (70)	Assets/Modern Villa/Prefabs/floors/Floor2x2.prefab	(9.000, 0.000, 15.000)	(11.000, 1.000, 17.000)	(0.0, 0.0, 0.0)
Floor/Floor2x2 (35)	Assets/Modern Villa/Prefabs/floors/Floor2x2.prefab	(5.000, 0.000, 15.000)	(7.000, 1.000, 17.000)	(0.0, 0.0, 0.0)
Floor/Floor2x2 (71)	Assets/Modern Villa/Prefabs/floors/Floor2x2.prefab	(13.000, 0.000, 15.000)	(15.000, 1.000, 17.000)	(0.0, 0.0, 0.0)
Floor/Floor2x2 (4)	Assets/Modern Villa/Prefabs/floors/Floor2x2.prefab	(-1.000, 0.000, 7.000)	(1.000, 1.000, 9.000)	(0.0, 0.0, 0.0)
Floor/Floor2x2 (72)	Assets/Modern Villa/Prefabs/floors/Floor2x2.prefab	(7.000, 0.000, 7.000)	(9.000, 1.000, 9.000)	(0.0, 0.0, 0.0)
Floor/Floor2x2 (36)	Assets/Modern Villa/Prefabs/floors/Floor2x2.prefab	(3.000, 0.000, 7.000)	(5.000, 1.000, 9.000)	(0.0, 0.0, 0.0)
Floor/Floor2x2 (73)	Assets/Modern Villa/Prefabs/floors/Floor2x2.prefab	(11.000, 0.000, 7.000)	(13.000, 1.000, 9.000)	(0.0, 0.0, 0.0)
Floor/Floor2x2 (18)	Assets/Modern Villa/Prefabs/floors/Floor2x2.prefab	(1.000, 0.000, 7.000)	(3.000, 1.000, 9.000)	(0.0, 0.0, 0.0)
Floor/Floor2x2 (74)	Assets/Modern Villa/Prefabs/floors/Floor2x2.prefab	(9.000, 0.000, 7.000)	(11.000, 1.000, 9.000)	(0.0, 0.0, 0.0)
Floor/Floor2x2 (37)	Assets/Modern Villa/Prefabs/floors/Floor2x2.prefab	(5.000, 0.000, 7.000)	(7.000, 1.000, 9.000)	(0.0, 0.0, 0.0)
Floor/Floor2x2 (75)	Assets/Modern Villa/Prefabs/floors/Floor2x2.prefab	(13.000, 0.000, 7.000)	(15.000, 1.000, 9.000)	(0.0, 0.0, 0.0)
Floor/Floor2x2 (9)	Assets/Modern Villa/Prefabs/floors/Floor2x2.prefab	(-1.000, 0.000, 23.000)	(1.000, 1.000, 25.000)	(0.0, 0.0, 0.0)
Floor/Floor2x2 (38)	Assets/Modern Villa/Prefabs/floors/Floor2x2.prefab	(3.000, 0.000, 23.000)	(5.000, 1.000, 25.000)	(0.0, 0.0, 0.0)
Floor/Floor2x2 (77)	Assets/Modern Villa/Prefabs/floors/Floor2x2.prefab	(11.000, 0.000, 23.000)	(13.000, 1.000, 25.000)	(0.0, 0.0, 0.0)
Floor/Floor2x2 (19)	Assets/Modern Villa/Prefabs/floors/Floor2x2.prefab	(1.000, 0.000, 23.000)	(3.000, 1.000, 25.000)	(0.0, 0.0, 0.0)
Floor/Floor2x2 (78)	Assets/Modern Villa/Prefabs/floors/Floor2x2.prefab	(9.000, 0.000, 23.000)	(11.000, 1.000, 25.000)	(0.0, 0.0, 0.0)
Floor/Floor2x2 (79)	Assets/Modern Villa/Prefabs/floors/Floor2x2.prefab	(13.000, 0.000, 23.000)	(15.000, 1.000, 25.000)	(0.0, 0.0, 0.0)
Floor/Floor2x2 (2)	Assets/Modern Villa/Prefabs/floors/Floor2x2.prefab	(-1.000, 0.000, 3.000)	(1.000, 1.000, 5.000)	(0.0, 0.0, 0.0)
Floor/Floor2x2 (80)	Assets/Modern Villa/Prefabs/floors/Floor2x2.prefab	(7.000, 0.000, 3.000)	(9.000, 1.000, 5.000)	(0.0, 0.0, 0.0)
Floor/Floor2x2 (40)	Assets/Modern Villa/Prefabs/floors/Floor2x2.prefab	(3.000, 0.000, 3.000)	(5.000, 1.000, 5.000)	(0.0, 0.0, 0.0)
Floor/Floor2x2 (81)	Assets/Modern Villa/Prefabs/floors/Floor2x2.prefab	(11.000, 0.000, 3.000)	(13.000, 1.000, 5.000)	(0.0, 0.0, 0.0)
Floor/Floor2x2 (20)	Assets/Modern Villa/Prefabs/floors/Floor2x2.prefab	(1.000, 0.000, 3.000)	(3.000, 1.000, 5.000)	(0.0, 0.0, 0.0)
Floor/Floor2x2 (82)	Assets/Modern Villa/Prefabs/floors/Floor2x2.prefab	(9.000, 0.000, 3.000)	(11.000, 1.000, 5.000)	(0.0, 0.0, 0.0)
Floor/Floor2x2 (41)	Assets/Modern Villa/Prefabs/floors/Floor2x2.prefab	(5.000, 0.000, 3.000)	(7.000, 1.000, 5.000)	(0.0, 0.0, 0.0)
Floor/Floor2x2 (83)	Assets/Modern Villa/Prefabs/floors/Floor2x2.prefab	(13.000, 0.000, 3.000)	(15.000, 1.000, 5.000)	(0.0, 0.0, 0.0)
Floor/Floor2x2 (10)	Assets/Modern Villa/Prefabs/floors/Floor2x2.prefab	(-1.000, 0.000, 19.000)	(1.000, 1.000, 21.000)	(0.0, 0.0, 0.0)
Floor/Floor2x2 (84)	Assets/Modern Villa/Prefabs/floors/Floor2x2.prefab	(7.000, 0.000, 19.000)	(9.000, 1.000, 21.000)	(0.0, 0.0, 0.0)
Floor/Floor2x2 (42)	Assets/Modern Villa/Prefabs/floors/Floor2x2.prefab	(3.000, 0.000, 19.000)	(5.000, 1.000, 21.000)	(0.0, 0.0, 0.0)
Floor/Floor2x2 (85)	Assets/Modern Villa/Prefabs/floors/Floor2x2.prefab	(11.000, 0.000, 19.000)	(13.000, 1.000, 21.000)	(0.0, 0.0, 0.0)
Floor/Floor2x2 (21)	Assets/Modern Villa/Prefabs/floors/Floor2x2.prefab	(1.000, 0.000, 19.000)	(3.000, 1.000, 21.000)	(0.0, 0.0, 0.0)
Floor/Floor2x2 (86)	Assets/Modern Villa/Prefabs/floors/Floor2x2.prefab	(9.000, 0.000, 19.000)	(11.000, 1.000, 21.000)	(0.0, 0.0, 0.0)
Floor/Floor2x2 (43)	Assets/Modern Villa/Prefabs/floors/Floor2x2.prefab	(5.000, 0.000, 19.000)	(7.000, 1.000, 21.000)	(0.0, 0.0, 0.0)
Floor/Floor2x2 (87)	Assets/Modern Villa/Prefabs/floors/Floor2x2.prefab	(13.000, 0.000, 19.000)	(15.000, 1.000, 21.000)	(0.0, 0.0, 0.0)
Floor/Floor2x2 (5)	Assets/Modern Villa/Prefabs/floors/Floor2x2.prefab	(-1.000, 0.000, 11.000)	(1.000, 1.000, 13.000)	(0.0, 0.0, 0.0)
Floor/Floor2x2 (88)	Assets/Modern Villa/Prefabs/floors/Floor2x2.prefab	(7.000, 0.000, 11.000)	(9.000, 1.000, 13.000)	(0.0, 0.0, 0.0)
Floor/Floor2x2 (44)	Assets/Modern Villa/Prefabs/floors/Floor2x2.prefab	(3.000, 0.000, 11.000)	(5.000, 1.000, 13.000)	(0.0, 0.0, 0.0)
Floor/Floor2x2 (89)	Assets/Modern Villa/Prefabs/floors/Floor2x2.prefab	(11.000, 0.000, 11.000)	(13.000, 1.000, 13.000)	(0.0, 0.0, 0.0)
Floor/Floor2x2 (22)	Assets/Modern Villa/Prefabs/floors/Floor2x2.prefab	(1.000, 0.000, 11.000)	(3.000, 1.000, 13.000)	(0.0, 0.0, 0.0)
Floor/Floor2x2 (90)	Assets/Modern Villa/Prefabs/floors/Floor2x2.prefab	(9.000, 0.000, 11.000)	(11.000, 1.000, 13.000)	(0.0, 0.0, 0.0)
Floor/Floor2x2 (45)	Assets/Modern Villa/Prefabs/floors/Floor2x2.prefab	(5.000, 0.000, 11.000)	(7.000, 1.000, 13.000)	(0.0, 0.0, 0.0)
Floor/Floor2x2 (91)	Assets/Modern Villa/Prefabs/floors/Floor2x2.prefab	(13.000, 0.000, 11.000)	(15.000, 1.000, 13.000)	(0.0, 0.0, 0.0)
Floor/Floor2x2 (11)	Assets/Modern Villa/Prefabs/floors/Floor2x2.prefab	(-1.000, 0.000, 27.000)	(1.000, 1.000, 29.000)	(0.0, 0.0, 0.0)
Floor/Floor2x2 (46)	Assets/Modern Villa/Prefabs/floors/Floor2x2.prefab	(3.000, 0.000, 27.000)	(5.000, 1.000, 29.000)	(0.0, 0.0, 0.0)
Floor/Floor2x2 (93)	Assets/Modern Villa/Prefabs/floors/Floor2x2.prefab	(11.000, 0.000, 27.000)	(13.000, 1.000, 29.000)	(0.0, 0.0, 0.0)
Floor/Floor2x2 (23)	Assets/Modern Villa/Prefabs/floors/Floor2x2.prefab	(1.000, 0.000, 27.000)	(3.000, 1.000, 29.000)	(0.0, 0.0, 0.0)
Floor/Floor2x2 (94)	Assets/Modern Villa/Prefabs/floors/Floor2x2.prefab	(9.000, 0.000, 27.000)	(11.000, 1.000, 29.000)	(0.0, 0.0, 0.0)
Floor/Floor2x2 (95)	Assets/Modern Villa/Prefabs/floors/Floor2x2.prefab	(13.000, 0.000, 27.000)	(15.000, 1.000, 29.000)	(0.0, 0.0, 0.0)
Floor/Floor2x2 (1)	Assets/Modern Villa/Prefabs/floors/Floor2x2.prefab	(-1.000, 0.000, 1.000)	(1.000, 1.000, 3.000)	(0.0, 0.0, 0.0)
Floor/Floor2x2 (96)	Assets/Modern Villa/Prefabs/floors/Floor2x2.prefab	(7.000, 0.000, 1.000)	(9.000, 1.000, 3.000)	(0.0, 0.0, 0.0)
Floor/Floor2x2 (48)	Assets/Modern Villa/Prefabs/floors/Floor2x2.prefab	(3.000, 0.000, 1.000)	(5.000, 1.000, 3.000)	(0.0, 0.0, 0.0)
Floor/Floor2x2 (97)	Assets/Modern Villa/Prefabs/floors/Floor2x2.prefab	(11.000, 0.000, 1.000)	(13.000, 1.000, 3.000)	(0.0, 0.0, 0.0)
Floor/Floor2x2 (24)	Assets/Modern Villa/Prefabs/floors/Floor2x2.prefab	(1.000, 0.000, 1.000)	(3.000, 1.000, 3.000)	(0.0, 0.0, 0.0)
Floor/Floor2x2 (98)	Assets/Modern Villa/Prefabs/floors/Floor2x2.prefab	(9.000, 0.000, 1.000)	(11.000, 1.000, 3.000)	(0.0, 0.0, 0.0)
Floor/Floor2x2 (49)	Assets/Modern Villa/Prefabs/floors/Floor2x2.prefab	(5.000, 0.000, 1.000)	(7.000, 1.000, 3.000)	(0.0, 0.0, 0.0)
Floor/Floor2x2 (99)	Assets/Modern Villa/Prefabs/floors/Floor2x2.prefab	(13.000, 0.000, 1.000)	(15.000, 1.000, 3.000)	(0.0, 0.0, 0.0)
Floor/Floor2x2 (12)	Assets/Modern Villa/Prefabs/floors/Floor2x2.prefab	(-1.000, 0.000, 17.000)	(1.000, 1.000, 19.000)	(0.0, 0.0, 0.0)
Floor/Floor2x2 (100)	Assets/Modern Villa/Prefabs/floors/Floor2x2.prefab	(7.000, 0.000, 17.000)	(9.000, 1.000, 19.000)	(0.0, 0.0, 0.0)
Floor/Floor2x2 (50)	Assets/Modern Villa/Prefabs/floors/Floor2x2.prefab	(3.000, 0.000, 17.000)	(5.000, 1.000, 19.000)	(0.0, 0.0, 0.0)
Floor/Floor2x2 (101)	Assets/Modern Villa/Prefabs/floors/Floor2x2.prefab	(11.000, 0.000, 17.000)	(13.000, 1.000, 19.000)	(0.0, 0.0, 0.0)
Floor/Floor2x2 (25)	Assets/Modern Villa/Prefabs/floors/Floor2x2.prefab	(1.000, 0.000, 17.000)	(3.000, 1.000, 19.000)	(0.0, 0.0, 0.0)
Floor/Floor2x2 (102)	Assets/Modern Villa/Prefabs/floors/Floor2x2.prefab	(9.000, 0.000, 17.000)	(11.000, 1.000, 19.000)	(0.0, 0.0, 0.0)
Floor/Floor2x2 (51)	Assets/Modern Villa/Prefabs/floors/Floor2x2.prefab	(5.000, 0.000, 17.000)	(7.000, 1.000, 19.000)	(0.0, 0.0, 0.0)
Floor/Floor2x2 (103)	Assets/Modern Villa/Prefabs/floors/Floor2x2.prefab	(13.000, 0.000, 17.000)	(15.000, 1.000, 19.000)	(0.0, 0.0, 0.0)
Floor/Floor2x2 (6)	Assets/Modern Villa/Prefabs/floors/Floor2x2.prefab	(-1.000, 0.000, 9.000)	(1.000, 1.000, 11.000)	(0.0, 0.0, 0.0)
Floor/Floor2x2 (104)	Assets/Modern Villa/Prefabs/floors/Floor2x2.prefab	(7.000, 0.000, 9.000)	(9.000, 1.000, 11.000)	(0.0, 0.0, 0.0)
Floor/Floor2x2 (52)	Assets/Modern Villa/Prefabs/floors/Floor2x2.prefab	(3.000, 0.000, 9.000)	(5.000, 1.000, 11.000)	(0.0, 0.0, 0.0)
Floor/Floor2x2 (105)	Assets/Modern Villa/Prefabs/floors/Floor2x2.prefab	(11.000, 0.000, 9.000)	(13.000, 1.000, 11.000)	(0.0, 0.0, 0.0)
Floor/Floor2x2 (26)	Assets/Modern Villa/Prefabs/floors/Floor2x2.prefab	(1.000, 0.000, 9.000)	(3.000, 1.000, 11.000)	(0.0, 0.0, 0.0)
Floor/Floor2x2 (106)	Assets/Modern Villa/Prefabs/floors/Floor2x2.prefab	(9.000, 0.000, 9.000)	(11.000, 1.000, 11.000)	(0.0, 0.0, 0.0)
Floor/Floor2x2 (53)	Assets/Modern Villa/Prefabs/floors/Floor2x2.prefab	(5.000, 0.000, 9.000)	(7.000, 1.000, 11.000)	(0.0, 0.0, 0.0)
Floor/Floor2x2 (107)	Assets/Modern Villa/Prefabs/floors/Floor2x2.prefab	(13.000, 0.000, 9.000)	(15.000, 1.000, 11.000)	(0.0, 0.0, 0.0)
Floor/Floor2x2 (13)	Assets/Modern Villa/Prefabs/floors/Floor2x2.prefab	(-1.000, 0.000, 25.000)	(1.000, 1.000, 27.000)	(0.0, 0.0, 0.0)
Floor/Floor2x2 (54)	Assets/Modern Villa/Prefabs/floors/Floor2x2.prefab	(3.000, 0.000, 25.000)	(5.000, 1.000, 27.000)	(0.0, 0.0, 0.0)
Floor/Floor2x2 (109)	Assets/Modern Villa/Prefabs/floors/Floor2x2.prefab	(11.000, 0.000, 25.000)	(13.000, 1.000, 27.000)	(0.0, 0.0, 0.0)
Floor/Floor2x2 (27)	Assets/Modern Villa/Prefabs/floors/Floor2x2.prefab	(1.000, 0.000, 25.000)	(3.000, 1.000, 27.000)	(0.0, 0.0, 0.0)
Floor/Floor2x2 (110)	Assets/Modern Villa/Prefabs/floors/Floor2x2.prefab	(9.000, 0.000, 25.000)	(11.000, 1.000, 27.000)	(0.0, 0.0, 0.0)
Floor/Floor2x2 (111)	Assets/Modern Villa/Prefabs/floors/Floor2x2.prefab	(13.000, 0.000, 25.000)	(15.000, 1.000, 27.000)	(0.0, 0.0, 0.0)
Floor/Floor2x2 (3)	Assets/Modern Villa/Prefabs/floors/Floor2x2.prefab	(-1.000, 0.000, 5.000)	(1.000, 1.000, 7.000)	(0.0, 0.0, 0.0)
Floor/Floor2x2 (112)	Assets/Modern Villa/Prefabs/floors/Floor2x2.prefab	(7.000, 0.000, 5.000)	(9.000, 1.000, 7.000)	(0.0, 0.0, 0.0)
Floor/Floor2x2 (56)	Assets/Modern Villa/Prefabs/floors/Floor2x2.prefab	(3.000, 0.000, 5.000)	(5.000, 1.000, 7.000)	(0.0, 0.0, 0.0)
Floor/Floor2x2 (113)	Assets/Modern Villa/Prefabs/floors/Floor2x2.prefab	(11.000, 0.000, 5.000)	(13.000, 1.000, 7.000)	(0.0, 0.0, 0.0)
Floor/Floor2x2 (28)	Assets/Modern Villa/Prefabs/floors/Floor2x2.prefab	(1.000, 0.000, 5.000)	(3.000, 1.000, 7.000)	(0.0, 0.0, 0.0)
Floor/Floor2x2 (114)	Assets/Modern Villa/Prefabs/floors/Floor2x2.prefab	(9.000, 0.000, 5.000)	(11.000, 1.000, 7.000)	(0.0, 0.0, 0.0)
Floor/Floor2x2 (57)	Assets/Modern Villa/Prefabs/floors/Floor2x2.prefab	(5.000, 0.000, 5.000)	(7.000, 1.000, 7.000)	(0.0, 0.0, 0.0)
Floor/Floor2x2 (115)	Assets/Modern Villa/Prefabs/floors/Floor2x2.prefab	(13.000, 0.000, 5.000)	(15.000, 1.000, 7.000)	(0.0, 0.0, 0.0)
Floor/Floor2x2 (14)	Assets/Modern Villa/Prefabs/floors/Floor2x2.prefab	(-1.000, 0.000, 21.000)	(1.000, 1.000, 23.000)	(0.0, 0.0, 0.0)
Floor/Floor2x2 (116)	Assets/Modern Villa/Prefabs/floors/Floor2x2.prefab	(7.000, 0.000, 21.000)	(9.000, 1.000, 23.000)	(0.0, 0.0, 0.0)
Floor/Floor2x2 (58)	Assets/Modern Villa/Prefabs/floors/Floor2x2.prefab	(3.000, 0.000, 21.000)	(5.000, 1.000, 23.000)	(0.0, 0.0, 0.0)
Floor/Floor2x2 (117)	Assets/Modern Villa/Prefabs/floors/Floor2x2.prefab	(11.000, 0.000, 21.000)	(13.000, 1.000, 23.000)	(0.0, 0.0, 0.0)
Floor/Floor2x2 (29)	Assets/Modern Villa/Prefabs/floors/Floor2x2.prefab	(1.000, 0.000, 21.000)	(3.000, 1.000, 23.000)	(0.0, 0.0, 0.0)
Floor/Floor2x2 (118)	Assets/Modern Villa/Prefabs/floors/Floor2x2.prefab	(9.000, 0.000, 21.000)	(11.000, 1.000, 23.000)	(0.0, 0.0, 0.0)
Floor/Floor2x2 (59)	Assets/Modern Villa/Prefabs/floors/Floor2x2.prefab	(5.000, 0.000, 21.000)	(7.000, 1.000, 23.000)	(0.0, 0.0, 0.0)
Floor/Floor2x2 (119)	Assets/Modern Villa/Prefabs/floors/Floor2x2.prefab	(13.000, -0.006, 21.000)	(15.000, 1.006, 23.006)	(0.3, 0.0, 0.0)
Floor/Floor2x2 (7)	Assets/Modern Villa/Prefabs/floors/Floor2x2.prefab	(-1.000, 0.000, 13.000)	(1.000, 1.000, 15.000)	(0.0, 0.0, 0.0)
Floor/Floor2x2 (120)	Assets/Modern Villa/Prefabs/floors/Floor2x2.prefab	(7.000, 0.000, 13.000)	(9.000, 1.000, 15.000)	(0.0, 0.0, 0.0)
Floor/Floor2x2 (60)	Assets/Modern Villa/Prefabs/floors/Floor2x2.prefab	(3.000, 0.000, 13.000)	(5.000, 1.000, 15.000)	(0.0, 0.0, 0.0)
Floor/Floor2x2 (121)	Assets/Modern Villa/Prefabs/floors/Floor2x2.prefab	(11.000, 0.000, 13.000)	(13.000, 1.000, 15.000)	(0.0, 0.0, 0.0)
Floor/Floor2x2 (30)	Assets/Modern Villa/Prefabs/floors/Floor2x2.prefab	(1.000, 0.000, 13.000)	(3.000, 1.000, 15.000)	(0.0, 0.0, 0.0)
Floor/Floor2x2 (122)	Assets/Modern Villa/Prefabs/floors/Floor2x2.prefab	(9.000, 0.000, 13.000)	(11.000, 1.000, 15.000)	(0.0, 0.0, 0.0)
Floor/Floor2x2 (61)	Assets/Modern Villa/Prefabs/floors/Floor2x2.prefab	(5.000, 0.000, 13.000)	(7.000, 1.000, 15.000)	(0.0, 0.0, 0.0)
Floor/Floor2x2 (123)	Assets/Modern Villa/Prefabs/floors/Floor2x2.prefab	(13.000, 0.000, 13.000)	(15.000, 1.000, 15.000)	(0.0, 0.0, 0.0)
Floor/Floor2x2 (15)	Assets/Modern Villa/Prefabs/floors/Floor2x2.prefab	(-1.000, 0.000, 29.000)	(1.000, 1.000, 31.000)	(0.0, 0.0, 0.0)
Floor/Floor2x2 (62)	Assets/Modern Villa/Prefabs/floors/Floor2x2.prefab	(3.000, 0.000, 29.000)	(5.000, 1.000, 31.000)	(0.0, 0.0, 0.0)
Floor/Floor2x2 (125)	Assets/Modern Villa/Prefabs/floors/Floor2x2.prefab	(11.000, 0.000, 29.000)	(13.000, 1.000, 31.000)	(0.0, 0.0, 0.0)
Floor/Floor2x2 (31)	Assets/Modern Villa/Prefabs/floors/Floor2x2.prefab	(1.000, 0.000, 29.000)	(3.000, 1.000, 31.000)	(0.0, 0.0, 0.0)
Floor/Floor2x2 (126)	Assets/Modern Villa/Prefabs/floors/Floor2x2.prefab	(9.000, 0.000, 29.000)	(11.000, 1.000, 31.000)	(0.0, 0.0, 0.0)
Floor/Floor2x2 (127)	Assets/Modern Villa/Prefabs/floors/Floor2x2.prefab	(13.000, 0.000, 29.000)	(15.000, 1.000, 31.000)	(0.0, 0.0, 0.0)
Floor/mv_WallSupportElement	Assets/Modern Villa/Prefabs/Walls/mv_WallSupportElement.prefab	(14.557, -2.489, -0.730)	(14.932, 0.011, -0.055)	(0.0, 0.0, 0.0)
Floor/mv_WallSupportElement (7)	Assets/Modern Villa/Prefabs/Walls/mv_WallSupportElement.prefab	(11.557, -2.489, -0.730)	(11.932, 0.011, -0.055)	(0.0, 0.0, 0.0)
Floor/mv_WallSupportElement (1)	Assets/Modern Villa/Prefabs/Walls/mv_WallSupportElement.prefab	(14.557, -2.489, 3.270)	(14.932, 0.011, 3.945)	(0.0, 0.0, 0.0)
Floor/mv_WallSupportElement (2)	Assets/Modern Villa/Prefabs/Walls/mv_WallSupportElement.prefab	(14.557, -2.489, 8.270)	(14.932, 0.011, 8.945)	(0.0, 0.0, 0.0)
Floor/mv_WallSupportElement (3)	Assets/Modern Villa/Prefabs/Walls/mv_WallSupportElement.prefab	(14.557, -2.489, 13.270)	(14.932, 0.011, 13.945)	(0.0, 0.0, 0.0)
Floor/mv_WallSupportElement (4)	Assets/Modern Villa/Prefabs/Walls/mv_WallSupportElement.prefab	(14.557, -2.489, 18.270)	(14.932, 0.011, 18.945)	(0.0, 0.0, 0.0)
Floor/mv_WallSupportElement (5)	Assets/Modern Villa/Prefabs/Walls/mv_WallSupportElement.prefab	(14.557, -2.489, 23.270)	(14.932, 0.011, 23.945)	(0.0, 0.0, 0.0)
Floor/mv_WallSupportElement (6)	Assets/Modern Villa/Prefabs/Walls/mv_WallSupportElement.prefab	(14.557, -2.489, 28.270)	(14.932, 0.011, 28.945)	(0.0, 0.0, 0.0)
Floor/mv_WallSupportElement (8)	Assets/Modern Villa/Prefabs/Walls/mv_WallSupportElement.prefab	(17.130, -3.840, 26.145)	(17.505, -1.340, 26.820)	(0.0, 0.0, 0.0)
Floor/mv_WallSupportElement (10)	Assets/Modern Villa/Prefabs/Walls/mv_WallSupportElement.prefab	(17.130, -3.840, 24.145)	(17.505, -1.340, 24.820)	(0.0, 0.0, 0.0)
Floor/mv_WallSupportElement (9)	Assets/Modern Villa/Prefabs/Walls/mv_WallSupportElement.prefab	(17.130, -1.370, 26.145)	(17.505, 1.130, 26.820)	(0.0, 0.0, 0.0)
Floor/mv_WallSupportElement (11)	Assets/Modern Villa/Prefabs/Walls/mv_WallSupportElement.prefab	(17.130, -1.370, 24.145)	(17.505, 1.130, 24.820)	(0.0, 0.0, 0.0)
BuildingD		(-0.458, 0.919, 1.900)	(13.100, 6.590, 24.007)	(0.0, 0.0, 0.0)
BuildingD/Level0		(2.000, 0.996, 3.857)	(12.140, 3.646, 22.143)	(0.0, 0.0, 0.0)
BuildingD/Level0/WindowCorner	Assets/Modern Villa/Prefabs/Windows/WindowCorner.prefab	(2.000, 1.000, 3.860)	(4.140, 3.500, 6.000)	(0.0, 180.0, 0.0)
BuildingD/Level0/WindowCorner (1)	Assets/Modern Villa/Prefabs/Windows/WindowCorner.prefab	(2.000, 1.000, 20.000)	(4.140, 3.500, 22.140)	(0.0, 270.0, 0.0)
BuildingD/Level0/WindowDoor	Assets/Modern Villa/Prefabs/Windows/WindowDoor.prefab	(4.000, 1.000, 3.857)	(8.000, 3.500, 4.001)	(0.0, 0.0, 0.0)
BuildingD/Level0/WindowDoor (1)	Assets/Modern Villa/Prefabs/Windows/WindowDoor.prefab	(6.000, 1.000, 21.999)	(10.000, 3.500, 22.143)	(0.0, 180.0, 0.0)
BuildingD/Level0/WindowStraightOnesided	Assets/Modern Villa/Prefabs/Windows/WindowStraightOnesided.prefab	(8.000, 1.000, 3.860)	(10.000, 3.500, 4.000)	(0.0, 180.0, 0.0)
BuildingD/Level0/WindowStraightOnesided (17)	Assets/Modern Villa/Prefabs/Windows/WindowStraightOnesided.prefab	(4.000, 1.000, 22.000)	(6.000, 3.500, 22.140)	(0.0, 0.0, 0.0)
BuildingD/Level0/WindowStraightOnesided (1)	Assets/Modern Villa/Prefabs/Windows/WindowStraightOnesided.prefab	(12.000, 1.000, 6.000)	(12.140, 3.500, 8.000)	(0.0, 90.0, 0.0)
BuildingD/Level0/WindowStraightOnesided (9)	Assets/Modern Villa/Prefabs/Windows/WindowStraightOnesided.prefab	(2.000, 1.000, 6.000)	(2.140, 3.500, 8.000)	(0.0, 90.0, 0.0)
BuildingD/Level0/WindowStraightOnesided (5)	Assets/Modern Villa/Prefabs/Windows/WindowStraightOnesided.prefab	(12.000, 1.000, 12.000)	(12.140, 3.500, 14.000)	(0.0, 90.0, 0.0)
BuildingD/Level0/WindowStraightOnesided (10)	Assets/Modern Villa/Prefabs/Windows/WindowStraightOnesided.prefab	(2.000, 1.000, 12.000)	(2.140, 3.500, 14.000)	(0.0, 90.0, 0.0)
BuildingD/Level0/WindowStraightOnesided (3)	Assets/Modern Villa/Prefabs/Windows/WindowStraightOnesided.prefab	(12.000, 1.000, 10.000)	(12.140, 3.500, 12.000)	(0.0, 90.0, 0.0)
BuildingD/Level0/WindowStraightOnesided (11)	Assets/Modern Villa/Prefabs/Windows/WindowStraightOnesided.prefab	(2.000, 1.000, 10.000)	(2.140, 3.500, 12.000)	(0.0, 90.0, 0.0)
BuildingD/Level0/WindowStraightOnesided (6)	Assets/Modern Villa/Prefabs/Windows/WindowStraightOnesided.prefab	(12.000, 1.000, 16.000)	(12.140, 3.500, 18.000)	(0.0, 90.0, 0.0)
BuildingD/Level0/WindowStraightOnesided (13)	Assets/Modern Villa/Prefabs/Windows/WindowStraightOnesided.prefab	(2.000, 1.000, 16.000)	(2.140, 3.500, 18.000)	(0.0, 90.0, 0.0)
BuildingD/Level0/WindowStraightOnesided (2)	Assets/Modern Villa/Prefabs/Windows/WindowStraightOnesided.prefab	(12.000, 1.000, 8.000)	(12.140, 3.500, 10.000)	(0.0, 90.0, 0.0)
BuildingD/Level0/WindowStraightOnesided (12)	Assets/Modern Villa/Prefabs/Windows/WindowStraightOnesided.prefab	(2.000, 1.000, 8.000)	(2.140, 3.500, 10.000)	(0.0, 90.0, 0.0)
BuildingD/Level0/WindowStraightOnesided (7)	Assets/Modern Villa/Prefabs/Windows/WindowStraightOnesided.prefab	(12.000, 1.000, 14.000)	(12.140, 3.500, 16.000)	(0.0, 90.0, 0.0)
BuildingD/Level0/WindowStraightOnesided (14)	Assets/Modern Villa/Prefabs/Windows/WindowStraightOnesided.prefab	(2.000, 1.000, 14.000)	(2.140, 3.500, 16.000)	(0.0, 90.0, 0.0)
BuildingD/Level0/WindowStraightOnesided (4)	Assets/Modern Villa/Prefabs/Windows/WindowStraightOnesided.prefab	(12.000, 1.000, 12.000)	(12.140, 3.500, 14.000)	(0.0, 90.0, 0.0)
BuildingD/Level0/WindowStraightOnesided (15)	Assets/Modern Villa/Prefabs/Windows/WindowStraightOnesided.prefab	(2.000, 1.000, 12.000)	(2.140, 3.500, 14.000)	(0.0, 90.0, 0.0)
BuildingD/Level0/WindowStraightOnesided (8)	Assets/Modern Villa/Prefabs/Windows/WindowStraightOnesided.prefab	(12.000, 1.000, 18.000)	(12.140, 3.500, 20.000)	(0.0, 90.0, 0.0)
BuildingD/Level0/WindowStraightOnesided (16)	Assets/Modern Villa/Prefabs/Windows/WindowStraightOnesided.prefab	(2.000, 1.000, 18.000)	(2.140, 3.500, 20.000)	(0.0, 90.0, 0.0)
BuildingD/Level0/WindowCornerLeft	Assets/Modern Villa/Prefabs/Windows/WindowCornerLeft.prefab	(10.000, 1.000, 3.860)	(12.140, 3.500, 6.000)	(0.0, 90.0, 0.0)
BuildingD/Level0/WindowCornerLeft (1)	Assets/Modern Villa/Prefabs/Windows/WindowCornerLeft.prefab	(10.000, 1.000, 20.000)	(12.140, 3.500, 22.140)	(0.0, 0.0, 0.0)
BuildingD/Level0/Stairs	Assets/Modern Villa/Prefabs/Walls/Stairs.prefab	(2.305, 0.996, 15.917)	(3.305, 3.646, 19.417)	(0.0, 90.0, 0.0)
BuildingD/Level0/Stairs (1)	Assets/Modern Villa/Prefabs/Walls/Stairs.prefab	(3.305, 0.996, 15.917)	(4.030, 3.646, 19.417)	(0.0, 90.0, 0.0)
BuildingD/Level0/Wall 1x2,5	Assets/Modern Villa/Prefabs/Walls/Wall 1x2,5.prefab	(9.000, 1.000, 9.500)	(10.000, 3.500, 9.750)	(0.0, 0.0, 0.0)
BuildingD/Level0/Wall 1x2,5 (1)	Assets/Modern Villa/Prefabs/Walls/Wall 1x2,5.prefab	(8.000, 1.000, 9.500)	(9.000, 3.500, 9.750)	(0.0, 0.0, 0.0)
BuildingD/Level0/Wall 1x2,5 (2)	Assets/Modern Villa/Prefabs/Walls/Wall 1x2,5.prefab	(10.000, 1.000, 9.500)	(11.000, 3.500, 9.750)	(0.0, 0.0, 0.0)
BuildingD/Level1		(-0.078, 3.467, 1.975)	(13.006, 6.300, 23.995)	(0.0, 0.0, 0.0)
BuildingD/Level1/WindowCorner	Assets/Modern Villa/Prefabs/Windows/WindowCorner.prefab	(2.000, 3.790, 5.360)	(4.140, 6.290, 7.500)	(0.0, 180.0, 0.0)
BuildingD/Level1/WindowCorner (1)	Assets/Modern Villa/Prefabs/Windows/WindowCorner.prefab	(2.000, 3.790, 21.500)	(4.140, 6.290, 23.640)	(0.0, 270.0, 0.0)
BuildingD/Level1/WindowDoor	Assets/Modern Villa/Prefabs/Windows/WindowDoor.prefab	(4.000, 3.790, 5.357)	(8.000, 6.290, 5.501)	(0.0, 0.0, 0.0)
BuildingD/Level1/WindowDoor (1)	Assets/Modern Villa/Prefabs/Windows/WindowDoor.prefab	(6.000, 3.790, 23.499)	(10.000, 6.290, 23.643)	(0.0, 180.0, 0.0)
BuildingD/Level1/WindowStraightOnesided	Assets/Modern Villa/Prefabs/Windows/WindowStraightOnesided.prefab	(8.000, 3.790, 5.360)	(10.000, 6.290, 5.500)	(0.0, 180.0, 0.0)
BuildingD/Level1/WindowStraightOnesided (17)	Assets/Modern Villa/Prefabs/Windows/WindowStraightOnesided.prefab	(4.000, 3.790, 23.500)	(6.000, 6.290, 23.640)	(0.0, 0.0, 0.0)
BuildingD/Level1/WindowStraightOnesided (1)	Assets/Modern Villa/Prefabs/Windows/WindowStraightOnesided.prefab	(12.000, 3.790, 7.500)	(12.140, 6.290, 9.500)	(0.0, 90.0, 0.0)
BuildingD/Level1/WindowStraightOnesided (9)	Assets/Modern Villa/Prefabs/Windows/WindowStraightOnesided.prefab	(2.000, 3.790, 7.500)	(2.140, 6.290, 9.500)	(0.0, 90.0, 0.0)
BuildingD/Level1/WindowStraightOnesided (5)	Assets/Modern Villa/Prefabs/Windows/WindowStraightOnesided.prefab	(12.000, 3.790, 13.500)	(12.140, 6.290, 15.500)	(0.0, 90.0, 0.0)
BuildingD/Level1/WindowStraightOnesided (10)	Assets/Modern Villa/Prefabs/Windows/WindowStraightOnesided.prefab	(2.000, 3.790, 13.500)	(2.140, 6.290, 15.500)	(0.0, 90.0, 0.0)
BuildingD/Level1/WindowStraightOnesided (3)	Assets/Modern Villa/Prefabs/Windows/WindowStraightOnesided.prefab	(12.000, 3.790, 11.500)	(12.140, 6.290, 13.500)	(0.0, 90.0, 0.0)
BuildingD/Level1/WindowStraightOnesided (11)	Assets/Modern Villa/Prefabs/Windows/WindowStraightOnesided.prefab	(2.000, 3.790, 11.500)	(2.140, 6.290, 13.500)	(0.0, 90.0, 0.0)
BuildingD/Level1/WindowStraightOnesided (6)	Assets/Modern Villa/Prefabs/Windows/WindowStraightOnesided.prefab	(12.000, 3.790, 17.500)	(12.140, 6.290, 19.500)	(0.0, 90.0, 0.0)
BuildingD/Level1/WindowStraightOnesided (13)	Assets/Modern Villa/Prefabs/Windows/WindowStraightOnesided.prefab	(2.000, 3.790, 17.500)	(2.140, 6.290, 19.500)	(0.0, 90.0, 0.0)
BuildingD/Level1/WindowStraightOnesided (2)	Assets/Modern Villa/Prefabs/Windows/WindowStraightOnesided.prefab	(12.000, 3.790, 9.500)	(12.140, 6.290, 11.500)	(0.0, 90.0, 0.0)
BuildingD/Level1/WindowStraightOnesided (12)	Assets/Modern Villa/Prefabs/Windows/WindowStraightOnesided.prefab	(2.000, 3.790, 9.500)	(2.140, 6.290, 11.500)	(0.0, 90.0, 0.0)
BuildingD/Level1/WindowStraightOnesided (7)	Assets/Modern Villa/Prefabs/Windows/WindowStraightOnesided.prefab	(12.000, 3.790, 15.500)	(12.140, 6.290, 17.500)	(0.0, 90.0, 0.0)
BuildingD/Level1/WindowStraightOnesided (14)	Assets/Modern Villa/Prefabs/Windows/WindowStraightOnesided.prefab	(2.000, 3.790, 15.500)	(2.140, 6.290, 17.500)	(0.0, 90.0, 0.0)
BuildingD/Level1/WindowStraightOnesided (4)	Assets/Modern Villa/Prefabs/Windows/WindowStraightOnesided.prefab	(12.000, 3.790, 13.500)	(12.140, 6.290, 15.500)	(0.0, 90.0, 0.0)
BuildingD/Level1/WindowStraightOnesided (15)	Assets/Modern Villa/Prefabs/Windows/WindowStraightOnesided.prefab	(2.000, 3.790, 13.500)	(2.140, 6.290, 15.500)	(0.0, 90.0, 0.0)
BuildingD/Level1/WindowStraightOnesided (8)	Assets/Modern Villa/Prefabs/Windows/WindowStraightOnesided.prefab	(12.000, 3.790, 19.500)	(12.140, 6.290, 21.500)	(0.0, 90.0, 0.0)
BuildingD/Level1/WindowStraightOnesided (16)	Assets/Modern Villa/Prefabs/Windows/WindowStraightOnesided.prefab	(2.000, 3.790, 19.500)	(2.140, 6.290, 21.500)	(0.0, 90.0, 0.0)
BuildingD/Level1/WindowCornerLeft	Assets/Modern Villa/Prefabs/Windows/WindowCornerLeft.prefab	(10.000, 3.790, 5.360)	(12.140, 6.290, 7.500)	(0.0, 90.0, 0.0)
BuildingD/Level1/WindowCornerLeft (1)	Assets/Modern Villa/Prefabs/Windows/WindowCornerLeft.prefab	(10.000, 3.790, 21.500)	(12.140, 6.290, 23.640)	(0.0, 0.0, 0.0)
BuildingD/Level1/GlasRailing.75mCorner	Assets/Modern Villa/Prefabs/railing/GlasRailing.75mCorner.prefab	(-0.020, 3.790, 1.976)	(0.730, 4.990, 2.729)	(0.0, 270.0, 0.0)
BuildingD/Level1/GlasRailing2m	Assets/Modern Villa/Prefabs/railing/GlasRailing2m.prefab	(0.724, 3.790, 1.975)	(2.724, 4.988, 2.025)	(0.0, 0.0, 0.0)
BuildingD/Level1/GlasRailing2m (6)	Assets/Modern Villa/Prefabs/railing/GlasRailing2m.prefab	(-0.056, 3.790, 4.635)	(-0.006, 4.988, 6.635)	(0.0, 270.0, 0.0)
BuildingD/Level1/GlasRailing2m (9)	Assets/Modern Villa/Prefabs/railing/GlasRailing2m.prefab	(-0.056, 3.790, 11.135)	(-0.006, 4.988, 13.135)	(0.0, 270.0, 0.0)
BuildingD/Level1/GlasRailing2m (12)	Assets/Modern Villa/Prefabs/railing/GlasRailing2m.prefab	(-0.056, 3.790, 17.135)	(-0.006, 4.988, 19.135)	(0.0, 270.0, 0.0)
BuildingD/Level1/GlasRailing2m (7)	Assets/Modern Villa/Prefabs/railing/GlasRailing2m.prefab	(-0.056, 3.790, 6.635)	(-0.006, 4.988, 8.635)	(0.0, 270.0, 0.0)
BuildingD/Level1/GlasRailing2m (10)	Assets/Modern Villa/Prefabs/railing/GlasRailing2m.prefab	(-0.056, 3.790, 13.135)	(-0.006, 4.988, 15.135)	(0.0, 270.0, 0.0)
BuildingD/Level1/GlasRailing2m (13)	Assets/Modern Villa/Prefabs/railing/GlasRailing2m.prefab	(-0.056, 3.790, 19.135)	(-0.006, 4.988, 21.135)	(0.0, 270.0, 0.0)
BuildingD/Level1/GlasRailing2m (8)	Assets/Modern Villa/Prefabs/railing/GlasRailing2m.prefab	(-0.056, 3.790, 8.635)	(-0.006, 4.988, 10.635)	(0.0, 270.0, 0.0)
BuildingD/Level1/GlasRailing2m (11)	Assets/Modern Villa/Prefabs/railing/GlasRailing2m.prefab	(-0.056, 3.790, 15.135)	(-0.006, 4.988, 17.135)	(0.0, 270.0, 0.0)
BuildingD/Level1/GlasRailing2m (14)	Assets/Modern Villa/Prefabs/railing/GlasRailing2m.prefab	(-0.056, 3.790, 21.164)	(-0.006, 4.988, 23.696)	(0.0, 270.0, 0.0)
BuildingD/Level1/GlasRailing2m (1)	Assets/Modern Villa/Prefabs/railing/GlasRailing2m.prefab	(2.724, 3.790, 1.975)	(4.724, 4.988, 2.025)	(0.0, 0.0, 0.0)
BuildingD/Level1/GlasRailing2m (2)	Assets/Modern Villa/Prefabs/railing/GlasRailing2m.prefab	(4.724, 3.790, 1.975)	(6.724, 4.988, 2.025)	(0.0, 0.0, 0.0)
BuildingD/Level1/GlasRailing2m (3)	Assets/Modern Villa/Prefabs/railing/GlasRailing2m.prefab	(6.724, 3.790, 1.975)	(8.724, 4.988, 2.025)	(0.0, 0.0, 0.0)
BuildingD/Level1/GlasRailing2m (4)	Assets/Modern Villa/Prefabs/railing/GlasRailing2m.prefab	(8.724, 3.790, 1.975)	(10.724, 4.988, 2.025)	(0.0, 0.0, 0.0)
BuildingD/Level1/GlasRailing2m (5)	Assets/Modern Villa/Prefabs/railing/GlasRailing2m.prefab	(10.724, 3.790, 1.975)	(12.724, 4.988, 2.025)	(0.0, 0.0, 0.0)
BuildingD/Level1/GlasRailing1m	Assets/Modern Villa/Prefabs/railing/GlasRailing1m.prefab	(-0.025, 3.790, 2.691)	(0.025, 4.988, 3.691)	(0.0, 90.0, 0.0)
BuildingD/Level1/Wall2x2,5	Assets/Modern Villa/Prefabs/Walls/Wall2x2,5.prefab	(12.756, 3.790, 2.000)	(13.006, 6.290, 4.000)	(0.0, 90.0, 0.0)
BuildingD/Level1/Wall2x2,5 (1)	Assets/Modern Villa/Prefabs/Walls/Wall2x2,5.prefab	(-0.058, 3.790, 10.620)	(1.942, 6.290, 10.870)	(0.0, 0.0, 0.0)
BuildingD/Level1/Wall2x2,5 (4)	Assets/Modern Villa/Prefabs/Walls/Wall2x2,5.prefab	(-0.058, 3.790, 23.730)	(1.942, 6.290, 23.980)	(0.0, 0.0, 0.0)
BuildingD/Level1/Wall 1x2,5	Assets/Modern Villa/Prefabs/Walls/Wall 1x2,5.prefab	(-0.078, 3.790, 3.658)	(0.172, 6.290, 4.658)	(0.0, 90.0, 0.0)
BuildingD/Level1/Railing2m	Assets/Modern Villa/Prefabs/railing/Railing2m.prefab	(12.861, 3.815, 3.990)	(12.931, 4.642, 5.990)	(0.0, 270.0, 0.0)
BuildingD/Level1/Railing2m (1)	Assets/Modern Villa/Prefabs/railing/Railing2m.prefab	(12.861, 3.815, 5.990)	(12.931, 4.642, 7.990)	(0.0, 270.0, 0.0)
BuildingD/Level1/Railing2m (2)	Assets/Modern Villa/Prefabs/railing/Railing2m.prefab	(12.861, 3.815, 7.990)	(12.931, 4.642, 9.990)	(0.0, 270.0, 0.0)
BuildingD/Level1/Railing2m (3)	Assets/Modern Villa/Prefabs/railing/Railing2m.prefab	(12.861, 3.815, 9.990)	(12.931, 4.642, 11.990)	(0.0, 270.0, 0.0)
BuildingD/Level1/Railing2m (4)	Assets/Modern Villa/Prefabs/railing/Railing2m.prefab	(12.861, 3.815, 11.990)	(12.931, 4.642, 13.990)	(0.0, 270.0, 0.0)
BuildingD/Level1/Railing2m (5)	Assets/Modern Villa/Prefabs/railing/Railing2m.prefab	(12.861, 3.815, 13.990)	(12.931, 4.642, 15.990)	(0.0, 270.0, 0.0)
BuildingD/Level1/Railing2m (6)	Assets/Modern Villa/Prefabs/railing/Railing2m.prefab	(12.861, 3.815, 15.990)	(12.931, 4.642, 17.990)	(0.0, 270.0, 0.0)
BuildingD/Level1/Railing2m (8)	Assets/Modern Villa/Prefabs/railing/Railing2m.prefab	(12.861, 3.815, 19.990)	(12.931, 4.642, 21.990)	(0.0, 270.0, 0.0)
BuildingD/Level1/Railing2m (7)	Assets/Modern Villa/Prefabs/railing/Railing2m.prefab	(12.861, 3.815, 17.990)	(12.931, 4.642, 19.990)	(0.0, 270.0, 0.0)
BuildingD/Level1/RailingCorner1m	Assets/Modern Villa/Prefabs/railing/RailingCorner1m.prefab	(11.928, 3.812, 22.948)	(12.944, 4.639, 23.968)	(0.0, 0.0, 0.0)
BuildingD/Level1/Railing1m	Assets/Modern Villa/Prefabs/railing/Railing1m.prefab	(12.860, 3.812, 21.953)	(12.930, 4.639, 22.953)	(0.0, 270.0, 0.0)
BuildingD/Level1/mv_WallSupportElement	Assets/Modern Villa/Prefabs/Walls/mv_WallSupportElement.prefab	(11.251, 3.800, 23.620)	(11.926, 6.300, 23.995)	(0.0, 90.0, 0.0)
BuildingD/Level1/PoolLight	Assets/Modern Villa/Prefabs/lighting/PoolLight.prefab	(10.874, 3.467, 23.722)	(11.004, 3.517, 23.852)	(0.0, 0.0, 180.0)
BuildingD/Level1/PoolLight (4)	Assets/Modern Villa/Prefabs/lighting/PoolLight.prefab	(5.374, 3.467, 23.722)	(5.504, 3.517, 23.852)	(0.0, 0.0, 180.0)
BuildingD/Level1/PoolLight (2)	Assets/Modern Villa/Prefabs/lighting/PoolLight.prefab	(7.874, 3.467, 23.722)	(8.004, 3.517, 23.852)	(0.0, 0.0, 180.0)
BuildingD/Level1/PoolLight (5)	Assets/Modern Villa/Prefabs/lighting/PoolLight.prefab	(2.374, 3.467, 23.722)	(2.504, 3.517, 23.852)	(0.0, 0.0, 180.0)
BuildingD/Level1/PoolLight (1)	Assets/Modern Villa/Prefabs/lighting/PoolLight.prefab	(9.374, 3.467, 23.722)	(9.504, 3.517, 23.852)	(0.0, 0.0, 180.0)
BuildingD/Level1/PoolLight (6)	Assets/Modern Villa/Prefabs/lighting/PoolLight.prefab	(3.874, 3.467, 23.722)	(4.004, 3.517, 23.852)	(0.0, 0.0, 180.0)
BuildingD/Level1/PoolLight (3)	Assets/Modern Villa/Prefabs/lighting/PoolLight.prefab	(6.874, 3.467, 23.722)	(7.004, 3.517, 23.852)	(0.0, 0.0, 180.0)
BuildingD/Level1/PoolLight (7)	Assets/Modern Villa/Prefabs/lighting/PoolLight.prefab	(0.874, 3.467, 23.722)	(1.004, 3.517, 23.852)	(0.0, 0.0, 180.0)
BuildingD/Level1/Railing2m (9)	Assets/Modern Villa/Prefabs/railing/Railing2m.prefab	(9.267, 3.800, 23.782)	(11.267, 4.627, 23.853)	(0.0, 180.0, 0.0)
BuildingD/Level1/Railing2m (10)	Assets/Modern Villa/Prefabs/railing/Railing2m.prefab	(7.267, 3.800, 23.782)	(9.267, 4.627, 23.853)	(0.0, 180.0, 0.0)
BuildingD/Level1/Railing2m (11)	Assets/Modern Villa/Prefabs/railing/Railing2m.prefab	(5.267, 3.800, 23.782)	(7.267, 4.627, 23.853)	(0.0, 180.0, 0.0)
BuildingD/Level1/Railing2m (12)	Assets/Modern Villa/Prefabs/railing/Railing2m.prefab	(3.267, 3.800, 23.782)	(5.267, 4.627, 23.853)	(0.0, 180.0, 0.0)
BuildingD/Level1/Railing2m (13)	Assets/Modern Villa/Prefabs/railing/Railing2m.prefab	(1.267, 3.800, 23.782)	(3.267, 4.627, 23.853)	(0.0, 180.0, 0.0)
BuildingD/Level1 Floor		(-0.100, 3.500, 1.900)	(13.100, 3.800, 24.000)	(0.0, 0.0, 0.0)
BuildingD/Level1 Floor/Roof2x2corner	Assets/Modern Villa/Prefabs/roof/Roof2x2corner.prefab	(-0.100, 3.500, 1.900)	(2.000, 3.800, 4.000)	(0.0, 270.0, 0.0)
BuildingD/Level1 Floor/Roof2x2corner (1)	Assets/Modern Villa/Prefabs/roof/Roof2x2corner.prefab	(11.000, 3.500, 1.900)	(13.100, 3.800, 4.000)	(0.0, 180.0, 0.0)
BuildingD/Level1 Floor/Roof2x2Side	Assets/Modern Villa/Prefabs/roof/Roof2x2Side.prefab	(2.000, 3.500, 1.900)	(4.000, 3.800, 4.000)	(0.0, 270.0, 0.0)
BuildingD/Level1 Floor/Roof2x2Side (4)	Assets/Modern Villa/Prefabs/roof/Roof2x2Side.prefab	(-0.100, 3.500, 4.000)	(2.000, 3.800, 6.000)	(0.0, 0.0, 0.0)
BuildingD/Level1 Floor/Roof2x2Side (8)	Assets/Modern Villa/Prefabs/roof/Roof2x2Side.prefab	(-0.100, 3.500, 8.000)	(2.000, 3.800, 10.000)	(0.0, 0.0, 0.0)
BuildingD/Level1 Floor/Roof2x2Side (12)	Assets/Modern Villa/Prefabs/roof/Roof2x2Side.prefab	(-0.100, 3.500, 12.000)	(2.000, 3.800, 14.000)	(0.0, 0.0, 0.0)
BuildingD/Level1 Floor/Roof2x2Side (16)	Assets/Modern Villa/Prefabs/roof/Roof2x2Side.prefab	(-0.100, 3.500, 16.000)	(2.000, 3.800, 18.000)	(0.0, 0.0, 0.0)
BuildingD/Level1 Floor/Roof2x2Side (20)	Assets/Modern Villa/Prefabs/roof/Roof2x2Side.prefab	(-0.100, 3.500, 20.000)	(2.000, 3.800, 22.000)	(0.0, 0.0, 0.0)
BuildingD/Level1 Floor/Roof2x2Side (6)	Assets/Modern Villa/Prefabs/roof/Roof2x2Side.prefab	(-0.100, 3.500, 6.000)	(2.000, 3.800, 8.000)	(0.0, 0.0, 0.0)
BuildingD/Level1 Floor/Roof2x2Side (9)	Assets/Modern Villa/Prefabs/roof/Roof2x2Side.prefab	(-0.100, 3.500, 10.000)	(2.000, 3.800, 12.000)	(0.0, 0.0, 0.0)
BuildingD/Level1 Floor/Roof2x2Side (13)	Assets/Modern Villa/Prefabs/roof/Roof2x2Side.prefab	(-0.100, 3.500, 14.000)	(2.000, 3.800, 16.000)	(0.0, 0.0, 0.0)
BuildingD/Level1 Floor/Roof2x2Side (17)	Assets/Modern Villa/Prefabs/roof/Roof2x2Side.prefab	(-0.100, 3.500, 18.000)	(2.000, 3.800, 20.000)	(0.0, 0.0, 0.0)
BuildingD/Level1 Floor/Roof2x2Side (21)	Assets/Modern Villa/Prefabs/roof/Roof2x2Side.prefab	(-0.100, 3.500, 22.000)	(2.000, 3.800, 24.000)	(0.0, 0.0, 0.0)
BuildingD/Level1 Floor/Roof2x2Side (5)	Assets/Modern Villa/Prefabs/roof/Roof2x2Side.prefab	(11.000, 3.500, 4.000)	(13.100, 3.800, 6.000)	(0.0, 180.0, 0.0)
BuildingD/Level1 Floor/Roof2x2Side (10)	Assets/Modern Villa/Prefabs/roof/Roof2x2Side.prefab	(11.000, 3.500, 8.000)	(13.100, 3.800, 10.000)	(0.0, 180.0, 0.0)
BuildingD/Level1 Floor/Roof2x2Side (14)	Assets/Modern Villa/Prefabs/roof/Roof2x2Side.prefab	(11.000, 3.500, 12.000)	(13.100, 3.800, 14.000)	(0.0, 180.0, 0.0)
BuildingD/Level1 Floor/Roof2x2Side (18)	Assets/Modern Villa/Prefabs/roof/Roof2x2Side.prefab	(11.000, 3.500, 16.000)	(13.100, 3.800, 18.000)	(0.0, 180.0, 0.0)
BuildingD/Level1 Floor/Roof2x2Side (22)	Assets/Modern Villa/Prefabs/roof/Roof2x2Side.prefab	(11.000, 3.500, 20.000)	(13.100, 3.800, 22.000)	(0.0, 180.0, 0.0)
BuildingD/Level1 Floor/Roof2x2Side (7)	Assets/Modern Villa/Prefabs/roof/Roof2x2Side.prefab	(11.000, 3.500, 6.000)	(13.100, 3.800, 8.000)	(0.0, 180.0, 0.0)
BuildingD/Level1 Floor/Roof2x2Side (11)	Assets/Modern Villa/Prefabs/roof/Roof2x2Side.prefab	(11.000, 3.500, 10.000)	(13.100, 3.800, 12.000)	(0.0, 180.0, 0.0)
BuildingD/Level1 Floor/Roof2x2Side (15)	Assets/Modern Villa/Prefabs/roof/Roof2x2Side.prefab	(11.000, 3.500, 14.000)	(13.100, 3.800, 16.000)	(0.0, 180.0, 0.0)
BuildingD/Level1 Floor/Roof2x2Side (19)	Assets/Modern Villa/Prefabs/roof/Roof2x2Side.prefab	(11.000, 3.500, 18.000)	(13.100, 3.800, 20.000)	(0.0, 180.0, 0.0)
BuildingD/Level1 Floor/Roof2x2Side (23)	Assets/Modern Villa/Prefabs/roof/Roof2x2Side.prefab	(11.000, 3.500, 22.000)	(13.100, 3.800, 24.000)	(0.0, 180.0, 0.0)
BuildingD/Level1 Floor/Roof2x2Side (2)	Assets/Modern Villa/Prefabs/roof/Roof2x2Side.prefab	(6.000, 3.500, 1.900)	(8.000, 3.800, 4.000)	(0.0, 270.0, 0.0)
BuildingD/Level1 Floor/Roof2x2Side (1)	Assets/Modern Villa/Prefabs/roof/Roof2x2Side.prefab	(4.000, 3.500, 1.900)	(6.000, 3.800, 4.000)	(0.0, 270.0, 0.0)
BuildingD/Level1 Floor/Roof2x2Side (3)	Assets/Modern Villa/Prefabs/roof/Roof2x2Side.prefab	(8.000, 3.500, 1.900)	(10.000, 3.800, 4.000)	(0.0, 270.0, 0.0)
BuildingD/Level1 Floor/Roof1x1Side	Assets/Modern Villa/Prefabs/roof/Roof1x1Side.prefab	(10.000, 3.500, 1.900)	(11.000, 3.800, 3.000)	(0.0, 270.0, 0.0)
BuildingD/Level1 Floor/Roof1x1	Assets/Modern Villa/Prefabs/roof/Roof1x1.prefab	(10.000, 3.500, 3.000)	(11.000, 3.800, 4.000)	(0.0, 0.0, 0.0)
BuildingD/Level1 Floor/Roof1x1 (1)	Assets/Modern Villa/Prefabs/roof/Roof1x1.prefab	(10.000, 3.500, 4.000)	(11.000, 3.800, 5.000)	(0.0, 0.0, 0.0)
BuildingD/Level1 Floor/Roof1x1 (5)	Assets/Modern Villa/Prefabs/roof/Roof1x1.prefab	(10.000, 3.500, 8.000)	(11.000, 3.800, 9.000)	(0.0, 0.0, 0.0)
BuildingD/Level1 Floor/Roof1x1 (9)	Assets/Modern Villa/Prefabs/roof/Roof1x1.prefab	(10.000, 3.500, 12.000)	(11.000, 3.800, 13.000)	(0.0, 0.0, 0.0)
BuildingD/Level1 Floor/Roof1x1 (13)	Assets/Modern Villa/Prefabs/roof/Roof1x1.prefab	(10.000, 3.500, 16.000)	(11.000, 3.800, 17.000)	(0.0, 0.0, 0.0)
BuildingD/Level1 Floor/Roof1x1 (17)	Assets/Modern Villa/Prefabs/roof/Roof1x1.prefab	(10.000, 3.500, 20.000)	(11.000, 3.800, 21.000)	(0.0, 0.0, 0.0)
BuildingD/Level1 Floor/Roof1x1 (3)	Assets/Modern Villa/Prefabs/roof/Roof1x1.prefab	(10.000, 3.500, 6.000)	(11.000, 3.800, 7.000)	(0.0, 0.0, 0.0)
BuildingD/Level1 Floor/Roof1x1 (6)	Assets/Modern Villa/Prefabs/roof/Roof1x1.prefab	(10.000, 3.500, 10.000)	(11.000, 3.800, 11.000)	(0.0, 0.0, 0.0)
BuildingD/Level1 Floor/Roof1x1 (10)	Assets/Modern Villa/Prefabs/roof/Roof1x1.prefab	(10.000, 3.500, 14.000)	(11.000, 3.800, 15.000)	(0.0, 0.0, 0.0)
BuildingD/Level1 Floor/Roof1x1 (14)	Assets/Modern Villa/Prefabs/roof/Roof1x1.prefab	(10.000, 3.500, 18.000)	(11.000, 3.800, 19.000)	(0.0, 0.0, 0.0)
BuildingD/Level1 Floor/Roof1x1 (18)	Assets/Modern Villa/Prefabs/roof/Roof1x1.prefab	(10.000, 3.500, 22.000)	(11.000, 3.800, 23.000)	(0.0, 0.0, 0.0)
BuildingD/Level1 Floor/Roof1x1 (2)	Assets/Modern Villa/Prefabs/roof/Roof1x1.prefab	(10.000, 3.500, 5.000)	(11.000, 3.800, 6.000)	(0.0, 0.0, 0.0)
BuildingD/Level1 Floor/Roof1x1 (7)	Assets/Modern Villa/Prefabs/roof/Roof1x1.prefab	(10.000, 3.500, 9.000)	(11.000, 3.800, 10.000)	(0.0, 0.0, 0.0)
BuildingD/Level1 Floor/Roof1x1 (11)	Assets/Modern Villa/Prefabs/roof/Roof1x1.prefab	(10.000, 3.500, 13.000)	(11.000, 3.800, 14.000)	(0.0, 0.0, 0.0)
BuildingD/Level1 Floor/Roof1x1 (15)	Assets/Modern Villa/Prefabs/roof/Roof1x1.prefab	(10.000, 3.500, 17.000)	(11.000, 3.800, 18.000)	(0.0, 0.0, 0.0)
BuildingD/Level1 Floor/Roof1x1 (19)	Assets/Modern Villa/Prefabs/roof/Roof1x1.prefab	(10.000, 3.500, 21.000)	(11.000, 3.800, 22.000)	(0.0, 0.0, 0.0)
BuildingD/Level1 Floor/Roof1x1 (4)	Assets/Modern Villa/Prefabs/roof/Roof1x1.prefab	(10.000, 3.500, 7.000)	(11.000, 3.800, 8.000)	(0.0, 0.0, 0.0)
BuildingD/Level1 Floor/Roof1x1 (8)	Assets/Modern Villa/Prefabs/roof/Roof1x1.prefab	(10.000, 3.500, 11.000)	(11.000, 3.800, 12.000)	(0.0, 0.0, 0.0)
BuildingD/Level1 Floor/Roof1x1 (12)	Assets/Modern Villa/Prefabs/roof/Roof1x1.prefab	(10.000, 3.500, 15.000)	(11.000, 3.800, 16.000)	(0.0, 0.0, 0.0)
BuildingD/Level1 Floor/Roof1x1 (16)	Assets/Modern Villa/Prefabs/roof/Roof1x1.prefab	(10.000, 3.500, 19.000)	(11.000, 3.800, 20.000)	(0.0, 0.0, 0.0)
BuildingD/Level1 Floor/Roof1x1 (20)	Assets/Modern Villa/Prefabs/roof/Roof1x1.prefab	(10.000, 3.500, 23.000)	(11.000, 3.800, 24.000)	(0.0, 0.0, 0.0)
BuildingD/Level1 Floor/Roof2x2	Assets/Modern Villa/Prefabs/roof/Roof2x2.prefab	(2.000, 3.500, 4.000)	(4.000, 3.800, 6.000)	(0.0, 0.0, 0.0)
BuildingD/Level1 Floor/Roof2x2 (8)	Assets/Modern Villa/Prefabs/roof/Roof2x2.prefab	(2.000, 3.500, 8.000)	(4.000, 3.800, 10.000)	(0.0, 0.0, 0.0)
BuildingD/Level1 Floor/Roof2x2 (16)	Assets/Modern Villa/Prefabs/roof/Roof2x2.prefab	(2.000, 3.500, 12.000)	(4.000, 3.800, 14.000)	(0.0, 0.0, 0.0)
BuildingD/Level1 Floor/Roof2x2 (32)	Assets/Modern Villa/Prefabs/roof/Roof2x2.prefab	(2.000, 3.500, 20.000)	(4.000, 3.800, 22.000)	(0.0, 0.0, 0.0)
BuildingD/Level1 Floor/Roof2x2 (4)	Assets/Modern Villa/Prefabs/roof/Roof2x2.prefab	(2.000, 3.500, 6.000)	(4.000, 3.800, 8.000)	(0.0, 0.0, 0.0)
BuildingD/Level1 Floor/Roof2x2 (9)	Assets/Modern Villa/Prefabs/roof/Roof2x2.prefab	(2.000, 3.500, 10.000)	(4.000, 3.800, 12.000)	(0.0, 0.0, 0.0)
BuildingD/Level1 Floor/Roof2x2 (17)	Assets/Modern Villa/Prefabs/roof/Roof2x2.prefab	(2.000, 3.500, 14.000)	(4.000, 3.800, 16.000)	(0.0, 0.0, 0.0)
BuildingD/Level1 Floor/Roof2x2 (33)	Assets/Modern Villa/Prefabs/roof/Roof2x2.prefab	(2.000, 3.500, 22.000)	(4.000, 3.800, 24.000)	(0.0, 0.0, 0.0)
BuildingD/Level1 Floor/Roof2x2 (2)	Assets/Modern Villa/Prefabs/roof/Roof2x2.prefab	(6.000, 3.500, 4.000)	(8.000, 3.800, 6.000)	(0.0, 0.0, 0.0)
BuildingD/Level1 Floor/Roof2x2 (10)	Assets/Modern Villa/Prefabs/roof/Roof2x2.prefab	(6.000, 3.500, 8.000)	(8.000, 3.800, 10.000)	(0.0, 0.0, 0.0)
BuildingD/Level1 Floor/Roof2x2 (18)	Assets/Modern Villa/Prefabs/roof/Roof2x2.prefab	(6.000, 3.500, 12.000)	(8.000, 3.800, 14.000)	(0.0, 0.0, 0.0)
BuildingD/Level1 Floor/Roof2x2 (26)	Assets/Modern Villa/Prefabs/roof/Roof2x2.prefab	(6.000, 3.500, 16.000)	(8.000, 3.800, 18.000)	(0.0, 0.0, 0.0)
BuildingD/Level1 Floor/Roof2x2 (34)	Assets/Modern Villa/Prefabs/roof/Roof2x2.prefab	(6.000, 3.500, 20.000)	(8.000, 3.800, 22.000)	(0.0, 0.0, 0.0)
BuildingD/Level1 Floor/Roof2x2 (5)	Assets/Modern Villa/Prefabs/roof/Roof2x2.prefab	(6.000, 3.500, 6.000)	(8.000, 3.800, 8.000)	(0.0, 0.0, 0.0)
BuildingD/Level1 Floor/Roof2x2 (11)	Assets/Modern Villa/Prefabs/roof/Roof2x2.prefab	(6.000, 3.500, 10.000)	(8.000, 3.800, 12.000)	(0.0, 0.0, 0.0)
BuildingD/Level1 Floor/Roof2x2 (19)	Assets/Modern Villa/Prefabs/roof/Roof2x2.prefab	(6.000, 3.500, 14.000)	(8.000, 3.800, 16.000)	(0.0, 0.0, 0.0)
BuildingD/Level1 Floor/Roof2x2 (27)	Assets/Modern Villa/Prefabs/roof/Roof2x2.prefab	(6.000, 3.500, 18.000)	(8.000, 3.800, 20.000)	(0.0, 0.0, 0.0)
BuildingD/Level1 Floor/Roof2x2 (35)	Assets/Modern Villa/Prefabs/roof/Roof2x2.prefab	(6.000, 3.500, 22.000)	(8.000, 3.800, 24.000)	(0.0, 0.0, 0.0)
BuildingD/Level1 Floor/Roof2x2 (1)	Assets/Modern Villa/Prefabs/roof/Roof2x2.prefab	(4.000, 3.500, 4.000)	(6.000, 3.800, 6.000)	(0.0, 0.0, 0.0)
BuildingD/Level1 Floor/Roof2x2 (12)	Assets/Modern Villa/Prefabs/roof/Roof2x2.prefab	(4.000, 3.500, 8.000)	(6.000, 3.800, 10.000)	(0.0, 0.0, 0.0)
BuildingD/Level1 Floor/Roof2x2 (20)	Assets/Modern Villa/Prefabs/roof/Roof2x2.prefab	(4.000, 3.500, 12.000)	(6.000, 3.800, 14.000)	(0.0, 0.0, 0.0)
BuildingD/Level1 Floor/Roof2x2 (28)	Assets/Modern Villa/Prefabs/roof/Roof2x2.prefab	(4.000, 3.500, 16.000)	(6.000, 3.800, 18.000)	(0.0, 0.0, 0.0)
BuildingD/Level1 Floor/Roof2x2 (36)	Assets/Modern Villa/Prefabs/roof/Roof2x2.prefab	(4.000, 3.500, 20.000)	(6.000, 3.800, 22.000)	(0.0, 0.0, 0.0)
BuildingD/Level1 Floor/Roof2x2 (6)	Assets/Modern Villa/Prefabs/roof/Roof2x2.prefab	(4.000, 3.500, 6.000)	(6.000, 3.800, 8.000)	(0.0, 0.0, 0.0)
BuildingD/Level1 Floor/Roof2x2 (13)	Assets/Modern Villa/Prefabs/roof/Roof2x2.prefab	(4.000, 3.500, 10.000)	(6.000, 3.800, 12.000)	(0.0, 0.0, 0.0)
BuildingD/Level1 Floor/Roof2x2 (21)	Assets/Modern Villa/Prefabs/roof/Roof2x2.prefab	(4.000, 3.500, 14.000)	(6.000, 3.800, 16.000)	(0.0, 0.0, 0.0)
BuildingD/Level1 Floor/Roof2x2 (29)	Assets/Modern Villa/Prefabs/roof/Roof2x2.prefab	(4.000, 3.500, 18.000)	(6.000, 3.800, 20.000)	(0.0, 0.0, 0.0)
BuildingD/Level1 Floor/Roof2x2 (37)	Assets/Modern Villa/Prefabs/roof/Roof2x2.prefab	(4.000, 3.500, 22.000)	(6.000, 3.800, 24.000)	(0.0, 0.0, 0.0)
BuildingD/Level1 Floor/Roof2x2 (3)	Assets/Modern Villa/Prefabs/roof/Roof2x2.prefab	(8.000, 3.500, 4.000)	(10.000, 3.800, 6.000)	(0.0, 0.0, 0.0)
BuildingD/Level1 Floor/Roof2x2 (14)	Assets/Modern Villa/Prefabs/roof/Roof2x2.prefab	(8.000, 3.500, 8.000)	(10.000, 3.800, 10.000)	(0.0, 0.0, 0.0)
BuildingD/Level1 Floor/Roof2x2 (22)	Assets/Modern Villa/Prefabs/roof/Roof2x2.prefab	(8.000, 3.500, 12.000)	(10.000, 3.800, 14.000)	(0.0, 0.0, 0.0)
BuildingD/Level1 Floor/Roof2x2 (30)	Assets/Modern Villa/Prefabs/roof/Roof2x2.prefab	(8.000, 3.500, 16.000)	(10.000, 3.800, 18.000)	(0.0, 0.0, 0.0)
BuildingD/Level1 Floor/Roof2x2 (38)	Assets/Modern Villa/Prefabs/roof/Roof2x2.prefab	(8.000, 3.500, 20.000)	(10.000, 3.800, 22.000)	(0.0, 0.0, 0.0)
BuildingD/Level1 Floor/Roof2x2 (7)	Assets/Modern Villa/Prefabs/roof/Roof2x2.prefab	(8.000, 3.500, 6.000)	(10.000, 3.800, 8.000)	(0.0, 0.0, 0.0)
BuildingD/Level1 Floor/Roof2x2 (15)	Assets/Modern Villa/Prefabs/roof/Roof2x2.prefab	(8.000, 3.500, 10.000)	(10.000, 3.800, 12.000)	(0.0, 0.0, 0.0)
BuildingD/Level1 Floor/Roof2x2 (23)	Assets/Modern Villa/Prefabs/roof/Roof2x2.prefab	(8.000, 3.500, 14.000)	(10.000, 3.800, 16.000)	(0.0, 0.0, 0.0)
BuildingD/Level1 Floor/Roof2x2 (31)	Assets/Modern Villa/Prefabs/roof/Roof2x2.prefab	(8.000, 3.500, 18.000)	(10.000, 3.800, 20.000)	(0.0, 0.0, 0.0)
BuildingD/Level1 Floor/Roof2x2 (39)	Assets/Modern Villa/Prefabs/roof/Roof2x2.prefab	(8.000, 3.500, 22.000)	(10.000, 3.800, 24.000)	(0.0, 0.0, 0.0)
BuildingD/Level2 Floor		(-0.100, 6.290, 1.900)	(13.100, 6.590, 24.000)	(0.0, 0.0, 0.0)
BuildingD/Level2 Floor/Roof2x2corner	Assets/Modern Villa/Prefabs/roof/Roof2x2corner.prefab	(-0.100, 6.290, 1.900)	(2.000, 6.590, 4.000)	(0.0, 270.0, 0.0)
BuildingD/Level2 Floor/Roof2x2corner (1)	Assets/Modern Villa/Prefabs/roof/Roof2x2corner.prefab	(11.000, 6.290, 1.900)	(13.100, 6.590, 4.000)	(0.0, 180.0, 0.0)
BuildingD/Level2 Floor/Roof2x2Side	Assets/Modern Villa/Prefabs/roof/Roof2x2Side.prefab	(2.000, 6.290, 1.900)	(4.000, 6.590, 4.000)	(0.0, 270.0, 0.0)
BuildingD/Level2 Floor/Roof2x2Side (4)	Assets/Modern Villa/Prefabs/roof/Roof2x2Side.prefab	(-0.100, 6.290, 4.000)	(2.000, 6.590, 6.000)	(0.0, 0.0, 0.0)
BuildingD/Level2 Floor/Roof2x2Side (8)	Assets/Modern Villa/Prefabs/roof/Roof2x2Side.prefab	(-0.100, 6.290, 8.000)	(2.000, 6.590, 10.000)	(0.0, 0.0, 0.0)
BuildingD/Level2 Floor/Roof2x2Side (12)	Assets/Modern Villa/Prefabs/roof/Roof2x2Side.prefab	(-0.100, 6.290, 12.000)	(2.000, 6.590, 14.000)	(0.0, 0.0, 0.0)
BuildingD/Level2 Floor/Roof2x2Side (16)	Assets/Modern Villa/Prefabs/roof/Roof2x2Side.prefab	(-0.100, 6.290, 16.000)	(2.000, 6.590, 18.000)	(0.0, 0.0, 0.0)
BuildingD/Level2 Floor/Roof2x2Side (20)	Assets/Modern Villa/Prefabs/roof/Roof2x2Side.prefab	(-0.100, 6.290, 20.000)	(2.000, 6.590, 22.000)	(0.0, 0.0, 0.0)
BuildingD/Level2 Floor/Roof2x2Side (6)	Assets/Modern Villa/Prefabs/roof/Roof2x2Side.prefab	(-0.100, 6.290, 6.000)	(2.000, 6.590, 8.000)	(0.0, 0.0, 0.0)
BuildingD/Level2 Floor/Roof2x2Side (9)	Assets/Modern Villa/Prefabs/roof/Roof2x2Side.prefab	(-0.100, 6.290, 10.000)	(2.000, 6.590, 12.000)	(0.0, 0.0, 0.0)
BuildingD/Level2 Floor/Roof2x2Side (13)	Assets/Modern Villa/Prefabs/roof/Roof2x2Side.prefab	(-0.100, 6.290, 14.000)	(2.000, 6.590, 16.000)	(0.0, 0.0, 0.0)
BuildingD/Level2 Floor/Roof2x2Side (17)	Assets/Modern Villa/Prefabs/roof/Roof2x2Side.prefab	(-0.100, 6.290, 18.000)	(2.000, 6.590, 20.000)	(0.0, 0.0, 0.0)
BuildingD/Level2 Floor/Roof2x2Side (21)	Assets/Modern Villa/Prefabs/roof/Roof2x2Side.prefab	(-0.100, 6.290, 22.000)	(2.000, 6.590, 24.000)	(0.0, 0.0, 0.0)
BuildingD/Level2 Floor/Roof2x2Side (5)	Assets/Modern Villa/Prefabs/roof/Roof2x2Side.prefab	(11.000, 6.290, 4.000)	(13.100, 6.590, 6.000)	(0.0, 180.0, 0.0)
BuildingD/Level2 Floor/Roof2x2Side (10)	Assets/Modern Villa/Prefabs/roof/Roof2x2Side.prefab	(11.000, 6.290, 8.000)	(13.100, 6.590, 10.000)	(0.0, 180.0, 0.0)
BuildingD/Level2 Floor/Roof2x2Side (14)	Assets/Modern Villa/Prefabs/roof/Roof2x2Side.prefab	(11.000, 6.290, 12.000)	(13.100, 6.590, 14.000)	(0.0, 180.0, 0.0)
BuildingD/Level2 Floor/Roof2x2Side (18)	Assets/Modern Villa/Prefabs/roof/Roof2x2Side.prefab	(11.000, 6.290, 16.000)	(13.100, 6.590, 18.000)	(0.0, 180.0, 0.0)
BuildingD/Level2 Floor/Roof2x2Side (22)	Assets/Modern Villa/Prefabs/roof/Roof2x2Side.prefab	(11.000, 6.290, 20.000)	(13.100, 6.590, 22.000)	(0.0, 180.0, 0.0)
BuildingD/Level2 Floor/Roof2x2Side (7)	Assets/Modern Villa/Prefabs/roof/Roof2x2Side.prefab	(11.000, 6.290, 6.000)	(13.100, 6.590, 8.000)	(0.0, 180.0, 0.0)
BuildingD/Level2 Floor/Roof2x2Side (11)	Assets/Modern Villa/Prefabs/roof/Roof2x2Side.prefab	(11.000, 6.290, 10.000)	(13.100, 6.590, 12.000)	(0.0, 180.0, 0.0)
BuildingD/Level2 Floor/Roof2x2Side (15)	Assets/Modern Villa/Prefabs/roof/Roof2x2Side.prefab	(11.000, 6.290, 14.000)	(13.100, 6.590, 16.000)	(0.0, 180.0, 0.0)
BuildingD/Level2 Floor/Roof2x2Side (19)	Assets/Modern Villa/Prefabs/roof/Roof2x2Side.prefab	(11.000, 6.290, 18.000)	(13.100, 6.590, 20.000)	(0.0, 180.0, 0.0)
BuildingD/Level2 Floor/Roof2x2Side (23)	Assets/Modern Villa/Prefabs/roof/Roof2x2Side.prefab	(11.000, 6.290, 22.000)	(13.100, 6.590, 24.000)	(0.0, 180.0, 0.0)
BuildingD/Level2 Floor/Roof2x2Side (2)	Assets/Modern Villa/Prefabs/roof/Roof2x2Side.prefab	(6.000, 6.290, 1.900)	(8.000, 6.590, 4.000)	(0.0, 270.0, 0.0)
BuildingD/Level2 Floor/Roof2x2Side (1)	Assets/Modern Villa/Prefabs/roof/Roof2x2Side.prefab	(4.000, 6.290, 1.900)	(6.000, 6.590, 4.000)	(0.0, 270.0, 0.0)
BuildingD/Level2 Floor/Roof2x2Side (3)	Assets/Modern Villa/Prefabs/roof/Roof2x2Side.prefab	(8.000, 6.290, 1.900)	(10.000, 6.590, 4.000)	(0.0, 270.0, 0.0)
BuildingD/Level2 Floor/Roof1x1Side	Assets/Modern Villa/Prefabs/roof/Roof1x1Side.prefab	(10.000, 6.290, 1.900)	(11.000, 6.590, 3.000)	(0.0, 270.0, 0.0)
BuildingD/Level2 Floor/Roof1x1	Assets/Modern Villa/Prefabs/roof/Roof1x1.prefab	(10.000, 6.290, 3.000)	(11.000, 6.590, 4.000)	(0.0, 0.0, 0.0)
BuildingD/Level2 Floor/Roof1x1 (1)	Assets/Modern Villa/Prefabs/roof/Roof1x1.prefab	(10.000, 6.290, 4.000)	(11.000, 6.590, 5.000)	(0.0, 0.0, 0.0)
BuildingD/Level2 Floor/Roof1x1 (5)	Assets/Modern Villa/Prefabs/roof/Roof1x1.prefab	(10.000, 6.290, 8.000)	(11.000, 6.590, 9.000)	(0.0, 0.0, 0.0)
BuildingD/Level2 Floor/Roof1x1 (9)	Assets/Modern Villa/Prefabs/roof/Roof1x1.prefab	(10.000, 6.290, 12.000)	(11.000, 6.590, 13.000)	(0.0, 0.0, 0.0)
BuildingD/Level2 Floor/Roof1x1 (13)	Assets/Modern Villa/Prefabs/roof/Roof1x1.prefab	(10.000, 6.290, 16.000)	(11.000, 6.590, 17.000)	(0.0, 0.0, 0.0)
BuildingD/Level2 Floor/Roof1x1 (17)	Assets/Modern Villa/Prefabs/roof/Roof1x1.prefab	(10.000, 6.290, 20.000)	(11.000, 6.590, 21.000)	(0.0, 0.0, 0.0)
BuildingD/Level2 Floor/Roof1x1 (3)	Assets/Modern Villa/Prefabs/roof/Roof1x1.prefab	(10.000, 6.290, 6.000)	(11.000, 6.590, 7.000)	(0.0, 0.0, 0.0)
BuildingD/Level2 Floor/Roof1x1 (6)	Assets/Modern Villa/Prefabs/roof/Roof1x1.prefab	(10.000, 6.290, 10.000)	(11.000, 6.590, 11.000)	(0.0, 0.0, 0.0)
BuildingD/Level2 Floor/Roof1x1 (10)	Assets/Modern Villa/Prefabs/roof/Roof1x1.prefab	(10.000, 6.290, 14.000)	(11.000, 6.590, 15.000)	(0.0, 0.0, 0.0)
BuildingD/Level2 Floor/Roof1x1 (14)	Assets/Modern Villa/Prefabs/roof/Roof1x1.prefab	(10.000, 6.290, 18.000)	(11.000, 6.590, 19.000)	(0.0, 0.0, 0.0)
BuildingD/Level2 Floor/Roof1x1 (18)	Assets/Modern Villa/Prefabs/roof/Roof1x1.prefab	(10.000, 6.290, 22.000)	(11.000, 6.590, 23.000)	(0.0, 0.0, 0.0)
BuildingD/Level2 Floor/Roof1x1 (2)	Assets/Modern Villa/Prefabs/roof/Roof1x1.prefab	(10.000, 6.290, 5.000)	(11.000, 6.590, 6.000)	(0.0, 0.0, 0.0)
BuildingD/Level2 Floor/Roof1x1 (7)	Assets/Modern Villa/Prefabs/roof/Roof1x1.prefab	(10.000, 6.290, 9.000)	(11.000, 6.590, 10.000)	(0.0, 0.0, 0.0)
BuildingD/Level2 Floor/Roof1x1 (11)	Assets/Modern Villa/Prefabs/roof/Roof1x1.prefab	(10.000, 6.290, 13.000)	(11.000, 6.590, 14.000)	(0.0, 0.0, 0.0)
BuildingD/Level2 Floor/Roof1x1 (15)	Assets/Modern Villa/Prefabs/roof/Roof1x1.prefab	(10.000, 6.290, 17.000)	(11.000, 6.590, 18.000)	(0.0, 0.0, 0.0)
BuildingD/Level2 Floor/Roof1x1 (19)	Assets/Modern Villa/Prefabs/roof/Roof1x1.prefab	(10.000, 6.290, 21.000)	(11.000, 6.590, 22.000)	(0.0, 0.0, 0.0)
BuildingD/Level2 Floor/Roof1x1 (4)	Assets/Modern Villa/Prefabs/roof/Roof1x1.prefab	(10.000, 6.290, 7.000)	(11.000, 6.590, 8.000)	(0.0, 0.0, 0.0)
BuildingD/Level2 Floor/Roof1x1 (8)	Assets/Modern Villa/Prefabs/roof/Roof1x1.prefab	(10.000, 6.290, 11.000)	(11.000, 6.590, 12.000)	(0.0, 0.0, 0.0)
BuildingD/Level2 Floor/Roof1x1 (12)	Assets/Modern Villa/Prefabs/roof/Roof1x1.prefab	(10.000, 6.290, 15.000)	(11.000, 6.590, 16.000)	(0.0, 0.0, 0.0)
BuildingD/Level2 Floor/Roof1x1 (16)	Assets/Modern Villa/Prefabs/roof/Roof1x1.prefab	(10.000, 6.290, 19.000)	(11.000, 6.590, 20.000)	(0.0, 0.0, 0.0)
BuildingD/Level2 Floor/Roof1x1 (20)	Assets/Modern Villa/Prefabs/roof/Roof1x1.prefab	(10.000, 6.290, 23.000)	(11.000, 6.590, 24.000)	(0.0, 0.0, 0.0)
BuildingD/Level2 Floor/Roof2x2	Assets/Modern Villa/Prefabs/roof/Roof2x2.prefab	(2.000, 6.290, 4.000)	(4.000, 6.590, 6.000)	(0.0, 0.0, 0.0)
BuildingD/Level2 Floor/Roof2x2 (8)	Assets/Modern Villa/Prefabs/roof/Roof2x2.prefab	(2.000, 6.290, 8.000)	(4.000, 6.590, 10.000)	(0.0, 0.0, 0.0)
BuildingD/Level2 Floor/Roof2x2 (16)	Assets/Modern Villa/Prefabs/roof/Roof2x2.prefab	(2.000, 6.290, 12.000)	(4.000, 6.590, 14.000)	(0.0, 0.0, 0.0)
BuildingD/Level2 Floor/Roof2x2 (24)	Assets/Modern Villa/Prefabs/roof/Roof2x2.prefab	(2.000, 6.290, 16.000)	(4.000, 6.590, 18.000)	(0.0, 0.0, 0.0)
BuildingD/Level2 Floor/Roof2x2 (32)	Assets/Modern Villa/Prefabs/roof/Roof2x2.prefab	(2.000, 6.290, 20.000)	(4.000, 6.590, 22.000)	(0.0, 0.0, 0.0)
BuildingD/Level2 Floor/Roof2x2 (4)	Assets/Modern Villa/Prefabs/roof/Roof2x2.prefab	(2.000, 6.290, 6.000)	(4.000, 6.590, 8.000)	(0.0, 0.0, 0.0)
BuildingD/Level2 Floor/Roof2x2 (9)	Assets/Modern Villa/Prefabs/roof/Roof2x2.prefab	(2.000, 6.290, 10.000)	(4.000, 6.590, 12.000)	(0.0, 0.0, 0.0)
BuildingD/Level2 Floor/Roof2x2 (17)	Assets/Modern Villa/Prefabs/roof/Roof2x2.prefab	(2.000, 6.290, 14.000)	(4.000, 6.590, 16.000)	(0.0, 0.0, 0.0)
BuildingD/Level2 Floor/Roof2x2 (25)	Assets/Modern Villa/Prefabs/roof/Roof2x2.prefab	(2.000, 6.290, 18.000)	(4.000, 6.590, 20.000)	(0.0, 0.0, 0.0)
BuildingD/Level2 Floor/Roof2x2 (33)	Assets/Modern Villa/Prefabs/roof/Roof2x2.prefab	(2.000, 6.290, 22.000)	(4.000, 6.590, 24.000)	(0.0, 0.0, 0.0)
BuildingD/Level2 Floor/Roof2x2 (2)	Assets/Modern Villa/Prefabs/roof/Roof2x2.prefab	(6.000, 6.290, 4.000)	(8.000, 6.590, 6.000)	(0.0, 0.0, 0.0)
BuildingD/Level2 Floor/Roof2x2 (10)	Assets/Modern Villa/Prefabs/roof/Roof2x2.prefab	(6.000, 6.290, 8.000)	(8.000, 6.590, 10.000)	(0.0, 0.0, 0.0)
BuildingD/Level2 Floor/Roof2x2 (18)	Assets/Modern Villa/Prefabs/roof/Roof2x2.prefab	(6.000, 6.290, 12.000)	(8.000, 6.590, 14.000)	(0.0, 0.0, 0.0)
BuildingD/Level2 Floor/Roof2x2 (26)	Assets/Modern Villa/Prefabs/roof/Roof2x2.prefab	(6.000, 6.290, 16.000)	(8.000, 6.590, 18.000)	(0.0, 0.0, 0.0)
BuildingD/Level2 Floor/Roof2x2 (34)	Assets/Modern Villa/Prefabs/roof/Roof2x2.prefab	(6.000, 6.290, 20.000)	(8.000, 6.590, 22.000)	(0.0, 0.0, 0.0)
BuildingD/Level2 Floor/Roof2x2 (5)	Assets/Modern Villa/Prefabs/roof/Roof2x2.prefab	(6.000, 6.290, 6.000)	(8.000, 6.590, 8.000)	(0.0, 0.0, 0.0)
BuildingD/Level2 Floor/Roof2x2 (11)	Assets/Modern Villa/Prefabs/roof/Roof2x2.prefab	(6.000, 6.290, 10.000)	(8.000, 6.590, 12.000)	(0.0, 0.0, 0.0)
BuildingD/Level2 Floor/Roof2x2 (19)	Assets/Modern Villa/Prefabs/roof/Roof2x2.prefab	(6.000, 6.290, 14.000)	(8.000, 6.590, 16.000)	(0.0, 0.0, 0.0)
BuildingD/Level2 Floor/Roof2x2 (27)	Assets/Modern Villa/Prefabs/roof/Roof2x2.prefab	(6.000, 6.290, 18.000)	(8.000, 6.590, 20.000)	(0.0, 0.0, 0.0)
BuildingD/Level2 Floor/Roof2x2 (35)	Assets/Modern Villa/Prefabs/roof/Roof2x2.prefab	(6.000, 6.290, 22.000)	(8.000, 6.590, 24.000)	(0.0, 0.0, 0.0)
BuildingD/Level2 Floor/Roof2x2 (1)	Assets/Modern Villa/Prefabs/roof/Roof2x2.prefab	(4.000, 6.290, 4.000)	(6.000, 6.590, 6.000)	(0.0, 0.0, 0.0)
BuildingD/Level2 Floor/Roof2x2 (12)	Assets/Modern Villa/Prefabs/roof/Roof2x2.prefab	(4.000, 6.290, 8.000)	(6.000, 6.590, 10.000)	(0.0, 0.0, 0.0)
BuildingD/Level2 Floor/Roof2x2 (20)	Assets/Modern Villa/Prefabs/roof/Roof2x2.prefab	(4.000, 6.290, 12.000)	(6.000, 6.590, 14.000)	(0.0, 0.0, 0.0)
BuildingD/Level2 Floor/Roof2x2 (28)	Assets/Modern Villa/Prefabs/roof/Roof2x2.prefab	(4.000, 6.290, 16.000)	(6.000, 6.590, 18.000)	(0.0, 0.0, 0.0)
BuildingD/Level2 Floor/Roof2x2 (36)	Assets/Modern Villa/Prefabs/roof/Roof2x2.prefab	(4.000, 6.290, 20.000)	(6.000, 6.590, 22.000)	(0.0, 0.0, 0.0)
BuildingD/Level2 Floor/Roof2x2 (6)	Assets/Modern Villa/Prefabs/roof/Roof2x2.prefab	(4.000, 6.290, 6.000)	(6.000, 6.590, 8.000)	(0.0, 0.0, 0.0)
BuildingD/Level2 Floor/Roof2x2 (13)	Assets/Modern Villa/Prefabs/roof/Roof2x2.prefab	(4.000, 6.290, 10.000)	(6.000, 6.590, 12.000)	(0.0, 0.0, 0.0)
BuildingD/Level2 Floor/Roof2x2 (21)	Assets/Modern Villa/Prefabs/roof/Roof2x2.prefab	(4.000, 6.290, 14.000)	(6.000, 6.590, 16.000)	(0.0, 0.0, 0.0)
BuildingD/Level2 Floor/Roof2x2 (29)	Assets/Modern Villa/Prefabs/roof/Roof2x2.prefab	(4.000, 6.290, 18.000)	(6.000, 6.590, 20.000)	(0.0, 0.0, 0.0)
BuildingD/Level2 Floor/Roof2x2 (37)	Assets/Modern Villa/Prefabs/roof/Roof2x2.prefab	(4.000, 6.290, 22.000)	(6.000, 6.590, 24.000)	(0.0, 0.0, 0.0)
BuildingD/Level2 Floor/Roof2x2 (3)	Assets/Modern Villa/Prefabs/roof/Roof2x2.prefab	(8.000, 6.290, 4.000)	(10.000, 6.590, 6.000)	(0.0, 0.0, 0.0)
BuildingD/Level2 Floor/Roof2x2 (14)	Assets/Modern Villa/Prefabs/roof/Roof2x2.prefab	(8.000, 6.290, 8.000)	(10.000, 6.590, 10.000)	(0.0, 0.0, 0.0)
BuildingD/Level2 Floor/Roof2x2 (22)	Assets/Modern Villa/Prefabs/roof/Roof2x2.prefab	(8.000, 6.290, 12.000)	(10.000, 6.590, 14.000)	(0.0, 0.0, 0.0)
BuildingD/Level2 Floor/Roof2x2 (30)	Assets/Modern Villa/Prefabs/roof/Roof2x2.prefab	(8.000, 6.290, 16.000)	(10.000, 6.590, 18.000)	(0.0, 0.0, 0.0)
BuildingD/Level2 Floor/Roof2x2 (38)	Assets/Modern Villa/Prefabs/roof/Roof2x2.prefab	(8.000, 6.290, 20.000)	(10.000, 6.590, 22.000)	(0.0, 0.0, 0.0)
BuildingD/Level2 Floor/Roof2x2 (7)	Assets/Modern Villa/Prefabs/roof/Roof2x2.prefab	(8.000, 6.290, 6.000)	(10.000, 6.590, 8.000)	(0.0, 0.0, 0.0)
BuildingD/Level2 Floor/Roof2x2 (15)	Assets/Modern Villa/Prefabs/roof/Roof2x2.prefab	(8.000, 6.290, 10.000)	(10.000, 6.590, 12.000)	(0.0, 0.0, 0.0)
BuildingD/Level2 Floor/Roof2x2 (23)	Assets/Modern Villa/Prefabs/roof/Roof2x2.prefab	(8.000, 6.290, 14.000)	(10.000, 6.590, 16.000)	(0.0, 0.0, 0.0)
BuildingD/Level2 Floor/Roof2x2 (31)	Assets/Modern Villa/Prefabs/roof/Roof2x2.prefab	(8.000, 6.290, 18.000)	(10.000, 6.590, 20.000)	(0.0, 0.0, 0.0)
BuildingD/Level2 Floor/Roof2x2 (39)	Assets/Modern Villa/Prefabs/roof/Roof2x2.prefab	(8.000, 6.290, 22.000)	(10.000, 6.590, 24.000)	(0.0, 0.0, 0.0)
BuildingD/mv_PillarB	Assets/Modern Villa/Meshes/props/mv_PillarB.fbx	(12.223, 1.000, 2.673)	(12.877, 3.500, 3.327)	(0.0, 0.0, 0.0)
BuildingD/mv_pillarA	Assets/Modern Villa/Meshes/props/mv_pillarA.fbx	(12.552, 1.000, 9.862)	(12.828, 3.500, 10.138)	(0.0, 0.0, 0.0)
BuildingD/mv_pillarA (3)	Assets/Modern Villa/Meshes/props/mv_pillarA.fbx	(12.552, 1.000, 5.862)	(12.828, 3.500, 6.138)	(0.0, 0.0, 0.0)
BuildingD/mv_pillarA (1)	Assets/Modern Villa/Meshes/props/mv_pillarA.fbx	(12.552, 1.000, 14.862)	(12.828, 3.500, 15.138)	(0.0, 0.0, 0.0)
BuildingD/mv_pillarA (2)	Assets/Modern Villa/Meshes/props/mv_pillarA.fbx	(12.552, 1.000, 20.862)	(12.828, 3.500, 21.138)	(0.0, 0.0, 0.0)
BuildingD/mv_WallSupportElement	Assets/Modern Villa/Prefabs/Walls/mv_WallSupportElement.prefab	(-0.040, 1.027, 23.632)	(0.635, 3.527, 24.007)	(0.0, 270.0, 0.0)
BuildingD/mv_WallSupportElement (5)	Assets/Modern Villa/Prefabs/Walls/mv_WallSupportElement.prefab	(11.960, 1.027, 23.632)	(12.635, 3.527, 24.007)	(0.0, 270.0, 0.0)
BuildingD/mv_WallSupportElement (1)	Assets/Modern Villa/Prefabs/Walls/mv_WallSupportElement.prefab	(-0.040, 1.027, 20.632)	(0.635, 3.527, 21.007)	(0.0, 270.0, 0.0)
BuildingD/mv_WallSupportElement (2)	Assets/Modern Villa/Prefabs/Walls/mv_WallSupportElement.prefab	(-0.040, 1.027, 15.632)	(0.635, 3.527, 16.007)	(0.0, 270.0, 0.0)
BuildingD/mv_WallSupportElement (3)	Assets/Modern Villa/Prefabs/Walls/mv_WallSupportElement.prefab	(-0.040, 1.027, 11.632)	(0.635, 3.527, 12.007)	(0.0, 270.0, 0.0)
BuildingD/mv_WallSupportElement (4)	Assets/Modern Villa/Prefabs/Walls/mv_WallSupportElement.prefab	(-0.040, 1.027, 7.632)	(0.635, 3.527, 8.007)	(0.0, 270.0, 0.0)
BuildingD/Level0 Objects		(1.914, 0.919, 3.906)	(12.079, 6.314, 23.365)	(0.0, 0.0, 0.0)
BuildingD/Level0 Objects/DiningTableB Variant (1)	Assets/Modern Villa/Prefabs/furniture/DiningTableB Variant.prefab	(3.657, 0.990, 11.869)	(6.643, 2.211, 14.182)	(0.0, 270.0, 0.0)
BuildingD/Level0 Objects/DiningTableB Variant (1)/DiningChairB Variant	Assets/Modern Villa/Prefabs/furniture/DiningChairB Variant.prefab	(3.892, 1.000, 11.869)	(4.442, 2.073, 12.522)	(0.0, 0.0, 0.0)
BuildingD/Level0 Objects/DiningTableB Variant (1)/DiningChairB Variant (3)	Assets/Modern Villa/Prefabs/furniture/DiningChairB Variant.prefab	(3.892, 1.000, 13.529)	(4.442, 2.073, 14.182)	(0.0, 180.0, 0.0)
BuildingD/Level0 Objects/DiningTableB Variant (1)/DiningChairB Variant (1)	Assets/Modern Villa/Prefabs/furniture/DiningChairB Variant.prefab	(4.892, 1.000, 11.869)	(5.442, 2.073, 12.522)	(0.0, 0.0, 0.0)
BuildingD/Level0 Objects/DiningTableB Variant (1)/DiningChairB Variant (4)	Assets/Modern Villa/Prefabs/furniture/DiningChairB Variant.prefab	(4.892, 1.000, 13.529)	(5.442, 2.073, 14.182)	(0.0, 180.0, 0.0)
BuildingD/Level0 Objects/DiningTableB Variant (1)/DiningChairB Variant (2)	Assets/Modern Villa/Prefabs/furniture/DiningChairB Variant.prefab	(5.892, 1.000, 11.869)	(6.442, 2.073, 12.522)	(0.0, 0.0, 0.0)
BuildingD/Level0 Objects/DiningTableB Variant (1)/DiningChairB Variant (5)	Assets/Modern Villa/Prefabs/furniture/DiningChairB Variant.prefab	(5.892, 1.000, 13.529)	(6.442, 2.073, 14.182)	(0.0, 180.0, 0.0)
BuildingD/Level0 Objects/DiningTableB Variant (1)/Objects/VaseA	Assets/Modern Villa/Prefabs/Props/VaseA.prefab	(4.595, 1.736, 12.847)	(4.825, 2.211, 13.140)	(0.0, 270.0, 0.0)
BuildingD/Level0 Objects/DiningTableB Variant (1)/Objects/Placeholder Deck	Assets/Modern Villa/Prefabs/Props/Placeholder Deck Variant.prefab	(5.840, 1.719, 13.030)	(6.405, 1.962, 13.473)	(0.0, 180.0, 0.0)
BuildingD/Level0 Objects/DiningTableB Variant (1)/Objects/Placeholder Deck/LargeAntipastiPlate	Assets/Modern Villa/Prefabs/Props/LargeAntipastiPlate.prefab	(5.963, 1.737, 13.094)	(6.281, 1.754, 13.412)	(0.0, 180.0, 0.0)
BuildingD/Level0 Objects/DiningTableB Variant (1)/Objects/Placeholder Deck/SmallPlate	Assets/Modern Villa/Prefabs/Props/SmallPlate.prefab	(6.007, 1.740, 13.137)	(6.237, 1.756, 13.367)	(0.0, 180.0, 0.0)
BuildingD/Level0 Objects/DiningTableB Variant (1)/Objects/Placeholder Deck/SmallPlate/SmallPlate	Assets/Modern Villa/Meshes/props/mv_SmallPlate.fbx	(6.007, 1.740, 13.137)	(6.237, 1.756, 13.367)	(0.0, 180.0, 0.0)
BuildingD/Level0 Objects/DiningTableB Variant (1)/Objects/Placeholder Deck/SoupBowl	Assets/Modern Villa/Prefabs/Props/SoupBowl.prefab	(6.000, 1.742, 13.129)	(6.244, 1.797, 13.374)	(0.0, 180.0, 0.0)
BuildingD/Level0 Objects/DiningTableB Variant (1)/Objects/Placeholder Deck/SoupBowl/SoupBowl	Assets/Modern Villa/Meshes/props/mv_SoupBowl.fbx	(6.000, 1.742, 13.129)	(6.244, 1.797, 13.374)	(0.0, 180.0, 0.0)
BuildingD/Level0 Objects/DiningTableB Variant (1)/Objects/Placeholder Deck/Fork	Assets/Modern Villa/Prefabs/Props/Fork.prefab	(5.888, 1.719, 13.191)	(5.922, 1.763, 13.387)	(6.1, 0.0, 0.0)
BuildingD/Level0 Objects/DiningTableB Variant (1)/Objects/Placeholder Deck/Fork (1)	Assets/Modern Villa/Prefabs/Props/Fork.prefab	(5.925, 1.719, 13.218)	(5.959, 1.763, 13.415)	(6.1, 0.0, 0.0)
BuildingD/Level0 Objects/DiningTableB Variant (1)/Objects/Placeholder Deck/Knife	Assets/Modern Villa/Prefabs/Props/Knife.prefab	(6.307, 1.737, 13.178)	(6.327, 1.743, 13.409)	(0.0, 0.0, 0.0)
BuildingD/Level0 Objects/DiningTableB Variant (1)/Objects/Placeholder Deck/Spoon	Assets/Modern Villa/Prefabs/Props/Spoon.prefab	(6.326, 1.738, 13.116)	(6.383, 1.757, 13.349)	(0.0, 0.0, 0.0)
BuildingD/Level0 Objects/DiningTableB Variant (1)/Objects/Placeholder Deck/LongSpoon Variant	Assets/Modern Villa/Prefabs/Props/LongSpoon Variant.prefab	(5.982, 1.720, 13.063)	(6.262, 1.756, 13.090)	(4.2, 270.0, 0.0)
BuildingD/Level0 Objects/DiningTableB Variant (1)/Objects/Placeholder Deck/RedWineGlas	Assets/Modern Villa/Prefabs/Props/RedWineGlas.prefab	(6.263, 1.737, 13.039)	(6.363, 1.962, 13.138)	(0.0, 180.0, 0.0)
BuildingD/Level0 Objects/DiningTableB Variant (1)/Objects/Placeholder Deck (3)	Assets/Modern Villa/Prefabs/Props/Placeholder Deck Variant.prefab	(5.839, 1.719, 12.515)	(6.404, 1.962, 12.958)	(0.0, 360.0, 0.0)
BuildingD/Level0 Objects/DiningTableB Variant (1)/Objects/Placeholder Deck (3)/LargeAntipastiPlate	Assets/Modern Villa/Prefabs/Props/LargeAntipastiPlate.prefab	(5.963, 1.737, 12.577)	(6.281, 1.754, 12.895)	(0.0, 360.0, 0.0)
BuildingD/Level0 Objects/DiningTableB Variant (1)/Objects/Placeholder Deck (3)/SmallPlate	Assets/Modern Villa/Prefabs/Props/SmallPlate.prefab	(6.007, 1.740, 12.622)	(6.237, 1.756, 12.852)	(0.0, 360.0, 0.0)
BuildingD/Level0 Objects/DiningTableB Variant (1)/Objects/Placeholder Deck (3)/SmallPlate/SmallPlate	Assets/Modern Villa/Meshes/props/mv_SmallPlate.fbx	(6.007, 1.740, 12.622)	(6.237, 1.756, 12.852)	(0.0, 360.0, 0.0)
BuildingD/Level0 Objects/DiningTableB Variant (1)/Objects/Placeholder Deck (3)/SoupBowl	Assets/Modern Villa/Prefabs/Props/SoupBowl.prefab	(6.000, 1.742, 12.614)	(6.244, 1.797, 12.859)	(0.0, 360.0, 0.0)
BuildingD/Level0 Objects/DiningTableB Variant (1)/Objects/Placeholder Deck (3)/SoupBowl/SoupBowl	Assets/Modern Villa/Meshes/props/mv_SoupBowl.fbx	(6.000, 1.742, 12.614)	(6.244, 1.797, 12.859)	(0.0, 360.0, 0.0)
BuildingD/Level0 Objects/DiningTableB Variant (1)/Objects/Placeholder Deck (3)/Fork	Assets/Modern Villa/Prefabs/Props/Fork.prefab	(6.322, 1.719, 12.601)	(6.356, 1.763, 12.798)	(6.1, 180.0, 0.0)
BuildingD/Level0 Objects/DiningTableB Variant (1)/Objects/Placeholder Deck (3)/Fork (1)	Assets/Modern Villa/Prefabs/Props/Fork.prefab	(6.285, 1.719, 12.573)	(6.319, 1.763, 12.770)	(6.1, 180.0, 0.0)
BuildingD/Level0 Objects/DiningTableB Variant (1)/Objects/Placeholder Deck (3)/Knife	Assets/Modern Villa/Prefabs/Props/Knife.prefab	(5.917, 1.737, 12.579)	(5.937, 1.743, 12.810)	(0.0, 180.0, 0.0)
BuildingD/Level0 Objects/DiningTableB Variant (1)/Objects/Placeholder Deck (3)/Spoon	Assets/Modern Villa/Prefabs/Props/Spoon.prefab	(5.861, 1.738, 12.639)	(5.918, 1.757, 12.872)	(0.0, 180.0, 0.0)
BuildingD/Level0 Objects/DiningTableB Variant (1)/Objects/Placeholder Deck (3)/LongSpoon Variant	Assets/Modern Villa/Prefabs/Props/LongSpoon Variant.prefab	(5.982, 1.720, 12.899)	(6.262, 1.756, 12.925)	(4.2, 90.0, 0.0)
BuildingD/Level0 Objects/DiningTableB Variant (1)/Objects/Placeholder Deck (3)/RedWineGlas	Assets/Modern Villa/Prefabs/Props/RedWineGlas.prefab	(5.881, 1.737, 12.850)	(5.980, 1.962, 12.949)	(0.0, 360.0, 0.0)
BuildingD/Level0 Objects/DiningTableB Variant (1)/Objects/Placeholder Deck (1)	Assets/Modern Villa/Prefabs/Props/Placeholder Deck Variant.prefab	(4.879, 1.719, 13.030)	(5.444, 1.962, 13.474)	(0.0, 180.0, 0.0)
BuildingD/Level0 Objects/DiningTableB Variant (1)/Objects/Placeholder Deck (1)/LargeAntipastiPlate	Assets/Modern Villa/Prefabs/Props/LargeAntipastiPlate.prefab	(5.002, 1.737, 13.094)	(5.320, 1.754, 13.412)	(0.0, 180.0, 0.0)
BuildingD/Level0 Objects/DiningTableB Variant (1)/Objects/Placeholder Deck (1)/SmallPlate	Assets/Modern Villa/Prefabs/Props/SmallPlate.prefab	(5.046, 1.740, 13.137)	(5.276, 1.756, 13.367)	(0.0, 180.0, 0.0)
BuildingD/Level0 Objects/DiningTableB Variant (1)/Objects/Placeholder Deck (1)/SmallPlate/SmallPlate	Assets/Modern Villa/Meshes/props/mv_SmallPlate.fbx	(5.046, 1.740, 13.137)	(5.276, 1.756, 13.367)	(0.0, 180.0, 0.0)
BuildingD/Level0 Objects/DiningTableB Variant (1)/Objects/Placeholder Deck (1)/SoupBowl	Assets/Modern Villa/Prefabs/Props/SoupBowl.prefab	(5.039, 1.742, 13.130)	(5.283, 1.797, 13.374)	(0.0, 180.0, 0.0)
BuildingD/Level0 Objects/DiningTableB Variant (1)/Objects/Placeholder Deck (1)/SoupBowl/SoupBowl	Assets/Modern Villa/Meshes/props/mv_SoupBowl.fbx	(5.039, 1.742, 13.130)	(5.283, 1.797, 13.374)	(0.0, 180.0, 0.0)
BuildingD/Level0 Objects/DiningTableB Variant (1)/Objects/Placeholder Deck (1)/Fork	Assets/Modern Villa/Prefabs/Props/Fork.prefab	(4.927, 1.719, 13.191)	(4.961, 1.763, 13.388)	(6.1, 0.0, 0.0)
BuildingD/Level0 Objects/DiningTableB Variant (1)/Objects/Placeholder Deck (1)/Fork (1)	Assets/Modern Villa/Prefabs/Props/Fork.prefab	(4.964, 1.719, 13.219)	(4.998, 1.763, 13.416)	(6.1, 0.0, 0.0)
BuildingD/Level0 Objects/DiningTableB Variant (1)/Objects/Placeholder Deck (1)/Knife	Assets/Modern Villa/Prefabs/Props/Knife.prefab	(5.346, 1.737, 13.179)	(5.366, 1.743, 13.409)	(0.0, 0.0, 0.0)
BuildingD/Level0 Objects/DiningTableB Variant (1)/Objects/Placeholder Deck (1)/Spoon	Assets/Modern Villa/Prefabs/Props/Spoon.prefab	(5.365, 1.738, 13.116)	(5.422, 1.757, 13.350)	(0.0, 0.0, 0.0)
BuildingD/Level0 Objects/DiningTableB Variant (1)/Objects/Placeholder Deck (1)/LongSpoon Variant	Assets/Modern Villa/Prefabs/Props/LongSpoon Variant.prefab	(5.021, 1.720, 13.064)	(5.301, 1.756, 13.090)	(4.2, 270.0, 0.0)
BuildingD/Level0 Objects/DiningTableB Variant (1)/Objects/Placeholder Deck (1)/RedWineGlas	Assets/Modern Villa/Prefabs/Props/RedWineGlas.prefab	(5.302, 1.737, 13.039)	(5.402, 1.962, 13.138)	(0.0, 180.0, 0.0)
BuildingD/Level0 Objects/DiningTableB Variant (1)/Objects/Placeholder Deck (4)	Assets/Modern Villa/Prefabs/Props/Placeholder Deck Variant.prefab	(4.878, 1.719, 12.515)	(5.443, 1.962, 12.959)	(0.0, 360.0, 0.0)
BuildingD/Level0 Objects/DiningTableB Variant (1)/Objects/Placeholder Deck (4)/LargeAntipastiPlate	Assets/Modern Villa/Prefabs/Props/LargeAntipastiPlate.prefab	(5.002, 1.737, 12.577)	(5.320, 1.754, 12.895)	(0.0, 360.0, 0.0)
BuildingD/Level0 Objects/DiningTableB Variant (1)/Objects/Placeholder Deck (4)/SmallPlate	Assets/Modern Villa/Prefabs/Props/SmallPlate.prefab	(5.046, 1.740, 12.622)	(5.276, 1.756, 12.852)	(0.0, 360.0, 0.0)
BuildingD/Level0 Objects/DiningTableB Variant (1)/Objects/Placeholder Deck (4)/SmallPlate/SmallPlate	Assets/Modern Villa/Meshes/props/mv_SmallPlate.fbx	(5.046, 1.740, 12.622)	(5.276, 1.756, 12.852)	(0.0, 360.0, 0.0)
BuildingD/Level0 Objects/DiningTableB Variant (1)/Objects/Placeholder Deck (4)/SoupBowl	Assets/Modern Villa/Prefabs/Props/SoupBowl.prefab	(5.039, 1.742, 12.615)	(5.283, 1.797, 12.859)	(0.0, 360.0, 0.0)
BuildingD/Level0 Objects/DiningTableB Variant (1)/Objects/Placeholder Deck (4)/SoupBowl/SoupBowl	Assets/Modern Villa/Meshes/props/mv_SoupBowl.fbx	(5.039, 1.742, 12.615)	(5.283, 1.797, 12.859)	(0.0, 360.0, 0.0)
BuildingD/Level0 Objects/DiningTableB Variant (1)/Objects/Placeholder Deck (4)/Fork	Assets/Modern Villa/Prefabs/Props/Fork.prefab	(5.361, 1.719, 12.601)	(5.395, 1.763, 12.798)	(6.1, 180.0, 0.0)
BuildingD/Level0 Objects/DiningTableB Variant (1)/Objects/Placeholder Deck (4)/Fork (1)	Assets/Modern Villa/Prefabs/Props/Fork.prefab	(5.324, 1.719, 12.574)	(5.358, 1.763, 12.770)	(6.1, 180.0, 0.0)
BuildingD/Level0 Objects/DiningTableB Variant (1)/Objects/Placeholder Deck (4)/Knife	Assets/Modern Villa/Prefabs/Props/Knife.prefab	(4.956, 1.737, 12.580)	(4.976, 1.743, 12.810)	(0.0, 180.0, 0.0)
BuildingD/Level0 Objects/DiningTableB Variant (1)/Objects/Placeholder Deck (4)/Spoon	Assets/Modern Villa/Prefabs/Props/Spoon.prefab	(4.900, 1.738, 12.639)	(4.957, 1.757, 12.873)	(0.0, 180.0, 0.0)
BuildingD/Level0 Objects/DiningTableB Variant (1)/Objects/Placeholder Deck (4)/LongSpoon Variant	Assets/Modern Villa/Prefabs/Props/LongSpoon Variant.prefab	(5.021, 1.720, 12.899)	(5.301, 1.756, 12.925)	(4.2, 90.0, 0.0)
BuildingD/Level0 Objects/DiningTableB Variant (1)/Objects/Placeholder Deck (4)/RedWineGlas	Assets/Modern Villa/Prefabs/Props/RedWineGlas.prefab	(4.920, 1.737, 12.850)	(5.019, 1.962, 12.950)	(0.0, 360.0, 0.0)
BuildingD/Level0 Objects/DiningTableB Variant (1)/Objects/Placeholder Deck (2)	Assets/Modern Villa/Prefabs/Props/Placeholder Deck Variant.prefab	(3.902, 1.719, 13.031)	(4.467, 1.962, 13.474)	(0.0, 180.0, 0.0)
BuildingD/Level0 Objects/DiningTableB Variant (1)/Objects/Placeholder Deck (2)/LargeAntipastiPlate	Assets/Modern Villa/Prefabs/Props/LargeAntipastiPlate.prefab	(4.025, 1.737, 13.094)	(4.343, 1.754, 13.412)	(0.0, 180.0, 0.0)
BuildingD/Level0 Objects/DiningTableB Variant (1)/Objects/Placeholder Deck (2)/SmallPlate	Assets/Modern Villa/Prefabs/Props/SmallPlate.prefab	(4.069, 1.740, 13.137)	(4.299, 1.756, 13.367)	(0.0, 180.0, 0.0)
BuildingD/Level0 Objects/DiningTableB Variant (1)/Objects/Placeholder Deck (2)/SmallPlate/SmallPlate	Assets/Modern Villa/Meshes/props/mv_SmallPlate.fbx	(4.069, 1.740, 13.137)	(4.299, 1.756, 13.367)	(0.0, 180.0, 0.0)
BuildingD/Level0 Objects/DiningTableB Variant (1)/Objects/Placeholder Deck (2)/SoupBowl	Assets/Modern Villa/Prefabs/Props/SoupBowl.prefab	(4.062, 1.742, 13.130)	(4.306, 1.797, 13.375)	(0.0, 180.0, 0.0)
BuildingD/Level0 Objects/DiningTableB Variant (1)/Objects/Placeholder Deck (2)/SoupBowl/SoupBowl	Assets/Modern Villa/Meshes/props/mv_SoupBowl.fbx	(4.062, 1.742, 13.130)	(4.306, 1.797, 13.375)	(0.0, 180.0, 0.0)
BuildingD/Level0 Objects/DiningTableB Variant (1)/Objects/Placeholder Deck (2)/Fork	Assets/Modern Villa/Prefabs/Props/Fork.prefab	(3.950, 1.719, 13.191)	(3.984, 1.763, 13.388)	(6.1, 0.0, 0.0)
BuildingD/Level0 Objects/DiningTableB Variant (1)/Objects/Placeholder Deck (2)/Fork (1)	Assets/Modern Villa/Prefabs/Props/Fork.prefab	(3.987, 1.719, 13.219)	(4.021, 1.763, 13.416)	(6.1, 0.0, 0.0)
BuildingD/Level0 Objects/DiningTableB Variant (1)/Objects/Placeholder Deck (2)/Knife	Assets/Modern Villa/Prefabs/Props/Knife.prefab	(4.369, 1.737, 13.179)	(4.389, 1.743, 13.409)	(0.0, 0.0, 0.0)
BuildingD/Level0 Objects/DiningTableB Variant (1)/Objects/Placeholder Deck (2)/Spoon	Assets/Modern Villa/Prefabs/Props/Spoon.prefab	(4.388, 1.738, 13.116)	(4.445, 1.757, 13.350)	(0.0, 0.0, 0.0)
BuildingD/Level0 Objects/DiningTableB Variant (1)/Objects/Placeholder Deck (2)/LongSpoon Variant	Assets/Modern Villa/Prefabs/Props/LongSpoon Variant.prefab	(4.044, 1.720, 13.064)	(4.324, 1.756, 13.090)	(4.2, 270.0, 0.0)
BuildingD/Level0 Objects/DiningTableB Variant (1)/Objects/Placeholder Deck (2)/RedWineGlas	Assets/Modern Villa/Prefabs/Props/RedWineGlas.prefab	(4.325, 1.737, 13.040)	(4.425, 1.962, 13.139)	(0.0, 180.0, 0.0)
BuildingD/Level0 Objects/DiningTableB Variant (1)/Objects/Placeholder Deck (5)	Assets/Modern Villa/Prefabs/Props/Placeholder Deck Variant.prefab	(3.901, 1.719, 12.516)	(4.466, 1.962, 12.959)	(0.0, 360.0, 0.0)
BuildingD/Level0 Objects/DiningTableB Variant (1)/Objects/Placeholder Deck (5)/LargeAntipastiPlate	Assets/Modern Villa/Prefabs/Props/LargeAntipastiPlate.prefab	(4.025, 1.737, 12.577)	(4.343, 1.754, 12.895)	(0.0, 360.0, 0.0)
BuildingD/Level0 Objects/DiningTableB Variant (1)/Objects/Placeholder Deck (5)/SmallPlate	Assets/Modern Villa/Prefabs/Props/SmallPlate.prefab	(4.069, 1.740, 12.622)	(4.299, 1.756, 12.852)	(0.0, 360.0, 0.0)
BuildingD/Level0 Objects/DiningTableB Variant (1)/Objects/Placeholder Deck (5)/SmallPlate/SmallPlate	Assets/Modern Villa/Meshes/props/mv_SmallPlate.fbx	(4.069, 1.740, 12.622)	(4.299, 1.756, 12.852)	(0.0, 360.0, 0.0)
BuildingD/Level0 Objects/DiningTableB Variant (1)/Objects/Placeholder Deck (5)/SoupBowl	Assets/Modern Villa/Prefabs/Props/SoupBowl.prefab	(4.062, 1.742, 12.615)	(4.306, 1.797, 12.860)	(0.0, 360.0, 0.0)
BuildingD/Level0 Objects/DiningTableB Variant (1)/Objects/Placeholder Deck (5)/SoupBowl/SoupBowl	Assets/Modern Villa/Meshes/props/mv_SoupBowl.fbx	(4.062, 1.742, 12.615)	(4.306, 1.797, 12.860)	(0.0, 360.0, 0.0)
BuildingD/Level0 Objects/DiningTableB Variant (1)/Objects/Placeholder Deck (5)/Fork	Assets/Modern Villa/Prefabs/Props/Fork.prefab	(4.384, 1.719, 12.602)	(4.418, 1.763, 12.799)	(6.1, 180.0, 0.0)
BuildingD/Level0 Objects/DiningTableB Variant (1)/Objects/Placeholder Deck (5)/Fork (1)	Assets/Modern Villa/Prefabs/Props/Fork.prefab	(4.347, 1.719, 12.574)	(4.381, 1.763, 12.771)	(6.1, 180.0, 0.0)
BuildingD/Level0 Objects/DiningTableB Variant (1)/Objects/Placeholder Deck (5)/Knife	Assets/Modern Villa/Prefabs/Props/Knife.prefab	(3.979, 1.737, 12.580)	(3.999, 1.743, 12.811)	(0.0, 180.0, 0.0)
BuildingD/Level0 Objects/DiningTableB Variant (1)/Objects/Placeholder Deck (5)/Spoon	Assets/Modern Villa/Prefabs/Props/Spoon.prefab	(3.923, 1.738, 12.639)	(3.980, 1.757, 12.873)	(0.0, 180.0, 0.0)
BuildingD/Level0 Objects/DiningTableB Variant (1)/Objects/Placeholder Deck (5)/LongSpoon Variant	Assets/Modern Villa/Prefabs/Props/LongSpoon Variant.prefab	(4.044, 1.720, 12.899)	(4.324, 1.756, 12.926)	(4.2, 90.0, 0.0)
BuildingD/Level0 Objects/DiningTableB Variant (1)/Objects/Placeholder Deck (5)/RedWineGlas	Assets/Modern Villa/Prefabs/Props/RedWineGlas.prefab	(3.943, 1.737, 12.851)	(4.042, 1.962, 12.950)	(0.0, 360.0, 0.0)
BuildingD/Level0 Objects/PaintingB	Assets/Modern Villa/Prefabs/Props/PaintingB.prefab	(2.675, 1.971, 15.875)	(3.664, 3.297, 15.916)	(0.0, 180.1, 0.0)
BuildingD/Level0 Objects/mv_CouchTableD	Assets/Modern Villa/Prefabs/furniture/CouchTableD.prefab	(2.163, 0.988, 21.389)	(2.561, 2.468, 21.788)	(0.0, 0.0, 0.0)
BuildingD/Level0 Objects/mv_CouchTableD/VaseC	Assets/Modern Villa/Prefabs/Props/VaseC.prefab	(2.204, 1.824, 21.470)	(2.344, 2.468, 21.610)	(0.0, 0.0, 0.0)
BuildingD/Level0 Objects/CouchTable	Assets/Modern Villa/Prefabs/furniture/CouchTable.prefab	(9.308, 1.000, 20.167)	(9.864, 1.863, 20.723)	(0.0, 0.0, 0.0)
BuildingD/Level0 Objects/CouchTable/CouchTableLamp	Assets/Modern Villa/Prefabs/lighting/CouchTableLamp.prefab	(9.416, 1.400, 20.329)	(9.628, 1.863, 20.541)	(0.0, 0.0, 0.0)
BuildingD/Level0 Objects/Couch Group B	Assets/Modern Villa/Prefabs/furniture/Couch Group B.prefab	(9.146, 1.000, 18.492)	(11.891, 1.813, 21.941)	(0.0, 180.0, 0.0)
BuildingD/Level0 Objects/Couch Group B/leather side element l	Assets/Modern Villa/Prefabs/furniture/LeatherSideElementLeft.prefab	(9.146, 1.000, 18.492)	(9.426, 1.600, 19.452)	(0.0, 270.0, 0.0)
BuildingD/Level0 Objects/Couch Group B/leather couch corner	Assets/Modern Villa/Prefabs/furniture/LeatherCouchCorner.prefab	(10.922, 1.000, 18.492)	(11.889, 1.802, 19.453)	(0.0, 270.0, 0.0)
BuildingD/Level0 Objects/Couch Group B/leather couch straight	Assets/Modern Villa/Prefabs/furniture/LeatherCouchStraight.prefab	(10.927, 1.000, 19.456)	(11.891, 1.813, 20.208)	(0.0, 270.0, 0.0)
BuildingD/Level0 Objects/Couch Group B/leather couch straight (1)	Assets/Modern Villa/Prefabs/furniture/LeatherCouchStraight.prefab	(10.927, 1.000, 20.206)	(11.891, 1.813, 20.958)	(0.0, 270.0, 0.0)
BuildingD/Level0 Objects/Couch Group B/leather couch corner (1)	Assets/Modern Villa/Prefabs/furniture/LeatherCouchCorner.prefab	(10.928, 1.000, 20.956)	(11.889, 1.802, 21.923)	(0.0, 180.0, 0.0)
BuildingD/Level0 Objects/Couch Group B/leather couch straight (2)	Assets/Modern Villa/Prefabs/furniture/LeatherCouchStraight.prefab	(10.177, 1.000, 20.976)	(10.929, 1.813, 21.940)	(0.0, 180.0, 0.0)
BuildingD/Level0 Objects/Couch Group B/leather couch straight (3)	Assets/Modern Villa/Prefabs/furniture/LeatherCouchStraight.prefab	(10.177, 1.000, 18.497)	(10.929, 1.813, 19.461)	(0.0, 0.0, 0.0)
BuildingD/Level0 Objects/Couch Group B/leather couch straight (4)	Assets/Modern Villa/Prefabs/furniture/LeatherCouchStraight.prefab	(9.427, 1.000, 18.497)	(10.179, 1.813, 19.461)	(0.0, 0.0, 0.0)
BuildingD/Level0 Objects/Couch Group B/leather side element  r	Assets/Modern Villa/Prefabs/furniture/LeatherSideElementRight.prefab	(9.882, 1.000, 20.981)	(10.162, 1.600, 21.941)	(0.0, 270.0, 0.0)
BuildingD/Level0 Objects/mv_CurtainD	Assets/Modern Villa/Prefabs/Props/CurtainD.prefab	(2.079, 0.997, 14.727)	(2.271, 3.512, 15.866)	(0.0, 0.0, 0.0)
BuildingD/Level0 Objects/mv_CurtainD (3)	Assets/Modern Villa/Prefabs/Props/CurtainD.prefab	(2.079, 0.997, 11.727)	(2.271, 3.512, 12.866)	(0.0, 0.0, 0.0)
BuildingD/Level0 Objects/mv_CurtainD (1)	Assets/Modern Villa/Prefabs/Props/CurtainD.prefab	(2.079, 0.997, 13.727)	(2.271, 3.512, 14.866)	(0.0, 0.0, 0.0)
BuildingD/Level0 Objects/mv_CurtainD (4)	Assets/Modern Villa/Prefabs/Props/CurtainD.prefab	(2.079, 0.997, 10.727)	(2.271, 3.512, 11.866)	(0.0, 0.0, 0.0)
BuildingD/Level0 Objects/mv_CurtainD (2)	Assets/Modern Villa/Prefabs/Props/CurtainD.prefab	(2.079, 0.997, 12.727)	(2.271, 3.512, 13.866)	(0.0, 0.0, 0.0)
BuildingD/Level0 Objects/mv_CurtainD (5)	Assets/Modern Villa/Prefabs/Props/CurtainD.prefab	(2.079, 0.997, 9.727)	(2.271, 3.512, 10.866)	(0.0, 0.0, 0.0)
BuildingD/Level0 Objects/Curtain	Assets/Modern Villa/Prefabs/Props/CurtainA.prefab	(2.351, 0.998, 3.930)	(3.599, 3.502, 4.291)	(0.0, 0.0, 0.0)
BuildingD/Level0 Objects/CurtainQuarter	Assets/Modern Villa/Prefabs/Props/CurtainB.prefab	(11.159, 1.035, 3.906)	(11.770, 3.507, 4.402)	(0.0, 0.0, 0.0)
BuildingD/Level0 Objects/CurtainQuarter (1)	Assets/Modern Villa/Prefabs/Props/CurtainB.prefab	(11.562, 1.035, 4.568)	(12.058, 3.507, 5.179)	(0.0, 270.0, 0.0)
BuildingD/Level0 Objects/CurtainSemi	Assets/Modern Villa/Prefabs/Props/CurtainC.prefab	(4.511, 1.019, 3.961)	(5.453, 3.509, 4.374)	(0.0, 0.0, 0.0)
BuildingD/Level0 Objects/mv_CurtainE	Assets/Modern Villa/Prefabs/Props/CurtainE.prefab	(6.768, 0.919, 3.920)	(7.220, 3.441, 4.070)	(0.0, 90.0, 0.0)
BuildingD/Level0 Objects/Bench/BenchStraight	Assets/Modern Villa/Prefabs/furniture/BenchStraight.prefab	(11.188, 1.000, 13.262)	(11.838, 1.650, 14.012)	(0.0, 270.0, 0.0)
BuildingD/Level0 Objects/Bench/BenchStraight (1)	Assets/Modern Villa/Prefabs/furniture/BenchStraight.prefab	(11.188, 1.000, 12.522)	(11.838, 1.650, 13.272)	(0.0, 270.0, 0.0)
BuildingD/Level0 Objects/Bench/BenchStraight (2)	Assets/Modern Villa/Prefabs/furniture/BenchStraight.prefab	(11.188, 1.000, 11.798)	(11.838, 1.650, 12.548)	(0.0, 270.0, 0.0)
BuildingD/Level0 Objects/Bench/BenchCorner	Assets/Modern Villa/Prefabs/furniture/BenchCorner.prefab	(11.087, 1.000, 11.051)	(11.837, 1.650, 11.801)	(0.0, 0.0, 0.0)
BuildingD/Level0 Objects/Bench/Bowl	Assets/Modern Villa/Prefabs/Props/Bowl.prefab	(11.330, 1.650, 13.740)	(11.490, 1.707, 13.899)	(0.0, 0.0, 0.0)
BuildingD/Level0 Objects/Bench/BowlB Variant	Assets/Modern Villa/Prefabs/Props/BowlB Variant.prefab	(11.248, 1.650, 13.570)	(11.404, 1.685, 13.726)	(0.0, 0.0, 0.0)
BuildingD/Level0 Objects/Bench/Chandelier	Assets/Modern Villa/Prefabs/Props/Chandelier.prefab	(11.585, 1.650, 12.966)	(11.686, 1.972, 13.402)	(0.0, 270.0, 0.0)
BuildingD/Level0 Objects/Bench/JugB	Assets/Modern Villa/Prefabs/Props/JugB.prefab	(11.284, 1.650, 12.875)	(11.523, 2.005, 13.057)	(0.0, 0.0, 0.0)
BuildingD/Level0 Objects/Bench/Glas	Assets/Modern Villa/Prefabs/Props/Glas.prefab	(11.283, 1.651, 13.071)	(11.367, 1.788, 13.155)	(0.0, 0.0, 0.0)
BuildingD/Level0 Objects/Bench/Glas (1)	Assets/Modern Villa/Prefabs/Props/Glas.prefab	(11.287, 1.651, 13.181)	(11.371, 1.788, 13.265)	(0.0, 0.0, 0.0)
BuildingD/Level0 Objects/Bench/Glas (2)	Assets/Modern Villa/Prefabs/Props/Glas.prefab	(11.391, 1.651, 13.102)	(11.475, 1.788, 13.186)	(0.0, 0.0, 0.0)
BuildingD/Level0 Objects/Bench/DecorativeBowl	Assets/Modern Villa/Prefabs/Props/DecorativeBowl.prefab	(11.168, 1.650, 11.383)	(11.530, 1.808, 11.733)	(0.0, 0.0, 0.0)
BuildingD/Level0 Objects/Bench/DecorativeBowl/Banana	Assets/Modern Villa/Prefabs/Props/Banana.prefab	(11.349, 1.667, 11.471)	(11.530, 1.808, 11.673)	(0.0, 197.6, 0.0)
BuildingD/Level0 Objects/Bench/JugA	Assets/Modern Villa/Prefabs/Props/JugA.prefab	(11.457, 1.650, 11.642)	(11.696, 1.964, 11.824)	(0.0, 0.0, 0.0)
BuildingD/Level0 Objects/Bench/Napkin	Assets/Modern Villa/Prefabs/Props/Napkin.prefab	(11.537, 1.648, 11.921)	(11.737, 1.682, 12.020)	(0.0, 270.1, 0.0)
BuildingD/Level0 Objects/Bench/Napkin (1)	Assets/Modern Villa/Prefabs/Props/Napkin.prefab	(11.537, 1.648, 12.022)	(11.737, 1.682, 12.122)	(0.0, 270.1, 0.0)
BuildingD/Level0 Objects/Bench/Napkin (2)	Assets/Modern Villa/Prefabs/Props/Napkin.prefab	(11.537, 1.648, 12.130)	(11.737, 1.682, 12.230)	(0.0, 270.1, 0.0)
BuildingD/Level0 Objects/Bench/Napkin (3)	Assets/Modern Villa/Prefabs/Props/Napkin.prefab	(11.537, 1.679, 12.084)	(11.737, 1.713, 12.184)	(0.0, 270.1, 0.0)
BuildingD/Level0 Objects/Bench/Napkin (4)	Assets/Modern Villa/Prefabs/Props/Napkin.prefab	(11.537, 1.679, 11.983)	(11.737, 1.713, 12.083)	(0.0, 270.1, 0.0)
BuildingD/Level0 Objects/Bench/Napkin (5)	Assets/Modern Villa/Prefabs/Props/Napkin.prefab	(11.537, 1.710, 12.039)	(11.737, 1.743, 12.139)	(0.0, 270.1, 0.0)
BuildingD/Level0 Objects/Couch Group/CouchD	Assets/Modern Villa/Prefabs/furniture/CouchD.prefab	(7.931, 1.000, 7.823)	(10.075, 1.724, 8.737)	(0.0, 180.0, 0.0)
BuildingD/Level0 Objects/Couch Group/CouchD (1)	Assets/Modern Villa/Prefabs/furniture/CouchD.prefab	(10.519, 1.000, 5.146)	(11.433, 1.724, 7.290)	(0.0, 270.0, 0.0)
BuildingD/Level0 Objects/Couch Group/VaseA	Assets/Modern Villa/Prefabs/Props/VaseA.prefab	(7.543, 1.629, 7.827)	(7.836, 2.105, 8.057)	(0.0, 0.0, 0.0)
BuildingD/Level0 Objects/Couch Group/CouchTableF	Assets/Modern Villa/Prefabs/furniture/CouchTableF.prefab	(8.413, 1.000, 5.700)	(9.813, 2.029, 7.100)	(0.0, 0.0, 0.0)
BuildingD/Level0 Objects/Couch Group/CouchTableF/VaseC	Assets/Modern Villa/Prefabs/Props/VaseC.prefab	(9.136, 1.385, 6.239)	(9.276, 2.029, 6.379)	(0.0, 0.0, 0.0)
BuildingD/Level0 Objects/Couch Group/CouchTableF/SaucerB	Assets/Modern Villa/Prefabs/Props/SaucerB.prefab	(9.066, 1.384, 6.826)	(9.222, 1.475, 6.985)	(0.0, 0.0, 0.0)
BuildingD/Level0 Objects/Couch Group/CouchTableF/SaucerB/CoffeeCupC	Assets/Modern Villa/Prefabs/Props/CoffeeCupC.prefab	(9.086, 1.385, 6.826)	(9.195, 1.475, 6.965)	(0.0, 0.0, 0.0)
BuildingD/Level0 Objects/Couch Group/CouchTableF/SaucerB (2)	Assets/Modern Villa/Prefabs/Props/SaucerB.prefab	(8.619, 1.384, 6.696)	(8.775, 1.475, 6.855)	(0.0, 0.0, 0.0)
BuildingD/Level0 Objects/Couch Group/CouchTableF/SaucerB (2)/CoffeeCupC	Assets/Modern Villa/Prefabs/Props/CoffeeCupC.prefab	(8.639, 1.385, 6.696)	(8.748, 1.475, 6.835)	(0.0, 0.0, 0.0)
BuildingD/Level0 Objects/Couch Group/CouchTableF/SaucerB (1)	Assets/Modern Villa/Prefabs/Props/SaucerB.prefab	(9.508, 1.384, 6.437)	(9.664, 1.475, 6.596)	(0.0, 0.0, 0.0)
BuildingD/Level0 Objects/Couch Group/CouchTableF/SaucerB (1)/CoffeeCupC	Assets/Modern Villa/Prefabs/Props/CoffeeCupC.prefab	(9.528, 1.385, 6.437)	(9.637, 1.475, 6.576)	(0.0, 0.0, 0.0)
BuildingD/Level0 Objects/Couch Group/CouchTableF/DecorativeBowl	Assets/Modern Villa/Prefabs/Props/DecorativeBowl.prefab	(8.722, 1.385, 5.786)	(9.603, 1.517, 6.951)	(0.0, 0.0, 0.0)
BuildingD/Level0 Objects/Couch Group/CouchTableF/DecorativeBowl/Orange	Assets/Modern Villa/Prefabs/Props/Orange.prefab	(9.118, 1.387, 5.923)	(9.256, 1.486, 6.062)	(0.0, 43.9, 0.0)
BuildingD/Level0 Objects/Couch Group/CouchTableF/DecorativeBowl/Orange (1)	Assets/Modern Villa/Prefabs/Props/Orange.prefab	(9.118, 1.418, 6.019)	(9.217, 1.517, 6.117)	(0.0, 0.0, 0.0)
BuildingD/Level0 Objects/Couch Group/CouchTableF/DecorativeBowl/Orange (2)	Assets/Modern Villa/Prefabs/Props/Orange.prefab	(9.068, 1.387, 5.984)	(9.152, 1.498, 6.096)	(331.8, 0.0, 0.0)
BuildingD/Level0 Objects/Couch Group/CouchTableF/DecorativeBowl/Orange (3)	Assets/Modern Villa/Prefabs/Props/Orange.prefab	(9.049, 1.385, 5.894)	(9.202, 1.495, 6.047)	(0.0, 314.3, 0.0)
BuildingD/Level0 Objects/Couch Group/CouchTableF/DecorativeBowl/Orange (4)	Assets/Modern Villa/Prefabs/Props/Orange.prefab	(9.136, 1.395, 5.847)	(9.236, 1.494, 5.945)	(0.0, 0.0, 0.0)
BuildingD/Level0 Objects/Couch Group/CouchTableF/DecorativeBowl/Apple	Assets/Modern Villa/Prefabs/Props/Apple.prefab	(9.029, 1.411, 5.895)	(9.096, 1.482, 5.962)	(0.0, 0.0, 0.0)
BuildingD/Level0 Objects/Couch Group/CouchTableF/DecorativeBowl/Apple (1)	Assets/Modern Villa/Prefabs/Props/Apple.prefab	(9.181, 1.398, 5.871)	(9.287, 1.494, 5.988)	(7.0, 223.8, 6.7)
BuildingD/Level0 Objects/Couch Group/CouchTableF/DecorativeBowl/Spoon	Assets/Modern Villa/Prefabs/Props/Spoon.prefab	(8.722, 1.386, 6.629)	(8.838, 1.405, 6.869)	(0.0, 15.1, 0.0)
BuildingD/Level0 Objects/Couch Group/CouchTableF/DecorativeBowl/Spoon (1)	Assets/Modern Villa/Prefabs/Props/Spoon.prefab	(9.148, 1.385, 6.731)	(9.335, 1.404, 6.951)	(0.0, 37.3, 0.0)
BuildingD/Level0 Objects/Couch Group/CouchTableF/DecorativeBowl/Spoon (2)	Assets/Modern Villa/Prefabs/Props/Spoon.prefab	(9.401, 1.386, 6.391)	(9.603, 1.405, 6.599)	(0.0, 136.5, 0.0)
BuildingD/Level0 Objects/Couch Group/CouchTableF/CoffeePot	Assets/Modern Villa/Prefabs/Props/CoffeePot.prefab	(8.742, 1.382, 6.236)	(9.116, 1.645, 6.598)	(0.0, 40.7, 0.0)
BuildingD/Level0 Objects/Couch Group/CouchTableE	Assets/Modern Villa/Prefabs/furniture/CouchTableE.prefab	(7.511, 0.988, 7.793)	(7.910, 1.631, 8.191)	(0.0, 0.0, 0.0)
BuildingD/Level0 Objects/Couch Group/CouchTableE (1)	Assets/Modern Villa/Prefabs/furniture/CouchTableE.prefab	(10.468, 0.988, 4.731)	(10.866, 1.869, 5.129)	(0.0, 0.0, 0.0)
BuildingD/Level0 Objects/Couch Group/CouchTableE (1)/Lantern	Assets/Modern Villa/Prefabs/Props/Lantern.prefab	(10.550, 1.631, 4.798)	(10.760, 1.869, 5.008)	(0.0, 321.6, 0.0)
BuildingD/Level0 Objects/Couch Group/CouchC	Assets/Modern Villa/Prefabs/furniture/CouchC.prefab	(7.415, 1.000, 4.179)	(9.160, 1.436, 5.706)	(0.0, 19.3, 0.0)
BuildingD/Level0 Objects/Couch Group/CarpetA	Assets/Modern Villa/Prefabs/Props/CarpetA.prefab	(8.020, 1.000, 3.991)	(12.020, 1.010, 7.991)	(0.0, 0.0, 0.0)
BuildingD/Level0 Objects/Couch Group/CarpetA (2)	Assets/Modern Villa/Prefabs/Props/CarpetA.prefab	(8.079, 1.000, 7.991)	(12.079, 1.010, 11.991)	(0.0, 0.0, 0.0)
BuildingD/Level0 Objects/Couch Group/CarpetA (1)	Assets/Modern Villa/Prefabs/Props/CarpetA.prefab	(4.079, 1.000, 3.991)	(8.079, 1.010, 7.991)	(0.0, 0.0, 0.0)
BuildingD/Level0 Objects/Couch Group/CarpetA (3)	Assets/Modern Villa/Prefabs/Props/CarpetA.prefab	(4.079, 1.000, 7.991)	(8.079, 1.010, 11.991)	(0.0, 0.0, 0.0)
BuildingD/Level0 Objects/VaseB	Assets/Modern Villa/Prefabs/Props/VaseB.prefab	(9.975, 0.994, 7.168)	(11.283, 2.937, 8.375)	(0.0, 0.0, 0.0)
BuildingD/Level0 Objects/VaseB (1)	Assets/Modern Villa/Prefabs/Props/VaseB.prefab	(10.487, 0.994, 10.010)	(11.795, 2.937, 11.218)	(0.0, 0.0, 0.0)
BuildingD/Level0 Objects/PaintingA	Assets/Modern Villa/Prefabs/Props/PaintingA.prefab	(8.434, 1.838, 9.460)	(10.434, 3.098, 9.500)	(0.0, 180.0, 0.0)
BuildingD/Level0 Objects/PaintingC	Assets/Modern Villa/Prefabs/Props/PaintingC.prefab	(8.804, 1.472, 9.750)	(10.102, 3.180, 9.784)	(0.0, 0.0, 0.0)
BuildingD/Level0 Objects/FloorDecorationA	Assets/Modern Villa/Prefabs/Props/FloorDecorationA.prefab	(9.677, 1.000, 9.909)	(10.277, 1.407, 10.509)	(0.0, 0.0, 0.0)
BuildingD/Level0 Objects/FloorDecorationB	Assets/Modern Villa/Prefabs/Props/FloorDecorationB.prefab	(11.297, 1.000, 14.144)	(11.836, 1.860, 14.682)	(0.0, 0.0, 0.0)
BuildingD/Level0 Objects/LeatherSeat	Assets/Modern Villa/Prefabs/furniture/LeatherSeat.prefab	(7.694, 1.001, 18.967)	(8.751, 1.787, 20.044)	(0.0, 50.5, 0.0)
BuildingD/Level0 Objects/RoofLamp	Assets/Modern Villa/Prefabs/lighting/RoofLamp.prefab	(4.770, 3.198, 9.114)	(5.180, 3.550, 9.524)	(0.0, 0.0, 0.0)
BuildingD/Level0 Objects/RoofLamp/Spot Light		(4.975, 3.298, 9.319)	(4.975, 3.298, 9.319)	(90.0, 0.0, 0.0)
BuildingD/Level0 Objects/RoofLamp (4)	Assets/Modern Villa/Prefabs/lighting/RoofLamp.prefab	(9.770, 3.198, 7.566)	(10.180, 3.550, 7.976)	(0.0, 0.0, 0.0)
BuildingD/Level0 Objects/RoofLamp (4)/Spot Light		(9.975, 3.298, 7.771)	(9.975, 3.298, 7.771)	(90.0, 0.0, 0.0)
BuildingD/Level0 Objects/RoofLamp (1)	Assets/Modern Villa/Prefabs/lighting/RoofLamp.prefab	(4.770, 3.198, 6.114)	(5.180, 3.550, 6.524)	(0.0, 0.0, 0.0)
BuildingD/Level0 Objects/RoofLamp (1)/Spot Light		(4.975, 3.298, 6.319)	(4.975, 3.298, 6.319)	(90.0, 0.0, 0.0)
BuildingD/Level0 Objects/RoofLamp (3)	Assets/Modern Villa/Prefabs/lighting/RoofLamp.prefab	(9.770, 3.198, 6.114)	(10.180, 3.550, 6.524)	(0.0, 0.0, 0.0)
BuildingD/Level0 Objects/RoofLamp (3)/Spot Light		(9.975, 3.298, 6.319)	(9.975, 3.298, 6.319)	(90.0, 0.0, 0.0)
BuildingD/Level0 Objects/RoofLamp (2)	Assets/Modern Villa/Prefabs/lighting/RoofLamp.prefab	(4.770, 3.198, 12.114)	(5.180, 3.550, 12.524)	(0.0, 0.0, 0.0)
BuildingD/Level0 Objects/RoofLamp (2)/Spot Light		(4.975, 3.298, 12.319)	(4.975, 3.298, 12.319)	(90.0, 0.0, 0.0)
BuildingD/Level0 Objects/RoofLamp (5)	Assets/Modern Villa/Prefabs/lighting/RoofLamp.prefab	(9.770, 3.198, 12.114)	(10.180, 3.550, 12.524)	(0.0, 0.0, 0.0)
BuildingD/Level0 Objects/RoofLamp (5)/Spot Light		(9.975, 3.298, 12.319)	(9.975, 3.298, 12.319)	(90.0, 0.0, 0.0)
BuildingD/Level0 Objects/CurtainA	Assets/Modern Villa/Prefabs/Props/CurtainA.prefab	(11.641, 0.998, 9.447)	(12.004, 3.502, 10.694)	(0.0, 270.1, 0.0)
BuildingD/Level0 Objects/CurtainD	Assets/Modern Villa/Prefabs/Props/CurtainD.prefab	(11.785, 0.997, 8.355)	(11.978, 3.512, 9.494)	(0.0, 0.0, 0.0)
BuildingD/Level0 Objects/CurtainD (1)	Assets/Modern Villa/Prefabs/Props/CurtainD.prefab	(2.291, 0.997, 21.804)	(3.430, 3.512, 21.996)	(0.0, 90.0, 0.0)
BuildingD/Level0 Objects/CurtainD (3)	Assets/Modern Villa/Prefabs/Props/CurtainD.prefab	(2.291, 3.799, 23.173)	(3.430, 6.314, 23.365)	(0.0, 90.0, 0.0)
BuildingD/Level0 Objects/CurtainD (5)	Assets/Modern Villa/Prefabs/Props/CurtainD.prefab	(4.291, 3.799, 23.173)	(5.430, 6.314, 23.365)	(0.0, 90.0, 0.0)
BuildingD/Level0 Objects/CurtainD (7)	Assets/Modern Villa/Prefabs/Props/CurtainD.prefab	(7.791, 3.799, 23.173)	(8.930, 6.314, 23.365)	(0.0, 90.0, 0.0)
BuildingD/Level0 Objects/CurtainD (9)	Assets/Modern Villa/Prefabs/Props/CurtainD.prefab	(9.791, 3.799, 23.173)	(10.930, 6.314, 23.365)	(0.0, 90.0, 0.0)
BuildingD/Level0 Objects/CurtainD (2)	Assets/Modern Villa/Prefabs/Props/CurtainD.prefab	(3.291, 0.997, 21.804)	(4.430, 3.512, 21.996)	(0.0, 90.0, 0.0)
BuildingD/Level0 Objects/CurtainD (4)	Assets/Modern Villa/Prefabs/Props/CurtainD.prefab	(3.291, 3.799, 23.173)	(4.430, 6.314, 23.365)	(0.0, 90.0, 0.0)
BuildingD/Level0 Objects/CurtainD (6)	Assets/Modern Villa/Prefabs/Props/CurtainD.prefab	(5.291, 3.799, 23.173)	(6.430, 6.314, 23.365)	(0.0, 90.0, 0.0)
BuildingD/Level0 Objects/CurtainD (8)	Assets/Modern Villa/Prefabs/Props/CurtainD.prefab	(8.791, 3.799, 23.173)	(9.930, 6.314, 23.365)	(0.0, 90.0, 0.0)
BuildingD/Level0 Objects/CurtainD (10)	Assets/Modern Villa/Prefabs/Props/CurtainD.prefab	(10.791, 3.799, 23.173)	(11.930, 6.314, 23.365)	(0.0, 90.0, 0.0)
BuildingD/Level1 Objects		(-0.458, 3.487, 2.058)	(12.051, 6.309, 21.980)	(0.0, 0.0, 0.0)
BuildingD/Level1 Objects/LoungerC Variant	Assets/Modern Villa/Prefabs/furniture/LoungerC Variant.prefab	(8.750, 3.771, 6.077)	(11.250, 4.827, 8.477)	(0.0, 90.0, 0.0)
BuildingD/Level1 Objects/LoungerC Variant/PillowSeat	Assets/Modern Villa/Prefabs/Props/PillowSeat.prefab	(8.942, 4.401, 6.524)	(9.228, 4.731, 6.897)	(359.6, 180.4, 50.8)
BuildingD/Level1 Objects/LoungerC Variant/PillowG Variant	Assets/Modern Villa/Prefabs/Props/PillowG Variant.prefab	(8.964, 4.345, 7.113)	(9.365, 4.694, 7.835)	(33.5, 90.0, 0.0)
BuildingD/Level1 Objects/LoungerC Variant/PillowG Variant (1)	Assets/Modern Villa/Prefabs/Props/PillowG Variant.prefab	(8.930, 4.345, 7.614)	(9.467, 4.694, 8.401)	(33.5, 78.5, 0.0)
BuildingD/Level1 Objects/LoungerC Variant/PillowC Variant	Assets/Modern Villa/Prefabs/Props/PillowC Variant.prefab	(9.010, 4.447, 6.200)	(9.347, 4.618, 6.744)	(0.0, 97.2, 0.0)
BuildingD/Level1 Objects/LoungerC Variant/TabletB	Assets/Modern Villa/Prefabs/Props/TabletB.prefab	(9.914, 4.412, 7.576)	(10.630, 4.827, 8.292)	(0.0, 326.7, 0.0)
BuildingD/Level1 Objects/LoungerC Variant/TabletB/TowelA	Assets/Modern Villa/Prefabs/Props/TowelA.prefab	(10.152, 4.448, 7.706)	(10.586, 4.640, 8.218)	(0.0, 326.7, 0.0)
BuildingD/Level1 Objects/LoungerC Variant/TabletB/TowelA (1)	Assets/Modern Villa/Prefabs/Props/TowelA.prefab	(9.959, 4.412, 7.579)	(10.446, 4.675, 8.126)	(0.0, 326.7, 206.2)
BuildingD/Level1 Objects/LoungerC Variant/TabletB/TowelA (2)	Assets/Modern Villa/Prefabs/Props/TowelA.prefab	(10.053, 4.549, 7.641)	(10.550, 4.827, 8.194)	(0.0, 326.7, 142.5)
BuildingD/Level1 Objects/CouchTableB	Assets/Modern Villa/Prefabs/furniture/CouchTableB.prefab	(8.800, 3.772, 8.490)	(10.266, 4.339, 9.240)	(0.0, 0.0, 0.0)
BuildingD/Level1 Objects/CouchTableB/Ashtray Variant	Assets/Modern Villa/Prefabs/Props/Ashtray Variant.prefab	(9.216, 4.122, 8.763)	(9.336, 4.172, 8.883)	(0.0, 0.0, 0.0)
BuildingD/Level1 Objects/CouchTableB/LanternB	Assets/Modern Villa/Prefabs/Props/LanternB.prefab	(9.878, 3.801, 8.568)	(10.266, 4.339, 8.978)	(0.0, 40.3, 0.0)
BuildingD/Level1 Objects/VaseB (1)	Assets/Modern Villa/Prefabs/Props/VaseB.prefab	(0.884, 3.794, 9.372)	(2.193, 5.737, 10.580)	(0.0, 0.0, 0.0)
BuildingD/Level1 Objects/LoungeChair	Assets/Modern Villa/Prefabs/furniture/LoungeChair.prefab	(1.910, 3.800, 2.926)	(2.684, 4.564, 3.701)	(0.0, 292.2, 0.0)
BuildingD/Level1 Objects/LoungeChair (1)	Assets/Modern Villa/Prefabs/furniture/LoungeChair.prefab	(1.023, 3.800, 4.126)	(1.819, 4.564, 4.921)	(0.0, 333.7, 0.0)
BuildingD/Level1 Objects/CouchTableB (1)	Assets/Modern Villa/Prefabs/furniture/CouchTableB.prefab	(0.168, 3.801, 3.188)	(2.067, 5.790, 10.621)	(0.0, 333.7, 0.0)
BuildingD/Level1 Objects/CouchTableB (1)/Bowl	Assets/Modern Villa/Prefabs/Props/Bowl.prefab	(1.590, 4.151, 3.882)	(1.749, 4.208, 4.041)	(0.0, 0.0, 0.0)
BuildingD/Level1 Objects/CouchTableB (1)/BowlB Variant	Assets/Modern Villa/Prefabs/Props/BowlB Variant.prefab	(1.224, 4.151, 3.673)	(1.380, 4.186, 3.830)	(0.0, 0.0, 0.0)
BuildingD/Level1 Objects/CouchTableB (1)/SaucerB	Assets/Modern Villa/Prefabs/Props/SaucerB.prefab	(1.747, 4.150, 3.481)	(1.903, 4.167, 3.636)	(0.0, 0.0, 0.0)
BuildingD/Level1 Objects/CouchTableB (1)/CoffeeCupC	Assets/Modern Villa/Prefabs/Props/CoffeeCupC.prefab	(1.772, 4.154, 3.479)	(1.881, 4.244, 3.618)	(0.0, 0.0, 0.0)
BuildingD/Level1 Objects/CouchTableB (1)/Peach	Assets/Modern Villa/Prefabs/Props/Peach.prefab	(1.267, 4.160, 3.742)	(1.335, 4.224, 3.810)	(0.0, 0.0, 0.0)
BuildingD/Level1 Objects/CouchTableB (1)/Peach (1)	Assets/Modern Villa/Prefabs/Props/Peach.prefab	(1.265, 4.159, 3.695)	(1.333, 4.223, 3.764)	(0.0, 0.0, 0.0)
BuildingD/Level1 Objects/CouchTableB (1)/Apple	Assets/Modern Villa/Prefabs/Props/Apple.prefab	(1.235, 4.129, 3.734)	(1.303, 4.200, 3.801)	(0.0, 0.0, 0.0)
BuildingD/Level1 Objects/CouchTableB (1)/CouchTableLamp	Assets/Modern Villa/Prefabs/lighting/CouchTableLamp.prefab	(1.511, 4.151, 3.592)	(1.723, 4.614, 3.803)	(0.0, 0.0, 0.0)
BuildingD/Level1 Objects/CouchTableB (1)/WallLight	Assets/Modern Villa/Prefabs/lighting/WallLight.prefab	(0.168, 5.582, 3.974)	(0.298, 5.790, 4.078)	(0.0, 90.0, 0.0)
BuildingD/Level1 Objects/CouchTableB (1)/WallLight (1)	Assets/Modern Villa/Prefabs/lighting/WallLight.prefab	(1.201, 5.582, 10.491)	(1.305, 5.790, 10.621)	(0.0, 180.0, 0.0)
BuildingD/Level1 Objects/Jacuzzi	Assets/Modern Villa/Prefabs/Props/Jacuzzi.prefab	(9.683, 3.801, 2.058)	(11.983, 4.759, 4.358)	(0.0, 0.0, 0.0)
BuildingD/Level1 Objects/mv_Planter	Assets/Modern Villa/Prefabs/Props/mv_Planter.prefab	(5.233, 3.801, 2.141)	(6.572, 5.805, 3.536)	(0.0, 0.0, 0.0)
BuildingD/Level1 Objects/mv_Planter/PalmB	Assets/Modern Villa/Prefabs/Plants/PalmB.prefab	(5.233, 4.389, 2.141)	(6.572, 5.805, 3.536)	(0.0, 0.0, 0.0)
BuildingD/Level1 Objects/PottedPlantB	Assets/Modern Villa/Prefabs/Plants/PottedPlantB.prefab	(0.162, 3.800, 2.089)	(1.510, 5.599, 3.303)	(0.0, 0.0, 0.0)
BuildingD/Level1 Objects/PottedPlantC	Assets/Modern Villa/Prefabs/Plants/PottedPlantC.prefab	(-0.458, 3.800, 8.678)	(1.467, 5.712, 10.515)	(0.0, 0.0, 0.0)
BuildingD/Level1 Objects/RoofLights/PoolLight	Assets/Modern Villa/Prefabs/lighting/PoolLight.prefab	(0.707, 3.487, 2.191)	(0.837, 3.537, 2.321)	(0.0, 180.0, 180.0)
BuildingD/Level1 Objects/RoofLights/PoolLight (4)	Assets/Modern Villa/Prefabs/lighting/PoolLight.prefab	(9.207, 3.487, 2.191)	(9.337, 3.537, 2.321)	(0.0, 180.0, 180.0)
BuildingD/Level1 Objects/RoofLights/PoolLight (2)	Assets/Modern Villa/Prefabs/lighting/PoolLight.prefab	(5.207, 3.487, 2.191)	(5.337, 3.537, 2.321)	(0.0, 180.0, 180.0)
BuildingD/Level1 Objects/RoofLights/PoolLight (1)	Assets/Modern Villa/Prefabs/lighting/PoolLight.prefab	(2.707, 3.487, 2.191)	(2.837, 3.537, 2.321)	(0.0, 180.0, 180.0)
BuildingD/Level1 Objects/RoofLights/PoolLight (6)	Assets/Modern Villa/Prefabs/lighting/PoolLight.prefab	(11.207, 3.487, 2.191)	(11.337, 3.537, 2.321)	(0.0, 180.0, 180.0)
BuildingD/Level1 Objects/RoofLights/PoolLight (3)	Assets/Modern Villa/Prefabs/lighting/PoolLight.prefab	(7.207, 3.487, 2.191)	(7.337, 3.537, 2.321)	(0.0, 180.0, 180.0)
BuildingD/Level1 Objects/CurtainD	Assets/Modern Villa/Prefabs/Props/CurtainD.prefab	(2.152, 3.787, 5.519)	(2.345, 6.302, 6.658)	(0.0, 0.0, 0.0)
BuildingD/Level1 Objects/CurtainD (1)	Assets/Modern Villa/Prefabs/Props/CurtainD.prefab	(2.292, 3.791, 5.514)	(3.431, 6.306, 5.707)	(0.0, 270.0, 0.0)
BuildingD/Level1 Objects/CurtainD (2)	Assets/Modern Villa/Prefabs/Props/CurtainD.prefab	(3.328, 3.791, 5.469)	(4.794, 6.306, 5.661)	(0.0, 270.0, 0.0)
BuildingD/Level1 Objects/CurtainC	Assets/Modern Villa/Prefabs/Props/CurtainC.prefab	(4.927, 3.819, 5.433)	(6.055, 6.309, 5.846)	(0.0, 0.0, 0.0)
BuildingD/Level1 Objects/CurtainA	Assets/Modern Villa/Prefabs/Props/CurtainA.prefab	(5.856, 3.798, 5.404)	(7.138, 6.302, 6.013)	(0.0, 355.8, 0.0)
BuildingD/Level1 Objects/CurtainA (1)	Assets/Modern Villa/Prefabs/Props/CurtainA.prefab	(7.793, 3.798, 5.475)	(9.040, 6.302, 5.836)	(0.0, 0.0, 0.0)
BuildingD/Level1 Objects/CurtainA (2)	Assets/Modern Villa/Prefabs/Props/CurtainA.prefab	(8.942, 3.798, 5.474)	(10.189, 6.302, 5.836)	(0.0, 0.0, 0.0)
BuildingD/Level1 Objects/CurtainA (3)	Assets/Modern Villa/Prefabs/Props/CurtainA.prefab	(2.088, 3.798, 6.977)	(2.449, 6.302, 8.224)	(0.0, 270.0, 0.0)
BuildingD/Level1 Objects/CurtainA (4)	Assets/Modern Villa/Prefabs/Props/CurtainA.prefab	(2.091, 3.798, 8.708)	(2.452, 6.302, 9.955)	(0.0, 270.0, 0.0)
BuildingD/Level1 Objects/CurtainB	Assets/Modern Villa/Prefabs/Props/CurtainB.prefab	(1.992, 3.835, 9.766)	(2.589, 6.307, 10.456)	(0.0, 280.3, 0.0)
BuildingD/Level1 Objects/CurtainB (1)	Assets/Modern Villa/Prefabs/Props/CurtainB.prefab	(1.973, 3.835, 14.844)	(2.570, 6.307, 15.534)	(0.0, 100.3, 0.0)
BuildingD/Level1 Objects/CurtainE	Assets/Modern Villa/Prefabs/Props/CurtainE.prefab	(2.176, 3.768, 13.116)	(2.326, 6.289, 13.567)	(0.0, 0.0, 0.0)
BuildingD/Level1 Objects/CurtainE (1)	Assets/Modern Villa/Prefabs/Props/CurtainE.prefab	(2.176, 3.768, 13.515)	(2.326, 6.289, 13.966)	(0.0, 0.0, 0.0)
BuildingD/Level1 Objects/CurtainE (2)	Assets/Modern Villa/Prefabs/Props/CurtainE.prefab	(2.176, 3.768, 14.600)	(2.325, 6.289, 15.052)	(0.0, 0.0, 0.0)
BuildingD/Level1 Objects/PottedPlantC (1)	Assets/Modern Villa/Prefabs/Plants/PottedPlantC.prefab	(11.016, 3.797, 8.375)	(12.051, 4.825, 9.363)	(0.0, 0.0, 0.0)
BuildingD/Level1 Objects/PottedPlantA	Assets/Modern Villa/Prefabs/Plants/PottedPlantA.prefab	(7.564, 3.800, 5.778)	(8.757, 5.158, 6.977)	(0.0, 0.0, 0.0)
BuildingD/Level1 Objects/CouchC	Assets/Modern Villa/Prefabs/furniture/CouchC.prefab	(9.890, 3.800, 9.235)	(11.652, 4.236, 10.793)	(0.0, 201.1, 0.0)
BuildingD/Level1 Objects/VaseA	Assets/Modern Villa/Prefabs/Props/VaseA.prefab	(8.887, 4.121, 8.929)	(9.179, 4.596, 9.159)	(0.0, 0.0, 0.0)
BuildingD/Level1 Objects/BookC	Assets/Modern Villa/Prefabs/Props/BookC.prefab	(9.130, 4.123, 8.855)	(9.565, 4.153, 9.228)	(0.0, 345.6, 90.0)
BuildingD/Level1 Objects/WhiteWineGlas	Assets/Modern Villa/Prefabs/Props/WhiteWineGlas.prefab	(9.219, 4.153, 9.012)	(9.304, 4.353, 9.097)	(0.0, 0.0, 0.0)
BuildingD/Level1 Objects/Basketball	Assets/Modern Villa/Prefabs/Props/Basketball.prefab	(10.997, 3.760, 8.955)	(11.273, 4.037, 9.153)	(0.0, 0.0, 37.6)
BuildingD/Level1 Objects/Wall2x2,5	Assets/Modern Villa/Prefabs/Walls/Wall2x2,5.prefab	(7.097, 3.800, 6.467)	(7.347, 6.300, 8.467)	(0.0, 90.0, 0.0)
BuildingD/Level1 Objects/PaintingD	Assets/Modern Villa/Prefabs/Props/PaintingD.prefab	(7.354, 5.048, 6.851)	(7.370, 5.866, 8.077)	(0.0, 90.0, 0.0)
BuildingD/Level1 Objects/GardenChair	Assets/Modern Villa/Prefabs/furniture/GardenChair.prefab	(0.894, 3.800, 20.953)	(1.920, 4.688, 21.980)	(0.0, 232.6, 0.0)
BuildingD/Level1 Objects/GardenChair (1)	Assets/Modern Villa/Prefabs/furniture/GardenChair.prefab	(0.899, 3.800, 19.776)	(1.919, 4.688, 20.796)	(0.0, 305.2, 0.0)
BuildingD/Level1 Objects/CouchTableB (2)	Assets/Modern Villa/Prefabs/furniture/CouchTableB.prefab	(0.180, 3.801, 20.601)	(0.952, 4.151, 21.351)	(0.0, 0.0, 0.0)
BuildingD/Level1 Objects/DiningChair	Assets/Modern Villa/Prefabs/furniture/DiningChair.prefab	(0.717, 3.792, 11.809)	(1.289, 4.703, 12.307)	(0.0, 0.0, 0.0)
BuildingD/Level1 Objects/DiningChair (1)	Assets/Modern Villa/Prefabs/furniture/DiningChair.prefab	(1.043, 3.792, 13.064)	(1.716, 4.703, 13.779)	(0.0, 248.4, 0.0)
BuildingD/Level1 Objects/CouchTable	Assets/Modern Villa/Prefabs/furniture/CouchTable.prefab	(0.545, 3.800, 12.568)	(1.102, 4.200, 13.124)	(0.0, 0.0, 0.0)
BuildingD/Level1 Objects/Lantern	Assets/Modern Villa/Prefabs/Props/Lantern.prefab	(0.757, 4.200, 12.660)	(0.959, 4.439, 12.861)	(0.0, 333.1, 0.0)
BuildingD/Level1 Objects/JugB	Assets/Modern Villa/Prefabs/Props/JugB.prefab	(0.480, 4.200, 12.809)	(0.766, 4.555, 13.110)	(0.0, 124.5, 0.0)
BuildingD/Level1 Objects/BowlB Variant	Assets/Modern Villa/Prefabs/Props/BowlB Variant.prefab	(0.604, 4.151, 20.734)	(0.760, 4.186, 20.890)	(0.0, 0.0, 0.0)
BuildingD/Level1 Objects/BowlB Variant (1)	Assets/Modern Villa/Prefabs/Props/BowlB Variant.prefab	(0.675, 4.151, 21.135)	(0.832, 4.186, 21.292)	(0.0, 0.0, 0.0)
BuildingD/Level1 Objects/Napkin	Assets/Modern Villa/Prefabs/Props/Napkin.prefab	(0.387, 4.150, 20.789)	(0.606, 4.183, 20.992)	(0.0, 51.5, 0.0)
BuildingD/Level1 Objects/Napkin (1)	Assets/Modern Villa/Prefabs/Props/Napkin.prefab	(0.558, 4.150, 21.095)	(0.657, 4.183, 21.295)	(0.0, 0.0, 0.0)
BuildingD/Level1 Objects/Orange	Assets/Modern Villa/Prefabs/Props/Orange.prefab	(0.721, 4.137, 21.162)	(0.821, 4.236, 21.260)	(0.0, 0.0, 0.0)
BuildingD/Level1 Objects/Basketball (1)	Assets/Modern Villa/Prefabs/Props/Basketball.prefab	(0.141, 3.741, 20.210)	(0.483, 4.080, 20.552)	(0.0, 0.0, 0.0)
BuildingD/Level1 Objects/Wall2x2,5 (1)	Assets/Modern Villa/Prefabs/Walls/Wall2x2,5.prefab	(9.408, 3.800, 11.738)	(11.408, 6.300, 11.988)	(0.0, 0.0, 0.0)
BuildingD/Level1 Objects/Wall2x2,5 (2)	Assets/Modern Villa/Prefabs/Walls/Wall2x2,5.prefab	(7.408, 3.800, 11.738)	(9.408, 6.300, 11.988)	(0.0, 0.0, 0.0)
BuildingD/Level1 Objects/PaintingA	Assets/Modern Villa/Prefabs/Props/PaintingA.prefab	(8.724, 4.842, 12.003)	(10.260, 5.810, 12.034)	(0.0, 0.0, 0.0)
BuildingD/Level2 Objects		(0.000, 1.000, 2.000)	(0.000, 1.000, 2.000)	(0.0, 0.0, 0.0)
BuildingD/PoolLight	Assets/Modern Villa/Prefabs/lighting/PoolLight.prefab	(10.564, 6.279, 23.761)	(10.694, 6.329, 23.891)	(0.0, 0.0, 180.0)
BuildingD/PoolLight (2)	Assets/Modern Villa/Prefabs/lighting/PoolLight.prefab	(7.564, 6.279, 23.761)	(7.694, 6.329, 23.891)	(0.0, 0.0, 180.0)
BuildingD/PoolLight (4)	Assets/Modern Villa/Prefabs/lighting/PoolLight.prefab	(3.564, 6.279, 23.761)	(3.694, 6.329, 23.891)	(0.0, 0.0, 180.0)
BuildingD/PoolLight (6)	Assets/Modern Villa/Prefabs/lighting/PoolLight.prefab	(5.564, 6.279, 23.761)	(5.694, 6.329, 23.891)	(0.0, 0.0, 180.0)
BuildingD/PoolLight (1)	Assets/Modern Villa/Prefabs/lighting/PoolLight.prefab	(9.564, 6.279, 23.761)	(9.694, 6.329, 23.891)	(0.0, 0.0, 180.0)
BuildingD/PoolLight (8)	Assets/Modern Villa/Prefabs/lighting/PoolLight.prefab	(8.564, 6.279, 23.761)	(8.694, 6.329, 23.891)	(0.0, 0.0, 180.0)
BuildingD/PoolLight (3)	Assets/Modern Villa/Prefabs/lighting/PoolLight.prefab	(6.564, 6.279, 23.761)	(6.694, 6.329, 23.891)	(0.0, 0.0, 180.0)
BuildingD/PoolLight (5)	Assets/Modern Villa/Prefabs/lighting/PoolLight.prefab	(2.564, 6.279, 23.761)	(2.694, 6.329, 23.891)	(0.0, 0.0, 180.0)
BuildingD/PoolLight (7)	Assets/Modern Villa/Prefabs/lighting/PoolLight.prefab	(4.564, 6.279, 23.761)	(4.694, 6.329, 23.891)	(0.0, 0.0, 180.0)
Terrain		(-160.000, -12.000, -140.000)	(-160.000, -12.000, -140.000)	(0.0, 0.0, 0.0)
PoolLevel		(-18.000, -1.344, -8.965)	(13.640, 1.825, 32.000)	(0.0, 0.0, 0.0)
PoolLevel/Pool	Assets/Modern Villa/Prefabs/buildings/Pool.prefab	(-14.020, -0.994, 0.000)	(-1.020, 0.702, 18.000)	(0.0, 180.0, 0.0)
PoolLevel/Pool/Objects/PoolLadder	Assets/Modern Villa/Prefabs/Pool/PoolLadder.prefab	(-11.308, -0.800, 17.320)	(-10.732, 0.702, 17.676)	(0.0, 180.0, 0.0)
PoolLevel/Pool/Objects/Lights/PoolLight	Assets/Modern Villa/Prefabs/lighting/PoolLight.prefab	(-12.740, -0.932, 16.333)	(-12.610, -0.883, 16.463)	(0.0, 180.0, 0.0)
PoolLevel/Pool/Objects/Lights/PoolLight (7)	Assets/Modern Villa/Prefabs/lighting/PoolLight.prefab	(-12.740, -0.932, 10.833)	(-12.610, -0.883, 10.963)	(0.0, 180.0, 0.0)
PoolLevel/Pool/Objects/Lights/PoolLight (14)	Assets/Modern Villa/Prefabs/lighting/PoolLight.prefab	(-12.740, -0.932, 6.333)	(-12.610, -0.883, 6.463)	(0.0, 180.0, 0.0)
PoolLevel/Pool/Objects/Lights/PoolLight (3)	Assets/Modern Villa/Prefabs/lighting/PoolLight.prefab	(-8.240, -0.932, 16.333)	(-8.110, -0.883, 16.463)	(0.0, 180.0, 0.0)
PoolLevel/Pool/Objects/Lights/PoolLight (8)	Assets/Modern Villa/Prefabs/lighting/PoolLight.prefab	(-8.240, -0.932, 10.833)	(-8.110, -0.883, 10.963)	(0.0, 180.0, 0.0)
PoolLevel/Pool/Objects/Lights/PoolLight (22)	Assets/Modern Villa/Prefabs/lighting/PoolLight.prefab	(-8.240, -0.932, 2.833)	(-8.110, -0.883, 2.963)	(0.0, 180.0, 0.0)
PoolLevel/Pool/Objects/Lights/PoolLight (15)	Assets/Modern Villa/Prefabs/lighting/PoolLight.prefab	(-8.240, -0.932, 6.333)	(-8.110, -0.883, 6.463)	(0.0, 180.0, 0.0)
PoolLevel/Pool/Objects/Lights/PoolLight (1)	Assets/Modern Villa/Prefabs/lighting/PoolLight.prefab	(-11.240, -0.932, 16.333)	(-11.110, -0.883, 16.463)	(0.0, 180.0, 0.0)
PoolLevel/Pool/Objects/Lights/PoolLight (9)	Assets/Modern Villa/Prefabs/lighting/PoolLight.prefab	(-11.240, -0.932, 10.833)	(-11.110, -0.883, 10.963)	(0.0, 180.0, 0.0)
PoolLevel/Pool/Objects/Lights/PoolLight (16)	Assets/Modern Villa/Prefabs/lighting/PoolLight.prefab	(-11.240, -0.932, 6.333)	(-11.110, -0.883, 6.463)	(0.0, 180.0, 0.0)
PoolLevel/Pool/Objects/Lights/PoolLight (4)	Assets/Modern Villa/Prefabs/lighting/PoolLight.prefab	(-6.740, -0.932, 16.333)	(-6.610, -0.883, 16.463)	(0.0, 180.0, 0.0)
PoolLevel/Pool/Objects/Lights/PoolLight (10)	Assets/Modern Villa/Prefabs/lighting/PoolLight.prefab	(-6.740, -0.932, 10.833)	(-6.610, -0.883, 10.963)	(0.0, 180.0, 0.0)
PoolLevel/Pool/Objects/Lights/PoolLight (24)	Assets/Modern Villa/Prefabs/lighting/PoolLight.prefab	(-6.740, -0.932, 2.833)	(-6.610, -0.883, 2.963)	(0.0, 180.0, 0.0)
PoolLevel/Pool/Objects/Lights/PoolLight (17)	Assets/Modern Villa/Prefabs/lighting/PoolLight.prefab	(-6.740, -0.932, 6.333)	(-6.610, -0.883, 6.463)	(0.0, 180.0, 0.0)
PoolLevel/Pool/Objects/Lights/PoolLight (2)	Assets/Modern Villa/Prefabs/lighting/PoolLight.prefab	(-9.740, -0.932, 16.333)	(-9.610, -0.883, 16.463)	(0.0, 180.0, 0.0)
PoolLevel/Pool/Objects/Lights/PoolLight (11)	Assets/Modern Villa/Prefabs/lighting/PoolLight.prefab	(-9.740, -0.932, 10.833)	(-9.610, -0.883, 10.963)	(0.0, 180.0, 0.0)
PoolLevel/Pool/Objects/Lights/PoolLight (25)	Assets/Modern Villa/Prefabs/lighting/PoolLight.prefab	(-9.740, -0.932, 2.833)	(-9.610, -0.883, 2.963)	(0.0, 180.0, 0.0)
PoolLevel/Pool/Objects/Lights/PoolLight (18)	Assets/Modern Villa/Prefabs/lighting/PoolLight.prefab	(-9.740, -0.932, 6.333)	(-9.610, -0.883, 6.463)	(0.0, 180.0, 0.0)
PoolLevel/Pool/Objects/Lights/PoolLight (5)	Assets/Modern Villa/Prefabs/lighting/PoolLight.prefab	(-5.240, -0.932, 16.333)	(-5.110, -0.883, 16.463)	(0.0, 180.0, 0.0)
PoolLevel/Pool/Objects/Lights/PoolLight (12)	Assets/Modern Villa/Prefabs/lighting/PoolLight.prefab	(-5.240, -0.932, 10.833)	(-5.110, -0.883, 10.963)	(0.0, 180.0, 0.0)
PoolLevel/Pool/Objects/Lights/PoolLight (26)	Assets/Modern Villa/Prefabs/lighting/PoolLight.prefab	(-5.240, -0.932, 2.833)	(-5.110, -0.883, 2.963)	(0.0, 180.0, 0.0)
PoolLevel/Pool/Objects/Lights/PoolLight (19)	Assets/Modern Villa/Prefabs/lighting/PoolLight.prefab	(-5.240, -0.932, 6.333)	(-5.110, -0.883, 6.463)	(0.0, 180.0, 0.0)
PoolLevel/Pool/Objects/Lights/PoolLight (6)	Assets/Modern Villa/Prefabs/lighting/PoolLight.prefab	(-3.240, -0.932, 16.333)	(-3.110, -0.883, 16.463)	(0.0, 180.0, 0.0)
PoolLevel/Pool/Objects/Lights/PoolLight (13)	Assets/Modern Villa/Prefabs/lighting/PoolLight.prefab	(-3.240, -0.932, 10.833)	(-3.110, -0.883, 10.963)	(0.0, 180.0, 0.0)
PoolLevel/Pool/Objects/Lights/PoolLight (27)	Assets/Modern Villa/Prefabs/lighting/PoolLight.prefab	(-3.240, -0.932, 2.833)	(-3.110, -0.883, 2.963)	(0.0, 180.0, 0.0)
PoolLevel/Pool/Objects/Lights/PoolLight (20)	Assets/Modern Villa/Prefabs/lighting/PoolLight.prefab	(-3.240, -0.932, 6.333)	(-3.110, -0.883, 6.463)	(0.0, 180.0, 0.0)
PoolLevel/Pool/Pool/PoolBottom (153)	Assets/Modern Villa/Prefabs/Pool/PoolBottom.prefab	(-3.520, -0.994, 13.500)	(-2.520, -0.894, 14.500)	(0.0, 0.0, 0.0)
PoolLevel/Pool/Pool/PoolBottom (154)	Assets/Modern Villa/Prefabs/Pool/PoolBottom.prefab	(-2.520, -0.994, 13.500)	(-1.520, -0.894, 14.500)	(0.0, 0.0, 0.0)
PoolLevel/Pool/Pool/PoolBottom (155)	Assets/Modern Villa/Prefabs/Pool/PoolBottom.prefab	(-3.520, -0.994, 14.500)	(-2.520, -0.894, 15.500)	(0.0, 0.0, 0.0)
PoolLevel/Pool/Pool/PoolBottom (156)	Assets/Modern Villa/Prefabs/Pool/PoolBottom.prefab	(-2.520, -0.994, 14.500)	(-1.520, -0.894, 15.500)	(0.0, 0.0, 0.0)
PoolLevel/Pool/Pool/PoolBottom (157)	Assets/Modern Villa/Prefabs/Pool/PoolBottom.prefab	(-7.520, -0.994, 13.500)	(-6.520, -0.894, 14.500)	(0.0, 0.0, 0.0)
PoolLevel/Pool/Pool/PoolBottom (158)	Assets/Modern Villa/Prefabs/Pool/PoolBottom.prefab	(-7.520, -0.994, 14.500)	(-6.520, -0.894, 15.500)	(0.0, 0.0, 0.0)
PoolLevel/Pool/Pool/PoolBottom (159)	Assets/Modern Villa/Prefabs/Pool/PoolBottom.prefab	(-9.520, -0.994, 13.500)	(-8.520, -0.894, 14.500)	(0.0, 0.0, 0.0)
PoolLevel/Pool/Pool/PoolBottom (160)	Assets/Modern Villa/Prefabs/Pool/PoolBottom.prefab	(-8.520, -0.994, 13.500)	(-7.520, -0.894, 14.500)	(0.0, 0.0, 0.0)
PoolLevel/Pool/Pool/PoolBottom (161)	Assets/Modern Villa/Prefabs/Pool/PoolBottom.prefab	(-9.520, -0.994, 14.500)	(-8.520, -0.894, 15.500)	(0.0, 0.0, 0.0)
PoolLevel/Pool/Pool/PoolBottom (162)	Assets/Modern Villa/Prefabs/Pool/PoolBottom.prefab	(-8.520, -0.994, 14.500)	(-7.520, -0.894, 15.500)	(0.0, 0.0, 0.0)
PoolLevel/Pool/Pool/PoolBottom (163)	Assets/Modern Villa/Prefabs/Pool/PoolBottom.prefab	(-10.520, -0.994, 13.500)	(-9.520, -0.894, 14.500)	(0.0, 0.0, 0.0)
PoolLevel/Pool/Pool/PoolBottom (164)	Assets/Modern Villa/Prefabs/Pool/PoolBottom.prefab	(-10.520, -0.994, 14.500)	(-9.520, -0.894, 15.500)	(0.0, 0.0, 0.0)
PoolLevel/Pool/Pool/PoolBottom (165)	Assets/Modern Villa/Prefabs/Pool/PoolBottom.prefab	(-6.520, -0.994, 15.500)	(-5.520, -0.894, 16.500)	(0.0, 0.0, 0.0)
PoolLevel/Pool/Pool/PoolBottom (166)	Assets/Modern Villa/Prefabs/Pool/PoolBottom.prefab	(-5.520, -0.994, 15.500)	(-4.520, -0.894, 16.500)	(0.0, 0.0, 0.0)
PoolLevel/Pool/Pool/PoolBottom (167)	Assets/Modern Villa/Prefabs/Pool/PoolBottom.prefab	(-4.520, -0.994, 15.500)	(-3.520, -0.894, 16.500)	(0.0, 0.0, 0.0)
PoolLevel/Pool/Pool/PoolBottom (168)	Assets/Modern Villa/Prefabs/Pool/PoolBottom.prefab	(-6.520, -0.994, 16.500)	(-5.520, -0.894, 17.500)	(0.0, 0.0, 0.0)
PoolLevel/Pool/Pool/PoolBottom (169)	Assets/Modern Villa/Prefabs/Pool/PoolBottom.prefab	(-5.520, -0.994, 16.500)	(-4.520, -0.894, 17.500)	(0.0, 0.0, 0.0)
PoolLevel/Pool/Pool/PoolBottom (170)	Assets/Modern Villa/Prefabs/Pool/PoolBottom.prefab	(-4.520, -0.994, 16.500)	(-3.520, -0.894, 17.500)	(0.0, 0.0, 0.0)
PoolLevel/Pool/Pool/PoolBottom (171)	Assets/Modern Villa/Prefabs/Pool/PoolBottom.prefab	(-13.520, -0.994, 15.500)	(-12.520, -0.894, 16.500)	(0.0, 0.0, 0.0)
PoolLevel/Pool/Pool/PoolBottom (172)	Assets/Modern Villa/Prefabs/Pool/PoolBottom.prefab	(-12.520, -0.994, 15.500)	(-11.520, -0.894, 16.500)	(0.0, 0.0, 0.0)
PoolLevel/Pool/Pool/PoolBottom (173)	Assets/Modern Villa/Prefabs/Pool/PoolBottom.prefab	(-11.520, -0.994, 15.500)	(-10.520, -0.894, 16.500)	(0.0, 0.0, 0.0)
PoolLevel/Pool/Pool/PoolBottom (174)	Assets/Modern Villa/Prefabs/Pool/PoolBottom.prefab	(-13.520, -0.994, 16.500)	(-12.520, -0.894, 17.500)	(0.0, 0.0, 0.0)
PoolLevel/Pool/Pool/PoolBottom (175)	Assets/Modern Villa/Prefabs/Pool/PoolBottom.prefab	(-12.520, -0.994, 16.500)	(-11.520, -0.894, 17.500)	(0.0, 0.0, 0.0)
PoolLevel/Pool/Pool/PoolBottom (176)	Assets/Modern Villa/Prefabs/Pool/PoolBottom.prefab	(-11.520, -0.994, 16.500)	(-10.520, -0.894, 17.500)	(0.0, 0.0, 0.0)
PoolLevel/Pool/Pool/PoolBottom (177)	Assets/Modern Villa/Prefabs/Pool/PoolBottom.prefab	(-3.520, -0.994, 15.500)	(-2.520, -0.894, 16.500)	(0.0, 0.0, 0.0)
PoolLevel/Pool/Pool/PoolBottom (178)	Assets/Modern Villa/Prefabs/Pool/PoolBottom.prefab	(-2.520, -0.994, 15.500)	(-1.520, -0.894, 16.500)	(0.0, 0.0, 0.0)
PoolLevel/Pool/Pool/PoolBottom (179)	Assets/Modern Villa/Prefabs/Pool/PoolBottom.prefab	(-3.520, -0.994, 16.500)	(-2.520, -0.894, 17.500)	(0.0, 0.0, 0.0)
PoolLevel/Pool/Pool/PoolBottom (180)	Assets/Modern Villa/Prefabs/Pool/PoolBottom.prefab	(-2.520, -0.994, 16.500)	(-1.520, -0.894, 17.500)	(0.0, 0.0, 0.0)
PoolLevel/Pool/Pool/PoolBottom (181)	Assets/Modern Villa/Prefabs/Pool/PoolBottom.prefab	(-7.520, -0.994, 15.500)	(-6.520, -0.894, 16.500)	(0.0, 0.0, 0.0)
PoolLevel/Pool/Pool/PoolBottom (182)	Assets/Modern Villa/Prefabs/Pool/PoolBottom.prefab	(-7.520, -0.994, 16.500)	(-6.520, -0.894, 17.500)	(0.0, 0.0, 0.0)
PoolLevel/Pool/Pool/PoolBottom (183)	Assets/Modern Villa/Prefabs/Pool/PoolBottom.prefab	(-9.520, -0.994, 15.500)	(-8.520, -0.894, 16.500)	(0.0, 0.0, 0.0)
PoolLevel/Pool/Pool/PoolBottom (184)	Assets/Modern Villa/Prefabs/Pool/PoolBottom.prefab	(-8.520, -0.994, 15.500)	(-7.520, -0.894, 16.500)	(0.0, 0.0, 0.0)
PoolLevel/Pool/Pool/PoolBottom (185)	Assets/Modern Villa/Prefabs/Pool/PoolBottom.prefab	(-9.520, -0.994, 16.500)	(-8.520, -0.894, 17.500)	(0.0, 0.0, 0.0)
PoolLevel/Pool/Pool/PoolBottom (186)	Assets/Modern Villa/Prefabs/Pool/PoolBottom.prefab	(-8.520, -0.994, 16.500)	(-7.520, -0.894, 17.500)	(0.0, 0.0, 0.0)
PoolLevel/Pool/Pool/PoolBottom (187)	Assets/Modern Villa/Prefabs/Pool/PoolBottom.prefab	(-10.520, -0.994, 15.500)	(-9.520, -0.894, 16.500)	(0.0, 0.0, 0.0)
PoolLevel/Pool/Pool/PoolBottom (188)	Assets/Modern Villa/Prefabs/Pool/PoolBottom.prefab	(-10.520, -0.994, 16.500)	(-9.520, -0.894, 17.500)	(0.0, 0.0, 0.0)
PoolLevel/Pool/Pool/PoolStraightTop (46)	Assets/Modern Villa/Prefabs/Pool/PoolStraightTop.prefab	(-14.020, -0.894, 9.000)	(-13.520, 0.126, 10.000)	(0.0, 90.0, 0.0)
PoolLevel/Pool/Pool/PoolStraightTop (47)	Assets/Modern Villa/Prefabs/Pool/PoolStraightTop.prefab	(-14.020, -0.894, 10.000)	(-13.520, 0.126, 11.000)	(0.0, 90.0, 0.0)
PoolLevel/Pool/Pool/PoolStraightTop (48)	Assets/Modern Villa/Prefabs/Pool/PoolStraightTop.prefab	(-14.020, -0.894, 11.000)	(-13.520, 0.126, 12.000)	(0.0, 90.0, 0.0)
PoolLevel/Pool/Pool/PoolStraightTop (49)	Assets/Modern Villa/Prefabs/Pool/PoolStraightTop.prefab	(-14.020, -0.894, 12.000)	(-13.520, 0.126, 13.000)	(0.0, 90.0, 0.0)
PoolLevel/Pool/Pool/PoolStraightTop (50)	Assets/Modern Villa/Prefabs/Pool/PoolStraightTop.prefab	(-14.020, -0.894, 13.000)	(-13.520, 0.126, 14.000)	(0.0, 90.0, 0.0)
PoolLevel/Pool/Pool/PoolStraightTop (51)	Assets/Modern Villa/Prefabs/Pool/PoolStraightTop.prefab	(-14.020, -0.894, 14.000)	(-13.520, 0.126, 15.000)	(0.0, 90.0, 0.0)
PoolLevel/Pool/Pool/PoolStraightTop (52)	Assets/Modern Villa/Prefabs/Pool/PoolStraightTop.prefab	(-14.020, -0.894, 15.000)	(-13.520, 0.126, 16.000)	(0.0, 90.0, 0.0)
PoolLevel/Pool/Pool/PoolStraightTop (53)	Assets/Modern Villa/Prefabs/Pool/PoolStraightTop.prefab	(-14.020, -0.894, 16.000)	(-13.520, 0.126, 17.000)	(0.0, 90.0, 0.0)
PoolLevel/Pool/Pool/PoolCornerReverse	Assets/Modern Villa/Prefabs/Pool/PoolCornerReverse.prefab	(-11.020, -0.894, 5.000)	(-10.520, 0.126, 5.501)	(0.0, 90.0, 0.0)
PoolLevel/Pool/Pool/PoolCornerTop	Assets/Modern Villa/Prefabs/Pool/PoolCornerTop.prefab	(-11.020, -0.894, 0.000)	(-10.020, 0.126, 1.000)	(0.0, 90.0, 0.0)
PoolLevel/Pool/Pool/PoolCornerTop (1)	Assets/Modern Villa/Prefabs/Pool/PoolCornerTop.prefab	(-2.020, -0.894, 0.000)	(-1.020, 0.126, 1.000)	(0.0, 0.0, 0.0)
PoolLevel/Pool/Pool/PoolStraightTop	Assets/Modern Villa/Prefabs/Pool/PoolStraightTop.prefab	(-5.020, -0.894, 0.000)	(-4.020, 0.126, 0.500)	(0.0, 0.0, 0.0)
PoolLevel/Pool/Pool/PoolBottom	Assets/Modern Villa/Prefabs/Pool/PoolBottom.prefab	(-6.520, -0.994, 0.500)	(-5.520, -0.894, 1.500)	(0.0, 0.0, 0.0)
PoolLevel/Pool/Pool/PoolBottom (1)	Assets/Modern Villa/Prefabs/Pool/PoolBottom.prefab	(-5.520, -0.994, 0.500)	(-4.520, -0.894, 1.500)	(0.0, 0.0, 0.0)
PoolLevel/Pool/Pool/PoolBottom (2)	Assets/Modern Villa/Prefabs/Pool/PoolBottom.prefab	(-4.520, -0.994, 0.500)	(-3.520, -0.894, 1.500)	(0.0, 0.0, 0.0)
PoolLevel/Pool/Pool/PoolBottom (3)	Assets/Modern Villa/Prefabs/Pool/PoolBottom.prefab	(-6.520, -0.994, 1.500)	(-5.520, -0.894, 2.500)	(0.0, 0.0, 0.0)
PoolLevel/Pool/Pool/PoolBottom (4)	Assets/Modern Villa/Prefabs/Pool/PoolBottom.prefab	(-5.520, -0.994, 1.500)	(-4.520, -0.894, 2.500)	(0.0, 0.0, 0.0)
PoolLevel/Pool/Pool/PoolBottom (5)	Assets/Modern Villa/Prefabs/Pool/PoolBottom.prefab	(-4.520, -0.994, 1.500)	(-3.520, -0.894, 2.500)	(0.0, 0.0, 0.0)
PoolLevel/Pool/Pool/PoolBottom (6)	Assets/Modern Villa/Prefabs/Pool/PoolBottom.prefab	(-6.520, -0.994, 2.500)	(-5.520, -0.894, 3.500)	(0.0, 0.0, 0.0)
PoolLevel/Pool/Pool/PoolBottom (7)	Assets/Modern Villa/Prefabs/Pool/PoolBottom.prefab	(-5.520, -0.994, 2.500)	(-4.520, -0.894, 3.500)	(0.0, 0.0, 0.0)
PoolLevel/Pool/Pool/PoolBottom (8)	Assets/Modern Villa/Prefabs/Pool/PoolBottom.prefab	(-4.520, -0.994, 2.500)	(-3.520, -0.894, 3.500)	(0.0, 0.0, 0.0)
PoolLevel/Pool/Pool/PoolBottom (9)	Assets/Modern Villa/Prefabs/Pool/PoolBottom.prefab	(-6.520, -0.994, 3.500)	(-5.520, -0.894, 4.500)	(0.0, 0.0, 0.0)
PoolLevel/Pool/Pool/PoolBottom (10)	Assets/Modern Villa/Prefabs/Pool/PoolBottom.prefab	(-5.520, -0.994, 3.500)	(-4.520, -0.894, 4.500)	(0.0, 0.0, 0.0)
PoolLevel/Pool/Pool/PoolBottom (11)	Assets/Modern Villa/Prefabs/Pool/PoolBottom.prefab	(-4.520, -0.994, 3.500)	(-3.520, -0.894, 4.500)	(0.0, 0.0, 0.0)
PoolLevel/Pool/Pool/PoolBottom (12)	Assets/Modern Villa/Prefabs/Pool/PoolBottom.prefab	(-6.520, -0.994, 4.500)	(-5.520, -0.894, 5.500)	(0.0, 0.0, 0.0)
PoolLevel/Pool/Pool/PoolBottom (13)	Assets/Modern Villa/Prefabs/Pool/PoolBottom.prefab	(-5.520, -0.994, 4.500)	(-4.520, -0.894, 5.500)	(0.0, 0.0, 0.0)
PoolLevel/Pool/Pool/PoolBottom (14)	Assets/Modern Villa/Prefabs/Pool/PoolBottom.prefab	(-4.520, -0.994, 4.500)	(-3.520, -0.894, 5.500)	(0.0, 0.0, 0.0)
PoolLevel/Pool/Pool/PoolStraightTop (1)	Assets/Modern Villa/Prefabs/Pool/PoolStraightTop.prefab	(-6.020, -0.894, 0.000)	(-5.020, 0.126, 0.500)	(0.0, 0.0, 0.0)
PoolLevel/Pool/Pool/PoolStraightTop (2)	Assets/Modern Villa/Prefabs/Pool/PoolStraightTop.prefab	(-11.020, -0.894, 1.000)	(-10.520, 0.126, 2.000)	(0.0, 90.0, 0.0)
PoolLevel/Pool/Pool/PoolStraightTop (3)	Assets/Modern Villa/Prefabs/Pool/PoolStraightTop.prefab	(-11.020, -0.894, 2.000)	(-10.520, 0.126, 3.000)	(0.0, 90.0, 0.0)
PoolLevel/Pool/Pool/PoolStraightTop (4)	Assets/Modern Villa/Prefabs/Pool/PoolStraightTop.prefab	(-11.020, -0.894, 3.000)	(-10.520, 0.126, 4.000)	(0.0, 90.0, 0.0)
PoolLevel/Pool/Pool/PoolStraightTop (5)	Assets/Modern Villa/Prefabs/Pool/PoolStraightTop.prefab	(-11.020, -0.894, 4.000)	(-10.520, 0.126, 5.000)	(0.0, 90.0, 0.0)
PoolLevel/Pool/Pool/PoolStraightTop (6)	Assets/Modern Villa/Prefabs/Pool/PoolStraightTop.prefab	(-1.520, -0.894, 1.000)	(-1.020, 0.126, 2.000)	(0.0, 270.0, 0.0)
PoolLevel/Pool/Pool/PoolStraightTop (7)	Assets/Modern Villa/Prefabs/Pool/PoolStraightTop.prefab	(-1.520, -0.894, 2.000)	(-1.020, 0.126, 3.000)	(0.0, 270.0, 0.0)
PoolLevel/Pool/Pool/PoolStraightTop (8)	Assets/Modern Villa/Prefabs/Pool/PoolStraightTop.prefab	(-1.520, -0.894, 3.000)	(-1.020, 0.126, 4.000)	(0.0, 270.0, 0.0)
PoolLevel/Pool/Pool/PoolStraightTop (9)	Assets/Modern Villa/Prefabs/Pool/PoolStraightTop.prefab	(-1.520, -0.894, 4.000)	(-1.020, 0.126, 5.000)	(0.0, 270.0, 0.0)
PoolLevel/Pool/Pool/PoolStraightTop (10)	Assets/Modern Villa/Prefabs/Pool/PoolStraightTop.prefab	(-1.520, -0.894, 5.000)	(-1.020, 0.126, 6.000)	(0.0, 270.0, 0.0)
PoolLevel/Pool/Pool/PoolStraightTop (11)	Assets/Modern Villa/Prefabs/Pool/PoolStraightTop.prefab	(-1.520, -0.894, 6.000)	(-1.020, 0.126, 7.000)	(0.0, 270.0, 0.0)
PoolLevel/Pool/Pool/PoolStraightTop (12)	Assets/Modern Villa/Prefabs/Pool/PoolStraightTop.prefab	(-1.520, -0.894, 7.000)	(-1.020, 0.126, 8.000)	(0.0, 270.0, 0.0)
PoolLevel/Pool/Pool/PoolStraightTop (13)	Assets/Modern Villa/Prefabs/Pool/PoolStraightTop.prefab	(-1.520, -0.894, 8.000)	(-1.020, 0.126, 9.000)	(0.0, 270.0, 0.0)
PoolLevel/Pool/Pool/PoolStraightTop (14)	Assets/Modern Villa/Prefabs/Pool/PoolStraightTop.prefab	(-12.020, -0.894, 5.000)	(-11.020, 0.126, 5.500)	(0.0, 0.0, 0.0)
PoolLevel/Pool/Pool/PoolStraightTop (15)	Assets/Modern Villa/Prefabs/Pool/PoolStraightTop.prefab	(-13.020, -0.894, 5.000)	(-12.020, 0.126, 5.500)	(0.0, 0.0, 0.0)
PoolLevel/Pool/Pool/PoolCornerTop (2)	Assets/Modern Villa/Prefabs/Pool/PoolCornerTop.prefab	(-14.020, -0.894, 5.000)	(-13.020, 0.126, 6.000)	(0.0, 90.0, 0.0)
PoolLevel/Pool/Pool/PoolStraightTop (16)	Assets/Modern Villa/Prefabs/Pool/PoolStraightTop.prefab	(-14.020, -0.894, 6.000)	(-13.520, 0.126, 7.000)	(0.0, 90.0, 0.0)
PoolLevel/Pool/Pool/PoolStraightTop (17)	Assets/Modern Villa/Prefabs/Pool/PoolStraightTop.prefab	(-14.020, -0.894, 7.000)	(-13.520, 0.126, 8.000)	(0.0, 90.0, 0.0)
PoolLevel/Pool/Pool/PoolStraightTop (18)	Assets/Modern Villa/Prefabs/Pool/PoolStraightTop.prefab	(-14.020, -0.894, 8.000)	(-13.520, 0.126, 9.000)	(0.0, 90.0, 0.0)
PoolLevel/Pool/Pool/PoolCornerTop (3)	Assets/Modern Villa/Prefabs/Pool/PoolCornerTop.prefab	(-14.020, -0.894, 17.000)	(-13.020, 0.126, 18.000)	(0.0, 180.0, 0.0)
PoolLevel/Pool/Pool/PoolCornerTop (4)	Assets/Modern Villa/Prefabs/Pool/PoolCornerTop.prefab	(-2.020, -0.894, 17.000)	(-1.020, 0.126, 18.000)	(0.0, 270.0, 0.0)
PoolLevel/Pool/Pool/PoolStraightTop (19)	Assets/Modern Villa/Prefabs/Pool/PoolStraightTop.prefab	(-13.020, -0.894, 17.500)	(-12.020, 0.126, 18.000)	(0.0, 180.0, 0.0)
PoolLevel/Pool/Pool/PoolStraightTop (20)	Assets/Modern Villa/Prefabs/Pool/PoolStraightTop.prefab	(-12.020, -0.894, 17.500)	(-11.020, 0.126, 18.000)	(0.0, 180.0, 0.0)
PoolLevel/Pool/Pool/PoolStraightTop (21)	Assets/Modern Villa/Prefabs/Pool/PoolStraightTop.prefab	(-7.020, -0.894, 17.500)	(-6.020, 0.126, 18.000)	(0.0, 180.0, 0.0)
PoolLevel/Pool/Pool/PoolStraightTop (22)	Assets/Modern Villa/Prefabs/Pool/PoolStraightTop.prefab	(-6.020, -0.894, 17.500)	(-5.020, 0.126, 18.000)	(0.0, 180.0, 0.0)
PoolLevel/Pool/Pool/PoolStraightTop (23)	Assets/Modern Villa/Prefabs/Pool/PoolStraightTop.prefab	(-5.020, -0.894, 17.500)	(-4.020, 0.126, 18.000)	(0.0, 180.0, 0.0)
PoolLevel/Pool/Pool/PoolBottom (15)	Assets/Modern Villa/Prefabs/Pool/PoolBottom.prefab	(-6.520, -0.994, 5.500)	(-5.520, -0.894, 6.500)	(0.0, 0.0, 0.0)
PoolLevel/Pool/Pool/PoolBottom (16)	Assets/Modern Villa/Prefabs/Pool/PoolBottom.prefab	(-5.520, -0.994, 5.500)	(-4.520, -0.894, 6.500)	(0.0, 0.0, 0.0)
PoolLevel/Pool/Pool/PoolBottom (17)	Assets/Modern Villa/Prefabs/Pool/PoolBottom.prefab	(-4.520, -0.994, 5.500)	(-3.520, -0.894, 6.500)	(0.0, 0.0, 0.0)
PoolLevel/Pool/Pool/PoolBottom (18)	Assets/Modern Villa/Prefabs/Pool/PoolBottom.prefab	(-6.520, -0.994, 6.500)	(-5.520, -0.894, 7.500)	(0.0, 0.0, 0.0)
PoolLevel/Pool/Pool/PoolBottom (19)	Assets/Modern Villa/Prefabs/Pool/PoolBottom.prefab	(-5.520, -0.994, 6.500)	(-4.520, -0.894, 7.500)	(0.0, 0.0, 0.0)
PoolLevel/Pool/Pool/PoolBottom (20)	Assets/Modern Villa/Prefabs/Pool/PoolBottom.prefab	(-4.520, -0.994, 6.500)	(-3.520, -0.894, 7.500)	(0.0, 0.0, 0.0)
PoolLevel/Pool/Pool/PoolBottom (21)	Assets/Modern Villa/Prefabs/Pool/PoolBottom.prefab	(-6.520, -0.994, 7.500)	(-5.520, -0.894, 8.500)	(0.0, 0.0, 0.0)
PoolLevel/Pool/Pool/PoolBottom (22)	Assets/Modern Villa/Prefabs/Pool/PoolBottom.prefab	(-5.520, -0.994, 7.500)	(-4.520, -0.894, 8.500)	(0.0, 0.0, 0.0)
PoolLevel/Pool/Pool/PoolBottom (23)	Assets/Modern Villa/Prefabs/Pool/PoolBottom.prefab	(-4.520, -0.994, 7.500)	(-3.520, -0.894, 8.500)	(0.0, 0.0, 0.0)
PoolLevel/Pool/Pool/PoolBottom (24)	Assets/Modern Villa/Prefabs/Pool/PoolBottom.prefab	(-6.520, -0.994, 8.500)	(-5.520, -0.894, 9.500)	(0.0, 0.0, 0.0)
PoolLevel/Pool/Pool/PoolBottom (25)	Assets/Modern Villa/Prefabs/Pool/PoolBottom.prefab	(-5.520, -0.994, 8.500)	(-4.520, -0.894, 9.500)	(0.0, 0.0, 0.0)
PoolLevel/Pool/Pool/PoolBottom (26)	Assets/Modern Villa/Prefabs/Pool/PoolBottom.prefab	(-4.520, -0.994, 8.500)	(-3.520, -0.894, 9.500)	(0.0, 0.0, 0.0)
PoolLevel/Pool/Pool/PoolBottom (30)	Assets/Modern Villa/Prefabs/Pool/PoolBottom.prefab	(-13.520, -0.994, 5.500)	(-12.520, -0.894, 6.500)	(0.0, 0.0, 0.0)
PoolLevel/Pool/Pool/PoolBottom (31)	Assets/Modern Villa/Prefabs/Pool/PoolBottom.prefab	(-12.520, -0.994, 5.500)	(-11.520, -0.894, 6.500)	(0.0, 0.0, 0.0)
PoolLevel/Pool/Pool/PoolBottom (32)	Assets/Modern Villa/Prefabs/Pool/PoolBottom.prefab	(-11.520, -0.994, 5.500)	(-10.520, -0.894, 6.500)	(0.0, 0.0, 0.0)
PoolLevel/Pool/Pool/PoolBottom (33)	Assets/Modern Villa/Prefabs/Pool/PoolBottom.prefab	(-13.520, -0.994, 6.500)	(-12.520, -0.894, 7.500)	(0.0, 0.0, 0.0)
PoolLevel/Pool/Pool/PoolBottom (34)	Assets/Modern Villa/Prefabs/Pool/PoolBottom.prefab	(-12.520, -0.994, 6.500)	(-11.520, -0.894, 7.500)	(0.0, 0.0, 0.0)
PoolLevel/Pool/Pool/PoolBottom (35)	Assets/Modern Villa/Prefabs/Pool/PoolBottom.prefab	(-11.520, -0.994, 6.500)	(-10.520, -0.894, 7.500)	(0.0, 0.0, 0.0)
PoolLevel/Pool/Pool/PoolBottom (36)	Assets/Modern Villa/Prefabs/Pool/PoolBottom.prefab	(-13.520, -0.994, 7.500)	(-12.520, -0.894, 8.500)	(0.0, 0.0, 0.0)
PoolLevel/Pool/Pool/PoolBottom (37)	Assets/Modern Villa/Prefabs/Pool/PoolBottom.prefab	(-12.520, -0.994, 7.500)	(-11.520, -0.894, 8.500)	(0.0, 0.0, 0.0)
PoolLevel/Pool/Pool/PoolBottom (38)	Assets/Modern Villa/Prefabs/Pool/PoolBottom.prefab	(-11.520, -0.994, 7.500)	(-10.520, -0.894, 8.500)	(0.0, 0.0, 0.0)
PoolLevel/Pool/Pool/PoolBottom (39)	Assets/Modern Villa/Prefabs/Pool/PoolBottom.prefab	(-13.520, -0.994, 8.500)	(-12.520, -0.894, 9.500)	(0.0, 0.0, 0.0)
PoolLevel/Pool/Pool/PoolBottom (40)	Assets/Modern Villa/Prefabs/Pool/PoolBottom.prefab	(-12.520, -0.994, 8.500)	(-11.520, -0.894, 9.500)	(0.0, 0.0, 0.0)
PoolLevel/Pool/Pool/PoolBottom (41)	Assets/Modern Villa/Prefabs/Pool/PoolBottom.prefab	(-11.520, -0.994, 8.500)	(-10.520, -0.894, 9.500)	(0.0, 0.0, 0.0)
PoolLevel/Pool/Pool/PoolStraightTop (24)	Assets/Modern Villa/Prefabs/Pool/PoolStraightTop.prefab	(-4.020, -0.894, 0.000)	(-3.020, 0.126, 0.500)	(0.0, 0.0, 0.0)
PoolLevel/Pool/Pool/PoolStraightTop (25)	Assets/Modern Villa/Prefabs/Pool/PoolStraightTop.prefab	(-4.020, -0.894, 17.500)	(-3.020, 0.126, 18.000)	(0.0, 180.0, 0.0)
PoolLevel/Pool/Pool/PoolStraightTop (26)	Assets/Modern Villa/Prefabs/Pool/PoolStraightTop.prefab	(-3.020, -0.894, 0.000)	(-2.020, 0.126, 0.500)	(0.0, 0.0, 0.0)
PoolLevel/Pool/Pool/PoolStraightTop (27)	Assets/Modern Villa/Prefabs/Pool/PoolStraightTop.prefab	(-3.020, -0.894, 17.500)	(-2.020, 0.126, 18.000)	(0.0, 180.0, 0.0)
PoolLevel/Pool/Pool/PoolBottom (27)	Assets/Modern Villa/Prefabs/Pool/PoolBottom.prefab	(-3.520, -0.994, 0.500)	(-2.520, -0.894, 1.500)	(0.0, 0.0, 0.0)
PoolLevel/Pool/Pool/PoolBottom (28)	Assets/Modern Villa/Prefabs/Pool/PoolBottom.prefab	(-2.520, -0.994, 0.500)	(-1.520, -0.894, 1.500)	(0.0, 0.0, 0.0)
PoolLevel/Pool/Pool/PoolBottom (29)	Assets/Modern Villa/Prefabs/Pool/PoolBottom.prefab	(-3.520, -0.994, 1.500)	(-2.520, -0.894, 2.500)	(0.0, 0.0, 0.0)
PoolLevel/Pool/Pool/PoolBottom (42)	Assets/Modern Villa/Prefabs/Pool/PoolBottom.prefab	(-2.520, -0.994, 1.500)	(-1.520, -0.894, 2.500)	(0.0, 0.0, 0.0)
PoolLevel/Pool/Pool/PoolBottom (43)	Assets/Modern Villa/Prefabs/Pool/PoolBottom.prefab	(-3.520, -0.994, 2.500)	(-2.520, -0.894, 3.500)	(0.0, 0.0, 0.0)
PoolLevel/Pool/Pool/PoolBottom (44)	Assets/Modern Villa/Prefabs/Pool/PoolBottom.prefab	(-2.520, -0.994, 2.500)	(-1.520, -0.894, 3.500)	(0.0, 0.0, 0.0)
PoolLevel/Pool/Pool/PoolBottom (45)	Assets/Modern Villa/Prefabs/Pool/PoolBottom.prefab	(-3.520, -0.994, 3.500)	(-2.520, -0.894, 4.500)	(0.0, 0.0, 0.0)
PoolLevel/Pool/Pool/PoolBottom (46)	Assets/Modern Villa/Prefabs/Pool/PoolBottom.prefab	(-2.520, -0.994, 3.500)	(-1.520, -0.894, 4.500)	(0.0, 0.0, 0.0)
PoolLevel/Pool/Pool/PoolBottom (47)	Assets/Modern Villa/Prefabs/Pool/PoolBottom.prefab	(-3.520, -0.994, 4.500)	(-2.520, -0.894, 5.500)	(0.0, 0.0, 0.0)
PoolLevel/Pool/Pool/PoolBottom (48)	Assets/Modern Villa/Prefabs/Pool/PoolBottom.prefab	(-2.520, -0.994, 4.500)	(-1.520, -0.894, 5.500)	(0.0, 0.0, 0.0)
PoolLevel/Pool/Pool/PoolBottom (49)	Assets/Modern Villa/Prefabs/Pool/PoolBottom.prefab	(-3.520, -0.994, 5.500)	(-2.520, -0.894, 6.500)	(0.0, 0.0, 0.0)
PoolLevel/Pool/Pool/PoolBottom (50)	Assets/Modern Villa/Prefabs/Pool/PoolBottom.prefab	(-2.520, -0.994, 5.500)	(-1.520, -0.894, 6.500)	(0.0, 0.0, 0.0)
PoolLevel/Pool/Pool/PoolBottom (51)	Assets/Modern Villa/Prefabs/Pool/PoolBottom.prefab	(-3.520, -0.994, 6.500)	(-2.520, -0.894, 7.500)	(0.0, 0.0, 0.0)
PoolLevel/Pool/Pool/PoolBottom (52)	Assets/Modern Villa/Prefabs/Pool/PoolBottom.prefab	(-2.520, -0.994, 6.500)	(-1.520, -0.894, 7.500)	(0.0, 0.0, 0.0)
PoolLevel/Pool/Pool/PoolBottom (53)	Assets/Modern Villa/Prefabs/Pool/PoolBottom.prefab	(-3.520, -0.994, 7.500)	(-2.520, -0.894, 8.500)	(0.0, 0.0, 0.0)
PoolLevel/Pool/Pool/PoolBottom (54)	Assets/Modern Villa/Prefabs/Pool/PoolBottom.prefab	(-2.520, -0.994, 7.500)	(-1.520, -0.894, 8.500)	(0.0, 0.0, 0.0)
PoolLevel/Pool/Pool/PoolBottom (55)	Assets/Modern Villa/Prefabs/Pool/PoolBottom.prefab	(-3.520, -0.994, 8.500)	(-2.520, -0.894, 9.500)	(0.0, 0.0, 0.0)
PoolLevel/Pool/Pool/PoolBottom (56)	Assets/Modern Villa/Prefabs/Pool/PoolBottom.prefab	(-2.520, -0.994, 8.500)	(-1.520, -0.894, 9.500)	(0.0, 0.0, 0.0)
PoolLevel/Pool/Pool/PoolStraightTop (28)	Assets/Modern Villa/Prefabs/Pool/PoolStraightTop.prefab	(-9.020, -0.894, 0.000)	(-8.020, 0.126, 0.500)	(0.0, 0.0, 0.0)
PoolLevel/Pool/Pool/PoolStraightTop (29)	Assets/Modern Villa/Prefabs/Pool/PoolStraightTop.prefab	(-10.020, -0.894, 0.000)	(-9.020, 0.126, 0.500)	(0.0, 0.0, 0.0)
PoolLevel/Pool/Pool/PoolStraightTop (30)	Assets/Modern Villa/Prefabs/Pool/PoolStraightTop.prefab	(-8.020, -0.894, 0.000)	(-7.020, 0.126, 0.500)	(0.0, 0.0, 0.0)
PoolLevel/Pool/Pool/PoolStraightTop (31)	Assets/Modern Villa/Prefabs/Pool/PoolStraightTop.prefab	(-7.020, -0.894, 0.000)	(-6.020, 0.126, 0.500)	(0.0, 0.0, 0.0)
PoolLevel/Pool/Pool/PoolBottom (57)	Assets/Modern Villa/Prefabs/Pool/PoolBottom.prefab	(-7.520, -0.994, 0.500)	(-6.520, -0.894, 1.500)	(0.0, 0.0, 0.0)
PoolLevel/Pool/Pool/PoolBottom (58)	Assets/Modern Villa/Prefabs/Pool/PoolBottom.prefab	(-7.520, -0.994, 1.500)	(-6.520, -0.894, 2.500)	(0.0, 0.0, 0.0)
PoolLevel/Pool/Pool/PoolBottom (59)	Assets/Modern Villa/Prefabs/Pool/PoolBottom.prefab	(-7.520, -0.994, 2.500)	(-6.520, -0.894, 3.500)	(0.0, 0.0, 0.0)
PoolLevel/Pool/Pool/PoolBottom (60)	Assets/Modern Villa/Prefabs/Pool/PoolBottom.prefab	(-7.520, -0.994, 3.500)	(-6.520, -0.894, 4.500)	(0.0, 0.0, 0.0)
PoolLevel/Pool/Pool/PoolBottom (61)	Assets/Modern Villa/Prefabs/Pool/PoolBottom.prefab	(-7.520, -0.994, 4.500)	(-6.520, -0.894, 5.500)	(0.0, 0.0, 0.0)
PoolLevel/Pool/Pool/PoolBottom (62)	Assets/Modern Villa/Prefabs/Pool/PoolBottom.prefab	(-7.520, -0.994, 5.500)	(-6.520, -0.894, 6.500)	(0.0, 0.0, 0.0)
PoolLevel/Pool/Pool/PoolBottom (63)	Assets/Modern Villa/Prefabs/Pool/PoolBottom.prefab	(-7.520, -0.994, 6.500)	(-6.520, -0.894, 7.500)	(0.0, 0.0, 0.0)
PoolLevel/Pool/Pool/PoolBottom (64)	Assets/Modern Villa/Prefabs/Pool/PoolBottom.prefab	(-7.520, -0.994, 7.500)	(-6.520, -0.894, 8.500)	(0.0, 0.0, 0.0)
PoolLevel/Pool/Pool/PoolBottom (65)	Assets/Modern Villa/Prefabs/Pool/PoolBottom.prefab	(-7.520, -0.994, 8.500)	(-6.520, -0.894, 9.500)	(0.0, 0.0, 0.0)
PoolLevel/Pool/Pool/PoolBottom (66)	Assets/Modern Villa/Prefabs/Pool/PoolBottom.prefab	(-9.520, -0.994, 0.500)	(-8.520, -0.894, 1.500)	(0.0, 0.0, 0.0)
PoolLevel/Pool/Pool/PoolBottom (67)	Assets/Modern Villa/Prefabs/Pool/PoolBottom.prefab	(-8.520, -0.994, 0.500)	(-7.520, -0.894, 1.500)	(0.0, 0.0, 0.0)
PoolLevel/Pool/Pool/PoolBottom (68)	Assets/Modern Villa/Prefabs/Pool/PoolBottom.prefab	(-9.520, -0.994, 1.500)	(-8.520, -0.894, 2.500)	(0.0, 0.0, 0.0)
PoolLevel/Pool/Pool/PoolBottom (69)	Assets/Modern Villa/Prefabs/Pool/PoolBottom.prefab	(-8.520, -0.994, 1.500)	(-7.520, -0.894, 2.500)	(0.0, 0.0, 0.0)
PoolLevel/Pool/Pool/PoolBottom (70)	Assets/Modern Villa/Prefabs/Pool/PoolBottom.prefab	(-9.520, -0.994, 2.500)	(-8.520, -0.894, 3.500)	(0.0, 0.0, 0.0)
PoolLevel/Pool/Pool/PoolBottom (71)	Assets/Modern Villa/Prefabs/Pool/PoolBottom.prefab	(-8.520, -0.994, 2.500)	(-7.520, -0.894, 3.500)	(0.0, 0.0, 0.0)
PoolLevel/Pool/Pool/PoolBottom (72)	Assets/Modern Villa/Prefabs/Pool/PoolBottom.prefab	(-9.520, -0.994, 3.500)	(-8.520, -0.894, 4.500)	(0.0, 0.0, 0.0)
PoolLevel/Pool/Pool/PoolBottom (73)	Assets/Modern Villa/Prefabs/Pool/PoolBottom.prefab	(-8.520, -0.994, 3.500)	(-7.520, -0.894, 4.500)	(0.0, 0.0, 0.0)
PoolLevel/Pool/Pool/PoolBottom (74)	Assets/Modern Villa/Prefabs/Pool/PoolBottom.prefab	(-9.520, -0.994, 4.500)	(-8.520, -0.894, 5.500)	(0.0, 0.0, 0.0)
PoolLevel/Pool/Pool/PoolBottom (75)	Assets/Modern Villa/Prefabs/Pool/PoolBottom.prefab	(-8.520, -0.994, 4.500)	(-7.520, -0.894, 5.500)	(0.0, 0.0, 0.0)
PoolLevel/Pool/Pool/PoolBottom (76)	Assets/Modern Villa/Prefabs/Pool/PoolBottom.prefab	(-9.520, -0.994, 5.500)	(-8.520, -0.894, 6.500)	(0.0, 0.0, 0.0)
PoolLevel/Pool/Pool/PoolBottom (77)	Assets/Modern Villa/Prefabs/Pool/PoolBottom.prefab	(-8.520, -0.994, 5.500)	(-7.520, -0.894, 6.500)	(0.0, 0.0, 0.0)
PoolLevel/Pool/Pool/PoolBottom (78)	Assets/Modern Villa/Prefabs/Pool/PoolBottom.prefab	(-9.520, -0.994, 6.500)	(-8.520, -0.894, 7.500)	(0.0, 0.0, 0.0)
PoolLevel/Pool/Pool/PoolBottom (79)	Assets/Modern Villa/Prefabs/Pool/PoolBottom.prefab	(-8.520, -0.994, 6.500)	(-7.520, -0.894, 7.500)	(0.0, 0.0, 0.0)
PoolLevel/Pool/Pool/PoolBottom (80)	Assets/Modern Villa/Prefabs/Pool/PoolBottom.prefab	(-9.520, -0.994, 7.500)	(-8.520, -0.894, 8.500)	(0.0, 0.0, 0.0)
PoolLevel/Pool/Pool/PoolBottom (81)	Assets/Modern Villa/Prefabs/Pool/PoolBottom.prefab	(-8.520, -0.994, 7.500)	(-7.520, -0.894, 8.500)	(0.0, 0.0, 0.0)
PoolLevel/Pool/Pool/PoolBottom (82)	Assets/Modern Villa/Prefabs/Pool/PoolBottom.prefab	(-9.520, -0.994, 8.500)	(-8.520, -0.894, 9.500)	(0.0, 0.0, 0.0)
PoolLevel/Pool/Pool/PoolBottom (83)	Assets/Modern Villa/Prefabs/Pool/PoolBottom.prefab	(-8.520, -0.994, 8.500)	(-7.520, -0.894, 9.500)	(0.0, 0.0, 0.0)
PoolLevel/Pool/Pool/PoolBottom (84)	Assets/Modern Villa/Prefabs/Pool/PoolBottom.prefab	(-10.520, -0.994, 0.500)	(-9.520, -0.894, 1.500)	(0.0, 0.0, 0.0)
PoolLevel/Pool/Pool/PoolBottom (85)	Assets/Modern Villa/Prefabs/Pool/PoolBottom.prefab	(-10.520, -0.994, 1.500)	(-9.520, -0.894, 2.500)	(0.0, 0.0, 0.0)
PoolLevel/Pool/Pool/PoolBottom (86)	Assets/Modern Villa/Prefabs/Pool/PoolBottom.prefab	(-10.520, -0.994, 2.500)	(-9.520, -0.894, 3.500)	(0.0, 0.0, 0.0)
PoolLevel/Pool/Pool/PoolBottom (87)	Assets/Modern Villa/Prefabs/Pool/PoolBottom.prefab	(-10.520, -0.994, 3.500)	(-9.520, -0.894, 4.500)	(0.0, 0.0, 0.0)
PoolLevel/Pool/Pool/PoolBottom (88)	Assets/Modern Villa/Prefabs/Pool/PoolBottom.prefab	(-10.520, -0.994, 4.500)	(-9.520, -0.894, 5.500)	(0.0, 0.0, 0.0)
PoolLevel/Pool/Pool/PoolBottom (89)	Assets/Modern Villa/Prefabs/Pool/PoolBottom.prefab	(-10.520, -0.994, 5.500)	(-9.520, -0.894, 6.500)	(0.0, 0.0, 0.0)
PoolLevel/Pool/Pool/PoolBottom (90)	Assets/Modern Villa/Prefabs/Pool/PoolBottom.prefab	(-10.520, -0.994, 6.500)	(-9.520, -0.894, 7.500)	(0.0, 0.0, 0.0)
PoolLevel/Pool/Pool/PoolBottom (91)	Assets/Modern Villa/Prefabs/Pool/PoolBottom.prefab	(-10.520, -0.994, 7.500)	(-9.520, -0.894, 8.500)	(0.0, 0.0, 0.0)
PoolLevel/Pool/Pool/PoolBottom (92)	Assets/Modern Villa/Prefabs/Pool/PoolBottom.prefab	(-10.520, -0.994, 8.500)	(-9.520, -0.894, 9.500)	(0.0, 0.0, 0.0)
PoolLevel/Pool/Pool/PoolStraightTop (32)	Assets/Modern Villa/Prefabs/Pool/PoolStraightTop.prefab	(-9.020, -0.894, 17.500)	(-8.020, 0.126, 18.000)	(0.0, 180.0, 0.0)
PoolLevel/Pool/Pool/PoolStraightTop (33)	Assets/Modern Villa/Prefabs/Pool/PoolStraightTop.prefab	(-8.020, -0.894, 17.500)	(-7.020, 0.126, 18.000)	(0.0, 180.0, 0.0)
PoolLevel/Pool/Pool/PoolStraightTop (34)	Assets/Modern Villa/Prefabs/Pool/PoolStraightTop.prefab	(-11.020, -0.894, 17.500)	(-10.020, 0.126, 18.000)	(0.0, 180.0, 0.0)
PoolLevel/Pool/Pool/PoolStraightTop (35)	Assets/Modern Villa/Prefabs/Pool/PoolStraightTop.prefab	(-10.020, -0.894, 17.500)	(-9.020, 0.126, 18.000)	(0.0, 180.0, 0.0)
PoolLevel/Pool/Pool/PoolStraightTop (36)	Assets/Modern Villa/Prefabs/Pool/PoolStraightTop.prefab	(-1.520, -0.894, 9.000)	(-1.020, 0.126, 10.000)	(0.0, 270.0, 0.0)
PoolLevel/Pool/Pool/PoolStraightTop (37)	Assets/Modern Villa/Prefabs/Pool/PoolStraightTop.prefab	(-1.520, -0.894, 10.000)	(-1.020, 0.126, 11.000)	(0.0, 270.0, 0.0)
PoolLevel/Pool/Pool/PoolStraightTop (38)	Assets/Modern Villa/Prefabs/Pool/PoolStraightTop.prefab	(-1.520, -0.894, 11.000)	(-1.020, 0.126, 12.000)	(0.0, 270.0, 0.0)
PoolLevel/Pool/Pool/PoolStraightTop (39)	Assets/Modern Villa/Prefabs/Pool/PoolStraightTop.prefab	(-1.520, -0.894, 12.000)	(-1.020, 0.126, 13.000)	(0.0, 270.0, 0.0)
PoolLevel/Pool/Pool/PoolStraightTop (40)	Assets/Modern Villa/Prefabs/Pool/PoolStraightTop.prefab	(-1.520, -0.894, 13.000)	(-1.020, 0.126, 14.000)	(0.0, 270.0, 0.0)
PoolLevel/Pool/Pool/PoolStraightTop (41)	Assets/Modern Villa/Prefabs/Pool/PoolStraightTop.prefab	(-1.520, -0.894, 14.000)	(-1.020, 0.126, 15.000)	(0.0, 270.0, 0.0)
PoolLevel/Pool/Pool/PoolStraightTop (42)	Assets/Modern Villa/Prefabs/Pool/PoolStraightTop.prefab	(-1.520, -0.894, 15.000)	(-1.020, 0.126, 16.000)	(0.0, 270.0, 0.0)
PoolLevel/Pool/Pool/PoolStraightTop (43)	Assets/Modern Villa/Prefabs/Pool/PoolStraightTop.prefab	(-1.520, -0.894, 16.000)	(-1.020, 0.126, 17.000)	(0.0, 270.0, 0.0)
PoolLevel/Pool/Pool/PoolStraightTop (44)	Assets/Modern Villa/Prefabs/Pool/PoolStraightTop.prefab	(-1.520, -0.894, 15.000)	(-1.020, 0.126, 16.000)	(0.0, 270.0, 0.0)
PoolLevel/Pool/Pool/PoolStraightTop (45)	Assets/Modern Villa/Prefabs/Pool/PoolStraightTop.prefab	(-1.520, -0.894, 16.000)	(-1.020, 0.126, 17.000)	(0.0, 270.0, 0.0)
PoolLevel/Pool/Pool/PoolBottom (93)	Assets/Modern Villa/Prefabs/Pool/PoolBottom.prefab	(-6.520, -0.994, 9.500)	(-5.520, -0.894, 10.500)	(0.0, 0.0, 0.0)
PoolLevel/Pool/Pool/PoolBottom (94)	Assets/Modern Villa/Prefabs/Pool/PoolBottom.prefab	(-5.520, -0.994, 9.500)	(-4.520, -0.894, 10.500)	(0.0, 0.0, 0.0)
PoolLevel/Pool/Pool/PoolBottom (95)	Assets/Modern Villa/Prefabs/Pool/PoolBottom.prefab	(-4.520, -0.994, 9.500)	(-3.520, -0.894, 10.500)	(0.0, 0.0, 0.0)
PoolLevel/Pool/Pool/PoolBottom (96)	Assets/Modern Villa/Prefabs/Pool/PoolBottom.prefab	(-6.520, -0.994, 10.500)	(-5.520, -0.894, 11.500)	(0.0, 0.0, 0.0)
PoolLevel/Pool/Pool/PoolBottom (97)	Assets/Modern Villa/Prefabs/Pool/PoolBottom.prefab	(-5.520, -0.994, 10.500)	(-4.520, -0.894, 11.500)	(0.0, 0.0, 0.0)
PoolLevel/Pool/Pool/PoolBottom (98)	Assets/Modern Villa/Prefabs/Pool/PoolBottom.prefab	(-4.520, -0.994, 10.500)	(-3.520, -0.894, 11.500)	(0.0, 0.0, 0.0)
PoolLevel/Pool/Pool/PoolBottom (99)	Assets/Modern Villa/Prefabs/Pool/PoolBottom.prefab	(-13.520, -0.994, 9.500)	(-12.520, -0.894, 10.500)	(0.0, 0.0, 0.0)
PoolLevel/Pool/Pool/PoolBottom (100)	Assets/Modern Villa/Prefabs/Pool/PoolBottom.prefab	(-12.520, -0.994, 9.500)	(-11.520, -0.894, 10.500)	(0.0, 0.0, 0.0)
PoolLevel/Pool/Pool/PoolBottom (101)	Assets/Modern Villa/Prefabs/Pool/PoolBottom.prefab	(-11.520, -0.994, 9.500)	(-10.520, -0.894, 10.500)	(0.0, 0.0, 0.0)
PoolLevel/Pool/Pool/PoolBottom (102)	Assets/Modern Villa/Prefabs/Pool/PoolBottom.prefab	(-13.520, -0.994, 10.500)	(-12.520, -0.894, 11.500)	(0.0, 0.0, 0.0)
PoolLevel/Pool/Pool/PoolBottom (103)	Assets/Modern Villa/Prefabs/Pool/PoolBottom.prefab	(-12.520, -0.994, 10.500)	(-11.520, -0.894, 11.500)	(0.0, 0.0, 0.0)
PoolLevel/Pool/Pool/PoolBottom (104)	Assets/Modern Villa/Prefabs/Pool/PoolBottom.prefab	(-11.520, -0.994, 10.500)	(-10.520, -0.894, 11.500)	(0.0, 0.0, 0.0)
PoolLevel/Pool/Pool/PoolBottom (105)	Assets/Modern Villa/Prefabs/Pool/PoolBottom.prefab	(-3.520, -0.994, 9.500)	(-2.520, -0.894, 10.500)	(0.0, 0.0, 0.0)
PoolLevel/Pool/Pool/PoolBottom (106)	Assets/Modern Villa/Prefabs/Pool/PoolBottom.prefab	(-2.520, -0.994, 9.500)	(-1.520, -0.894, 10.500)	(0.0, 0.0, 0.0)
PoolLevel/Pool/Pool/PoolBottom (107)	Assets/Modern Villa/Prefabs/Pool/PoolBottom.prefab	(-3.520, -0.994, 10.500)	(-2.520, -0.894, 11.500)	(0.0, 0.0, 0.0)
PoolLevel/Pool/Pool/PoolBottom (108)	Assets/Modern Villa/Prefabs/Pool/PoolBottom.prefab	(-2.520, -0.994, 10.500)	(-1.520, -0.894, 11.500)	(0.0, 0.0, 0.0)
PoolLevel/Pool/Pool/PoolBottom (109)	Assets/Modern Villa/Prefabs/Pool/PoolBottom.prefab	(-7.520, -0.994, 9.500)	(-6.520, -0.894, 10.500)	(0.0, 0.0, 0.0)
PoolLevel/Pool/Pool/PoolBottom (110)	Assets/Modern Villa/Prefabs/Pool/PoolBottom.prefab	(-7.520, -0.994, 10.500)	(-6.520, -0.894, 11.500)	(0.0, 0.0, 0.0)
PoolLevel/Pool/Pool/PoolBottom (111)	Assets/Modern Villa/Prefabs/Pool/PoolBottom.prefab	(-9.520, -0.994, 9.500)	(-8.520, -0.894, 10.500)	(0.0, 0.0, 0.0)
PoolLevel/Pool/Pool/PoolBottom (112)	Assets/Modern Villa/Prefabs/Pool/PoolBottom.prefab	(-8.520, -0.994, 9.500)	(-7.520, -0.894, 10.500)	(0.0, 0.0, 0.0)
PoolLevel/Pool/Pool/PoolBottom (113)	Assets/Modern Villa/Prefabs/Pool/PoolBottom.prefab	(-9.520, -0.994, 10.500)	(-8.520, -0.894, 11.500)	(0.0, 0.0, 0.0)
PoolLevel/Pool/Pool/PoolBottom (114)	Assets/Modern Villa/Prefabs/Pool/PoolBottom.prefab	(-8.520, -0.994, 10.500)	(-7.520, -0.894, 11.500)	(0.0, 0.0, 0.0)
PoolLevel/Pool/Pool/PoolBottom (115)	Assets/Modern Villa/Prefabs/Pool/PoolBottom.prefab	(-10.520, -0.994, 9.500)	(-9.520, -0.894, 10.500)	(0.0, 0.0, 0.0)
PoolLevel/Pool/Pool/PoolBottom (116)	Assets/Modern Villa/Prefabs/Pool/PoolBottom.prefab	(-10.520, -0.994, 10.500)	(-9.520, -0.894, 11.500)	(0.0, 0.0, 0.0)
PoolLevel/Pool/Pool/PoolBottom (117)	Assets/Modern Villa/Prefabs/Pool/PoolBottom.prefab	(-6.520, -0.994, 11.500)	(-5.520, -0.894, 12.500)	(0.0, 0.0, 0.0)
PoolLevel/Pool/Pool/PoolBottom (118)	Assets/Modern Villa/Prefabs/Pool/PoolBottom.prefab	(-5.520, -0.994, 11.500)	(-4.520, -0.894, 12.500)	(0.0, 0.0, 0.0)
PoolLevel/Pool/Pool/PoolBottom (119)	Assets/Modern Villa/Prefabs/Pool/PoolBottom.prefab	(-4.520, -0.994, 11.500)	(-3.520, -0.894, 12.500)	(0.0, 0.0, 0.0)
PoolLevel/Pool/Pool/PoolBottom (120)	Assets/Modern Villa/Prefabs/Pool/PoolBottom.prefab	(-6.520, -0.994, 12.500)	(-5.520, -0.894, 13.500)	(0.0, 0.0, 0.0)
PoolLevel/Pool/Pool/PoolBottom (121)	Assets/Modern Villa/Prefabs/Pool/PoolBottom.prefab	(-5.520, -0.994, 12.500)	(-4.520, -0.894, 13.500)	(0.0, 0.0, 0.0)
PoolLevel/Pool/Pool/PoolBottom (122)	Assets/Modern Villa/Prefabs/Pool/PoolBottom.prefab	(-4.520, -0.994, 12.500)	(-3.520, -0.894, 13.500)	(0.0, 0.0, 0.0)
PoolLevel/Pool/Pool/PoolBottom (123)	Assets/Modern Villa/Prefabs/Pool/PoolBottom.prefab	(-13.520, -0.994, 11.500)	(-12.520, -0.894, 12.500)	(0.0, 0.0, 0.0)
PoolLevel/Pool/Pool/PoolBottom (124)	Assets/Modern Villa/Prefabs/Pool/PoolBottom.prefab	(-12.520, -0.994, 11.500)	(-11.520, -0.894, 12.500)	(0.0, 0.0, 0.0)
PoolLevel/Pool/Pool/PoolBottom (125)	Assets/Modern Villa/Prefabs/Pool/PoolBottom.prefab	(-11.520, -0.994, 11.500)	(-10.520, -0.894, 12.500)	(0.0, 0.0, 0.0)
PoolLevel/Pool/Pool/PoolBottom (126)	Assets/Modern Villa/Prefabs/Pool/PoolBottom.prefab	(-13.520, -0.994, 12.500)	(-12.520, -0.894, 13.500)	(0.0, 0.0, 0.0)
PoolLevel/Pool/Pool/PoolBottom (127)	Assets/Modern Villa/Prefabs/Pool/PoolBottom.prefab	(-12.520, -0.994, 12.500)	(-11.520, -0.894, 13.500)	(0.0, 0.0, 0.0)
PoolLevel/Pool/Pool/PoolBottom (128)	Assets/Modern Villa/Prefabs/Pool/PoolBottom.prefab	(-11.520, -0.994, 12.500)	(-10.520, -0.894, 13.500)	(0.0, 0.0, 0.0)
PoolLevel/Pool/Pool/PoolBottom (129)	Assets/Modern Villa/Prefabs/Pool/PoolBottom.prefab	(-3.520, -0.994, 11.500)	(-2.520, -0.894, 12.500)	(0.0, 0.0, 0.0)
PoolLevel/Pool/Pool/PoolBottom (130)	Assets/Modern Villa/Prefabs/Pool/PoolBottom.prefab	(-2.520, -0.994, 11.500)	(-1.520, -0.894, 12.500)	(0.0, 0.0, 0.0)
PoolLevel/Pool/Pool/PoolBottom (131)	Assets/Modern Villa/Prefabs/Pool/PoolBottom.prefab	(-3.520, -0.994, 12.500)	(-2.520, -0.894, 13.500)	(0.0, 0.0, 0.0)
PoolLevel/Pool/Pool/PoolBottom (132)	Assets/Modern Villa/Prefabs/Pool/PoolBottom.prefab	(-2.520, -0.994, 12.500)	(-1.520, -0.894, 13.500)	(0.0, 0.0, 0.0)
PoolLevel/Pool/Pool/PoolBottom (133)	Assets/Modern Villa/Prefabs/Pool/PoolBottom.prefab	(-7.520, -0.994, 11.500)	(-6.520, -0.894, 12.500)	(0.0, 0.0, 0.0)
PoolLevel/Pool/Pool/PoolBottom (134)	Assets/Modern Villa/Prefabs/Pool/PoolBottom.prefab	(-7.520, -0.994, 12.500)	(-6.520, -0.894, 13.500)	(0.0, 0.0, 0.0)
PoolLevel/Pool/Pool/PoolBottom (135)	Assets/Modern Villa/Prefabs/Pool/PoolBottom.prefab	(-9.520, -0.994, 11.500)	(-8.520, -0.894, 12.500)	(0.0, 0.0, 0.0)
PoolLevel/Pool/Pool/PoolBottom (136)	Assets/Modern Villa/Prefabs/Pool/PoolBottom.prefab	(-8.520, -0.994, 11.500)	(-7.520, -0.894, 12.500)	(0.0, 0.0, 0.0)
PoolLevel/Pool/Pool/PoolBottom (137)	Assets/Modern Villa/Prefabs/Pool/PoolBottom.prefab	(-9.520, -0.994, 12.500)	(-8.520, -0.894, 13.500)	(0.0, 0.0, 0.0)
PoolLevel/Pool/Pool/PoolBottom (138)	Assets/Modern Villa/Prefabs/Pool/PoolBottom.prefab	(-8.520, -0.994, 12.500)	(-7.520, -0.894, 13.500)	(0.0, 0.0, 0.0)
PoolLevel/Pool/Pool/PoolBottom (139)	Assets/Modern Villa/Prefabs/Pool/PoolBottom.prefab	(-10.520, -0.994, 11.500)	(-9.520, -0.894, 12.500)	(0.0, 0.0, 0.0)
PoolLevel/Pool/Pool/PoolBottom (140)	Assets/Modern Villa/Prefabs/Pool/PoolBottom.prefab	(-10.520, -0.994, 12.500)	(-9.520, -0.894, 13.500)	(0.0, 0.0, 0.0)
PoolLevel/Pool/Pool/PoolBottom (141)	Assets/Modern Villa/Prefabs/Pool/PoolBottom.prefab	(-6.520, -0.994, 13.500)	(-5.520, -0.894, 14.500)	(0.0, 0.0, 0.0)
PoolLevel/Pool/Pool/PoolBottom (142)	Assets/Modern Villa/Prefabs/Pool/PoolBottom.prefab	(-5.520, -0.994, 13.500)	(-4.520, -0.894, 14.500)	(0.0, 0.0, 0.0)
PoolLevel/Pool/Pool/PoolBottom (143)	Assets/Modern Villa/Prefabs/Pool/PoolBottom.prefab	(-4.520, -0.994, 13.500)	(-3.520, -0.894, 14.500)	(0.0, 0.0, 0.0)
PoolLevel/Pool/Pool/PoolBottom (144)	Assets/Modern Villa/Prefabs/Pool/PoolBottom.prefab	(-6.520, -0.994, 14.500)	(-5.520, -0.894, 15.500)	(0.0, 0.0, 0.0)
PoolLevel/Pool/Pool/PoolBottom (145)	Assets/Modern Villa/Prefabs/Pool/PoolBottom.prefab	(-5.520, -0.994, 14.500)	(-4.520, -0.894, 15.500)	(0.0, 0.0, 0.0)
PoolLevel/Pool/Pool/PoolBottom (146)	Assets/Modern Villa/Prefabs/Pool/PoolBottom.prefab	(-4.520, -0.994, 14.500)	(-3.520, -0.894, 15.500)	(0.0, 0.0, 0.0)
PoolLevel/Pool/Pool/PoolBottom (147)	Assets/Modern Villa/Prefabs/Pool/PoolBottom.prefab	(-13.520, -0.994, 13.500)	(-12.520, -0.894, 14.500)	(0.0, 0.0, 0.0)
PoolLevel/Pool/Pool/PoolBottom (148)	Assets/Modern Villa/Prefabs/Pool/PoolBottom.prefab	(-12.520, -0.994, 13.500)	(-11.520, -0.894, 14.500)	(0.0, 0.0, 0.0)
PoolLevel/Pool/Pool/PoolBottom (149)	Assets/Modern Villa/Prefabs/Pool/PoolBottom.prefab	(-11.520, -0.994, 13.500)	(-10.520, -0.894, 14.500)	(0.0, 0.0, 0.0)
PoolLevel/Pool/Pool/PoolBottom (150)	Assets/Modern Villa/Prefabs/Pool/PoolBottom.prefab	(-13.520, -0.994, 14.500)	(-12.520, -0.894, 15.500)	(0.0, 0.0, 0.0)
PoolLevel/Pool/Pool/PoolBottom (151)	Assets/Modern Villa/Prefabs/Pool/PoolBottom.prefab	(-12.520, -0.994, 14.500)	(-11.520, -0.894, 15.500)	(0.0, 0.0, 0.0)
PoolLevel/Pool/Pool/PoolBottom (152)	Assets/Modern Villa/Prefabs/Pool/PoolBottom.prefab	(-11.520, -0.994, 14.500)	(-10.520, -0.894, 15.500)	(0.0, 0.0, 0.0)
PoolLevel/Floor		(-18.000, -1.000, 0.000)	(-1.000, 0.000, 32.000)	(0.0, 0.0, 0.0)
PoolLevel/Floor/Floor2x2 (128)	Assets/Modern Villa/Prefabs/floors/Floor2x2.prefab	(-3.000, -1.000, 24.000)	(-1.000, 0.000, 26.000)	(0.0, 0.0, 0.0)
PoolLevel/Floor/Floor2x2 (156)	Assets/Modern Villa/Prefabs/floors/Floor2x2.prefab	(-11.000, -1.000, 24.000)	(-9.000, 0.000, 26.000)	(0.0, 0.0, 0.0)
PoolLevel/Floor/Floor2x2 (135)	Assets/Modern Villa/Prefabs/floors/Floor2x2.prefab	(-5.000, -1.000, 24.000)	(-3.000, 0.000, 26.000)	(0.0, 0.0, 0.0)
PoolLevel/Floor/Floor2x2 (157)	Assets/Modern Villa/Prefabs/floors/Floor2x2.prefab	(-13.000, -1.000, 24.000)	(-11.000, 0.000, 26.000)	(0.0, 0.0, 0.0)
PoolLevel/Floor/Floor2x2 (142)	Assets/Modern Villa/Prefabs/floors/Floor2x2.prefab	(-7.000, -1.000, 24.000)	(-5.000, 0.000, 26.000)	(0.0, 0.0, 0.0)
PoolLevel/Floor/Floor2x2 (158)	Assets/Modern Villa/Prefabs/floors/Floor2x2.prefab	(-15.000, -1.000, 24.000)	(-13.000, 0.000, 26.000)	(0.0, 0.0, 0.0)
PoolLevel/Floor/Floor2x2 (149)	Assets/Modern Villa/Prefabs/floors/Floor2x2.prefab	(-9.000, -1.000, 24.000)	(-7.000, 0.000, 26.000)	(0.0, 0.0, 0.0)
PoolLevel/Floor/Floor2x2 (159)	Assets/Modern Villa/Prefabs/floors/Floor2x2.prefab	(-17.000, -1.000, 24.000)	(-15.000, 0.000, 26.000)	(0.0, 0.0, 0.0)
PoolLevel/Floor/Floor2x2 (129)	Assets/Modern Villa/Prefabs/floors/Floor2x2.prefab	(-3.000, -1.000, 20.000)	(-1.000, 0.000, 22.000)	(0.0, 0.0, 0.0)
PoolLevel/Floor/Floor2x2 (160)	Assets/Modern Villa/Prefabs/floors/Floor2x2.prefab	(-11.000, -1.000, 20.000)	(-9.000, 0.000, 22.000)	(0.0, 0.0, 0.0)
PoolLevel/Floor/Floor2x2 (136)	Assets/Modern Villa/Prefabs/floors/Floor2x2.prefab	(-5.000, -1.000, 20.000)	(-3.000, 0.000, 22.000)	(0.0, 0.0, 0.0)
PoolLevel/Floor/Floor2x2 (161)	Assets/Modern Villa/Prefabs/floors/Floor2x2.prefab	(-13.000, -1.000, 20.000)	(-11.000, 0.000, 22.000)	(0.0, 0.0, 0.0)
PoolLevel/Floor/Floor2x2 (143)	Assets/Modern Villa/Prefabs/floors/Floor2x2.prefab	(-7.000, -1.000, 20.000)	(-5.000, 0.000, 22.000)	(0.0, 0.0, 0.0)
PoolLevel/Floor/Floor2x2 (162)	Assets/Modern Villa/Prefabs/floors/Floor2x2.prefab	(-15.000, -1.000, 20.000)	(-13.000, 0.000, 22.000)	(0.0, 0.0, 0.0)
PoolLevel/Floor/Floor2x2 (150)	Assets/Modern Villa/Prefabs/floors/Floor2x2.prefab	(-9.000, -1.000, 20.000)	(-7.000, 0.000, 22.000)	(0.0, 0.0, 0.0)
PoolLevel/Floor/Floor2x2 (163)	Assets/Modern Villa/Prefabs/floors/Floor2x2.prefab	(-17.000, -1.000, 20.000)	(-15.000, 0.000, 22.000)	(0.0, 0.0, 0.0)
PoolLevel/Floor/Floor2x2 (130)	Assets/Modern Villa/Prefabs/floors/Floor2x2.prefab	(-3.000, -1.000, 28.000)	(-1.000, 0.000, 30.000)	(0.0, 0.0, 0.0)
PoolLevel/Floor/Floor2x2 (164)	Assets/Modern Villa/Prefabs/floors/Floor2x2.prefab	(-11.000, -1.000, 28.000)	(-9.000, 0.000, 30.000)	(0.0, 0.0, 0.0)
PoolLevel/Floor/Floor2x2 (137)	Assets/Modern Villa/Prefabs/floors/Floor2x2.prefab	(-5.000, -1.000, 28.000)	(-3.000, 0.000, 30.000)	(0.0, 0.0, 0.0)
PoolLevel/Floor/Floor2x2 (165)	Assets/Modern Villa/Prefabs/floors/Floor2x2.prefab	(-13.000, -1.000, 28.000)	(-11.000, 0.000, 30.000)	(0.0, 0.0, 0.0)
PoolLevel/Floor/Floor2x2 (144)	Assets/Modern Villa/Prefabs/floors/Floor2x2.prefab	(-7.000, -1.000, 28.000)	(-5.000, 0.000, 30.000)	(0.0, 0.0, 0.0)
PoolLevel/Floor/Floor2x2 (166)	Assets/Modern Villa/Prefabs/floors/Floor2x2.prefab	(-15.000, -1.000, 28.000)	(-13.000, 0.000, 30.000)	(0.0, 0.0, 0.0)
PoolLevel/Floor/Floor2x2 (151)	Assets/Modern Villa/Prefabs/floors/Floor2x2.prefab	(-9.000, -1.000, 28.000)	(-7.000, 0.000, 30.000)	(0.0, 0.0, 0.0)
PoolLevel/Floor/Floor2x2 (167)	Assets/Modern Villa/Prefabs/floors/Floor2x2.prefab	(-17.000, -1.000, 28.000)	(-15.000, 0.000, 30.000)	(0.0, 0.0, 0.0)
PoolLevel/Floor/Floor2x2 (131)	Assets/Modern Villa/Prefabs/floors/Floor2x2.prefab	(-3.000, -1.000, 18.000)	(-1.000, 0.000, 20.000)	(0.0, 0.0, 0.0)
PoolLevel/Floor/Floor2x2 (168)	Assets/Modern Villa/Prefabs/floors/Floor2x2.prefab	(-11.000, -1.000, 18.000)	(-9.000, 0.000, 20.000)	(0.0, 0.0, 0.0)
PoolLevel/Floor/Floor2x2 (138)	Assets/Modern Villa/Prefabs/floors/Floor2x2.prefab	(-5.000, -1.000, 18.000)	(-3.000, 0.000, 20.000)	(0.0, 0.0, 0.0)
PoolLevel/Floor/Floor2x2 (169)	Assets/Modern Villa/Prefabs/floors/Floor2x2.prefab	(-13.000, -1.000, 18.000)	(-11.000, 0.000, 20.000)	(0.0, 0.0, 0.0)
PoolLevel/Floor/Floor2x2 (145)	Assets/Modern Villa/Prefabs/floors/Floor2x2.prefab	(-7.000, -1.000, 18.000)	(-5.000, 0.000, 20.000)	(0.0, 0.0, 0.0)
PoolLevel/Floor/Floor2x2 (170)	Assets/Modern Villa/Prefabs/floors/Floor2x2.prefab	(-15.000, -1.000, 18.000)	(-13.000, 0.000, 20.000)	(0.0, 0.0, 0.0)
PoolLevel/Floor/Floor2x2 (184)	Assets/Modern Villa/Prefabs/floors/Floor2x2.prefab	(-16.000, -1.000, 16.000)	(-14.000, 0.000, 18.000)	(0.0, 0.0, 0.0)
PoolLevel/Floor/Floor2x2 (188)	Assets/Modern Villa/Prefabs/floors/Floor2x2.prefab	(-16.000, -1.000, 12.000)	(-14.000, 0.000, 14.000)	(0.0, 0.0, 0.0)
PoolLevel/Floor/Floor2x2 (192)	Assets/Modern Villa/Prefabs/floors/Floor2x2.prefab	(-16.000, -1.000, 8.000)	(-14.000, 0.000, 10.000)	(0.0, 0.0, 0.0)
PoolLevel/Floor/Floor2x2 (196)	Assets/Modern Villa/Prefabs/floors/Floor2x2.prefab	(-16.000, -1.000, 4.000)	(-14.000, 0.000, 6.000)	(0.0, 0.0, 0.0)
PoolLevel/Floor/Floor2x2 (200)	Assets/Modern Villa/Prefabs/floors/Floor2x2.prefab	(-13.000, -1.000, 3.000)	(-11.000, 0.000, 5.000)	(0.0, 0.0, 0.0)
PoolLevel/Floor/Floor2x2 (186)	Assets/Modern Villa/Prefabs/floors/Floor2x2.prefab	(-16.000, -1.000, 14.000)	(-14.000, 0.000, 16.000)	(0.0, 0.0, 0.0)
PoolLevel/Floor/Floor2x2 (189)	Assets/Modern Villa/Prefabs/floors/Floor2x2.prefab	(-16.000, -1.000, 10.000)	(-14.000, 0.000, 12.000)	(0.0, 0.0, 0.0)
PoolLevel/Floor/Floor2x2 (193)	Assets/Modern Villa/Prefabs/floors/Floor2x2.prefab	(-16.000, -1.000, 6.000)	(-14.000, 0.000, 8.000)	(0.0, 0.0, 0.0)
PoolLevel/Floor/Floor2x2 (197)	Assets/Modern Villa/Prefabs/floors/Floor2x2.prefab	(-16.000, -1.000, 2.000)	(-14.000, 0.000, 4.000)	(0.0, 0.0, 0.0)
PoolLevel/Floor/Floor2x2 (201)	Assets/Modern Villa/Prefabs/floors/Floor2x2.prefab	(-13.000, -1.000, 1.000)	(-11.000, 0.000, 3.000)	(0.0, 0.0, 0.0)
PoolLevel/Floor/Floor2x2 (152)	Assets/Modern Villa/Prefabs/floors/Floor2x2.prefab	(-9.000, -1.000, 18.000)	(-7.000, 0.000, 20.000)	(0.0, 0.0, 0.0)
PoolLevel/Floor/Floor2x2 (171)	Assets/Modern Villa/Prefabs/floors/Floor2x2.prefab	(-17.000, -1.000, 18.000)	(-15.000, 0.000, 20.000)	(0.0, 0.0, 0.0)
PoolLevel/Floor/Floor2x2 (185)	Assets/Modern Villa/Prefabs/floors/Floor2x2.prefab	(-18.000, -1.000, 16.000)	(-16.000, 0.000, 18.000)	(0.0, 0.0, 0.0)
PoolLevel/Floor/Floor2x2 (190)	Assets/Modern Villa/Prefabs/floors/Floor2x2.prefab	(-18.000, -1.000, 12.000)	(-16.000, 0.000, 14.000)	(0.0, 0.0, 0.0)
PoolLevel/Floor/Floor2x2 (194)	Assets/Modern Villa/Prefabs/floors/Floor2x2.prefab	(-18.000, -1.000, 8.000)	(-16.000, 0.000, 10.000)	(0.0, 0.0, 0.0)
PoolLevel/Floor/Floor2x2 (198)	Assets/Modern Villa/Prefabs/floors/Floor2x2.prefab	(-18.000, -1.000, 4.000)	(-16.000, 0.000, 6.000)	(0.0, 0.0, 0.0)
PoolLevel/Floor/Floor2x2 (202)	Assets/Modern Villa/Prefabs/floors/Floor2x2.prefab	(-15.000, -1.000, 3.000)	(-13.000, 0.000, 5.000)	(0.0, 0.0, 0.0)
PoolLevel/Floor/Floor2x2 (206)	Assets/Modern Villa/Prefabs/floors/Floor2x2.prefab	(-18.000, -1.000, 0.000)	(-16.000, 0.000, 2.000)	(0.0, 0.0, 0.0)
PoolLevel/Floor/Floor2x2 (187)	Assets/Modern Villa/Prefabs/floors/Floor2x2.prefab	(-18.000, -1.000, 14.000)	(-16.000, 0.000, 16.000)	(0.0, 0.0, 0.0)
PoolLevel/Floor/Floor2x2 (191)	Assets/Modern Villa/Prefabs/floors/Floor2x2.prefab	(-18.000, -1.000, 10.000)	(-16.000, 0.000, 12.000)	(0.0, 0.0, 0.0)
PoolLevel/Floor/Floor2x2 (195)	Assets/Modern Villa/Prefabs/floors/Floor2x2.prefab	(-18.000, -1.000, 6.000)	(-16.000, 0.000, 8.000)	(0.0, 0.0, 0.0)
PoolLevel/Floor/Floor2x2 (199)	Assets/Modern Villa/Prefabs/floors/Floor2x2.prefab	(-18.000, -1.000, 2.000)	(-16.000, 0.000, 4.000)	(0.0, 0.0, 0.0)
PoolLevel/Floor/Floor2x2 (203)	Assets/Modern Villa/Prefabs/floors/Floor2x2.prefab	(-15.000, -1.000, 1.000)	(-13.000, 0.000, 3.000)	(0.0, 0.0, 0.0)
PoolLevel/Floor/Floor2x2 (132)	Assets/Modern Villa/Prefabs/floors/Floor2x2.prefab	(-3.000, -1.000, 26.000)	(-1.000, 0.000, 28.000)	(0.0, 0.0, 0.0)
PoolLevel/Floor/Floor2x2 (172)	Assets/Modern Villa/Prefabs/floors/Floor2x2.prefab	(-11.000, -1.000, 26.000)	(-9.000, 0.000, 28.000)	(0.0, 0.0, 0.0)
PoolLevel/Floor/Floor2x2 (139)	Assets/Modern Villa/Prefabs/floors/Floor2x2.prefab	(-5.000, -1.000, 26.000)	(-3.000, 0.000, 28.000)	(0.0, 0.0, 0.0)
PoolLevel/Floor/Floor2x2 (173)	Assets/Modern Villa/Prefabs/floors/Floor2x2.prefab	(-13.000, -1.000, 26.000)	(-11.000, 0.000, 28.000)	(0.0, 0.0, 0.0)
PoolLevel/Floor/Floor2x2 (146)	Assets/Modern Villa/Prefabs/floors/Floor2x2.prefab	(-7.000, -1.000, 26.000)	(-5.000, 0.000, 28.000)	(0.0, 0.0, 0.0)
PoolLevel/Floor/Floor2x2 (174)	Assets/Modern Villa/Prefabs/floors/Floor2x2.prefab	(-15.000, -1.000, 26.000)	(-13.000, 0.000, 28.000)	(0.0, 0.0, 0.0)
PoolLevel/Floor/Floor2x2 (153)	Assets/Modern Villa/Prefabs/floors/Floor2x2.prefab	(-9.000, -1.000, 26.000)	(-7.000, 0.000, 28.000)	(0.0, 0.0, 0.0)
PoolLevel/Floor/Floor2x2 (175)	Assets/Modern Villa/Prefabs/floors/Floor2x2.prefab	(-17.000, -1.000, 26.000)	(-15.000, 0.000, 28.000)	(0.0, 0.0, 0.0)
PoolLevel/Floor/Floor2x2 (133)	Assets/Modern Villa/Prefabs/floors/Floor2x2.prefab	(-3.000, -1.000, 22.000)	(-1.000, 0.000, 24.000)	(0.0, 0.0, 0.0)
PoolLevel/Floor/Floor2x2 (176)	Assets/Modern Villa/Prefabs/floors/Floor2x2.prefab	(-11.000, -1.000, 22.000)	(-9.000, 0.000, 24.000)	(0.0, 0.0, 0.0)
PoolLevel/Floor/Floor2x2 (140)	Assets/Modern Villa/Prefabs/floors/Floor2x2.prefab	(-5.000, -1.000, 22.000)	(-3.000, 0.000, 24.000)	(0.0, 0.0, 0.0)
PoolLevel/Floor/Floor2x2 (177)	Assets/Modern Villa/Prefabs/floors/Floor2x2.prefab	(-13.000, -1.000, 22.000)	(-11.000, 0.000, 24.000)	(0.0, 0.0, 0.0)
PoolLevel/Floor/Floor2x2 (147)	Assets/Modern Villa/Prefabs/floors/Floor2x2.prefab	(-7.000, -1.000, 22.000)	(-5.000, 0.000, 24.000)	(0.0, 0.0, 0.0)
PoolLevel/Floor/Floor2x2 (178)	Assets/Modern Villa/Prefabs/floors/Floor2x2.prefab	(-15.000, -1.000, 22.000)	(-13.000, 0.000, 24.000)	(0.0, 0.0, 0.0)
PoolLevel/Floor/Floor2x2 (154)	Assets/Modern Villa/Prefabs/floors/Floor2x2.prefab	(-9.000, -1.000, 22.000)	(-7.000, 0.000, 24.000)	(0.0, 0.0, 0.0)
PoolLevel/Floor/Floor2x2 (179)	Assets/Modern Villa/Prefabs/floors/Floor2x2.prefab	(-17.000, -1.000, 22.000)	(-15.000, 0.000, 24.000)	(0.0, 0.0, 0.0)
PoolLevel/Floor/Floor2x2 (134)	Assets/Modern Villa/Prefabs/floors/Floor2x2.prefab	(-3.000, -1.000, 30.000)	(-1.000, 0.000, 32.000)	(0.0, 0.0, 0.0)
PoolLevel/Floor/Floor2x2 (180)	Assets/Modern Villa/Prefabs/floors/Floor2x2.prefab	(-11.000, -1.000, 30.000)	(-9.000, 0.000, 32.000)	(0.0, 0.0, 0.0)
PoolLevel/Floor/Floor2x2 (141)	Assets/Modern Villa/Prefabs/floors/Floor2x2.prefab	(-5.000, -1.000, 30.000)	(-3.000, 0.000, 32.000)	(0.0, 0.0, 0.0)
PoolLevel/Floor/Floor2x2 (181)	Assets/Modern Villa/Prefabs/floors/Floor2x2.prefab	(-13.000, -1.000, 30.000)	(-11.000, 0.000, 32.000)	(0.0, 0.0, 0.0)
PoolLevel/Floor/Floor2x2 (148)	Assets/Modern Villa/Prefabs/floors/Floor2x2.prefab	(-7.000, -1.000, 30.000)	(-5.000, 0.000, 32.000)	(0.0, 0.0, 0.0)
PoolLevel/Floor/Floor2x2 (182)	Assets/Modern Villa/Prefabs/floors/Floor2x2.prefab	(-15.000, -1.000, 30.000)	(-13.000, 0.000, 32.000)	(0.0, 0.0, 0.0)
PoolLevel/Floor/Floor2x2 (155)	Assets/Modern Villa/Prefabs/floors/Floor2x2.prefab	(-9.000, -1.000, 30.000)	(-7.000, 0.000, 32.000)	(0.0, 0.0, 0.0)
PoolLevel/Floor/Floor2x2 (183)	Assets/Modern Villa/Prefabs/floors/Floor2x2.prefab	(-17.000, -1.000, 30.000)	(-15.000, 0.000, 32.000)	(0.0, 0.0, 0.0)
PoolLevel/Floor/Floor1x1	Assets/Modern Villa/Prefabs/floors/Floor1x1.prefab	(-16.020, -1.000, 1.000)	(-15.020, 0.000, 2.000)	(0.0, 0.0, 0.0)
PoolLevel/Floor/Floor1x1 (1)	Assets/Modern Villa/Prefabs/floors/Floor1x1.prefab	(-16.020, -1.000, 0.000)	(-15.020, 0.000, 1.000)	(0.0, 0.0, 0.0)
PoolLevel/Floor/Floor1x1 (3)	Assets/Modern Villa/Prefabs/floors/Floor1x1.prefab	(-14.020, -1.000, 0.000)	(-13.020, 0.000, 1.000)	(0.0, 0.0, 0.0)
PoolLevel/Floor/Floor1x1 (2)	Assets/Modern Villa/Prefabs/floors/Floor1x1.prefab	(-15.020, -1.000, 0.000)	(-14.020, 0.000, 1.000)	(0.0, 0.0, 0.0)
PoolLevel/Floor/Floor1x1 (4)	Assets/Modern Villa/Prefabs/floors/Floor1x1.prefab	(-13.020, -1.000, 0.000)	(-12.020, 0.000, 1.000)	(0.0, 0.0, 0.0)
PoolLevel/Floor/Floor1x1 (5)	Assets/Modern Villa/Prefabs/floors/Floor1x1.prefab	(-12.020, -1.000, 0.000)	(-11.020, 0.000, 1.000)	(0.0, 0.0, 0.0)
PoolLevel/Stairs		(-2.040, 0.000, -2.221)	(8.980, 0.880, 0.000)	(0.0, 0.0, 0.0)
PoolLevel/Stairs/StairsA_Corner	Assets/Modern Villa/Prefabs/floors/StairsA_Corner.prefab	(-2.040, 0.000, -2.221)	(-0.020, 0.880, 0.000)	(0.0, 180.0, 0.0)
PoolLevel/Stairs/StairsA	Assets/Modern Villa/Prefabs/floors/StairsA.prefab	(-0.020, 0.000, -2.221)	(0.980, 0.880, -1.001)	(0.0, 180.0, 0.0)
PoolLevel/Stairs/StairsA (3)	Assets/Modern Villa/Prefabs/floors/StairsA.prefab	(2.980, 0.000, -2.221)	(3.980, 0.880, -1.001)	(0.0, 180.0, 0.0)
PoolLevel/Stairs/StairsA (6)	Assets/Modern Villa/Prefabs/floors/StairsA.prefab	(5.980, 0.000, -2.221)	(6.980, 0.880, -1.001)	(0.0, 180.0, 0.0)
PoolLevel/Stairs/StairsA (1)	Assets/Modern Villa/Prefabs/floors/StairsA.prefab	(0.980, 0.000, -2.221)	(1.980, 0.880, -1.001)	(0.0, 180.0, 0.0)
PoolLevel/Stairs/StairsA (4)	Assets/Modern Villa/Prefabs/floors/StairsA.prefab	(3.980, 0.000, -2.221)	(4.980, 0.880, -1.001)	(0.0, 180.0, 0.0)
PoolLevel/Stairs/StairsA (7)	Assets/Modern Villa/Prefabs/floors/StairsA.prefab	(6.980, 0.000, -2.221)	(7.980, 0.880, -1.001)	(0.0, 180.0, 0.0)
PoolLevel/Stairs/StairsA (2)	Assets/Modern Villa/Prefabs/floors/StairsA.prefab	(1.980, 0.000, -2.221)	(2.980, 0.880, -1.001)	(0.0, 180.0, 0.0)
PoolLevel/Stairs/StairsA (5)	Assets/Modern Villa/Prefabs/floors/StairsA.prefab	(4.980, 0.000, -2.221)	(5.980, 0.880, -1.001)	(0.0, 180.0, 0.0)
PoolLevel/Stairs/StairsA (8)	Assets/Modern Villa/Prefabs/floors/StairsA.prefab	(7.980, 0.000, -2.221)	(8.980, 0.880, -1.001)	(0.0, 180.0, 0.0)
PoolLevel/Terrace		(-6.994, -1.344, -8.959)	(11.000, 0.110, 0.041)	(0.0, 0.0, 0.0)
PoolLevel/Terrace/TerraceFloor200x200	Assets/Modern Villa/Prefabs/floors/TerraceFloor200x200.prefab	(-4.020, 0.000, -2.000)	(-2.020, 0.100, 0.000)	(0.0, 0.0, 0.0)
PoolLevel/Terrace/TerraceFloor200x200 (1)	Assets/Modern Villa/Prefabs/floors/TerraceFloor200x200.prefab	(-4.020, 0.000, -4.000)	(-2.020, 0.100, -2.000)	(0.0, 0.0, 0.0)
PoolLevel/Terrace/TerraceFloor200x200 (9)	Assets/Modern Villa/Prefabs/floors/TerraceFloor200x200.prefab	(-4.020, 0.000, -6.000)	(-2.020, 0.100, -4.000)	(0.0, 0.0, 0.0)
PoolLevel/Terrace/TerraceFloor200x200 (17)	Assets/Modern Villa/Prefabs/floors/TerraceFloor200x200.prefab	(-4.020, 0.000, -8.000)	(-2.020, 0.100, -6.000)	(0.0, 0.0, 0.0)
PoolLevel/Terrace/TerraceFloor200x200 (3)	Assets/Modern Villa/Prefabs/floors/TerraceFloor200x200.prefab	(-0.020, 0.000, -4.000)	(1.980, 0.100, -2.000)	(0.0, 0.0, 0.0)
PoolLevel/Terrace/TerraceFloor200x200 (10)	Assets/Modern Villa/Prefabs/floors/TerraceFloor200x200.prefab	(-0.020, 0.000, -6.000)	(1.980, 0.100, -4.000)	(0.0, 0.0, 0.0)
PoolLevel/Terrace/TerraceFloor200x200 (18)	Assets/Modern Villa/Prefabs/floors/TerraceFloor200x200.prefab	(-0.020, 0.000, -8.000)	(1.980, 0.100, -6.000)	(0.0, 0.0, 0.0)
PoolLevel/Terrace/TerraceFloor200x200 (5)	Assets/Modern Villa/Prefabs/floors/TerraceFloor200x200.prefab	(3.980, 0.000, -4.000)	(5.980, 0.100, -2.000)	(0.0, 0.0, 0.0)
PoolLevel/Terrace/TerraceFloor200x200 (11)	Assets/Modern Villa/Prefabs/floors/TerraceFloor200x200.prefab	(3.980, 0.000, -6.000)	(5.980, 0.100, -4.000)	(0.0, 0.0, 0.0)
PoolLevel/Terrace/TerraceFloor200x200 (19)	Assets/Modern Villa/Prefabs/floors/TerraceFloor200x200.prefab	(3.980, 0.000, -8.000)	(5.980, 0.100, -6.000)	(0.0, 0.0, 0.0)
PoolLevel/Terrace/TerraceFloor200x200 (2)	Assets/Modern Villa/Prefabs/floors/TerraceFloor200x200.prefab	(-2.020, 0.000, -4.000)	(-0.020, 0.100, -2.000)	(0.0, 0.0, 0.0)
PoolLevel/Terrace/TerraceFloor200x200 (12)	Assets/Modern Villa/Prefabs/floors/TerraceFloor200x200.prefab	(-2.020, 0.000, -6.000)	(-0.020, 0.100, -4.000)	(0.0, 0.0, 0.0)
PoolLevel/Terrace/TerraceFloor200x200 (20)	Assets/Modern Villa/Prefabs/floors/TerraceFloor200x200.prefab	(-2.020, 0.000, -8.000)	(-0.020, 0.100, -6.000)	(0.0, 0.0, 0.0)
PoolLevel/Terrace/TerraceFloor200x200 (4)	Assets/Modern Villa/Prefabs/floors/TerraceFloor200x200.prefab	(1.980, 0.000, -4.000)	(3.980, 0.100, -2.000)	(0.0, 0.0, 0.0)
PoolLevel/Terrace/TerraceFloor200x200 (13)	Assets/Modern Villa/Prefabs/floors/TerraceFloor200x200.prefab	(1.980, 0.000, -6.000)	(3.980, 0.100, -4.000)	(0.0, 0.0, 0.0)
PoolLevel/Terrace/TerraceFloor200x200 (21)	Assets/Modern Villa/Prefabs/floors/TerraceFloor200x200.prefab	(1.980, 0.000, -8.000)	(3.980, 0.100, -6.000)	(0.0, 0.0, 0.0)
PoolLevel/Terrace/TerraceFloor200x200 (6)	Assets/Modern Villa/Prefabs/floors/TerraceFloor200x200.prefab	(5.980, 0.000, -4.000)	(7.980, 0.100, -2.000)	(0.0, 0.0, 0.0)
PoolLevel/Terrace/TerraceFloor200x200 (14)	Assets/Modern Villa/Prefabs/floors/TerraceFloor200x200.prefab	(5.980, 0.000, -6.000)	(7.980, 0.100, -4.000)	(0.0, 0.0, 0.0)
PoolLevel/Terrace/TerraceFloor200x200 (22)	Assets/Modern Villa/Prefabs/floors/TerraceFloor200x200.prefab	(5.980, 0.000, -8.000)	(7.980, 0.100, -6.000)	(0.0, 0.0, 0.0)
PoolLevel/Terrace/TerraceFloor200x200 (23)	Assets/Modern Villa/Prefabs/floors/TerraceFloor200x200.prefab	(7.980, 0.000, -8.000)	(9.980, 0.100, -6.000)	(0.0, 0.0, 0.0)
PoolLevel/Terrace/TerraceFloor200x200 (7)	Assets/Modern Villa/Prefabs/floors/TerraceFloor200x200.prefab	(7.980, 0.000, -4.000)	(9.980, 0.100, -2.000)	(0.0, 0.0, 0.0)
PoolLevel/Terrace/TerraceFloor200x200 (15)	Assets/Modern Villa/Prefabs/floors/TerraceFloor200x200.prefab	(7.980, 0.000, -6.000)	(9.980, 0.100, -4.000)	(0.0, 0.0, 0.0)
PoolLevel/Terrace/TerraceFloor200x200 (8)	Assets/Modern Villa/Prefabs/floors/TerraceFloor200x200.prefab	(7.980, 0.000, -2.000)	(9.980, 0.100, 0.000)	(0.0, 0.0, 0.0)
PoolLevel/Terrace/TerraceFloor200x200 (16)	Assets/Modern Villa/Prefabs/floors/TerraceFloor200x200.prefab	(7.980, 0.000, -4.000)	(9.980, 0.100, -2.000)	(0.0, 0.0, 0.0)
PoolLevel/Terrace/FloorSideplankLowA	Assets/Modern Villa/Prefabs/floors/FloorSideplankLowA.prefab	(-4.127, 0.010, -5.000)	(-4.027, 0.110, -4.000)	(0.0, 90.0, 0.0)
PoolLevel/Terrace/FloorSideplankLowA (15)	Assets/Modern Villa/Prefabs/floors/FloorSideplankLowA.prefab	(-4.127, 0.010, -2.000)	(-4.027, 0.110, -1.000)	(0.0, 90.0, 0.0)
PoolLevel/Terrace/FloorSideplankLowA (18)	Assets/Modern Villa/Prefabs/floors/FloorSideplankLowA.prefab	(-4.127, 0.010, -1.000)	(-4.027, 0.110, 0.000)	(0.0, 90.0, 0.0)
PoolLevel/Terrace/FloorSideplankLowA (2)	Assets/Modern Villa/Prefabs/floors/FloorSideplankLowA.prefab	(-4.127, 0.010, -7.000)	(-4.027, 0.110, -6.000)	(0.0, 90.0, 0.0)
PoolLevel/Terrace/FloorSideplankLowA (16)	Assets/Modern Villa/Prefabs/floors/FloorSideplankLowA.prefab	(-4.127, 0.010, -4.000)	(-4.027, 0.110, -3.000)	(0.0, 90.0, 0.0)
PoolLevel/Terrace/FloorSideplankLowA (3)	Assets/Modern Villa/Prefabs/floors/FloorSideplankLowA.prefab	(-3.018, 0.010, -8.100)	(-2.018, 0.110, -8.000)	(0.0, 180.0, 0.0)
PoolLevel/Terrace/FloorSideplankLowA (5)	Assets/Modern Villa/Prefabs/floors/FloorSideplankLowA.prefab	(-1.018, 0.010, -8.100)	(-0.018, 0.110, -8.000)	(0.0, 180.0, 0.0)
PoolLevel/Terrace/FloorSideplankLowA (7)	Assets/Modern Villa/Prefabs/floors/FloorSideplankLowA.prefab	(0.982, 0.010, -8.100)	(1.982, 0.110, -8.000)	(0.0, 180.0, 0.0)
PoolLevel/Terrace/FloorSideplankLowA (9)	Assets/Modern Villa/Prefabs/floors/FloorSideplankLowA.prefab	(2.982, 0.010, -8.100)	(3.982, 0.110, -8.000)	(0.0, 180.0, 0.0)
PoolLevel/Terrace/FloorSideplankLowA (11)	Assets/Modern Villa/Prefabs/floors/FloorSideplankLowA.prefab	(4.982, 0.010, -8.100)	(5.982, 0.110, -8.000)	(0.0, 180.0, 0.0)
PoolLevel/Terrace/FloorSideplankLowA (13)	Assets/Modern Villa/Prefabs/floors/FloorSideplankLowA.prefab	(6.982, 0.010, -8.100)	(7.982, 0.110, -8.000)	(0.0, 180.0, 0.0)
PoolLevel/Terrace/FloorSideplankLowA (4)	Assets/Modern Villa/Prefabs/floors/FloorSideplankLowA.prefab	(-2.018, 0.010, -8.100)	(-1.018, 0.110, -8.000)	(0.0, 180.0, 0.0)
PoolLevel/Terrace/FloorSideplankLowA (6)	Assets/Modern Villa/Prefabs/floors/FloorSideplankLowA.prefab	(-0.018, 0.010, -8.100)	(0.982, 0.110, -8.000)	(0.0, 180.0, 0.0)
PoolLevel/Terrace/FloorSideplankLowA (8)	Assets/Modern Villa/Prefabs/floors/FloorSideplankLowA.prefab	(1.982, 0.010, -8.100)	(2.982, 0.110, -8.000)	(0.0, 180.0, 0.0)
PoolLevel/Terrace/FloorSideplankLowA (10)	Assets/Modern Villa/Prefabs/floors/FloorSideplankLowA.prefab	(3.982, 0.010, -8.100)	(4.982, 0.110, -8.000)	(0.0, 180.0, 0.0)
PoolLevel/Terrace/FloorSideplankLowA (12)	Assets/Modern Villa/Prefabs/floors/FloorSideplankLowA.prefab	(5.982, 0.010, -8.100)	(6.982, 0.110, -8.000)	(0.0, 180.0, 0.0)
PoolLevel/Terrace/FloorSideplankLowA (14)	Assets/Modern Villa/Prefabs/floors/FloorSideplankLowA.prefab	(7.982, 0.010, -8.100)	(8.982, 0.110, -8.000)	(0.0, 180.0, 0.0)
PoolLevel/Terrace/FloorSideplankLowA (1)	Assets/Modern Villa/Prefabs/floors/FloorSideplankLowA.prefab	(-4.127, 0.010, -6.000)	(-4.027, 0.110, -5.000)	(0.0, 90.0, 0.0)
PoolLevel/Terrace/FloorSideplankLowA (17)	Assets/Modern Villa/Prefabs/floors/FloorSideplankLowA.prefab	(-4.127, 0.010, -3.000)	(-4.027, 0.110, -2.000)	(0.0, 90.0, 0.0)
PoolLevel/Terrace/FloorSideplankLowC	Assets/Modern Villa/Prefabs/floors/FloorSideplankLowC.prefab	(-4.120, 0.010, -8.097)	(-4.020, 0.110, -7.000)	(0.0, 270.0, 0.0)
PoolLevel/Terrace/FloorSideplankLowB	Assets/Modern Villa/Prefabs/floors/FloorSideplankLowB.prefab	(-4.117, 0.010, -8.100)	(-3.020, 0.110, -7.999)	(0.0, 180.0, 0.0)
PoolLevel/Terrace/Floor2x2 (128)	Assets/Modern Villa/Prefabs/floors/Floor2x2.prefab	(-6.000, -1.000, -1.959)	(-4.000, 0.000, 0.041)	(0.0, 0.0, 0.0)
PoolLevel/Terrace/Floor2x2 (129)	Assets/Modern Villa/Prefabs/floors/Floor2x2.prefab	(-5.000, -1.000, -3.959)	(-3.000, 0.000, -1.959)	(0.0, 0.0, 0.0)
PoolLevel/Terrace/Floor2x2 (131)	Assets/Modern Villa/Prefabs/floors/Floor2x2.prefab	(-5.000, -1.000, -3.959)	(-3.000, 0.000, -1.959)	(0.0, 0.0, 0.0)
PoolLevel/Terrace/Floor2x2 (132)	Assets/Modern Villa/Prefabs/floors/Floor2x2.prefab	(-5.000, -1.000, -5.959)	(-3.000, 0.000, -3.959)	(0.0, 0.0, 0.0)
PoolLevel/Terrace/Floor2x2 (140)	Assets/Modern Villa/Prefabs/floors/Floor2x2.prefab	(-5.000, -1.000, -8.959)	(-3.000, 0.000, -6.959)	(0.0, 0.0, 0.0)
PoolLevel/Terrace/Floor2x2 (134)	Assets/Modern Villa/Prefabs/floors/Floor2x2.prefab	(-1.000, -1.000, -5.959)	(1.000, 0.000, -3.959)	(0.0, 0.0, 0.0)
PoolLevel/Terrace/Floor2x2 (141)	Assets/Modern Villa/Prefabs/floors/Floor2x2.prefab	(-1.000, -1.000, -8.959)	(1.000, 0.000, -6.959)	(0.0, 0.0, 0.0)
PoolLevel/Terrace/Floor2x2 (136)	Assets/Modern Villa/Prefabs/floors/Floor2x2.prefab	(3.000, -1.000, -5.959)	(5.000, 0.000, -3.959)	(0.0, 0.0, 0.0)
PoolLevel/Terrace/Floor2x2 (142)	Assets/Modern Villa/Prefabs/floors/Floor2x2.prefab	(3.000, -1.000, -8.959)	(5.000, 0.000, -6.959)	(0.0, 0.0, 0.0)
PoolLevel/Terrace/Floor2x2 (138)	Assets/Modern Villa/Prefabs/floors/Floor2x2.prefab	(7.000, -1.000, -5.959)	(9.000, 0.000, -3.959)	(0.0, 0.0, 0.0)
PoolLevel/Terrace/Floor2x2 (143)	Assets/Modern Villa/Prefabs/floors/Floor2x2.prefab	(7.000, -1.000, -8.959)	(9.000, 0.000, -6.959)	(0.0, 0.0, 0.0)
PoolLevel/Terrace/Floor2x2 (133)	Assets/Modern Villa/Prefabs/floors/Floor2x2.prefab	(-3.000, -1.000, -5.959)	(-1.000, 0.000, -3.959)	(0.0, 0.0, 0.0)
PoolLevel/Terrace/Floor2x2 (144)	Assets/Modern Villa/Prefabs/floors/Floor2x2.prefab	(-3.000, -1.000, -8.959)	(-1.000, 0.000, -6.959)	(0.0, 0.0, 0.0)
PoolLevel/Terrace/Floor2x2 (135)	Assets/Modern Villa/Prefabs/floors/Floor2x2.prefab	(1.000, -1.000, -5.959)	(3.000, 0.000, -3.959)	(0.0, 0.0, 0.0)
PoolLevel/Terrace/Floor2x2 (145)	Assets/Modern Villa/Prefabs/floors/Floor2x2.prefab	(1.000, -1.000, -8.959)	(3.000, 0.000, -6.959)	(0.0, 0.0, 0.0)
PoolLevel/Terrace/Floor2x2 (137)	Assets/Modern Villa/Prefabs/floors/Floor2x2.prefab	(5.000, -1.000, -5.959)	(7.000, 0.000, -3.959)	(0.0, 0.0, 0.0)
PoolLevel/Terrace/Floor2x2 (146)	Assets/Modern Villa/Prefabs/floors/Floor2x2.prefab	(5.000, -1.000, -8.959)	(7.000, 0.000, -6.959)	(0.0, 0.0, 0.0)
PoolLevel/Terrace/Floor2x2 (139)	Assets/Modern Villa/Prefabs/floors/Floor2x2.prefab	(9.000, -1.000, -5.959)	(11.000, 0.000, -3.959)	(0.0, 0.0, 0.0)
PoolLevel/Terrace/Floor2x2 (149)	Assets/Modern Villa/Prefabs/floors/Floor2x2.prefab	(9.000, -1.000, -3.959)	(11.000, 0.000, -1.959)	(0.0, 0.0, 0.0)
PoolLevel/Terrace/Floor2x2 (150)	Assets/Modern Villa/Prefabs/floors/Floor2x2.prefab	(9.000, -1.000, -1.959)	(11.000, 0.000, 0.041)	(0.0, 0.0, 0.0)
PoolLevel/Terrace/Floor2x2 (148)	Assets/Modern Villa/Prefabs/floors/Floor2x2.prefab	(9.000, -1.000, -7.959)	(11.000, 0.000, -5.959)	(0.0, 0.0, 0.0)
PoolLevel/Terrace/Floor2x2 (147)	Assets/Modern Villa/Prefabs/floors/Floor2x2.prefab	(9.000, -1.000, -8.959)	(11.000, 0.000, -6.959)	(0.0, 0.0, 0.0)
PoolLevel/Terrace/Floor1x1	Assets/Modern Villa/Prefabs/floors/Floor1x1.prefab	(-5.994, -1.344, -2.958)	(-4.994, -0.344, -1.958)	(0.0, 0.0, 0.0)
PoolLevel/Terrace/Floor1x1 (1)	Assets/Modern Villa/Prefabs/floors/Floor1x1.prefab	(-5.994, -1.344, -3.958)	(-4.994, -0.344, -2.958)	(0.0, 0.0, 0.0)
PoolLevel/Terrace/Floor1x1 (18)	Assets/Modern Villa/Prefabs/floors/Floor1x1.prefab	(-5.994, -1.344, -4.958)	(-4.994, -0.344, -3.958)	(0.0, 0.0, 0.0)
PoolLevel/Terrace/Floor1x1Low	Assets/Modern Villa/Prefabs/floors/Floor1x1Low.prefab	(-6.994, -0.951, -3.962)	(-5.994, -0.621, -2.962)	(0.0, 0.0, 0.0)
PoolLevel/Terrace/Floor1x1Low (1)	Assets/Modern Villa/Prefabs/floors/Floor1x1Low.prefab	(-6.994, -0.951, -4.962)	(-5.994, -0.621, -3.962)	(0.0, 0.0, 0.0)
PoolLevel/Terrace/Floor1x1Low (2)	Assets/Modern Villa/Prefabs/floors/Floor1x1Low.prefab	(-5.994, -0.951, -5.962)	(-4.994, -0.621, -4.962)	(0.0, 0.0, 0.0)
PoolLevel/Terrace/Floor1x1Low (3)	Assets/Modern Villa/Prefabs/floors/Floor1x1Low.prefab	(-6.994, -0.951, -5.962)	(-5.994, -0.621, -4.962)	(0.0, 0.0, 0.0)
PoolLevel/Terrace/Floor1x1 (2)	Assets/Modern Villa/Prefabs/floors/Floor1x1.prefab	(-5.003, -1.000, -6.951)	(-4.003, 0.000, -5.951)	(0.0, 0.0, 0.0)
PoolLevel/Terrace/Floor1x1 (6)	Assets/Modern Villa/Prefabs/floors/Floor1x1.prefab	(-1.003, -1.000, -6.951)	(-0.003, 0.000, -5.951)	(0.0, 0.0, 0.0)
PoolLevel/Terrace/Floor1x1 (10)	Assets/Modern Villa/Prefabs/floors/Floor1x1.prefab	(2.997, -1.000, -6.951)	(3.997, 0.000, -5.951)	(0.0, 0.0, 0.0)
PoolLevel/Terrace/Floor1x1 (14)	Assets/Modern Villa/Prefabs/floors/Floor1x1.prefab	(6.997, -1.000, -6.951)	(7.997, 0.000, -5.951)	(0.0, 0.0, 0.0)
PoolLevel/Terrace/Floor1x1 (4)	Assets/Modern Villa/Prefabs/floors/Floor1x1.prefab	(-3.003, -1.000, -6.951)	(-2.003, 0.000, -5.951)	(0.0, 0.0, 0.0)
PoolLevel/Terrace/Floor1x1 (7)	Assets/Modern Villa/Prefabs/floors/Floor1x1.prefab	(0.997, -1.000, -6.951)	(1.997, 0.000, -5.951)	(0.0, 0.0, 0.0)
PoolLevel/Terrace/Floor1x1 (11)	Assets/Modern Villa/Prefabs/floors/Floor1x1.prefab	(4.997, -1.000, -6.951)	(5.997, 0.000, -5.951)	(0.0, 0.0, 0.0)
PoolLevel/Terrace/Floor1x1 (15)	Assets/Modern Villa/Prefabs/floors/Floor1x1.prefab	(8.997, -1.000, -6.951)	(9.997, 0.000, -5.951)	(0.0, 0.0, 0.0)
PoolLevel/Terrace/Floor1x1 (3)	Assets/Modern Villa/Prefabs/floors/Floor1x1.prefab	(-4.003, -1.000, -6.951)	(-3.003, 0.000, -5.951)	(0.0, 0.0, 0.0)
PoolLevel/Terrace/Floor1x1 (8)	Assets/Modern Villa/Prefabs/floors/Floor1x1.prefab	(-0.003, -1.000, -6.951)	(0.997, 0.000, -5.951)	(0.0, 0.0, 0.0)
PoolLevel/Terrace/Floor1x1 (12)	Assets/Modern Villa/Prefabs/floors/Floor1x1.prefab	(3.997, -1.000, -6.951)	(4.997, 0.000, -5.951)	(0.0, 0.0, 0.0)
PoolLevel/Terrace/Floor1x1 (16)	Assets/Modern Villa/Prefabs/floors/Floor1x1.prefab	(7.997, -1.000, -6.951)	(8.997, 0.000, -5.951)	(0.0, 0.0, 0.0)
PoolLevel/Terrace/Floor1x1 (5)	Assets/Modern Villa/Prefabs/floors/Floor1x1.prefab	(-2.003, -1.000, -6.951)	(-1.003, 0.000, -5.951)	(0.0, 0.0, 0.0)
PoolLevel/Terrace/Floor1x1 (9)	Assets/Modern Villa/Prefabs/floors/Floor1x1.prefab	(1.997, -1.000, -6.951)	(2.997, 0.000, -5.951)	(0.0, 0.0, 0.0)
PoolLevel/Terrace/Floor1x1 (13)	Assets/Modern Villa/Prefabs/floors/Floor1x1.prefab	(5.997, -1.000, -6.951)	(6.997, 0.000, -5.951)	(0.0, 0.0, 0.0)
PoolLevel/Terrace/Floor1x1 (17)	Assets/Modern Villa/Prefabs/floors/Floor1x1.prefab	(9.997, -1.000, -6.951)	(10.997, 0.000, -5.951)	(0.0, 0.0, 0.0)
PoolLevel/mv_CouchTableD	Assets/Modern Villa/Prefabs/furniture/CouchTableD.prefab	(6.153, 0.087, -3.051)	(6.551, 0.930, -2.653)	(0.0, 0.0, 0.0)
PoolLevel/Objects		(-4.828, -0.005, -8.965)	(13.640, 1.825, 2.017)	(0.0, 0.0, 0.0)
PoolLevel/Objects/SideTable Variant	Assets/Modern Villa/Prefabs/furniture/SideTable Variant.prefab	(-2.198, 0.096, -3.961)	(-1.706, 0.766, -3.469)	(0.0, 0.0, 0.0)
PoolLevel/Objects/Couch Group A	Assets/Modern Villa/Prefabs/furniture/Couch Group A.prefab	(5.398, 0.100, -7.352)	(8.485, 0.818, -3.325)	(0.0, 180.0, 0.0)
PoolLevel/Objects/Couch Group A/couch pool straight	Assets/Modern Villa/Prefabs/furniture/CouchPoolStraight.prefab	(7.417, 0.100, -6.398)	(8.479, 0.801, -5.288)	(0.0, 90.0, 0.0)
PoolLevel/Objects/Couch Group A/couch pool straight (1)	Assets/Modern Villa/Prefabs/furniture/CouchPoolStraight.prefab	(7.417, 0.100, -5.398)	(8.479, 0.818, -4.288)	(0.0, 90.0, 0.0)
PoolLevel/Objects/Couch Group A/couch pool straight (1)/pillow a	Assets/Modern Villa/Prefabs/furniture/PillowA.prefab	(8.237, 0.489, -4.954)	(8.393, 0.818, -4.614)	(72.0, 270.0, 0.0)
PoolLevel/Objects/Couch Group A/couch pool straight (2)	Assets/Modern Villa/Prefabs/furniture/CouchPoolStraight.prefab	(6.398, 0.100, -4.414)	(7.508, 0.817, -3.352)	(0.0, 0.0, 0.0)
PoolLevel/Objects/Couch Group A/couch pool straight (2)/pillow b	Assets/Modern Villa/Prefabs/furniture/PillowB.prefab	(6.681, 0.493, -3.542)	(7.238, 0.815, -3.426)	(80.4, 178.3, 359.2)
PoolLevel/Objects/Couch Group A/couch pool straight (2)/pillow a	Assets/Modern Villa/Prefabs/furniture/PillowA.prefab	(7.030, 0.490, -3.614)	(7.370, 0.817, -3.425)	(72.0, 173.7, 0.0)
PoolLevel/Objects/Couch Group A/couch pool straight (3)	Assets/Modern Villa/Prefabs/furniture/CouchPoolStraight.prefab	(5.398, 0.100, -4.414)	(6.508, 0.801, -3.352)	(0.0, 0.0, 0.0)
PoolLevel/Objects/Couch Group A/couch pool straight (4)	Assets/Modern Villa/Prefabs/furniture/CouchPoolStraight.prefab	(5.412, 0.100, -7.348)	(6.522, 0.801, -6.286)	(0.0, 180.0, 0.0)
PoolLevel/Objects/Couch Group A/couch pool straight (5)	Assets/Modern Villa/Prefabs/furniture/CouchPoolStraight.prefab	(6.412, 0.100, -7.348)	(7.522, 0.801, -6.286)	(0.0, 180.0, 0.0)
PoolLevel/Objects/Couch Group A/couch pool corner (1)	Assets/Modern Villa/Prefabs/furniture/CouchPoolCorner.prefab	(7.396, 0.100, -4.373)	(8.462, 0.806, -3.325)	(0.0, 90.0, 0.0)
PoolLevel/Objects/Couch Group A/couch pool corner (2)	Assets/Modern Villa/Prefabs/furniture/CouchPoolCorner.prefab	(7.437, 0.100, -7.352)	(8.485, 0.806, -6.286)	(0.0, 180.0, 0.0)
PoolLevel/Objects/CouchTableB (1)	Assets/Modern Villa/Prefabs/furniture/CouchTableB.prefab	(-4.056, -0.005, -5.762)	(6.691, 0.848, -0.860)	(0.0, 0.0, 0.0)
PoolLevel/Objects/CouchTableB (1)/BookF	Assets/Modern Villa/Prefabs/Props/BookF.prefab	(5.998, 0.531, -5.452)	(6.357, 0.564, -5.136)	(0.0, 153.0, 90.4)
PoolLevel/Objects/CouchTableB (1)/BookF (1)	Assets/Modern Villa/Prefabs/Props/BookF.prefab	(5.996, 0.562, -5.459)	(6.333, 0.593, -5.098)	(0.0, 234.7, 90.3)
PoolLevel/Objects/CouchTableB (1)/BookE	Assets/Modern Villa/Prefabs/Props/BookE.prefab	(5.961, 0.440, -5.489)	(6.268, 0.536, -5.146)	(0.0, 242.4, 87.6)
PoolLevel/Objects/CouchTableB (1)/Basketball	Assets/Modern Villa/Prefabs/Props/Basketball.prefab	(-4.056, -0.005, -1.401)	(-3.553, 0.436, -0.860)	(322.8, 327.8, 0.0)
PoolLevel/Objects/CouchTableB (1)/LanternC	Assets/Modern Villa/Prefabs/Props/LanternC.prefab	(6.293, 0.449, -5.762)	(6.624, 0.848, -5.436)	(0.0, 317.1, 0.0)
PoolLevel/Objects/CouchPoolStraight	Assets/Modern Villa/Prefabs/furniture/CouchPoolStraight.prefab	(-1.721, 0.100, -4.563)	(-0.611, 0.801, -3.501)	(0.0, 0.0, 0.0)
PoolLevel/Objects/CouchPoolStraight (1)	Assets/Modern Villa/Prefabs/furniture/CouchPoolStraight.prefab	(-0.816, 0.100, -4.563)	(0.624, 0.812, -3.501)	(0.0, 0.0, 0.0)
PoolLevel/Objects/CouchPoolStraight (1)/PillowD Variant	Assets/Modern Villa/Prefabs/Props/PillowD Variant.prefab	(-0.816, 0.509, -4.035)	(-0.088, 0.654, -3.548)	(0.0, 162.2, 0.0)
PoolLevel/Objects/CouchPoolStraight (1)/PillowG	Assets/Modern Villa/Meshes/props/mv_PillowG.fbx	(-0.120, 0.436, -3.962)	(0.624, 0.812, -3.525)	(321.1, 2.8, 1.0)
PoolLevel/Objects/CouchPoolStraight (2)	Assets/Modern Villa/Prefabs/furniture/CouchPoolStraight.prefab	(0.279, 0.100, -4.563)	(1.389, 0.801, -3.501)	(0.0, 0.0, 0.0)
PoolLevel/Objects/CouchPoolCorner	Assets/Modern Villa/Prefabs/furniture/CouchPoolCorner.prefab	(1.315, 0.100, -4.576)	(2.381, 0.806, -3.528)	(0.0, 90.0, 0.0)
PoolLevel/Objects/CouchTableC	Assets/Modern Villa/Prefabs/furniture/CouchTableC.prefab	(-0.400, 0.100, -6.193)	(0.650, 0.757, -5.143)	(0.0, 0.0, 0.0)
PoolLevel/Objects/CouchTableC/RedWineGlas	Assets/Modern Villa/Prefabs/Props/RedWineGlas.prefab	(-0.244, 0.532, -5.377)	(-0.144, 0.757, -5.277)	(0.0, 0.0, 0.0)
PoolLevel/Objects/CouchTableC/Ashtray Variant	Assets/Modern Villa/Prefabs/Props/Ashtray Variant.prefab	(0.205, 0.530, -5.515)	(0.325, 0.580, -5.395)	(0.0, 0.0, 0.0)
PoolLevel/Objects/CouchTableC/WhiteWineGlas	Assets/Modern Villa/Prefabs/Props/WhiteWineGlas.prefab	(0.396, 0.530, -5.377)	(0.482, 0.730, -5.291)	(0.0, 0.0, 0.0)
PoolLevel/Objects/CouchTableC/Glas	Assets/Modern Villa/Prefabs/Props/Glas.prefab	(-0.061, 0.531, -5.387)	(0.023, 0.668, -5.303)	(0.0, 0.0, 0.0)
PoolLevel/Objects/CouchTableC/Napkin Variant	Assets/Modern Villa/Prefabs/Props/Napkin Variant.prefab	(-0.223, 0.530, -5.413)	(-0.112, 0.532, -5.301)	(0.0, 0.0, 0.0)
PoolLevel/Objects/PillowC Variant	Assets/Modern Villa/Prefabs/Props/PillowC Variant.prefab	(-1.095, 0.480, -3.883)	(-0.581, 0.752, -3.562)	(25.2, 180.0, 0.0)
PoolLevel/Objects/TabletB	Assets/Modern Villa/Prefabs/Props/TabletB.prefab	(-2.180, 0.766, -3.967)	(-1.775, 0.999, -3.562)	(0.0, 0.0, 0.0)
PoolLevel/Objects/TabletB/BottleA	Assets/Modern Villa/Prefabs/Props/BottleA.prefab	(-2.035, 0.774, -3.800)	(-1.955, 0.890, -3.732)	(0.0, 216.0, 0.0)
PoolLevel/Objects/TabletB/RedWineGlas	Assets/Modern Villa/Prefabs/Props/RedWineGlas.prefab	(-2.130, 0.774, -3.779)	(-2.031, 0.999, -3.680)	(0.0, 0.0, 0.0)
PoolLevel/Objects/TabletB/RedWineGlas (1)	Assets/Modern Villa/Prefabs/Props/RedWineGlas.prefab	(-1.987, 0.774, -3.923)	(-1.888, 0.999, -3.824)	(0.0, 0.0, 0.0)
PoolLevel/Objects/TabletA	Assets/Modern Villa/Prefabs/Props/TabletA.prefab	(-0.361, 0.529, -6.166)	(0.207, 0.596, -5.614)	(0.0, 36.9, 0.0)
PoolLevel/Objects/CouchC	Assets/Modern Villa/Prefabs/furniture/CouchC Variant.prefab	(1.273, 0.100, -6.330)	(2.380, 0.536, -4.869)	(0.0, 270.0, 0.0)
PoolLevel/Objects/mv_CouchC (1)	Assets/Modern Villa/Prefabs/furniture/CouchC.prefab	(-0.623, 0.098, -7.817)	(0.838, 0.534, -6.710)	(0.0, 0.0, 0.0)
PoolLevel/Objects/SideTable Variant (1)	Assets/Modern Villa/Prefabs/furniture/SideTable Variant.prefab	(-1.483, 0.096, -7.551)	(-0.948, 1.240, -7.058)	(0.0, 0.0, 0.0)
PoolLevel/Objects/SideTable Variant (1)/VaseA (1)	Assets/Modern Villa/Prefabs/Props/VaseA.prefab	(-1.483, 0.764, -7.540)	(-1.190, 1.240, -7.310)	(0.0, 0.0, 0.0)
PoolLevel/Objects/VaseC	Assets/Modern Villa/Prefabs/Props/VaseC.prefab	(-0.051, 0.543, -6.108)	(0.024, 0.891, -6.033)	(0.0, 0.0, 0.0)
PoolLevel/Objects/VaseA	Assets/Modern Villa/Prefabs/Props/VaseA.prefab	(0.783, 1.350, 0.470)	(1.075, 1.825, 0.700)	(0.0, 0.0, 0.0)
PoolLevel/Objects/SmallPlate	Assets/Modern Villa/Prefabs/Props/SmallPlate.prefab	(-0.207, 0.544, -5.882)	(-0.040, 0.556, -5.714)	(0.0, 0.0, 0.0)
PoolLevel/Objects/SmallPlate/SmallPlate	Assets/Modern Villa/Meshes/props/mv_SmallPlate.fbx	(-0.207, 0.544, -5.882)	(-0.040, 0.556, -5.714)	(0.0, 0.0, 0.0)
PoolLevel/Objects/Napkin	Assets/Modern Villa/Prefabs/Props/Napkin.prefab	(-0.024, 0.543, -6.005)	(0.076, 0.576, -5.805)	(0.0, 0.0, 0.0)
PoolLevel/Objects/mv_BottleA	Assets/Modern Villa/Prefabs/Props/BottleA.prefab	(-0.287, 0.544, -5.934)	(-0.224, 0.661, -5.852)	(0.0, 239.5, 0.0)
PoolLevel/Objects/TabletB (1)	Assets/Modern Villa/Prefabs/Props/TabletB.prefab	(1.626, 0.505, -5.824)	(2.144, 0.779, -5.306)	(0.0, 0.0, 0.0)
PoolLevel/Objects/TabletB (1)/TowelA	Assets/Modern Villa/Prefabs/Props/TowelA.prefab	(1.702, 0.535, -5.652)	(2.060, 0.674, -5.312)	(0.0, 48.9, 0.0)
PoolLevel/Objects/TabletB (1)/TowelA (1)	Assets/Modern Villa/Prefabs/Props/TowelA.prefab	(1.791, 0.505, -5.744)	(2.144, 0.685, -5.403)	(0.0, 48.9, 35.1)
PoolLevel/Objects/TabletB (1)/TowelA (2)	Assets/Modern Villa/Prefabs/Props/TowelA.prefab	(1.750, 0.597, -5.733)	(2.105, 0.779, -5.391)	(0.0, 48.9, 138.8)
PoolLevel/Objects/mv_LoungeChair	Assets/Modern Villa/Prefabs/furniture/LoungeChair.prefab	(12.818, 1.000, 0.039)	(13.580, 1.764, 0.801)	(0.0, 159.8, 0.0)
PoolLevel/Objects/mv_LoungeChair (1)	Assets/Modern Villa/Prefabs/furniture/LoungeChair.prefab	(12.800, 1.000, 1.178)	(13.640, 1.764, 2.017)	(0.0, 223.7, 0.0)
PoolLevel/Objects/StoneboxLow	Assets/Modern Villa/Prefabs/Stoneboxes/StoneboxLow.prefab	(9.794, 0.000, -8.965)	(10.794, 0.399, -8.465)	(0.0, 0.0, 0.0)
PoolLevel/Objects/StoneboxLow/FlowerA	Assets/Modern Villa/Prefabs/Plants/FlowerA.prefab	(9.862, 0.217, -8.741)	(10.076, 0.374, -8.487)	(0.0, 0.0, 0.0)
PoolLevel/Objects/StoneboxLow/FlowerB	Assets/Modern Villa/Prefabs/Plants/FlowerB.prefab	(9.880, 0.210, -8.952)	(10.090, 0.367, -8.689)	(0.0, 0.0, 0.0)
PoolLevel/Objects/StoneboxLow/FlowerB (1)	Assets/Modern Villa/Prefabs/Plants/FlowerB.prefab	(10.380, 0.210, -8.952)	(10.590, 0.367, -8.689)	(0.0, 0.0, 0.0)
PoolLevel/Objects/StoneboxLow/FlowerC	Assets/Modern Villa/Prefabs/Plants/FlowerC.prefab	(10.069, 0.246, -8.946)	(10.297, 0.399, -8.681)	(0.0, 0.0, 0.0)
PoolLevel/Objects/StoneboxLow/FlowerC (1)	Assets/Modern Villa/Prefabs/Plants/FlowerC.prefab	(10.448, 0.246, -8.765)	(10.676, 0.399, -8.500)	(0.0, 0.0, 0.0)
PoolLevel/Objects/StoneboxLow/FlowerF	Assets/Modern Villa/Prefabs/Plants/FlowerF.prefab	(10.125, 0.239, -8.793)	(10.387, 0.398, -8.499)	(0.0, 0.0, 0.0)
PoolLevel/Objects/StoneboxLow (1)	Assets/Modern Villa/Prefabs/Stoneboxes/StoneboxLow.prefab	(-4.828, 0.000, -1.779)	(-4.140, 0.549, -0.401)	(0.0, 90.0, 0.0)
PoolLevel/Objects/StoneboxLow (1)/FlowerA	Assets/Modern Villa/Prefabs/Plants/FlowerA.prefab	(-4.519, 0.299, -0.790)	(-4.170, 0.514, -0.496)	(0.0, 90.0, 0.0)
PoolLevel/Objects/StoneboxLow (1)/FlowerB	Assets/Modern Villa/Prefabs/Plants/FlowerB.prefab	(-4.810, 0.289, -0.809)	(-4.447, 0.505, -0.520)	(0.0, 90.0, 0.0)
PoolLevel/Objects/StoneboxLow (1)/FlowerB (1)	Assets/Modern Villa/Prefabs/Plants/FlowerB.prefab	(-4.810, 0.289, -1.497)	(-4.447, 0.505, -1.208)	(0.0, 90.0, 0.0)
PoolLevel/Objects/StoneboxLow (1)/FlowerC	Assets/Modern Villa/Prefabs/Plants/FlowerC.prefab	(-4.802, 0.338, -1.093)	(-4.437, 0.549, -0.780)	(0.0, 90.0, 0.0)
PoolLevel/Objects/StoneboxLow (1)/FlowerC (1)	Assets/Modern Villa/Prefabs/Plants/FlowerC.prefab	(-4.552, 0.338, -1.615)	(-4.187, 0.549, -1.302)	(0.0, 90.0, 0.0)
PoolLevel/Objects/StoneboxLow (1)/FlowerF	Assets/Modern Villa/Prefabs/Plants/FlowerF.prefab	(-4.592, 0.329, -1.218)	(-4.186, 0.549, -0.857)	(0.0, 90.0, 0.0)
PoolLevel/Objects/StoneboxLow (2)	Assets/Modern Villa/Prefabs/Stoneboxes/StoneboxLow.prefab	(-4.828, 0.000, -4.650)	(-4.140, 0.549, -3.272)	(0.0, 90.0, 0.0)
PoolLevel/Objects/StoneboxLow (2)/FlowerA	Assets/Modern Villa/Prefabs/Plants/FlowerA.prefab	(-4.519, 0.299, -3.661)	(-4.170, 0.514, -3.367)	(0.0, 90.0, 0.0)
PoolLevel/Objects/StoneboxLow (2)/FlowerB	Assets/Modern Villa/Prefabs/Plants/FlowerB.prefab	(-4.810, 0.289, -3.680)	(-4.447, 0.505, -3.391)	(0.0, 90.0, 0.0)
PoolLevel/Objects/StoneboxLow (2)/FlowerB (1)	Assets/Modern Villa/Prefabs/Plants/FlowerB.prefab	(-4.810, 0.289, -4.368)	(-4.447, 0.505, -4.079)	(0.0, 90.0, 0.0)
PoolLevel/Objects/StoneboxLow (2)/FlowerF	Assets/Modern Villa/Prefabs/Plants/FlowerF.prefab	(-4.592, 0.329, -4.089)	(-4.186, 0.549, -3.728)	(0.0, 90.0, 0.0)
PoolLevel/Objects/StoneboxLow (2)/FlowerD	Assets/Modern Villa/Prefabs/Plants/FlowerD.prefab	(-4.748, 0.344, -4.037)	(-4.554, 0.493, -3.780)	(0.0, 0.0, 0.0)
PoolLevel/Objects/StoneboxLow (2)/FlowerG	Assets/Modern Villa/Prefabs/Plants/FlowerG.prefab	(-4.520, 0.336, -4.421)	(-4.276, 0.493, -4.145)	(0.0, 0.0, 0.0)
PoolLevel/Objects/StoneboxLow (2)/FlowerB (2)	Assets/Modern Villa/Prefabs/Plants/FlowerB.prefab	(-4.766, 0.338, -4.623)	(-4.453, 0.495, -4.346)	(0.0, 0.0, 0.0)
PoolLevel/Lounger	Assets/Modern Villa/Prefabs/furniture/Lounger.prefab	(-4.414, 0.000, 18.704)	(-3.706, 0.627, 20.884)	(0.0, 180.0, 0.0)
PoolLevel/Lounger (1)	Assets/Modern Villa/Prefabs/furniture/Lounger.prefab	(-6.414, 0.000, 18.704)	(-5.706, 0.627, 20.884)	(0.0, 180.0, 0.0)
PoolLevel/Lounger (2)	Assets/Modern Villa/Prefabs/furniture/Lounger.prefab	(-8.675, 0.000, 18.704)	(-7.967, 0.627, 20.884)	(0.0, 180.0, 0.0)
PoolLevel/Lounger (3)	Assets/Modern Villa/Prefabs/furniture/Lounger.prefab	(-10.144, 0.000, 18.704)	(-9.427, 0.627, 20.884)	(0.0, 180.0, 0.0)
PoolLevel/Lounger (3)/PillowD Variant	Assets/Modern Villa/Prefabs/Props/PillowD Variant.prefab	(-10.117, 0.245, 19.905)	(-9.427, 0.390, 20.253)	(0.0, 184.4, 0.0)
FloorLevelTerrace		(-2.159, 0.099, -5.018)	(14.937, 2.937, 24.036)	(0.0, 0.0, 0.0)
FloorLevelTerrace/DiningTable	Assets/Modern Villa/Prefabs/furniture/DiningTable.prefab	(6.211, 0.992, -0.106)	(8.411, 2.425, 2.106)	(0.0, 90.0, 0.0)
FloorLevelTerrace/DiningTable/DiningChair	Assets/Modern Villa/Prefabs/furniture/DiningChair.prefab	(6.211, 0.992, 1.483)	(6.709, 1.903, 2.055)	(0.0, 90.0, 0.0)
FloorLevelTerrace/DiningTable/DiningChair (3)	Assets/Modern Villa/Prefabs/furniture/DiningChair.prefab	(7.913, 0.992, 1.483)	(8.411, 1.903, 2.055)	(0.0, 270.0, 0.0)
FloorLevelTerrace/DiningTable/DiningChair (1)	Assets/Modern Villa/Prefabs/furniture/DiningChair.prefab	(6.211, 0.992, 0.761)	(6.709, 1.903, 1.333)	(0.0, 90.0, 0.0)
FloorLevelTerrace/DiningTable/DiningChair (4)	Assets/Modern Villa/Prefabs/furniture/DiningChair.prefab	(7.913, 0.992, 0.761)	(8.411, 1.903, 1.333)	(0.0, 270.0, 0.0)
FloorLevelTerrace/DiningTable/DiningChair (2)	Assets/Modern Villa/Prefabs/furniture/DiningChair.prefab	(6.211, 0.992, 0.050)	(6.709, 1.903, 0.622)	(0.0, 90.0, 0.0)
FloorLevelTerrace/DiningTable/DiningChair (5)	Assets/Modern Villa/Prefabs/furniture/DiningChair.prefab	(7.913, 0.992, 0.050)	(8.411, 1.903, 0.622)	(0.0, 270.0, 0.0)
FloorLevelTerrace/DiningTable/Ashtray Variant	Assets/Modern Villa/Prefabs/Props/Ashtray Variant.prefab	(7.041, 1.782, 1.006)	(7.161, 1.832, 1.126)	(0.0, 0.0, 0.0)
FloorLevelTerrace/DiningTable/DecorativeBowl	Assets/Modern Villa/Prefabs/Props/DecorativeBowl.prefab	(7.272, 1.779, 0.440)	(7.622, 1.884, 0.790)	(0.0, 0.0, 0.0)
FloorLevelTerrace/DiningTable/VaseC	Assets/Modern Villa/Prefabs/Props/VaseC.prefab	(7.273, 1.782, 0.883)	(7.413, 2.425, 1.023)	(0.0, 0.0, 0.0)
FloorLevelTerrace/FloorDecorationA	Assets/Modern Villa/Prefabs/Props/FloorDecorationA.prefab	(-0.883, 0.975, -0.356)	(-0.283, 1.382, 0.244)	(0.0, 0.0, 0.0)
FloorLevelTerrace/FloorDecorationC	Assets/Modern Villa/Prefabs/Props/FloorDecorationC.prefab	(-0.642, 0.949, -0.910)	(-0.042, 1.498, -0.310)	(0.0, 0.0, 0.0)
FloorLevelTerrace/FloorDecorationB	Assets/Modern Villa/Prefabs/Props/FloorDecorationB.prefab	(-0.257, 1.000, -0.330)	(0.281, 1.860, 0.208)	(0.0, 0.0, 0.0)
FloorLevelTerrace/CouchTableB	Assets/Modern Villa/Prefabs/furniture/CouchTableB.prefab	(0.627, 1.001, -0.044)	(1.698, 1.590, 1.023)	(0.0, 322.0, 0.0)
FloorLevelTerrace/CouchTableB/Lantern	Assets/Modern Villa/Prefabs/Props/Lantern.prefab	(1.022, 1.351, 0.307)	(1.172, 1.590, 0.457)	(0.0, 0.0, 0.0)
FloorLevelTerrace/CouchTableB/BowlB Variant	Assets/Modern Villa/Prefabs/Props/BowlB Variant.prefab	(0.965, 1.351, 0.085)	(1.121, 1.386, 0.241)	(0.0, 0.0, 0.0)
FloorLevelTerrace/Railing2m	Assets/Modern Villa/Prefabs/railing/Railing2m.prefab	(14.867, 1.000, -0.030)	(14.937, 1.827, 1.970)	(0.0, 90.0, 0.0)
FloorLevelTerrace/Railing2m (6)	Assets/Modern Villa/Prefabs/railing/Railing2m.prefab	(14.867, 1.000, 11.970)	(14.937, 1.827, 13.970)	(0.0, 90.0, 0.0)
FloorLevelTerrace/Railing2m (2)	Assets/Modern Villa/Prefabs/railing/Railing2m.prefab	(14.867, 1.000, 3.970)	(14.937, 1.827, 5.970)	(0.0, 90.0, 0.0)
FloorLevelTerrace/Railing2m (7)	Assets/Modern Villa/Prefabs/railing/Railing2m.prefab	(14.867, 1.000, 15.970)	(14.937, 1.827, 17.970)	(0.0, 90.0, 0.0)
FloorLevelTerrace/Railing2m (4)	Assets/Modern Villa/Prefabs/railing/Railing2m.prefab	(14.867, 1.000, 7.970)	(14.937, 1.827, 9.970)	(0.0, 90.0, 0.0)
FloorLevelTerrace/Railing2m (8)	Assets/Modern Villa/Prefabs/railing/Railing2m.prefab	(14.867, 1.000, 19.970)	(14.937, 1.827, 21.970)	(0.0, 90.0, 0.0)
FloorLevelTerrace/Railing2m (1)	Assets/Modern Villa/Prefabs/railing/Railing2m.prefab	(14.867, 1.000, 1.970)	(14.937, 1.827, 3.970)	(0.0, 90.0, 0.0)
FloorLevelTerrace/Railing2m (9)	Assets/Modern Villa/Prefabs/railing/Railing2m.prefab	(14.867, 1.000, 13.970)	(14.937, 1.827, 15.970)	(0.0, 90.0, 0.0)
FloorLevelTerrace/Railing2m (3)	Assets/Modern Villa/Prefabs/railing/Railing2m.prefab	(14.867, 1.000, 5.970)	(14.937, 1.827, 7.970)	(0.0, 90.0, 0.0)
FloorLevelTerrace/Railing2m (10)	Assets/Modern Villa/Prefabs/railing/Railing2m.prefab	(14.867, 1.000, 17.970)	(14.937, 1.827, 19.970)	(0.0, 90.0, 0.0)
FloorLevelTerrace/Railing2m (5)	Assets/Modern Villa/Prefabs/railing/Railing2m.prefab	(14.867, 1.000, 9.970)	(14.937, 1.827, 11.970)	(0.0, 90.0, 0.0)
FloorLevelTerrace/Railing2m (11)	Assets/Modern Villa/Prefabs/railing/Railing2m.prefab	(14.867, 1.000, 21.970)	(14.937, 1.827, 23.970)	(0.0, 90.0, 0.0)
FloorLevelTerrace/RailingEndShort	Assets/Modern Villa/Prefabs/railing/RailingEndShort.prefab	(14.867, 1.000, 23.970)	(14.937, 1.827, 24.036)	(0.0, 270.0, 0.0)
FloorLevelTerrace/VaseB (1)	Assets/Modern Villa/Prefabs/Props/VaseB.prefab	(-0.844, 0.994, 0.796)	(0.464, 2.937, 2.004)	(0.0, 0.0, 0.0)
FloorLevelTerrace/CouchTable	Assets/Modern Villa/Prefabs/furniture/CouchTable.prefab	(13.672, 1.000, 0.621)	(14.228, 1.600, 1.177)	(0.0, 0.0, 0.0)
FloorLevelTerrace/CouchTable/WhiteWineGlas	Assets/Modern Villa/Prefabs/Props/WhiteWineGlas.prefab	(13.786, 1.400, 0.982)	(13.872, 1.600, 1.068)	(0.0, 0.0, 0.0)
FloorLevelTerrace/CouchTable/WhiteWineGlas (1)	Assets/Modern Villa/Prefabs/Props/WhiteWineGlas.prefab	(13.859, 1.400, 0.677)	(13.945, 1.600, 0.762)	(0.0, 0.0, 0.0)
FloorLevelTerrace/CouchTable/BookC	Assets/Modern Villa/Prefabs/Props/BookC.prefab	(13.922, 1.212, 0.730)	(14.226, 1.241, 1.058)	(0.4, 61.1, 91.4)
FloorLevelTerrace/CouchTable/BottleA	Assets/Modern Villa/Prefabs/Props/BottleA.prefab	(13.913, 1.411, 0.861)	(13.987, 1.528, 0.937)	(0.0, 133.6, 0.0)
FloorLevelTerrace/GardenChair	Assets/Modern Villa/Prefabs/furniture/GardenChair.prefab	(0.973, 1.000, 1.175)	(1.898, 1.888, 2.098)	(0.0, 198.3, 0.0)
FloorLevelTerrace/Firebowl	Assets/Modern Villa/Prefabs/Props/Firebowl.prefab	(2.579, 1.000, -0.771)	(3.373, 1.321, 0.023)	(0.0, 0.0, 0.0)
FloorLevelTerrace/Candle	Assets/Modern Villa/Prefabs/lighting/Candle.prefab	(7.276, 1.782, 0.287)	(7.366, 1.902, 0.377)	(0.0, 0.0, 0.0)
FloorLevelTerrace/Candle (1)	Assets/Modern Villa/Prefabs/lighting/Candle.prefab	(7.271, 1.782, 1.350)	(7.372, 1.916, 1.450)	(0.0, 0.0, 0.0)
FloorLevelTerrace/StoneboxHigh	Assets/Modern Villa/Prefabs/Stoneboxes/StoneboxHigh.prefab	(10.308, 1.000, 2.455)	(11.552, 1.758, 3.279)	(0.0, 0.0, 0.0)
FloorLevelTerrace/StoneboxHigh/PlantA	Assets/Modern Villa/Prefabs/Plants/PlantA.prefab	(10.354, 1.500, 2.721)	(10.794, 1.646, 3.096)	(0.0, 0.0, 0.0)
FloorLevelTerrace/StoneboxHigh/PlantB	Assets/Modern Villa/Prefabs/Plants/PlantB.prefab	(10.463, 1.481, 2.632)	(11.090, 1.752, 3.199)	(0.0, 0.0, 0.0)
FloorLevelTerrace/StoneboxHigh/PlantE	Assets/Modern Villa/Prefabs/Plants/PlantE.prefab	(10.729, 1.471, 2.455)	(11.552, 1.758, 3.279)	(0.0, 315.6, 0.0)
FloorLevelTerrace/StoneboxHigh (1)	Assets/Modern Villa/Prefabs/Stoneboxes/StoneboxHigh.prefab	(2.308, 1.000, 2.455)	(3.552, 1.758, 3.279)	(0.0, 0.0, 0.0)
FloorLevelTerrace/StoneboxHigh (1)/PlantA	Assets/Modern Villa/Prefabs/Plants/PlantA.prefab	(2.354, 1.500, 2.721)	(2.794, 1.646, 3.096)	(0.0, 0.0, 0.0)
FloorLevelTerrace/StoneboxHigh (1)/PlantB	Assets/Modern Villa/Prefabs/Plants/PlantB.prefab	(2.463, 1.481, 2.632)	(3.090, 1.752, 3.199)	(0.0, 0.0, 0.0)
FloorLevelTerrace/StoneboxHigh (1)/PlantE	Assets/Modern Villa/Prefabs/Plants/PlantE.prefab	(2.729, 1.471, 2.455)	(3.552, 1.758, 3.279)	(0.0, 315.6, 0.0)
FloorLevelTerrace/PottedPlantA	Assets/Modern Villa/Prefabs/Plants/PottedPlantA.prefab	(4.731, 1.001, 0.685)	(5.923, 2.359, 1.884)	(0.0, 0.0, 0.0)
FloorLevelTerrace/PottedPlantB	Assets/Modern Villa/Prefabs/Plants/PottedPlantB.prefab	(12.451, 1.000, 3.093)	(13.799, 2.799, 4.307)	(0.0, 0.0, 0.0)
FloorLevelTerrace/PottedPlantC	Assets/Modern Villa/Prefabs/Plants/PottedPlantC.prefab	(7.007, 1.782, 1.337)	(7.685, 2.296, 2.025)	(0.0, 297.9, 0.0)
FloorLevelTerrace/PottedPlantC	Assets/Modern Villa/Prefabs/Plants/PottedPlantC.prefab	(-2.159, 0.104, -5.018)	(-1.541, 0.718, -4.428)	(0.0, 0.0, 0.0)
FloorLevelTerrace/PottedPlantB	Assets/Modern Villa/Prefabs/Plants/PottedPlantB.prefab	(4.951, 0.099, -4.616)	(5.596, 0.960, -4.035)	(0.0, 0.0, 0.0)
Plants		(-20.025, -1.987, -15.753)	(14.986, 6.037, 36.661)	(0.0, 0.0, 0.0)
Plants/mv_PalmA	Assets/Modern Villa/Prefabs/Plants/PalmA.prefab	(-20.025, -0.142, -6.981)	(-15.764, 6.037, -2.961)	(0.0, 0.0, 0.0)
Plants/mv_PalmB	Assets/Modern Villa/Prefabs/Plants/PalmB.prefab	(10.441, -1.434, -6.710)	(14.596, 2.960, -2.384)	(0.0, 0.0, 0.0)
Plants/mv_PalmC	Assets/Modern Villa/Prefabs/Plants/PalmC.prefab	(-4.886, -0.905, 31.261)	(0.896, 4.554, 36.661)	(0.0, 0.0, 0.0)
Plants/PalmA	Assets/Modern Villa/Prefabs/Plants/PalmA.prefab	(10.725, -1.987, -10.291)	(14.986, 4.192, -6.271)	(0.0, 0.0, 0.0)
Plants/PalmC	Assets/Modern Villa/Prefabs/Plants/PalmC.prefab	(6.936, -0.905, -15.753)	(12.719, 4.554, -10.353)	(0.0, 0.0, 0.0)
FireBox	Assets/Modern Villa/Prefabs/Props/FireBox.prefab	(13.737, 1.000, -0.117)	(14.337, 1.275, 0.083)	(0.0, 180.0, 0.0)
FireBox/fire box	Assets/Modern Villa/Prefabs/Props/FireBox.prefab	(13.737, 1.000, -0.117)	(14.337, 1.275, 0.083)	(0.0, 180.0, 0.0)
PavillonC	Assets/Modern Villa/Prefabs/Props/PavillonC.prefab	(12.501, 0.988, 10.431)	(18.021, 4.533, 27.381)	(0.0, 90.0, 0.0)
PavillonC/PavillonSeat	Assets/Modern Villa/Prefabs/furniture/PavillonSeat.prefab	(14.818, 1.150, 25.587)	(16.272, 2.105, 27.004)	(0.0, 126.4, 0.0)
PavillonC/PavillonSideTable	Assets/Modern Villa/Prefabs/furniture/PavillonSideTable.prefab	(12.501, 0.988, 10.431)	(17.712, 3.087, 25.718)	(0.0, 180.0, 0.0)
PavillonC/PavillonSideTable/CoffeeCupC	Assets/Modern Villa/Prefabs/Props/CoffeeCupC.prefab	(15.338, 1.731, 25.285)	(15.447, 1.821, 25.425)	(0.0, 0.0, 0.0)
PavillonC/PavillonSideTable/CoffeePot	Assets/Modern Villa/Prefabs/Props/CoffeePot.prefab	(15.133, 1.744, 25.361)	(15.381, 2.007, 25.711)	(0.0, 261.1, 0.0)
PavillonC/PavillonSideTable/VaseB	Assets/Modern Villa/Prefabs/Props/VaseB.prefab	(16.404, 1.144, 24.249)	(17.712, 3.087, 25.457)	(0.0, 0.0, 0.0)
PavillonC/PavillonSideTable/OilVaseB Variant	Assets/Modern Villa/Prefabs/Props/OilVaseB Variant.prefab	(12.502, 1.007, 10.431)	(13.536, 1.795, 11.463)	(0.0, 0.0, 0.0)
PavillonC/PavillonSideTable/Jacuzzi	Assets/Modern Villa/Prefabs/Props/Jacuzzi.prefab	(12.501, 1.001, 16.011)	(14.801, 1.959, 18.311)	(0.0, 90.0, 0.0)
PavillonC/PavillonSideTable/CouchTableD	Assets/Modern Villa/Prefabs/furniture/CouchTableD.prefab	(12.591, 0.988, 18.367)	(12.989, 1.831, 18.765)	(0.0, 0.0, 0.0)
PavillonC/PavillonSideTable/BottleA	Assets/Modern Villa/Prefabs/Props/BottleA.prefab	(12.633, 1.830, 18.406)	(12.693, 1.947, 18.489)	(0.0, 62.7, 0.0)
PavillonC/PavillonSideTable/BowlB Variant	Assets/Modern Villa/Prefabs/Props/BowlB Variant.prefab	(12.665, 1.830, 18.559)	(12.822, 1.865, 18.715)	(0.0, 0.0, 0.0)
PavillonC/PavillonSideTable/Apple	Assets/Modern Villa/Prefabs/Props/Apple.prefab	(12.664, 1.824, 18.545)	(12.750, 1.911, 18.644)	(348.2, 20.2, 355.7)
PavillonC/PavillonSideTable/Apple (1)	Assets/Modern Villa/Prefabs/Props/Apple.prefab	(12.660, 1.830, 18.613)	(12.740, 1.904, 18.691)	(348.2, 72.7, 355.7)
PavillonC/PavillonSideTable/Orange	Assets/Modern Villa/Prefabs/Props/Orange.prefab	(12.702, 1.818, 18.584)	(12.802, 1.916, 18.682)	(0.0, 0.0, 0.0)
Sunshade	Assets/Modern Villa/Prefabs/Props/Sunshade.prefab	(8.163, 0.050, -17.837)	(11.837, 2.615, -14.163)	(0.0, 15.0, 0.0)
LoungeArea		(-13.352, -0.004, 3.520)	(0.996, 2.799, 25.204)	(0.0, 0.0, 0.0)
LoungeArea/LoungerB Variant	Assets/Modern Villa/Prefabs/furniture/LoungerB Variant.prefab	(-11.982, 0.000, 22.667)	(-5.510, 0.911, 25.204)	(0.0, 180.0, 0.0)
LoungeArea/GrandSunshade	Assets/Modern Villa/Prefabs/Props/GrandSunshade.prefab	(-10.531, 0.000, 18.158)	(-7.524, 2.242, 21.631)	(0.0, 180.0, 0.0)
LoungeArea/GrandSunshade (1)	Assets/Modern Villa/Prefabs/Props/GrandSunshade.prefab	(-6.370, 0.000, 18.158)	(-3.363, 2.242, 21.631)	(0.0, 180.0, 0.0)
LoungeArea/FloorLightB on Variant	Assets/Modern Villa/Prefabs/lighting/FloorLightB on Variant.prefab	(-1.352, 0.000, 18.106)	(-1.252, 0.603, 18.206)	(0.0, 0.0, 0.0)
LoungeArea/FloorLightB on Variant (2)	Assets/Modern Villa/Prefabs/lighting/FloorLightB on Variant.prefab	(-5.352, 0.000, 18.106)	(-5.252, 0.603, 18.206)	(0.0, 0.0, 0.0)
LoungeArea/FloorLightB on Variant (4)	Assets/Modern Villa/Prefabs/lighting/FloorLightB on Variant.prefab	(-9.352, 0.000, 18.106)	(-9.252, 0.603, 18.206)	(0.0, 0.0, 0.0)
LoungeArea/FloorLightB on Variant (5)	Assets/Modern Villa/Prefabs/lighting/FloorLightB on Variant.prefab	(-13.352, 0.000, 18.106)	(-13.252, 0.603, 18.206)	(0.0, 0.0, 0.0)
LoungeArea/CouchTable	Assets/Modern Villa/Prefabs/furniture/CouchTable.prefab	(-9.326, 0.000, 20.200)	(-8.769, 0.485, 20.757)	(0.0, 0.0, 0.0)
LoungeArea/CouchTable/BowlB Variant (1)	Assets/Modern Villa/Prefabs/Props/BowlB Variant.prefab	(-9.028, 0.386, 20.468)	(-8.864, 0.485, 20.627)	(0.0, 0.0, 0.0)
LoungeArea/CouchTable/BowlB Variant (1)/mv_Apple	Assets/Modern Villa/Meshes/props/mv_Apple.fbx	(-8.947, 0.394, 20.547)	(-8.879, 0.478, 20.627)	(13.5, 0.0, 0.0)
LoungeArea/CouchTable/BowlB Variant (1)/mv_Orange	Assets/Modern Villa/Meshes/props/mv_Orange.fbx	(-9.028, 0.386, 20.494)	(-8.928, 0.485, 20.593)	(0.0, 359.3, 0.0)
LoungeArea/CouchTable/BowlB Variant (1)/mv_Peach	Assets/Modern Villa/Meshes/props/mv_Peach.fbx	(-8.947, 0.420, 20.483)	(-8.868, 0.483, 20.560)	(0.0, 99.2, 0.0)
LoungeArea/CouchTable (1)	Assets/Modern Villa/Prefabs/furniture/CouchTable.prefab	(-5.154, -0.004, 20.200)	(-4.598, 0.481, 20.757)	(0.0, 0.0, 0.0)
LoungeArea/CouchTable (1)/BowlB Variant (1)	Assets/Modern Villa/Prefabs/Props/BowlB Variant.prefab	(-4.856, 0.382, 20.468)	(-4.692, 0.481, 20.627)	(0.0, 0.0, 0.0)
LoungeArea/CouchTable (1)/BowlB Variant (1)/mv_Apple	Assets/Modern Villa/Meshes/props/mv_Apple.fbx	(-4.775, 0.390, 20.547)	(-4.707, 0.474, 20.627)	(13.5, 0.0, 0.0)
LoungeArea/CouchTable (1)/BowlB Variant (1)/mv_Orange	Assets/Modern Villa/Meshes/props/mv_Orange.fbx	(-4.856, 0.382, 20.494)	(-4.756, 0.481, 20.593)	(0.0, 359.3, 0.0)
LoungeArea/CouchTable (1)/BowlB Variant (1)/mv_Peach	Assets/Modern Villa/Meshes/props/mv_Peach.fbx	(-4.775, 0.416, 20.483)	(-4.697, 0.479, 20.560)	(0.0, 99.2, 0.0)
LoungeArea/OilVase	Assets/Modern Villa/Prefabs/Props/OilVase.prefab	(-0.131, 1.012, 17.932)	(0.996, 2.012, 19.060)	(0.0, 0.0, 0.0)
LoungeArea/OilVase/mv_oil_vase	Assets/Modern Villa/Meshes/props/mv_oil_vase.fbx	(-0.131, 1.012, 17.932)	(0.996, 2.012, 19.060)	(0.0, 0.0, 0.0)
LoungeArea/OilVaseB Variant	Assets/Modern Villa/Prefabs/Props/OilVaseB Variant.prefab	(-0.176, 1.007, 8.948)	(0.858, 1.795, 9.980)	(0.0, 0.0, 0.0)
LoungeArea/FloorLightB on Variant (7)	Assets/Modern Villa/Prefabs/lighting/FloorLightB on Variant.prefab	(-0.877, 1.000, 8.020)	(-0.777, 1.603, 8.120)	(0.0, 0.0, 0.0)
LoungeArea/FloorLightB on Variant (7)/Point Light		(-0.829, 1.624, 8.000)	(-0.829, 1.624, 8.000)	(0.0, 0.0, 0.0)
LoungeArea/FloorLightB on Variant (9)	Assets/Modern Villa/Prefabs/lighting/FloorLightB on Variant.prefab	(-0.877, 1.000, 11.810)	(-0.777, 1.603, 11.910)	(0.0, 0.0, 0.0)
LoungeArea/FloorLightB on Variant (9)/Point Light		(-0.829, 1.624, 11.790)	(-0.829, 1.624, 11.790)	(0.0, 0.0, 0.0)
LoungeArea/FloorLightB on Variant (10)	Assets/Modern Villa/Prefabs/lighting/FloorLightB on Variant.prefab	(-0.877, 1.000, 15.608)	(-0.777, 1.603, 15.708)	(0.0, 0.0, 0.0)
LoungeArea/FloorLightB on Variant (10)/Point Light		(-0.829, 1.624, 15.588)	(-0.829, 1.624, 15.588)	(0.0, 0.0, 0.0)
LoungeArea/FloorLightB on Variant (11)	Assets/Modern Villa/Prefabs/lighting/FloorLightB on Variant.prefab	(-0.877, 1.000, 23.640)	(-0.777, 1.603, 23.740)	(0.0, 0.0, 0.0)
LoungeArea/FloorLightB on Variant (11)/Point Light		(-0.829, 1.624, 23.620)	(-0.829, 1.624, 23.620)	(0.0, 0.0, 0.0)
LoungeArea/FloorLightB on Variant (8)	Assets/Modern Villa/Prefabs/lighting/FloorLightB on Variant.prefab	(-0.877, 1.000, 3.520)	(-0.777, 1.603, 3.620)	(0.0, 0.0, 0.0)
LoungeArea/PottedPlantA	Assets/Modern Villa/Prefabs/Plants/PottedPlantA.prefab	(-0.601, 1.001, 6.373)	(0.592, 2.359, 7.572)	(0.0, 0.0, 0.0)
LoungeArea/PottedPlantB	Assets/Modern Villa/Prefabs/Plants/PottedPlantB.prefab	(-0.536, 1.000, 14.383)	(0.812, 2.799, 15.597)	(0.0, 0.0, 0.0)
LoungeArea/StairsA	Assets/Modern Villa/Prefabs/floors/StairsA.prefab	(-2.137, 0.000, 21.940)	(-0.917, 0.880, 22.940)	(0.0, 270.0, 0.0)
LoungeArea/StairsA (2)	Assets/Modern Villa/Prefabs/floors/StairsA.prefab	(-2.137, 0.000, 19.940)	(-0.917, 0.880, 20.940)	(0.0, 270.0, 0.0)
LoungeArea/StairsA (1)	Assets/Modern Villa/Prefabs/floors/StairsA.prefab	(-2.137, 0.000, 20.940)	(-0.917, 0.880, 21.940)	(0.0, 270.0, 0.0)
LoungeArea/StairsA (3)	Assets/Modern Villa/Prefabs/floors/StairsA.prefab	(-2.137, 0.000, 18.940)	(-0.917, 0.880, 19.940)	(0.0, 270.0, 0.0)
Front Area		(0.726, -1.000, 22.245)	(13.984, 4.262, 31.240)	(0.0, 0.0, 0.0)
Front Area/XL stonebox Variant	Assets/Modern Villa/Prefabs/Stoneboxes/XL stonebox Variant.prefab	(8.726, 1.000, 23.286)	(13.984, 4.262, 30.070)	(0.0, 270.0, 0.0)
Front Area/XL stonebox Variant/vase palm small	Assets/Modern Villa/Prefabs/Plants/VasePalmSmall.prefab	(9.969, 1.290, 27.226)	(12.081, 3.377, 29.285)	(0.0, 270.0, 0.0)
Front Area/XL stonebox Variant/mv_firebowl	Assets/Modern Villa/Prefabs/Props/Firebowl.prefab	(10.697, 1.328, 26.911)	(11.491, 1.649, 27.705)	(0.0, 270.0, 0.0)
Front Area/XL stonebox Variant/mv_firebowl (1)	Assets/Modern Villa/Prefabs/Props/Firebowl.prefab	(10.697, 1.328, 24.911)	(11.491, 1.649, 25.705)	(0.0, 270.0, 0.0)
Front Area/XL stonebox Variant/mv_firebowl (2)	Assets/Modern Villa/Prefabs/Props/Firebowl.prefab	(10.697, 1.328, 29.007)	(11.491, 1.649, 29.801)	(0.0, 270.0, 0.0)
Front Area/XL stonebox Variant/vase palm large	Assets/Modern Villa/Prefabs/Plants/VasePalmLarge.prefab	(8.726, 1.260, 23.286)	(13.984, 4.262, 28.754)	(0.0, 303.9, 0.0)
Front Area/XL stonebox Variant (1)	Assets/Modern Villa/Prefabs/Stoneboxes/XL stonebox Variant.prefab	(0.726, 1.000, 23.286)	(5.984, 4.262, 30.070)	(0.0, 270.0, 0.0)
Front Area/XL stonebox Variant (1)/vase palm small	Assets/Modern Villa/Prefabs/Plants/VasePalmSmall.prefab	(1.969, 1.290, 27.226)	(4.081, 3.377, 29.285)	(0.0, 270.0, 0.0)
Front Area/XL stonebox Variant (1)/mv_firebowl	Assets/Modern Villa/Prefabs/Props/Firebowl.prefab	(2.697, 1.328, 26.911)	(3.491, 1.649, 27.705)	(0.0, 270.0, 0.0)
Front Area/XL stonebox Variant (1)/mv_firebowl (1)	Assets/Modern Villa/Prefabs/Props/Firebowl.prefab	(2.697, 1.328, 24.911)	(3.491, 1.649, 25.705)	(0.0, 270.0, 0.0)
Front Area/XL stonebox Variant (1)/mv_firebowl (2)	Assets/Modern Villa/Prefabs/Props/Firebowl.prefab	(2.697, 1.328, 29.007)	(3.491, 1.649, 29.801)	(0.0, 270.0, 0.0)
Front Area/XL stonebox Variant (1)/vase palm large	Assets/Modern Villa/Prefabs/Plants/VasePalmLarge.prefab	(0.726, 1.260, 23.286)	(5.984, 4.262, 28.754)	(0.0, 303.9, 0.0)
Front Area/FloorLight on Variant	Assets/Modern Villa/Prefabs/lighting/FloorLight on Variant.prefab	(4.237, 1.000, 24.357)	(4.375, 1.771, 24.496)	(0.0, 0.0, 0.0)
Front Area/FloorLight on Variant (4)	Assets/Modern Villa/Prefabs/lighting/FloorLight on Variant.prefab	(4.237, 1.000, 27.357)	(4.375, 1.771, 27.496)	(0.0, 0.0, 0.0)
Front Area/FloorLight on Variant (5)	Assets/Modern Villa/Prefabs/lighting/FloorLight on Variant.prefab	(9.737, 1.000, 27.357)	(9.875, 1.771, 27.496)	(0.0, 0.0, 0.0)
Front Area/FloorLight on Variant (2)	Assets/Modern Villa/Prefabs/lighting/FloorLight on Variant.prefab	(9.737, 1.000, 24.357)	(9.875, 1.771, 24.496)	(0.0, 0.0, 0.0)
Front Area/FloorLight on Variant (1)	Assets/Modern Villa/Prefabs/lighting/FloorLight on Variant.prefab	(4.237, 1.000, 29.857)	(4.375, 1.771, 29.996)	(0.0, 0.0, 0.0)
Front Area/FloorLight on Variant (3)	Assets/Modern Villa/Prefabs/lighting/FloorLight on Variant.prefab	(9.737, 1.000, 29.857)	(9.875, 1.771, 29.996)	(0.0, 0.0, 0.0)
Front Area/StairsA	Assets/Modern Villa/Prefabs/floors/StairsA.prefab	(7.967, -1.000, 30.020)	(8.967, -0.120, 31.240)	(0.0, 0.0, 0.0)
Front Area/StairsA (4)	Assets/Modern Villa/Prefabs/floors/StairsA.prefab	(7.967, 0.000, 27.020)	(8.967, 0.880, 28.240)	(0.0, 0.0, 0.0)
Front Area/StairsA (1)	Assets/Modern Villa/Prefabs/floors/StairsA.prefab	(6.967, -1.000, 30.020)	(7.967, -0.120, 31.240)	(0.0, 0.0, 0.0)
Front Area/StairsA (5)	Assets/Modern Villa/Prefabs/floors/StairsA.prefab	(6.967, 0.000, 27.020)	(7.967, 0.880, 28.240)	(0.0, 0.0, 0.0)
Front Area/StairsA (2)	Assets/Modern Villa/Prefabs/floors/StairsA.prefab	(5.967, -1.000, 30.020)	(6.967, -0.120, 31.240)	(0.0, 0.0, 0.0)
Front Area/StairsA (6)	Assets/Modern Villa/Prefabs/floors/StairsA.prefab	(5.967, 0.000, 27.020)	(6.967, 0.880, 28.240)	(0.0, 0.0, 0.0)
Front Area/StairsA (3)	Assets/Modern Villa/Prefabs/floors/StairsA.prefab	(4.967, -1.000, 30.020)	(5.967, -0.120, 31.240)	(0.0, 0.0, 0.0)
Front Area/StairsA (7)	Assets/Modern Villa/Prefabs/floors/StairsA.prefab	(4.967, 0.000, 27.020)	(5.967, 0.880, 28.240)	(0.0, 0.0, 0.0)
Front Area/Floor2x2 (76)	Assets/Modern Villa/Prefabs/floors/Floor2x2.prefab	(6.998, -0.002, 22.998)	(9.001, 1.002, 25.001)	(359.9, 359.9, 0.0)
Front Area/Floor2x2 (39)	Assets/Modern Villa/Prefabs/floors/Floor2x2.prefab	(4.984, -0.009, 22.991)	(7.009, 1.009, 25.011)	(0.1, 359.5, 0.4)
Front Area/Floor2x2 (92)	Assets/Modern Villa/Prefabs/floors/Floor2x2.prefab	(7.000, -1.000, 28.000)	(9.000, 0.000, 30.000)	(0.0, 0.0, 0.0)
Front Area/Floor2x2 (47)	Assets/Modern Villa/Prefabs/floors/Floor2x2.prefab	(5.000, -1.000, 28.000)	(7.000, 0.000, 30.000)	(0.0, 0.0, 0.0)
Front Area/Floor2x2 (108)	Assets/Modern Villa/Prefabs/floors/Floor2x2.prefab	(7.000, 0.000, 25.000)	(9.000, 1.000, 27.000)	(0.0, 0.0, 0.0)
Front Area/Floor2x2 (55)	Assets/Modern Villa/Prefabs/floors/Floor2x2.prefab	(5.000, 0.000, 25.000)	(7.000, 1.000, 27.000)	(0.0, 0.0, 0.0)
Front Area/LanternC	Assets/Modern Villa/Prefabs/Props/LanternC.prefab	(8.503, 0.000, 28.488)	(8.840, 0.399, 28.805)	(0.0, 321.4, 0.0)
Front Area/LanternB	Assets/Modern Villa/Prefabs/Props/LanternB.prefab	(8.553, 0.000, 28.172)	(8.816, 0.538, 28.580)	(0.0, 12.0, 0.0)
Front Area/Lantern (1)	Assets/Modern Villa/Prefabs/Props/Lantern.prefab	(5.136, 0.000, 28.567)	(5.348, 0.239, 28.779)	(0.0, 314.7, 0.0)
Front Area/LanternC (1)	Assets/Modern Villa/Prefabs/Props/LanternC.prefab	(5.235, 0.000, 28.464)	(5.576, 0.399, 28.768)	(0.0, 33.8, 0.0)
Front Area/LanternB (1)	Assets/Modern Villa/Prefabs/Props/LanternB.prefab	(5.188, 0.000, 28.143)	(5.377, 0.538, 28.520)	(0.0, 0.0, 0.0)
Front Area/mv_Planter	Assets/Modern Villa/Prefabs/Props/mv_Planter.prefab	(3.991, 1.000, 22.245)	(10.120, 2.003, 23.468)	(0.0, 0.0, 0.0)
Front Area/mv_Planter/FlowerG	Assets/Modern Villa/Prefabs/Plants/FlowerG.prefab	(4.836, 1.595, 22.992)	(5.281, 1.788, 23.444)	(0.0, 217.6, 0.0)
Front Area/mv_Planter/FlowerF	Assets/Modern Villa/Prefabs/Plants/FlowerF.prefab	(4.700, 1.595, 23.159)	(4.962, 1.754, 23.453)	(0.0, 0.0, 0.0)
Front Area/mv_Planter/FlowerC	Assets/Modern Villa/Prefabs/Plants/FlowerC.prefab	(4.758, 1.599, 22.839)	(5.074, 1.812, 23.208)	(0.0, 0.0, 0.0)
Front Area/mv_Planter/PlantB	Assets/Modern Villa/Prefabs/Plants/PlantB.prefab	(3.991, 1.575, 22.574)	(4.982, 2.003, 23.468)	(0.0, 0.0, 0.0)
Front Area/mv_Planter/Shrub	Assets/Modern Villa/Prefabs/Plants/Shrub.prefab	(4.705, 1.606, 22.408)	(5.531, 1.990, 23.283)	(0.0, 0.0, 0.0)
Front Area/mv_Planter/FloorDecorationB	Assets/Modern Villa/Prefabs/Props/FloorDecorationB.prefab	(9.581, 1.000, 22.245)	(10.120, 1.860, 22.784)	(0.0, 0.0, 0.0)
Front Area/mv_Planter/PottedPlantC	Assets/Modern Villa/Prefabs/Plants/PottedPlantC.prefab	(9.086, 1.000, 22.493)	(9.728, 1.638, 23.106)	(0.0, 0.0, 0.0)
Cameras		(0.000, 0.000, 0.000)	(0.000, 0.000, 0.000)	(0.0, 0.0, 0.0)
Cameras/Camera		(6.412, 2.690, 4.376)	(6.412, 2.690, 4.376)	(13.6, 59.1, 0.0)
Cameras/Camera (1)		(7.216, 2.898, 21.448)	(7.216, 2.898, 21.448)	(18.9, 123.1, 0.0)
Cameras/Camera (2)		(12.557, 2.719, 25.592)	(12.557, 2.719, 25.592)	(10.6, 90.0, 0.0)
Cameras/Camera (3)		(3.949, 4.723, -1.365)	(3.949, 4.723, -1.365)	(37.9, 42.0, 0.0)
Cameras/Camera (4)		(14.936, 2.867, -1.425)	(14.936, 2.867, -1.425)	(19.3, 328.0, 0.0)
Cameras/Camera (5)		(-1.053, 2.237, -4.025)	(-1.053, 2.237, -4.025)	(354.8, 26.1, 0.0)
Cameras/Camera (6)		(-14.128, 2.441, 4.326)	(-14.128, 2.441, 4.326)	(10.2, 56.2, 0.0)
Cameras/Camera (7)		(6.652, 2.914, 32.636)	(6.652, 2.914, 32.636)	(9.5, 181.2, 0.0)
Cameras/Camera (8)		(7.322, 2.816, 17.669)	(7.322, 2.816, 17.669)	(9.9, 200.3, 0.0)
Cameras/Camera (9)		(7.448, 5.243, 9.736)	(7.448, 5.243, 9.736)	(5.4, 128.4, 0.0)
Cameras/Camera (10)		(7.854, 5.984, 1.234)	(7.854, 5.984, 1.234)	(35.6, 78.6, 0.0)
Foliage		(12.304, -1.716, 0.477)	(15.710, -0.356, 25.404)	(0.0, 0.0, 0.0)
Foliage/PlantA	Assets/Modern Villa/Prefabs/Plants/PlantA.prefab	(13.661, -1.716, 0.477)	(14.978, -1.279, 1.597)	(0.0, 0.0, 0.0)
Foliage/PlantA (2)	Assets/Modern Villa/Prefabs/Plants/PlantA.prefab	(14.238, -1.591, 10.173)	(15.555, -1.154, 11.293)	(0.0, 0.0, 0.0)
Foliage/PlantA (4)	Assets/Modern Villa/Prefabs/Plants/PlantA.prefab	(13.519, -1.316, 15.025)	(14.836, -0.880, 16.146)	(0.0, 0.0, 0.0)
Foliage/PlantA (1)	Assets/Modern Villa/Prefabs/Plants/PlantA.prefab	(12.899, -1.325, 3.829)	(14.216, -0.889, 4.950)	(0.0, 0.0, 0.0)
Foliage/PlantA (3)	Assets/Modern Villa/Prefabs/Plants/PlantA.prefab	(13.476, -1.200, 13.525)	(14.793, -0.764, 14.646)	(0.0, 0.0, 0.0)
Foliage/PlantA (5)	Assets/Modern Villa/Prefabs/Plants/PlantA.prefab	(12.756, -0.925, 18.378)	(14.074, -0.489, 19.498)	(0.0, 0.0, 0.0)
Foliage/PlantE	Assets/Modern Villa/Prefabs/Plants/PlantE.prefab	(13.726, -1.489, 2.073)	(14.278, -1.202, 2.687)	(0.0, 0.0, 0.0)
Foliage/PlantE (4)	Assets/Modern Villa/Prefabs/Plants/PlantE.prefab	(14.303, -1.364, 11.769)	(14.855, -1.077, 12.383)	(0.0, 0.0, 0.0)
Foliage/PlantE (8)	Assets/Modern Villa/Prefabs/Plants/PlantE.prefab	(13.584, -1.090, 16.622)	(14.136, -0.803, 17.235)	(0.0, 0.0, 0.0)
Foliage/PlantE (2)	Assets/Modern Villa/Prefabs/Plants/PlantE.prefab	(12.964, -1.098, 5.426)	(13.516, -0.811, 6.039)	(0.0, 0.0, 0.0)
Foliage/PlantE (5)	Assets/Modern Villa/Prefabs/Plants/PlantE.prefab	(13.541, -0.973, 15.122)	(14.093, -0.686, 15.735)	(0.0, 0.0, 0.0)
Foliage/PlantE (9)	Assets/Modern Villa/Prefabs/Plants/PlantE.prefab	(12.822, -0.699, 19.974)	(13.373, -0.412, 20.588)	(0.0, 0.0, 0.0)
Foliage/PlantC	Assets/Modern Villa/Prefabs/Plants/PlantC.prefab	(13.799, -1.569, 4.524)	(14.674, -1.220, 5.289)	(0.0, 0.0, 0.0)
Foliage/PlantC (2)	Assets/Modern Villa/Prefabs/Plants/PlantC.prefab	(14.376, -1.444, 14.220)	(15.251, -1.095, 14.985)	(0.0, 0.0, 0.0)
Foliage/PlantC (4)	Assets/Modern Villa/Prefabs/Plants/PlantC.prefab	(13.657, -1.169, 19.072)	(14.532, -0.820, 19.837)	(0.0, 0.0, 0.0)
Foliage/PlantC (1)	Assets/Modern Villa/Prefabs/Plants/PlantC.prefab	(13.037, -1.178, 7.876)	(13.911, -0.829, 8.642)	(0.0, 0.0, 0.0)
Foliage/PlantC (3)	Assets/Modern Villa/Prefabs/Plants/PlantC.prefab	(13.614, -1.053, 17.572)	(14.488, -0.704, 18.338)	(0.0, 0.0, 0.0)
Foliage/PlantC (5)	Assets/Modern Villa/Prefabs/Plants/PlantC.prefab	(12.895, -0.778, 22.425)	(13.769, -0.429, 23.190)	(0.0, 0.0, 0.0)
Foliage/PlantB	Assets/Modern Villa/Prefabs/Plants/PlantB.prefab	(14.142, -1.685, 6.608)	(15.133, -1.257, 7.503)	(0.0, 0.0, 0.0)
Foliage/PlantB (2)	Assets/Modern Villa/Prefabs/Plants/PlantB.prefab	(14.719, -1.560, 16.304)	(15.710, -1.132, 17.199)	(0.0, 0.0, 0.0)
Foliage/PlantB (4)	Assets/Modern Villa/Prefabs/Plants/PlantB.prefab	(14.000, -1.286, 21.157)	(14.990, -0.858, 22.051)	(0.0, 0.0, 0.0)
Foliage/PlantB (1)	Assets/Modern Villa/Prefabs/Plants/PlantB.prefab	(13.380, -1.294, 9.961)	(14.370, -0.866, 10.855)	(0.0, 0.0, 0.0)
Foliage/PlantB (3)	Assets/Modern Villa/Prefabs/Plants/PlantB.prefab	(13.957, -1.169, 19.657)	(14.947, -0.741, 20.551)	(0.0, 0.0, 0.0)
Foliage/PlantB (5)	Assets/Modern Villa/Prefabs/Plants/PlantB.prefab	(13.238, -0.895, 24.509)	(14.228, -0.467, 25.404)	(0.0, 0.0, 0.0)
Foliage/PlantE (1)	Assets/Modern Villa/Prefabs/Plants/PlantE.prefab	(13.209, -1.292, 2.954)	(13.760, -1.005, 3.568)	(0.0, 0.0, 0.0)
Foliage/PlantE (6)	Assets/Modern Villa/Prefabs/Plants/PlantE.prefab	(13.786, -1.167, 12.650)	(14.337, -0.880, 13.264)	(0.0, 0.0, 0.0)
Foliage/PlantE (10)	Assets/Modern Villa/Prefabs/Plants/PlantE.prefab	(13.066, -0.893, 17.503)	(13.618, -0.606, 18.116)	(0.0, 0.0, 0.0)
Foliage/PlantE (3)	Assets/Modern Villa/Prefabs/Plants/PlantE.prefab	(12.446, -1.042, 6.307)	(12.998, -0.755, 6.920)	(0.0, 0.0, 0.0)
Foliage/PlantE (7)	Assets/Modern Villa/Prefabs/Plants/PlantE.prefab	(13.023, -0.917, 16.003)	(13.575, -0.630, 16.616)	(0.0, 0.0, 0.0)
Foliage/PlantE (11)	Assets/Modern Villa/Prefabs/Plants/PlantE.prefab	(12.304, -0.643, 20.855)	(12.856, -0.356, 21.469)	(0.0, 0.0, 0.0)
Foliage/PlantD	Assets/Modern Villa/Prefabs/Plants/PlantD.prefab	(14.170, -1.691, 2.529)	(14.743, -1.478, 3.122)	(0.0, 0.0, 0.0)
Foliage/PlantD (2)	Assets/Modern Villa/Prefabs/Plants/PlantD.prefab	(14.747, -1.566, 12.225)	(15.320, -1.353, 12.818)	(0.0, 0.0, 0.0)
Foliage/PlantD (4)	Assets/Modern Villa/Prefabs/Plants/PlantD.prefab	(14.028, -1.292, 17.077)	(14.600, -1.079, 17.670)	(0.0, 0.0, 0.0)
Foliage/PlantD (1)	Assets/Modern Villa/Prefabs/Plants/PlantD.prefab	(13.407, -1.300, 5.881)	(13.980, -1.087, 6.474)	(0.0, 0.0, 0.0)
Foliage/PlantD (3)	Assets/Modern Villa/Prefabs/Plants/PlantD.prefab	(13.984, -1.175, 15.577)	(14.557, -0.962, 16.170)	(0.0, 0.0, 0.0)
Foliage/PlantD (5)	Assets/Modern Villa/Prefabs/Plants/PlantD.prefab	(13.265, -0.901, 20.429)	(13.838, -0.688, 21.023)	(0.0, 0.0, 0.0)
CarpetA	Assets/Modern Villa/Prefabs/Props/CarpetA.prefab	(7.683, 1.000, 17.757)	(11.683, 1.010, 21.757)	(0.0, 0.0, 0.0)
CarpetA (1)	Assets/Modern Villa/Prefabs/Props/CarpetA.prefab	(7.850, 3.800, 6.430)	(11.850, 3.810, 10.430)	(0.0, 0.0, 0.0)
CarpetB	Assets/Modern Villa/Prefabs/Props/CarpetB.prefab	(2.975, 3.790, 6.477)	(4.975, 3.810, 8.477)	(0.0, 0.0, 0.0)
Orange	Assets/Modern Villa/Prefabs/Props/Orange.prefab	(11.310, 1.638, 11.398)	(11.470, 1.794, 11.525)	(35.9, 243.4, 343.6)
Orange/mv_Orange_LOD0	Assets/Modern Villa/Prefabs/Props/Orange.prefab	(11.311, 1.639, 11.399)	(11.469, 1.793, 11.525)	(35.9, 243.4, 343.6)
Orange/mv_Orange_LOD1	Assets/Modern Villa/Prefabs/Props/Orange.prefab	(11.311, 1.639, 11.399)	(11.470, 1.794, 11.525)	(35.9, 243.4, 343.6)
Orange/mv_Orange_LOD2	Assets/Modern Villa/Prefabs/Props/Orange.prefab	(11.311, 1.639, 11.399)	(11.469, 1.793, 11.524)	(35.9, 243.4, 343.6)
Orange/mv_Orange_LOD3	Assets/Modern Villa/Prefabs/Props/Orange.prefab	(11.310, 1.638, 11.398)	(11.469, 1.793, 11.525)	(35.9, 243.4, 343.6)
Peach	Assets/Modern Villa/Prefabs/Props/Peach.prefab	(11.333, 1.684, 11.627)	(11.421, 1.771, 11.696)	(0.0, 0.0, 334.8)
Peach/mv_Peach_LOD0	Assets/Modern Villa/Prefabs/Props/Peach.prefab	(11.333, 1.684, 11.628)	(11.421, 1.770, 11.695)	(0.0, 0.0, 334.8)
Peach/mv_Peach_LOD1	Assets/Modern Villa/Prefabs/Props/Peach.prefab	(11.333, 1.684, 11.628)	(11.421, 1.770, 11.695)	(0.0, 0.0, 334.8)
Peach/mv_Peach_LOD2	Assets/Modern Villa/Prefabs/Props/Peach.prefab	(11.333, 1.684, 11.627)	(11.421, 1.771, 11.695)	(0.0, 0.0, 334.8)
Peach/mv_Peach_LOD3	Assets/Modern Villa/Prefabs/Props/Peach.prefab	(11.333, 1.684, 11.627)	(11.421, 1.771, 11.696)	(0.0, 0.0, 334.8)
Apple	Assets/Modern Villa/Prefabs/Props/Apple.prefab	(11.239, 1.641, 11.555)	(11.336, 1.738, 11.622)	(0.0, 0.0, 47.6)
Apple/mv_Apple_LOD0	Assets/Modern Villa/Prefabs/Props/Apple.prefab	(11.239, 1.643, 11.555)	(11.335, 1.738, 11.621)	(0.0, 0.0, 47.6)
Apple/mv_Apple_LOD1	Assets/Modern Villa/Prefabs/Props/Apple.prefab	(11.244, 1.643, 11.555)	(11.335, 1.734, 11.621)	(0.0, 0.0, 47.6)
Apple/mv_Apple_LOD2	Assets/Modern Villa/Prefabs/Props/Apple.prefab	(11.243, 1.643, 11.555)	(11.335, 1.735, 11.621)	(0.0, 0.0, 47.6)
Apple/mv_Apple_LOD3	Assets/Modern Villa/Prefabs/Props/Apple.prefab	(11.243, 1.641, 11.555)	(11.336, 1.735, 11.622)	(0.0, 0.0, 47.6)
VaseB	Assets/Modern Villa/Prefabs/Props/VaseB.prefab	(-2.454, -0.006, 23.080)	(-1.146, 1.937, 24.288)	(0.0, 0.0, 0.0)
VaseB/VaseB_LOD0	Assets/Modern Villa/Prefabs/Props/VaseB.prefab	(-2.454, -0.006, 23.080)	(-1.146, 1.937, 24.288)	(0.0, 0.0, 0.0)
VaseB/VaseB_LOD1	Assets/Modern Villa/Prefabs/Props/VaseB.prefab	(-2.446, -0.004, 23.080)	(-1.161, 1.932, 24.281)	(0.0, 0.0, 0.0)
APV - terrace and pool		(0.000, 3.000, 14.000)	(0.000, 3.000, 14.000)	(0.0, 0.0, 0.0)
APV - villa interior		(6.300, 3.500, 13.000)	(6.300, 3.500, 13.000)	(0.0, 0.0, 0.0)
ProbeVolumePerSceneData		(0.000, 0.000, 0.000)	(0.000, 0.000, 0.000)	(0.0, 0.0, 0.0)
Beach Villa - Walkthrough		(-4.500, 0.050, -6.500)	(-4.500, 0.050, -6.500)	(0.0, 30.0, 0.0)
Beach Villa - Walkthrough/Main Camera		(-4.500, 1.700, -6.500)	(-4.500, 1.700, -6.500)	(0.0, 30.0, 0.0)
Beach Villa - Expanded Grounds		(-59.421, -4.619, -23.025)	(59.140, 10.359, 69.926)	(0.0, 0.0, 0.0)
Beach Villa - Expanded Grounds/Circulation		(0.000, 0.000, 0.000)	(0.000, 0.000, 0.000)	(0.0, 0.0, 0.0)
Beach Villa - Expanded Grounds/Furniture and lived-in details		(-33.002, 0.050, -16.525)	(33.096, 1.571, 40.041)	(0.0, 0.0, 0.0)
Beach Villa - Expanded Grounds/Furniture and lived-in details/Jacuzzi	Assets/Modern Villa/Prefabs/Props/Jacuzzi.prefab	(-29.150, 0.120, 23.850)	(-26.850, 1.078, 26.150)	(0.0, 0.0, 0.0)
Beach Villa - Expanded Grounds/Furniture and lived-in details/Barbecue	Assets/Modern Villa/Prefabs/Props/Barbecue.prefab	(-33.002, 0.050, 4.997)	(-30.998, 1.571, 7.003)	(0.0, 90.0, 0.0)
Beach Villa - Expanded Grounds/Furniture and lived-in details/DiningTable	Assets/Modern Villa/Prefabs/furniture/DiningTable.prefab	(-29.106, 0.050, 2.483)	(-26.895, 0.832, 3.518)	(0.0, 0.0, 0.0)
Beach Villa - Expanded Grounds/Furniture and lived-in details/DiningChair	Assets/Modern Villa/Prefabs/furniture/DiningChair.prefab	(-29.086, 0.050, 1.501)	(-28.514, 0.960, 1.999)	(0.0, 0.0, 0.0)
Beach Villa - Expanded Grounds/Furniture and lived-in details/DiningChair	Assets/Modern Villa/Prefabs/furniture/DiningChair.prefab	(-29.086, 0.050, 4.001)	(-28.514, 0.960, 4.499)	(0.0, 180.0, 0.0)
Beach Villa - Expanded Grounds/Furniture and lived-in details/DiningChair	Assets/Modern Villa/Prefabs/furniture/DiningChair.prefab	(-28.286, 0.050, 1.501)	(-27.714, 0.960, 1.999)	(0.0, 0.0, 0.0)
Beach Villa - Expanded Grounds/Furniture and lived-in details/DiningChair	Assets/Modern Villa/Prefabs/furniture/DiningChair.prefab	(-28.286, 0.050, 4.001)	(-27.714, 0.960, 4.499)	(0.0, 180.0, 0.0)
Beach Villa - Expanded Grounds/Furniture and lived-in details/DiningChair	Assets/Modern Villa/Prefabs/furniture/DiningChair.prefab	(-27.486, 0.050, 1.501)	(-26.914, 0.960, 1.999)	(0.0, 0.0, 0.0)
Beach Villa - Expanded Grounds/Furniture and lived-in details/DiningChair	Assets/Modern Villa/Prefabs/furniture/DiningChair.prefab	(-27.486, 0.050, 4.001)	(-26.914, 0.960, 4.499)	(0.0, 180.0, 0.0)
Beach Villa - Expanded Grounds/Furniture and lived-in details/LargePlate	Assets/Modern Villa/Prefabs/Props/LargePlate.prefab	(-28.859, 0.836, 2.541)	(-28.541, 0.848, 2.859)	(0.0, 0.0, 0.0)
Beach Villa - Expanded Grounds/Furniture and lived-in details/Glas	Assets/Modern Villa/Prefabs/Props/Glas.prefab	(-28.572, 0.836, 2.658)	(-28.488, 0.973, 2.742)	(0.0, 0.0, 0.0)
Beach Villa - Expanded Grounds/Furniture and lived-in details/LargePlate	Assets/Modern Villa/Prefabs/Props/LargePlate.prefab	(-28.859, 0.836, 3.141)	(-28.541, 0.848, 3.459)	(0.0, 0.0, 0.0)
Beach Villa - Expanded Grounds/Furniture and lived-in details/Glas	Assets/Modern Villa/Prefabs/Props/Glas.prefab	(-28.572, 0.836, 3.258)	(-28.488, 0.973, 3.342)	(0.0, 0.0, 0.0)
Beach Villa - Expanded Grounds/Furniture and lived-in details/LargePlate	Assets/Modern Villa/Prefabs/Props/LargePlate.prefab	(-28.159, 0.836, 2.541)	(-27.841, 0.848, 2.859)	(0.0, 0.0, 0.0)
Beach Villa - Expanded Grounds/Furniture and lived-in details/Glas	Assets/Modern Villa/Prefabs/Props/Glas.prefab	(-27.872, 0.836, 2.658)	(-27.788, 0.973, 2.742)	(0.0, 0.0, 0.0)
Beach Villa - Expanded Grounds/Furniture and lived-in details/LargePlate	Assets/Modern Villa/Prefabs/Props/LargePlate.prefab	(-28.159, 0.836, 3.141)	(-27.841, 0.848, 3.459)	(0.0, 0.0, 0.0)
Beach Villa - Expanded Grounds/Furniture and lived-in details/Glas	Assets/Modern Villa/Prefabs/Props/Glas.prefab	(-27.872, 0.836, 3.258)	(-27.788, 0.973, 3.342)	(0.0, 0.0, 0.0)
Beach Villa - Expanded Grounds/Furniture and lived-in details/LargePlate	Assets/Modern Villa/Prefabs/Props/LargePlate.prefab	(-27.459, 0.836, 2.541)	(-27.141, 0.848, 2.859)	(0.0, 0.0, 0.0)
Beach Villa - Expanded Grounds/Furniture and lived-in details/Glas	Assets/Modern Villa/Prefabs/Props/Glas.prefab	(-27.172, 0.836, 2.658)	(-27.088, 0.973, 2.742)	(0.0, 0.0, 0.0)
Beach Villa - Expanded Grounds/Furniture and lived-in details/LargePlate	Assets/Modern Villa/Prefabs/Props/LargePlate.prefab	(-27.459, 0.836, 3.141)	(-27.141, 0.848, 3.459)	(0.0, 0.0, 0.0)
Beach Villa - Expanded Grounds/Furniture and lived-in details/Glas	Assets/Modern Villa/Prefabs/Props/Glas.prefab	(-27.172, 0.836, 3.258)	(-27.088, 0.973, 3.342)	(0.0, 0.0, 0.0)
Beach Villa - Expanded Grounds/Furniture and lived-in details/CouchD	Assets/Modern Villa/Prefabs/furniture/CouchD.prefab	(-26.807, 0.050, 11.928)	(-25.893, 0.773, 14.072)	(0.0, 270.0, 0.0)
Beach Villa - Expanded Grounds/Furniture and lived-in details/GardenChair	Assets/Modern Villa/Prefabs/furniture/GardenChair.prefab	(-28.525, 0.050, 14.477)	(-27.675, 0.938, 15.323)	(0.0, 170.0, 0.0)
Beach Villa - Expanded Grounds/Furniture and lived-in details/GardenChair	Assets/Modern Villa/Prefabs/furniture/GardenChair.prefab	(-28.525, 0.050, 10.677)	(-27.675, 0.938, 11.523)	(0.0, 10.0, 0.0)
Beach Villa - Expanded Grounds/Furniture and lived-in details/CouchTableC	Assets/Modern Villa/Prefabs/furniture/CouchTableC.prefab	(-28.525, 0.050, 12.475)	(-27.475, 0.478, 13.525)	(0.0, 90.0, 0.0)
Beach Villa - Expanded Grounds/Furniture and lived-in details/TabletA	Assets/Modern Villa/Prefabs/Props/TabletA.prefab	(-28.180, 0.500, 12.780)	(-27.820, 0.566, 13.220)	(0.0, 90.0, 0.0)
Beach Villa - Expanded Grounds/Furniture and lived-in details/CoffeePot	Assets/Modern Villa/Prefabs/Props/CoffeePot.prefab	(-28.100, 0.568, 12.719)	(-27.900, 0.831, 13.041)	(0.0, 90.0, 0.0)
Beach Villa - Expanded Grounds/Furniture and lived-in details/CoffeeCupC	Assets/Modern Villa/Prefabs/Props/CoffeeCupC.prefab	(-27.984, 0.568, 13.105)	(-27.816, 0.658, 13.255)	(0.0, 110.0, 0.0)
Beach Villa - Expanded Grounds/Furniture and lived-in details/PottedPlantA	Assets/Modern Villa/Prefabs/Plants/PottedPlantA.prefab	(-27.100, 0.050, 9.904)	(-25.900, 1.408, 11.096)	(0.0, 90.0, 0.0)
Beach Villa - Expanded Grounds/Furniture and lived-in details/CouchD	Assets/Modern Villa/Prefabs/furniture/CouchD.prefab	(27.928, 0.050, 30.893)	(30.072, 0.773, 31.807)	(0.0, 0.0, 0.0)
Beach Villa - Expanded Grounds/Furniture and lived-in details/GardenChair	Assets/Modern Villa/Prefabs/furniture/GardenChair.prefab	(30.477, 0.050, 32.675)	(31.323, 0.938, 33.525)	(0.0, 260.0, 0.0)
Beach Villa - Expanded Grounds/Furniture and lived-in details/GardenChair	Assets/Modern Villa/Prefabs/furniture/GardenChair.prefab	(26.677, 0.050, 32.675)	(27.523, 0.938, 33.525)	(0.0, 100.0, 0.0)
Beach Villa - Expanded Grounds/Furniture and lived-in details/CouchTableC	Assets/Modern Villa/Prefabs/furniture/CouchTableC.prefab	(28.475, 0.050, 32.475)	(29.525, 0.478, 33.525)	(0.0, 180.0, 0.0)
Beach Villa - Expanded Grounds/Furniture and lived-in details/TabletA	Assets/Modern Villa/Prefabs/Props/TabletA.prefab	(28.780, 0.500, 32.820)	(29.220, 0.566, 33.180)	(0.0, 180.0, 0.0)
Beach Villa - Expanded Grounds/Furniture and lived-in details/CoffeePot	Assets/Modern Villa/Prefabs/Props/CoffeePot.prefab	(28.719, 0.568, 32.900)	(29.041, 0.831, 33.100)	(0.0, 180.0, 0.0)
Beach Villa - Expanded Grounds/Furniture and lived-in details/CoffeeCupC	Assets/Modern Villa/Prefabs/Props/CoffeeCupC.prefab	(29.105, 0.568, 32.816)	(29.255, 0.658, 32.984)	(0.0, 200.0, 0.0)
Beach Villa - Expanded Grounds/Furniture and lived-in details/PottedPlantA	Assets/Modern Villa/Prefabs/Plants/PottedPlantA.prefab	(25.904, 0.050, 30.900)	(27.096, 1.408, 32.100)	(0.0, 180.0, 0.0)
Beach Villa - Expanded Grounds/Furniture and lived-in details/CouchD	Assets/Modern Villa/Prefabs/furniture/CouchD.prefab	(4.928, 0.050, -14.807)	(7.072, 0.773, -13.893)	(0.0, 180.0, 0.0)
Beach Villa - Expanded Grounds/Furniture and lived-in details/GardenChair	Assets/Modern Villa/Prefabs/furniture/GardenChair.prefab	(3.677, 0.050, -16.525)	(4.523, 0.938, -15.675)	(0.0, 80.0, 0.0)
Beach Villa - Expanded Grounds/Furniture and lived-in details/GardenChair	Assets/Modern Villa/Prefabs/furniture/GardenChair.prefab	(7.477, 0.050, -16.525)	(8.323, 0.938, -15.675)	(0.0, 280.0, 0.0)
Beach Villa - Expanded Grounds/Furniture and lived-in details/CouchTableC	Assets/Modern Villa/Prefabs/furniture/CouchTableC.prefab	(5.475, 0.050, -16.525)	(6.525, 0.478, -15.475)	(0.0, 0.0, 0.0)
Beach Villa - Expanded Grounds/Furniture and lived-in details/TabletA	Assets/Modern Villa/Prefabs/Props/TabletA.prefab	(5.780, 0.500, -16.180)	(6.220, 0.566, -15.820)	(0.0, 0.0, 0.0)
Beach Villa - Expanded Grounds/Furniture and lived-in details/CoffeePot	Assets/Modern Villa/Prefabs/Props/CoffeePot.prefab	(5.959, 0.568, -16.100)	(6.281, 0.831, -15.900)	(0.0, 0.0, 0.0)
Beach Villa - Expanded Grounds/Furniture and lived-in details/CoffeeCupC	Assets/Modern Villa/Prefabs/Props/CoffeeCupC.prefab	(5.745, 0.568, -15.984)	(5.895, 0.658, -15.816)	(0.0, 20.0, 0.0)
Beach Villa - Expanded Grounds/Furniture and lived-in details/PottedPlantA	Assets/Modern Villa/Prefabs/Plants/PottedPlantA.prefab	(7.904, 0.050, -15.100)	(9.096, 1.408, -13.900)	(0.0, 0.0, 0.0)
Beach Villa - Expanded Grounds/Furniture and lived-in details/CouchD	Assets/Modern Villa/Prefabs/furniture/CouchD.prefab	(-9.072, 0.050, -14.807)	(-6.928, 0.773, -13.893)	(0.0, 180.0, 0.0)
Beach Villa - Expanded Grounds/Furniture and lived-in details/GardenChair	Assets/Modern Villa/Prefabs/furniture/GardenChair.prefab	(-10.323, 0.050, -16.525)	(-9.477, 0.938, -15.675)	(0.0, 80.0, 0.0)
Beach Villa - Expanded Grounds/Furniture and lived-in details/GardenChair	Assets/Modern Villa/Prefabs/furniture/GardenChair.prefab	(-6.523, 0.050, -16.525)	(-5.677, 0.938, -15.675)	(0.0, 280.0, 0.0)
Beach Villa - Expanded Grounds/Furniture and lived-in details/CouchTableC	Assets/Modern Villa/Prefabs/furniture/CouchTableC.prefab	(-8.525, 0.050, -16.525)	(-7.475, 0.478, -15.475)	(0.0, 0.0, 0.0)
Beach Villa - Expanded Grounds/Furniture and lived-in details/TabletA	Assets/Modern Villa/Prefabs/Props/TabletA.prefab	(-8.220, 0.500, -16.180)	(-7.780, 0.566, -15.820)	(0.0, 0.0, 0.0)
Beach Villa - Expanded Grounds/Furniture and lived-in details/CoffeePot	Assets/Modern Villa/Prefabs/Props/CoffeePot.prefab	(-8.041, 0.568, -16.100)	(-7.719, 0.831, -15.900)	(0.0, 0.0, 0.0)
Beach Villa - Expanded Grounds/Furniture and lived-in details/CoffeeCupC	Assets/Modern Villa/Prefabs/Props/CoffeeCupC.prefab	(-8.255, 0.568, -15.984)	(-8.105, 0.658, -15.816)	(0.0, 20.0, 0.0)
Beach Villa - Expanded Grounds/Furniture and lived-in details/PottedPlantA	Assets/Modern Villa/Prefabs/Plants/PottedPlantA.prefab	(-6.096, 0.050, -15.100)	(-4.904, 1.408, -13.900)	(0.0, 0.0, 0.0)
Beach Villa - Expanded Grounds/Furniture and lived-in details/Lounger	Assets/Modern Villa/Prefabs/furniture/Lounger.prefab	(-32.354, 0.050, 29.910)	(-31.646, 0.677, 32.090)	(0.0, 180.0, 0.0)
Beach Villa - Expanded Grounds/Furniture and lived-in details/PavillonSideTable	Assets/Modern Villa/Prefabs/furniture/PavillonSideTable.prefab	(-31.113, 0.050, 30.787)	(-30.687, 0.647, 31.213)	(0.0, 0.0, 0.0)
Beach Villa - Expanded Grounds/Furniture and lived-in details/TowelA	Assets/Modern Villa/Prefabs/Props/TowelA.prefab	(-32.103, 0.490, 31.362)	(-31.897, 0.682, 31.838)	(0.0, 0.0, 0.0)
Beach Villa - Expanded Grounds/Furniture and lived-in details/Lounger	Assets/Modern Villa/Prefabs/furniture/Lounger.prefab	(-24.354, 0.050, 29.910)	(-23.646, 0.677, 32.090)	(0.0, 180.0, 0.0)
Beach Villa - Expanded Grounds/Furniture and lived-in details/PavillonSideTable	Assets/Modern Villa/Prefabs/furniture/PavillonSideTable.prefab	(-23.113, 0.050, 30.787)	(-22.687, 0.647, 31.213)	(0.0, 0.0, 0.0)
Beach Villa - Expanded Grounds/Furniture and lived-in details/TowelA	Assets/Modern Villa/Prefabs/Props/TowelA.prefab	(-24.103, 0.490, 31.362)	(-23.897, 0.682, 31.838)	(0.0, 0.0, 0.0)
Beach Villa - Expanded Grounds/Furniture and lived-in details/FloorLight on Variant	Assets/Modern Villa/Prefabs/lighting/FloorLight on Variant.prefab	(-25.241, 0.050, 2.959)	(-25.159, 0.821, 3.041)	(0.0, 0.0, 0.0)
Beach Villa - Expanded Grounds/Furniture and lived-in details/FloorLight on Variant/Courtyard practical light		(-25.200, 0.741, 3.000)	(-25.200, 0.741, 3.000)	(0.0, 0.0, 0.0)
Beach Villa - Expanded Grounds/Furniture and lived-in details/FloorLight on Variant	Assets/Modern Villa/Prefabs/lighting/FloorLight on Variant.prefab	(-25.241, 0.050, 24.959)	(-25.159, 0.821, 25.041)	(0.0, 0.0, 0.0)
Beach Villa - Expanded Grounds/Furniture and lived-in details/FloorLight on Variant/Courtyard practical light		(-25.200, 0.741, 25.000)	(-25.200, 0.741, 25.000)	(0.0, 0.0, 0.0)
Beach Villa - Expanded Grounds/Furniture and lived-in details/FloorLight on Variant	Assets/Modern Villa/Prefabs/lighting/FloorLight on Variant.prefab	(31.759, 0.050, 12.959)	(31.841, 0.821, 13.041)	(0.0, 0.0, 0.0)
Beach Villa - Expanded Grounds/Furniture and lived-in details/FloorLight on Variant/Courtyard practical light		(31.800, 0.741, 13.000)	(31.800, 0.741, 13.000)	(0.0, 0.0, 0.0)
Beach Villa - Expanded Grounds/Furniture and lived-in details/FloorLight on Variant	Assets/Modern Villa/Prefabs/lighting/FloorLight on Variant.prefab	(31.759, 0.050, 23.959)	(31.841, 0.821, 24.041)	(0.0, 0.0, 0.0)
Beach Villa - Expanded Grounds/Furniture and lived-in details/FloorLight on Variant/Courtyard practical light		(31.800, 0.741, 24.000)	(31.800, 0.741, 24.000)	(0.0, 0.0, 0.0)
Beach Villa - Expanded Grounds/Furniture and lived-in details/FloorLight on Variant	Assets/Modern Villa/Prefabs/lighting/FloorLight on Variant.prefab	(7.759, 0.050, 39.959)	(7.841, 0.821, 40.041)	(0.0, 0.0, 0.0)
Beach Villa - Expanded Grounds/Furniture and lived-in details/FloorLight on Variant/Courtyard practical light		(7.800, 0.741, 40.000)	(7.800, 0.741, 40.000)	(0.0, 0.0, 0.0)
Beach Villa - Expanded Grounds/Furniture and lived-in details/FloorLight on Variant	Assets/Modern Villa/Prefabs/lighting/FloorLight on Variant.prefab	(-5.241, 0.050, -16.041)	(-5.159, 0.821, -15.959)	(0.0, 0.0, 0.0)
Beach Villa - Expanded Grounds/Furniture and lived-in details/FloorLight on Variant/Courtyard practical light		(-5.200, 0.741, -16.000)	(-5.200, 0.741, -16.000)	(0.0, 0.0, 0.0)
Beach Villa - Expanded Grounds/Guest wing - vendor BuildingC	Assets/Modern Villa/Prefabs/buildings/BuildingC.prefab	(25.886, 0.050, 7.900)	(34.114, 2.850, 28.100)	(0.0, 0.0, 0.0)
Beach Villa - Expanded Grounds/Guest wing - vendor BuildingC/Wall Decoration/WallLight	Assets/Modern Villa/Prefabs/lighting/WallLight.prefab	(33.984, 1.946, 22.930)	(34.114, 2.154, 23.034)	(0.0, 90.0, 0.0)
Beach Villa - Expanded Grounds/Guest wing - vendor BuildingC/Wall Decoration/WallLight (1)	Assets/Modern Villa/Prefabs/lighting/WallLight.prefab	(33.984, 1.946, 17.430)	(34.114, 2.154, 17.534)	(0.0, 90.0, 0.0)
Beach Villa - Expanded Grounds/Guest wing - vendor BuildingC/Wall Decoration/WallLight (2)	Assets/Modern Villa/Prefabs/lighting/WallLight.prefab	(31.941, 1.946, 14.930)	(32.071, 2.154, 15.034)	(0.0, 90.0, 0.0)
Beach Villa - Expanded Grounds/Guest wing - vendor BuildingC/Walls/Wall2x2,5	Assets/Modern Villa/Prefabs/Walls/Wall2x2,5.prefab	(33.736, 0.050, 16.500)	(33.986, 2.550, 18.500)	(0.0, 90.0, 0.0)
Beach Villa - Expanded Grounds/Guest wing - vendor BuildingC/Walls/WindowStraight	Assets/Modern Villa/Prefabs/Windows/WindowStraight.prefab	(33.736, 0.050, 18.500)	(33.876, 2.550, 20.500)	(0.0, 90.0, 0.0)
Beach Villa - Expanded Grounds/Guest wing - vendor BuildingC/Walls/WindowStraight (1)	Assets/Modern Villa/Prefabs/Windows/WindowStraight.prefab	(33.736, 0.050, 20.500)	(33.876, 2.550, 22.500)	(0.0, 90.0, 0.0)
Beach Villa - Expanded Grounds/Guest wing - vendor BuildingC/Walls/WindowStraight (2)	Assets/Modern Villa/Prefabs/Windows/WindowStraight.prefab	(33.736, 0.050, 25.500)	(33.876, 2.550, 27.500)	(0.0, 90.0, 0.0)
Beach Villa - Expanded Grounds/Guest wing - vendor BuildingC/Walls/WindowStraight (3)	Assets/Modern Villa/Prefabs/Windows/WindowStraight.prefab	(33.736, 0.050, 23.500)	(33.876, 2.550, 25.500)	(0.0, 90.0, 0.0)
Beach Villa - Expanded Grounds/Guest wing - vendor BuildingC/Walls/Wall 1x2,5	Assets/Modern Villa/Prefabs/Walls/Wall 1x2,5.prefab	(33.736, 0.050, 22.500)	(33.986, 2.550, 23.500)	(0.0, 90.0, 0.0)
Beach Villa - Expanded Grounds/Guest wing - vendor BuildingC/Walls/WallCorner2,5	Assets/Modern Villa/Prefabs/Walls/WallCorner2,5.prefab	(33.736, 0.050, 16.250)	(33.986, 2.550, 16.500)	(0.0, 180.0, 0.0)
Beach Villa - Expanded Grounds/Guest wing - vendor BuildingC/Walls/Wall2x2,5 (1)	Assets/Modern Villa/Prefabs/Walls/Wall2x2,5.prefab	(31.736, 0.050, 16.250)	(33.736, 2.550, 16.500)	(0.0, 180.0, 0.0)
Beach Villa - Expanded Grounds/Guest wing - vendor BuildingC/Walls/WallCorner2,5 (1)	Assets/Modern Villa/Prefabs/Walls/WallCorner2,5.prefab	(31.486, 0.050, 16.250)	(31.736, 2.550, 16.500)	(0.0, 180.0, 0.0)
Beach Villa - Expanded Grounds/Guest wing - vendor BuildingC/Walls/Wall2x2,5 (2)	Assets/Modern Villa/Prefabs/Walls/Wall2x2,5.prefab	(31.486, 0.050, 14.250)	(31.736, 2.550, 16.250)	(0.0, 90.0, 0.0)
Beach Villa - Expanded Grounds/Guest wing - vendor BuildingC/Walls/WindowStraight (4)	Assets/Modern Villa/Prefabs/Windows/WindowStraight.prefab	(31.486, 0.050, 12.250)	(31.626, 2.550, 14.250)	(0.0, 90.0, 0.0)
Beach Villa - Expanded Grounds/Guest wing - vendor BuildingC/Walls/WindowStraight (5)	Assets/Modern Villa/Prefabs/Windows/WindowStraight.prefab	(31.486, 0.050, 10.250)	(31.626, 2.550, 12.250)	(0.0, 90.0, 0.0)
Beach Villa - Expanded Grounds/Guest wing - vendor BuildingC/Walls/WindowStraight (6)	Assets/Modern Villa/Prefabs/Windows/WindowStraight.prefab	(31.486, 0.050, 8.250)	(31.626, 2.550, 10.250)	(0.0, 90.0, 0.0)
Beach Villa - Expanded Grounds/Guest wing - vendor BuildingC/Walls/WallCorner2,5 (2)	Assets/Modern Villa/Prefabs/Walls/WallCorner2,5.prefab	(31.486, 0.050, 8.000)	(31.736, 2.550, 8.250)	(0.0, 180.0, 0.0)
Beach Villa - Expanded Grounds/Guest wing - vendor BuildingC/Walls/Wall2x2,5 (3)	Assets/Modern Villa/Prefabs/Walls/Wall2x2,5.prefab	(29.486, 0.050, 8.000)	(31.486, 2.550, 8.250)	(0.0, 180.0, 0.0)
Beach Villa - Expanded Grounds/Guest wing - vendor BuildingC/Walls/Wall2x2,5 (4)	Assets/Modern Villa/Prefabs/Walls/Wall2x2,5.prefab	(27.486, 0.050, 8.000)	(29.486, 2.550, 8.250)	(0.0, 180.0, 0.0)
Beach Villa - Expanded Grounds/Guest wing - vendor BuildingC/Walls/WallCorner2,5 (3)	Assets/Modern Villa/Prefabs/Walls/WallCorner2,5.prefab	(26.236, 0.050, 8.000)	(26.486, 2.550, 8.250)	(0.0, 180.0, 0.0)
Beach Villa - Expanded Grounds/Guest wing - vendor BuildingC/Walls/Wall2x2,5 (5)	Assets/Modern Villa/Prefabs/Walls/Wall2x2,5.prefab	(26.236, 0.050, 8.250)	(26.486, 2.550, 10.250)	(0.0, 90.0, 0.0)
Beach Villa - Expanded Grounds/Guest wing - vendor BuildingC/Walls/Wall2x2,5 (8)	Assets/Modern Villa/Prefabs/Walls/Wall2x2,5.prefab	(26.236, 0.050, 14.250)	(26.486, 2.550, 16.250)	(0.0, 90.0, 0.0)
Beach Villa - Expanded Grounds/Guest wing - vendor BuildingC/Walls/Wall2x2,5 (11)	Assets/Modern Villa/Prefabs/Walls/Wall2x2,5.prefab	(26.236, 0.050, 20.250)	(26.486, 2.550, 22.250)	(0.0, 90.0, 0.0)
Beach Villa - Expanded Grounds/Guest wing - vendor BuildingC/Walls/Wall2x2,5 (12)	Assets/Modern Villa/Prefabs/Walls/Wall2x2,5.prefab	(26.236, 0.050, 22.250)	(26.486, 2.550, 24.250)	(0.0, 90.0, 0.0)
Beach Villa - Expanded Grounds/Guest wing - vendor BuildingC/Walls/Wall2x2,5 (13)	Assets/Modern Villa/Prefabs/Walls/Wall2x2,5.prefab	(26.236, 0.050, 24.250)	(26.486, 2.550, 26.250)	(0.0, 90.0, 0.0)
Beach Villa - Expanded Grounds/Guest wing - vendor BuildingC/Walls/Wall 1x2,5 (1)	Assets/Modern Villa/Prefabs/Walls/Wall 1x2,5.prefab	(26.236, 0.050, 26.250)	(26.486, 2.550, 27.250)	(0.0, 90.0, 0.0)
Beach Villa - Expanded Grounds/Guest wing - vendor BuildingC/Walls/WallCorner2,5 (4)	Assets/Modern Villa/Prefabs/Walls/WallCorner2,5.prefab	(26.236, 0.050, 27.500)	(26.486, 2.550, 27.750)	(0.0, 180.0, 0.0)
Beach Villa - Expanded Grounds/Guest wing - vendor BuildingC/Walls/Wall2x2,5 (14)	Assets/Modern Villa/Prefabs/Walls/Wall2x2,5.prefab	(27.736, 0.050, 27.500)	(29.736, 2.550, 27.750)	(0.0, 0.0, 0.0)
Beach Villa - Expanded Grounds/Guest wing - vendor BuildingC/Walls/WallCorner2,5 (5)	Assets/Modern Villa/Prefabs/Walls/WallCorner2,5.prefab	(33.736, 0.050, 27.500)	(33.986, 2.550, 27.750)	(0.0, 90.0, 0.0)
Beach Villa - Expanded Grounds/Guest wing - vendor BuildingC/Walls/Roof2x2Side	Assets/Modern Villa/Prefabs/roof/Roof2x2Side.prefab	(31.986, 2.550, 18.000)	(34.086, 2.850, 20.000)	(0.0, 180.0, 0.0)
Beach Villa - Expanded Grounds/Guest wing - vendor BuildingC/Walls/Roof2x2corner	Assets/Modern Villa/Prefabs/roof/Roof2x2corner.prefab	(31.986, 2.550, 15.900)	(34.086, 2.850, 18.000)	(0.0, 180.0, 0.0)
Beach Villa - Expanded Grounds/Guest wing - vendor BuildingC/Walls/Roof2x2Side (1)	Assets/Modern Villa/Prefabs/roof/Roof2x2Side.prefab	(31.986, 2.550, 20.000)	(34.086, 2.850, 22.000)	(0.0, 180.0, 0.0)
Beach Villa - Expanded Grounds/Guest wing - vendor BuildingC/Walls/Roof2x2Side (2)	Assets/Modern Villa/Prefabs/roof/Roof2x2Side.prefab	(31.986, 2.550, 22.000)	(34.086, 2.850, 24.000)	(0.0, 180.0, 0.0)
Beach Villa - Expanded Grounds/Guest wing - vendor BuildingC/Walls/Roof2x2Side (3)	Assets/Modern Villa/Prefabs/roof/Roof2x2Side.prefab	(31.986, 2.550, 24.000)	(34.086, 2.850, 26.000)	(0.0, 180.0, 0.0)
Beach Villa - Expanded Grounds/Guest wing - vendor BuildingC/Walls/Roof2x2corner (1)	Assets/Modern Villa/Prefabs/roof/Roof2x2corner.prefab	(31.986, 2.550, 26.000)	(34.086, 2.850, 28.100)	(0.0, 90.0, 0.0)
Beach Villa - Expanded Grounds/Guest wing - vendor BuildingC/Walls/Roof2x2Side (4)	Assets/Modern Villa/Prefabs/roof/Roof2x2Side.prefab	(29.986, 2.550, 26.000)	(31.986, 2.850, 28.100)	(0.0, 90.0, 0.0)
Beach Villa - Expanded Grounds/Guest wing - vendor BuildingC/Walls/Roof2x2Side (5)	Assets/Modern Villa/Prefabs/roof/Roof2x2Side.prefab	(27.986, 2.550, 26.000)	(29.986, 2.850, 28.100)	(0.0, 90.0, 0.0)
Beach Villa - Expanded Grounds/Guest wing - vendor BuildingC/Walls/Roof2x2corner (2)	Assets/Modern Villa/Prefabs/roof/Roof2x2corner.prefab	(25.886, 2.550, 26.000)	(27.986, 2.850, 28.100)	(0.0, 0.0, 0.0)
Beach Villa - Expanded Grounds/Guest wing - vendor BuildingC/Walls/Roof2x2	Assets/Modern Villa/Prefabs/roof/Roof2x2.prefab	(29.986, 2.550, 16.000)	(31.986, 2.850, 18.000)	(0.0, 180.0, 0.0)
Beach Villa - Expanded Grounds/Guest wing - vendor BuildingC/Walls/Roof2x2 (1)	Assets/Modern Villa/Prefabs/roof/Roof2x2.prefab	(29.986, 2.550, 18.000)	(31.986, 2.850, 20.000)	(0.0, 180.0, 0.0)
Beach Villa - Expanded Grounds/Guest wing - vendor BuildingC/Walls/Roof2x2 (2)	Assets/Modern Villa/Prefabs/roof/Roof2x2.prefab	(29.986, 2.550, 20.000)	(31.986, 2.850, 22.000)	(0.0, 180.0, 0.0)
Beach Villa - Expanded Grounds/Guest wing - vendor BuildingC/Walls/Roof2x2 (3)	Assets/Modern Villa/Prefabs/roof/Roof2x2.prefab	(29.986, 2.550, 22.000)	(31.986, 2.850, 24.000)	(0.0, 180.0, 0.0)
Beach Villa - Expanded Grounds/Guest wing - vendor BuildingC/Walls/Roof2x2 (4)	Assets/Modern Villa/Prefabs/roof/Roof2x2.prefab	(29.986, 2.550, 24.000)	(31.986, 2.850, 26.000)	(0.0, 180.0, 0.0)
Beach Villa - Expanded Grounds/Guest wing - vendor BuildingC/Walls/Roof2x2corner (6)	Assets/Modern Villa/Prefabs/roof/Roof2x2corner.prefab	(29.986, 2.550, 7.900)	(32.086, 2.850, 10.000)	(0.0, 180.0, 0.0)
Beach Villa - Expanded Grounds/Guest wing - vendor BuildingC/Walls/Roof2x2 (5)	Assets/Modern Villa/Prefabs/roof/Roof2x2.prefab	(27.986, 2.550, 16.000)	(29.986, 2.850, 18.000)	(0.0, 180.0, 0.0)
Beach Villa - Expanded Grounds/Guest wing - vendor BuildingC/Walls/Roof2x2 (6)	Assets/Modern Villa/Prefabs/roof/Roof2x2.prefab	(27.986, 2.550, 18.000)	(29.986, 2.850, 20.000)	(0.0, 180.0, 0.0)
Beach Villa - Expanded Grounds/Guest wing - vendor BuildingC/Walls/Roof2x2 (7)	Assets/Modern Villa/Prefabs/roof/Roof2x2.prefab	(27.986, 2.550, 20.000)	(29.986, 2.850, 22.000)	(0.0, 180.0, 0.0)
Beach Villa - Expanded Grounds/Guest wing - vendor BuildingC/Walls/Roof2x2 (8)	Assets/Modern Villa/Prefabs/roof/Roof2x2.prefab	(27.986, 2.550, 22.000)	(29.986, 2.850, 24.000)	(0.0, 180.0, 0.0)
Beach Villa - Expanded Grounds/Guest wing - vendor BuildingC/Walls/Roof2x2 (9)	Assets/Modern Villa/Prefabs/roof/Roof2x2.prefab	(27.986, 2.550, 24.000)	(29.986, 2.850, 26.000)	(0.0, 180.0, 0.0)
Beach Villa - Expanded Grounds/Guest wing - vendor BuildingC/Walls/Roof2x2 (12)	Assets/Modern Villa/Prefabs/roof/Roof2x2.prefab	(27.986, 2.550, 10.000)	(29.986, 2.850, 12.000)	(0.0, 180.0, 0.0)
Beach Villa - Expanded Grounds/Guest wing - vendor BuildingC/Walls/Roof2x2 (13)	Assets/Modern Villa/Prefabs/roof/Roof2x2.prefab	(27.986, 2.550, 12.000)	(29.986, 2.850, 14.000)	(0.0, 180.0, 0.0)
Beach Villa - Expanded Grounds/Guest wing - vendor BuildingC/Walls/Roof2x2 (14)	Assets/Modern Villa/Prefabs/roof/Roof2x2.prefab	(27.986, 2.550, 14.000)	(29.986, 2.850, 16.000)	(0.0, 180.0, 0.0)
Beach Villa - Expanded Grounds/Guest wing - vendor BuildingC/Walls/Roof2x2corner (8)	Assets/Modern Villa/Prefabs/roof/Roof2x2corner.prefab	(25.886, 2.550, 7.900)	(27.986, 2.850, 10.000)	(0.0, 270.0, 0.0)
Beach Villa - Expanded Grounds/Guest wing - vendor BuildingC/Walls/Roof2x2Side (6)	Assets/Modern Villa/Prefabs/roof/Roof2x2Side.prefab	(29.986, 2.550, 14.000)	(32.086, 2.850, 16.000)	(0.0, 180.0, 0.0)
Beach Villa - Expanded Grounds/Guest wing - vendor BuildingC/Walls/Roof2x2Side (7)	Assets/Modern Villa/Prefabs/roof/Roof2x2Side.prefab	(29.986, 2.550, 12.000)	(32.086, 2.850, 14.000)	(0.0, 180.0, 0.0)
Beach Villa - Expanded Grounds/Guest wing - vendor BuildingC/Walls/Roof2x2Side (8)	Assets/Modern Villa/Prefabs/roof/Roof2x2Side.prefab	(29.986, 2.550, 10.000)	(32.086, 2.850, 12.000)	(0.0, 180.0, 0.0)
Beach Villa - Expanded Grounds/Guest wing - vendor BuildingC/Walls/Roof2x2Side (9)	Assets/Modern Villa/Prefabs/roof/Roof2x2Side.prefab	(27.986, 2.550, 7.900)	(29.986, 2.850, 10.000)	(0.0, 270.0, 0.0)
Beach Villa - Expanded Grounds/Guest wing - vendor BuildingC/Walls/Roof2x2Side (10)	Assets/Modern Villa/Prefabs/roof/Roof2x2Side.prefab	(25.886, 2.550, 10.000)	(27.986, 2.850, 12.000)	(0.0, 0.0, 0.0)
Beach Villa - Expanded Grounds/Guest wing - vendor BuildingC/Walls/Roof2x2Side (11)	Assets/Modern Villa/Prefabs/roof/Roof2x2Side.prefab	(25.886, 2.550, 12.000)	(27.986, 2.850, 14.000)	(0.0, 0.0, 0.0)
Beach Villa - Expanded Grounds/Guest wing - vendor BuildingC/Walls/Roof2x2Side (12)	Assets/Modern Villa/Prefabs/roof/Roof2x2Side.prefab	(25.886, 2.550, 14.000)	(27.986, 2.850, 16.000)	(0.0, 0.0, 0.0)
Beach Villa - Expanded Grounds/Guest wing - vendor BuildingC/Walls/Roof2x2Side (13)	Assets/Modern Villa/Prefabs/roof/Roof2x2Side.prefab	(25.886, 2.550, 16.000)	(27.986, 2.850, 18.000)	(0.0, 0.0, 0.0)
Beach Villa - Expanded Grounds/Guest wing - vendor BuildingC/Walls/Roof2x2Side (14)	Assets/Modern Villa/Prefabs/roof/Roof2x2Side.prefab	(25.886, 2.550, 18.000)	(27.986, 2.850, 20.000)	(0.0, 0.0, 0.0)
Beach Villa - Expanded Grounds/Guest wing - vendor BuildingC/Walls/Roof2x2Side (15)	Assets/Modern Villa/Prefabs/roof/Roof2x2Side.prefab	(25.886, 2.550, 20.000)	(27.986, 2.850, 22.000)	(0.0, 0.0, 0.0)
Beach Villa - Expanded Grounds/Guest wing - vendor BuildingC/Walls/Roof2x2Side (16)	Assets/Modern Villa/Prefabs/roof/Roof2x2Side.prefab	(25.886, 2.550, 22.000)	(27.986, 2.850, 24.000)	(0.0, 0.0, 0.0)
Beach Villa - Expanded Grounds/Guest wing - vendor BuildingC/Walls/Roof2x2Side (17)	Assets/Modern Villa/Prefabs/roof/Roof2x2Side.prefab	(25.886, 2.550, 24.000)	(27.986, 2.850, 26.000)	(0.0, 0.0, 0.0)
Beach Villa - Expanded Grounds/Guest wing - vendor BuildingC/Walls/Wall2x2,5 (16)	Assets/Modern Villa/Prefabs/Walls/Wall2x2,5.prefab	(31.736, 0.050, 27.500)	(33.736, 2.550, 27.750)	(0.0, 0.0, 0.0)
Beach Villa - Expanded Grounds/Guest wing - vendor BuildingC/Walls/WallCorner2,5 (6)	Assets/Modern Villa/Prefabs/Walls/WallCorner2,5.prefab	(26.236, 0.050, 27.250)	(26.486, 2.550, 27.500)	(0.0, 180.0, 0.0)
Beach Villa - Expanded Grounds/Guest wing - vendor BuildingC/Walls/Wall 1x2,5 (2)	Assets/Modern Villa/Prefabs/Walls/Wall 1x2,5.prefab	(26.736, 0.050, 27.500)	(27.736, 2.550, 27.750)	(0.0, 180.0, 0.0)
Beach Villa - Expanded Grounds/Guest wing - vendor BuildingC/Walls/WallCorner2,5 (7)	Assets/Modern Villa/Prefabs/Walls/WallCorner2,5.prefab	(26.486, 0.050, 27.500)	(26.736, 2.550, 27.750)	(0.0, 180.0, 0.0)
Beach Villa - Expanded Grounds/Guest wing - vendor BuildingC/Walls/Wall 1x2,5 (3)	Assets/Modern Villa/Prefabs/Walls/Wall 1x2,5.prefab	(26.486, 0.050, 8.000)	(27.486, 2.550, 8.250)	(0.0, 180.0, 0.0)
Beach Villa - Expanded Grounds/Guest wing - vendor BuildingC/Walls/Wall 2x2,5 door single Variant	Assets/Modern Villa/Prefabs/Walls/Wall 2x2,5 door single Variant.prefab	(29.736, 0.050, 27.500)	(31.957, 2.550, 27.750)	(0.0, 0.0, 0.0)
Beach Villa - Expanded Grounds/Guest wing - vendor BuildingC/Walls/Wall 2x2,5 door single Variant/exterior Door	Assets/Modern Villa/Prefabs/Walls/ExteriorDoor.prefab	(30.727, 0.051, 27.548)	(31.957, 2.044, 27.691)	(0.0, 0.0, 0.0)
Beach Villa - Expanded Grounds/Garden spa pavilion	Assets/Modern Villa/Prefabs/buildings/SpaPavillon.prefab	(-33.634, 0.050, 19.086)	(-22.366, 6.917, 30.914)	(0.0, 0.0, 0.0)
Beach Villa - Expanded Grounds/PavillonOpen	Assets/Modern Villa/Prefabs/Props/PavillonOpen.prefab	(-29.811, 0.050, 1.189)	(-26.189, 3.533, 4.811)	(0.0, 0.0, 0.0)
Beach Villa - Expanded Grounds/APV - guest and spa courts		(29.000, 2.000, 19.000)	(29.000, 2.000, 19.000)	(0.0, 0.0, 0.0)
Beach Villa - Layout Revision		(-57.124, -0.950, -23.000)	(54.995, 9.985, 72.014)	(0.0, 0.0, 0.0)
Beach Villa - Layout Revision/Continuous perimeter - matching wall modules		(-40.000, -0.150, -23.000)	(40.000, 1.350, 50.000)	(0.0, 0.0, 0.0)
Beach Villa - Layout Revision/Continuous perimeter - matching wall modules/Wall2x2,5	Assets/Modern Villa/Prefabs/Walls/Wall2x2,5.prefab	(-40.000, -0.150, -23.000)	(-39.750, 1.350, -21.027)	(0.0, 90.0, 0.0)
Beach Villa - Layout Revision/Continuous perimeter - matching wall modules/Wall2x2,5	Assets/Modern Villa/Prefabs/Walls/Wall2x2,5.prefab	(-40.000, -0.150, -21.027)	(-39.750, 1.350, -19.054)	(0.0, 90.0, 0.0)
Beach Villa - Layout Revision/Continuous perimeter - matching wall modules/Wall2x2,5	Assets/Modern Villa/Prefabs/Walls/Wall2x2,5.prefab	(-40.000, -0.150, -19.054)	(-39.750, 1.350, -17.081)	(0.0, 90.0, 0.0)
Beach Villa - Layout Revision/Continuous perimeter - matching wall modules/Wall2x2,5	Assets/Modern Villa/Prefabs/Walls/Wall2x2,5.prefab	(-40.000, -0.150, -17.081)	(-39.750, 1.350, -15.108)	(0.0, 90.0, 0.0)
Beach Villa - Layout Revision/Continuous perimeter - matching wall modules/Wall2x2,5	Assets/Modern Villa/Prefabs/Walls/Wall2x2,5.prefab	(-40.000, -0.150, -15.108)	(-39.750, 1.350, -13.135)	(0.0, 90.0, 0.0)
Beach Villa - Layout Revision/Continuous perimeter - matching wall modules/Wall2x2,5	Assets/Modern Villa/Prefabs/Walls/Wall2x2,5.prefab	(-40.000, -0.150, -13.135)	(-39.750, 1.350, -11.162)	(0.0, 90.0, 0.0)
Beach Villa - Layout Revision/Continuous perimeter - matching wall modules/Wall2x2,5	Assets/Modern Villa/Prefabs/Walls/Wall2x2,5.prefab	(-40.000, -0.150, -11.162)	(-39.750, 1.350, -9.189)	(0.0, 90.0, 0.0)
Beach Villa - Layout Revision/Continuous perimeter - matching wall modules/Wall2x2,5	Assets/Modern Villa/Prefabs/Walls/Wall2x2,5.prefab	(-40.000, -0.150, -9.189)	(-39.750, 1.350, -7.216)	(0.0, 90.0, 0.0)
Beach Villa - Layout Revision/Continuous perimeter - matching wall modules/Wall2x2,5	Assets/Modern Villa/Prefabs/Walls/Wall2x2,5.prefab	(-40.000, -0.150, -7.216)	(-39.750, 1.350, -5.243)	(0.0, 90.0, 0.0)
Beach Villa - Layout Revision/Continuous perimeter - matching wall modules/Wall2x2,5	Assets/Modern Villa/Prefabs/Walls/Wall2x2,5.prefab	(-40.000, -0.150, -5.243)	(-39.750, 1.350, -3.270)	(0.0, 90.0, 0.0)
Beach Villa - Layout Revision/Continuous perimeter - matching wall modules/Wall2x2,5	Assets/Modern Villa/Prefabs/Walls/Wall2x2,5.prefab	(-40.000, -0.150, -3.270)	(-39.750, 1.350, -1.297)	(0.0, 90.0, 0.0)
Beach Villa - Layout Revision/Continuous perimeter - matching wall modules/Wall2x2,5	Assets/Modern Villa/Prefabs/Walls/Wall2x2,5.prefab	(-40.000, -0.150, -1.297)	(-39.750, 1.350, 0.676)	(0.0, 90.0, 0.0)
Beach Villa - Layout Revision/Continuous perimeter - matching wall modules/Wall2x2,5	Assets/Modern Villa/Prefabs/Walls/Wall2x2,5.prefab	(-40.000, -0.150, 0.676)	(-39.750, 1.350, 2.649)	(0.0, 90.0, 0.0)
Beach Villa - Layout Revision/Continuous perimeter - matching wall modules/Wall2x2,5	Assets/Modern Villa/Prefabs/Walls/Wall2x2,5.prefab	(-40.000, -0.150, 2.649)	(-39.750, 1.350, 4.622)	(0.0, 90.0, 0.0)
Beach Villa - Layout Revision/Continuous perimeter - matching wall modules/Wall2x2,5	Assets/Modern Villa/Prefabs/Walls/Wall2x2,5.prefab	(-40.000, -0.150, 4.622)	(-39.750, 1.350, 6.595)	(0.0, 90.0, 0.0)
Beach Villa - Layout Revision/Continuous perimeter - matching wall modules/Wall2x2,5	Assets/Modern Villa/Prefabs/Walls/Wall2x2,5.prefab	(-40.000, -0.150, 6.595)	(-39.750, 1.350, 8.568)	(0.0, 90.0, 0.0)
Beach Villa - Layout Revision/Continuous perimeter - matching wall modules/Wall2x2,5	Assets/Modern Villa/Prefabs/Walls/Wall2x2,5.prefab	(-40.000, -0.150, 8.568)	(-39.750, 1.350, 10.541)	(0.0, 90.0, 0.0)
Beach Villa - Layout Revision/Continuous perimeter - matching wall modules/Wall2x2,5	Assets/Modern Villa/Prefabs/Walls/Wall2x2,5.prefab	(-40.000, -0.150, 10.541)	(-39.750, 1.350, 12.514)	(0.0, 90.0, 0.0)
Beach Villa - Layout Revision/Continuous perimeter - matching wall modules/Wall2x2,5	Assets/Modern Villa/Prefabs/Walls/Wall2x2,5.prefab	(-40.000, -0.150, 12.514)	(-39.750, 1.350, 14.486)	(0.0, 90.0, 0.0)
Beach Villa - Layout Revision/Continuous perimeter - matching wall modules/Wall2x2,5	Assets/Modern Villa/Prefabs/Walls/Wall2x2,5.prefab	(-40.000, -0.150, 14.486)	(-39.750, 1.350, 16.459)	(0.0, 90.0, 0.0)
Beach Villa - Layout Revision/Continuous perimeter - matching wall modules/Wall2x2,5	Assets/Modern Villa/Prefabs/Walls/Wall2x2,5.prefab	(-40.000, -0.150, 16.459)	(-39.750, 1.350, 18.432)	(0.0, 90.0, 0.0)
Beach Villa - Layout Revision/Continuous perimeter - matching wall modules/Wall2x2,5	Assets/Modern Villa/Prefabs/Walls/Wall2x2,5.prefab	(-40.000, -0.150, 18.432)	(-39.750, 1.350, 20.405)	(0.0, 90.0, 0.0)
Beach Villa - Layout Revision/Continuous perimeter - matching wall modules/Wall2x2,5	Assets/Modern Villa/Prefabs/Walls/Wall2x2,5.prefab	(-40.000, -0.150, 20.405)	(-39.750, 1.350, 22.378)	(0.0, 90.0, 0.0)
Beach Villa - Layout Revision/Continuous perimeter - matching wall modules/Wall2x2,5	Assets/Modern Villa/Prefabs/Walls/Wall2x2,5.prefab	(-40.000, -0.150, 22.378)	(-39.750, 1.350, 24.351)	(0.0, 90.0, 0.0)
Beach Villa - Layout Revision/Continuous perimeter - matching wall modules/Wall2x2,5	Assets/Modern Villa/Prefabs/Walls/Wall2x2,5.prefab	(-40.000, -0.150, 24.351)	(-39.750, 1.350, 26.324)	(0.0, 90.0, 0.0)
Beach Villa - Layout Revision/Continuous perimeter - matching wall modules/Wall2x2,5	Assets/Modern Villa/Prefabs/Walls/Wall2x2,5.prefab	(-40.000, -0.150, 26.324)	(-39.750, 1.350, 28.297)	(0.0, 90.0, 0.0)
Beach Villa - Layout Revision/Continuous perimeter - matching wall modules/Wall2x2,5	Assets/Modern Villa/Prefabs/Walls/Wall2x2,5.prefab	(-40.000, -0.150, 28.297)	(-39.750, 1.350, 30.270)	(0.0, 90.0, 0.0)
Beach Villa - Layout Revision/Continuous perimeter - matching wall modules/Wall2x2,5	Assets/Modern Villa/Prefabs/Walls/Wall2x2,5.prefab	(-40.000, -0.150, 30.270)	(-39.750, 1.350, 32.243)	(0.0, 90.0, 0.0)
Beach Villa - Layout Revision/Continuous perimeter - matching wall modules/Wall2x2,5	Assets/Modern Villa/Prefabs/Walls/Wall2x2,5.prefab	(-40.000, -0.150, 32.243)	(-39.750, 1.350, 34.216)	(0.0, 90.0, 0.0)
Beach Villa - Layout Revision/Continuous perimeter - matching wall modules/Wall2x2,5	Assets/Modern Villa/Prefabs/Walls/Wall2x2,5.prefab	(-40.000, -0.150, 34.216)	(-39.750, 1.350, 36.189)	(0.0, 90.0, 0.0)
Beach Villa - Layout Revision/Continuous perimeter - matching wall modules/Wall2x2,5	Assets/Modern Villa/Prefabs/Walls/Wall2x2,5.prefab	(-40.000, -0.150, 36.189)	(-39.750, 1.350, 38.162)	(0.0, 90.0, 0.0)
Beach Villa - Layout Revision/Continuous perimeter - matching wall modules/Wall2x2,5	Assets/Modern Villa/Prefabs/Walls/Wall2x2,5.prefab	(-40.000, -0.150, 38.162)	(-39.750, 1.350, 40.135)	(0.0, 90.0, 0.0)
Beach Villa - Layout Revision/Continuous perimeter - matching wall modules/Wall2x2,5	Assets/Modern Villa/Prefabs/Walls/Wall2x2,5.prefab	(-40.000, -0.150, 40.135)	(-39.750, 1.350, 42.108)	(0.0, 90.0, 0.0)
Beach Villa - Layout Revision/Continuous perimeter - matching wall modules/Wall2x2,5	Assets/Modern Villa/Prefabs/Walls/Wall2x2,5.prefab	(-40.000, -0.150, 42.108)	(-39.750, 1.350, 44.081)	(0.0, 90.0, 0.0)
Beach Villa - Layout Revision/Continuous perimeter - matching wall modules/Wall2x2,5	Assets/Modern Villa/Prefabs/Walls/Wall2x2,5.prefab	(-40.000, -0.150, 44.081)	(-39.750, 1.350, 46.054)	(0.0, 90.0, 0.0)
Beach Villa - Layout Revision/Continuous perimeter - matching wall modules/Wall2x2,5	Assets/Modern Villa/Prefabs/Walls/Wall2x2,5.prefab	(-40.000, -0.150, 46.054)	(-39.750, 1.350, 48.027)	(0.0, 90.0, 0.0)
Beach Villa - Layout Revision/Continuous perimeter - matching wall modules/Wall2x2,5	Assets/Modern Villa/Prefabs/Walls/Wall2x2,5.prefab	(-40.000, -0.150, 48.027)	(-39.750, 1.350, 50.000)	(0.0, 90.0, 0.0)
Beach Villa - Layout Revision/Continuous perimeter - matching wall modules/Wall2x2,5	Assets/Modern Villa/Prefabs/Walls/Wall2x2,5.prefab	(39.750, -0.150, -23.000)	(40.000, 1.350, -21.027)	(0.0, 90.0, 0.0)
Beach Villa - Layout Revision/Continuous perimeter - matching wall modules/Wall2x2,5	Assets/Modern Villa/Prefabs/Walls/Wall2x2,5.prefab	(39.750, -0.150, -21.027)	(40.000, 1.350, -19.054)	(0.0, 90.0, 0.0)
Beach Villa - Layout Revision/Continuous perimeter - matching wall modules/Wall2x2,5	Assets/Modern Villa/Prefabs/Walls/Wall2x2,5.prefab	(39.750, -0.150, -19.054)	(40.000, 1.350, -17.081)	(0.0, 90.0, 0.0)
Beach Villa - Layout Revision/Continuous perimeter - matching wall modules/Wall2x2,5	Assets/Modern Villa/Prefabs/Walls/Wall2x2,5.prefab	(39.750, -0.150, -17.081)	(40.000, 1.350, -15.108)	(0.0, 90.0, 0.0)
Beach Villa - Layout Revision/Continuous perimeter - matching wall modules/Wall2x2,5	Assets/Modern Villa/Prefabs/Walls/Wall2x2,5.prefab	(39.750, -0.150, -15.108)	(40.000, 1.350, -13.135)	(0.0, 90.0, 0.0)
Beach Villa - Layout Revision/Continuous perimeter - matching wall modules/Wall2x2,5	Assets/Modern Villa/Prefabs/Walls/Wall2x2,5.prefab	(39.750, -0.150, -13.135)	(40.000, 1.350, -11.162)	(0.0, 90.0, 0.0)
Beach Villa - Layout Revision/Continuous perimeter - matching wall modules/Wall2x2,5	Assets/Modern Villa/Prefabs/Walls/Wall2x2,5.prefab	(39.750, -0.150, -11.162)	(40.000, 1.350, -9.189)	(0.0, 90.0, 0.0)
Beach Villa - Layout Revision/Continuous perimeter - matching wall modules/Wall2x2,5	Assets/Modern Villa/Prefabs/Walls/Wall2x2,5.prefab	(39.750, -0.150, -9.189)	(40.000, 1.350, -7.216)	(0.0, 90.0, 0.0)
Beach Villa - Layout Revision/Continuous perimeter - matching wall modules/Wall2x2,5	Assets/Modern Villa/Prefabs/Walls/Wall2x2,5.prefab	(39.750, -0.150, -7.216)	(40.000, 1.350, -5.243)	(0.0, 90.0, 0.0)
Beach Villa - Layout Revision/Continuous perimeter - matching wall modules/Wall2x2,5	Assets/Modern Villa/Prefabs/Walls/Wall2x2,5.prefab	(39.750, -0.150, -5.243)	(40.000, 1.350, -3.270)	(0.0, 90.0, 0.0)
Beach Villa - Layout Revision/Continuous perimeter - matching wall modules/Wall2x2,5	Assets/Modern Villa/Prefabs/Walls/Wall2x2,5.prefab	(39.750, -0.150, -3.270)	(40.000, 1.350, -1.297)	(0.0, 90.0, 0.0)
Beach Villa - Layout Revision/Continuous perimeter - matching wall modules/Wall2x2,5	Assets/Modern Villa/Prefabs/Walls/Wall2x2,5.prefab	(39.750, -0.150, -1.297)	(40.000, 1.350, 0.676)	(0.0, 90.0, 0.0)
Beach Villa - Layout Revision/Continuous perimeter - matching wall modules/Wall2x2,5	Assets/Modern Villa/Prefabs/Walls/Wall2x2,5.prefab	(39.750, -0.150, 0.676)	(40.000, 1.350, 2.649)	(0.0, 90.0, 0.0)
Beach Villa - Layout Revision/Continuous perimeter - matching wall modules/Wall2x2,5	Assets/Modern Villa/Prefabs/Walls/Wall2x2,5.prefab	(39.750, -0.150, 2.649)	(40.000, 1.350, 4.622)	(0.0, 90.0, 0.0)
Beach Villa - Layout Revision/Continuous perimeter - matching wall modules/Wall2x2,5	Assets/Modern Villa/Prefabs/Walls/Wall2x2,5.prefab	(39.750, -0.150, 4.622)	(40.000, 1.350, 6.595)	(0.0, 90.0, 0.0)
Beach Villa - Layout Revision/Continuous perimeter - matching wall modules/Wall2x2,5	Assets/Modern Villa/Prefabs/Walls/Wall2x2,5.prefab	(39.750, -0.150, 6.595)	(40.000, 1.350, 8.568)	(0.0, 90.0, 0.0)
Beach Villa - Layout Revision/Continuous perimeter - matching wall modules/Wall2x2,5	Assets/Modern Villa/Prefabs/Walls/Wall2x2,5.prefab	(39.750, -0.150, 8.568)	(40.000, 1.350, 10.541)	(0.0, 90.0, 0.0)
Beach Villa - Layout Revision/Continuous perimeter - matching wall modules/Wall2x2,5	Assets/Modern Villa/Prefabs/Walls/Wall2x2,5.prefab	(39.750, -0.150, 10.541)	(40.000, 1.350, 12.514)	(0.0, 90.0, 0.0)
Beach Villa - Layout Revision/Continuous perimeter - matching wall modules/Wall2x2,5	Assets/Modern Villa/Prefabs/Walls/Wall2x2,5.prefab	(39.750, -0.150, 12.514)	(40.000, 1.350, 14.486)	(0.0, 90.0, 0.0)
Beach Villa - Layout Revision/Continuous perimeter - matching wall modules/Wall2x2,5	Assets/Modern Villa/Prefabs/Walls/Wall2x2,5.prefab	(39.750, -0.150, 14.486)	(40.000, 1.350, 16.459)	(0.0, 90.0, 0.0)
Beach Villa - Layout Revision/Continuous perimeter - matching wall modules/Wall2x2,5	Assets/Modern Villa/Prefabs/Walls/Wall2x2,5.prefab	(39.750, -0.150, 16.459)	(40.000, 1.350, 18.432)	(0.0, 90.0, 0.0)
Beach Villa - Layout Revision/Continuous perimeter - matching wall modules/Wall2x2,5	Assets/Modern Villa/Prefabs/Walls/Wall2x2,5.prefab	(39.750, -0.150, 18.432)	(40.000, 1.350, 20.405)	(0.0, 90.0, 0.0)
Beach Villa - Layout Revision/Continuous perimeter - matching wall modules/Wall2x2,5	Assets/Modern Villa/Prefabs/Walls/Wall2x2,5.prefab	(39.750, -0.150, 20.405)	(40.000, 1.350, 22.378)	(0.0, 90.0, 0.0)
Beach Villa - Layout Revision/Continuous perimeter - matching wall modules/Wall2x2,5	Assets/Modern Villa/Prefabs/Walls/Wall2x2,5.prefab	(39.750, -0.150, 22.378)	(40.000, 1.350, 24.351)	(0.0, 90.0, 0.0)
Beach Villa - Layout Revision/Continuous perimeter - matching wall modules/Wall2x2,5	Assets/Modern Villa/Prefabs/Walls/Wall2x2,5.prefab	(39.750, -0.150, 24.351)	(40.000, 1.350, 26.324)	(0.0, 90.0, 0.0)
Beach Villa - Layout Revision/Continuous perimeter - matching wall modules/Wall2x2,5	Assets/Modern Villa/Prefabs/Walls/Wall2x2,5.prefab	(39.750, -0.150, 26.324)	(40.000, 1.350, 28.297)	(0.0, 90.0, 0.0)
Beach Villa - Layout Revision/Continuous perimeter - matching wall modules/Wall2x2,5	Assets/Modern Villa/Prefabs/Walls/Wall2x2,5.prefab	(39.750, -0.150, 28.297)	(40.000, 1.350, 30.270)	(0.0, 90.0, 0.0)
Beach Villa - Layout Revision/Continuous perimeter - matching wall modules/Wall2x2,5	Assets/Modern Villa/Prefabs/Walls/Wall2x2,5.prefab	(39.750, -0.150, 30.270)	(40.000, 1.350, 32.243)	(0.0, 90.0, 0.0)
Beach Villa - Layout Revision/Continuous perimeter - matching wall modules/Wall2x2,5	Assets/Modern Villa/Prefabs/Walls/Wall2x2,5.prefab	(39.750, -0.150, 32.243)	(40.000, 1.350, 34.216)	(0.0, 90.0, 0.0)
Beach Villa - Layout Revision/Continuous perimeter - matching wall modules/Wall2x2,5	Assets/Modern Villa/Prefabs/Walls/Wall2x2,5.prefab	(39.750, -0.150, 34.216)	(40.000, 1.350, 36.189)	(0.0, 90.0, 0.0)
Beach Villa - Layout Revision/Continuous perimeter - matching wall modules/Wall2x2,5	Assets/Modern Villa/Prefabs/Walls/Wall2x2,5.prefab	(39.750, -0.150, 36.189)	(40.000, 1.350, 38.162)	(0.0, 90.0, 0.0)
Beach Villa - Layout Revision/Continuous perimeter - matching wall modules/Wall2x2,5	Assets/Modern Villa/Prefabs/Walls/Wall2x2,5.prefab	(39.750, -0.150, 38.162)	(40.000, 1.350, 40.135)	(0.0, 90.0, 0.0)
Beach Villa - Layout Revision/Continuous perimeter - matching wall modules/Wall2x2,5	Assets/Modern Villa/Prefabs/Walls/Wall2x2,5.prefab	(39.750, -0.150, 40.135)	(40.000, 1.350, 42.108)	(0.0, 90.0, 0.0)
Beach Villa - Layout Revision/Continuous perimeter - matching wall modules/Wall2x2,5	Assets/Modern Villa/Prefabs/Walls/Wall2x2,5.prefab	(39.750, -0.150, 42.108)	(40.000, 1.350, 44.081)	(0.0, 90.0, 0.0)
Beach Villa - Layout Revision/Continuous perimeter - matching wall modules/Wall2x2,5	Assets/Modern Villa/Prefabs/Walls/Wall2x2,5.prefab	(39.750, -0.150, 44.081)	(40.000, 1.350, 46.054)	(0.0, 90.0, 0.0)
Beach Villa - Layout Revision/Continuous perimeter - matching wall modules/Wall2x2,5	Assets/Modern Villa/Prefabs/Walls/Wall2x2,5.prefab	(39.750, -0.150, 46.054)	(40.000, 1.350, 48.027)	(0.0, 90.0, 0.0)
Beach Villa - Layout Revision/Continuous perimeter - matching wall modules/Wall2x2,5	Assets/Modern Villa/Prefabs/Walls/Wall2x2,5.prefab	(39.750, -0.150, 48.027)	(40.000, 1.350, 50.000)	(0.0, 90.0, 0.0)
Beach Villa - Layout Revision/Continuous perimeter - matching wall modules/Wall2x2,5	Assets/Modern Villa/Prefabs/Walls/Wall2x2,5.prefab	(-39.750, -0.150, -23.000)	(-37.763, 1.350, -22.750)	(0.0, 0.0, 0.0)
Beach Villa - Layout Revision/Continuous perimeter - matching wall modules/Wall2x2,5	Assets/Modern Villa/Prefabs/Walls/Wall2x2,5.prefab	(-37.763, -0.150, -23.000)	(-35.775, 1.350, -22.750)	(0.0, 0.0, 0.0)
Beach Villa - Layout Revision/Continuous perimeter - matching wall modules/Wall2x2,5	Assets/Modern Villa/Prefabs/Walls/Wall2x2,5.prefab	(-35.775, -0.150, -23.000)	(-33.788, 1.350, -22.750)	(0.0, 0.0, 0.0)
Beach Villa - Layout Revision/Continuous perimeter - matching wall modules/Wall2x2,5	Assets/Modern Villa/Prefabs/Walls/Wall2x2,5.prefab	(-33.788, -0.150, -23.000)	(-31.800, 1.350, -22.750)	(0.0, 0.0, 0.0)
Beach Villa - Layout Revision/Continuous perimeter - matching wall modules/Wall2x2,5	Assets/Modern Villa/Prefabs/Walls/Wall2x2,5.prefab	(-31.800, -0.150, -23.000)	(-29.813, 1.350, -22.750)	(0.0, 0.0, 0.0)
Beach Villa - Layout Revision/Continuous perimeter - matching wall modules/Wall2x2,5	Assets/Modern Villa/Prefabs/Walls/Wall2x2,5.prefab	(-29.813, -0.150, -23.000)	(-27.825, 1.350, -22.750)	(0.0, 0.0, 0.0)
Beach Villa - Layout Revision/Continuous perimeter - matching wall modules/Wall2x2,5	Assets/Modern Villa/Prefabs/Walls/Wall2x2,5.prefab	(-27.825, -0.150, -23.000)	(-25.838, 1.350, -22.750)	(0.0, 0.0, 0.0)
Beach Villa - Layout Revision/Continuous perimeter - matching wall modules/Wall2x2,5	Assets/Modern Villa/Prefabs/Walls/Wall2x2,5.prefab	(-25.838, -0.150, -23.000)	(-23.850, 1.350, -22.750)	(0.0, 0.0, 0.0)
Beach Villa - Layout Revision/Continuous perimeter - matching wall modules/Wall2x2,5	Assets/Modern Villa/Prefabs/Walls/Wall2x2,5.prefab	(-23.850, -0.150, -23.000)	(-21.863, 1.350, -22.750)	(0.0, 0.0, 0.0)
Beach Villa - Layout Revision/Continuous perimeter - matching wall modules/Wall2x2,5	Assets/Modern Villa/Prefabs/Walls/Wall2x2,5.prefab	(-21.863, -0.150, -23.000)	(-19.875, 1.350, -22.750)	(0.0, 0.0, 0.0)
Beach Villa - Layout Revision/Continuous perimeter - matching wall modules/Wall2x2,5	Assets/Modern Villa/Prefabs/Walls/Wall2x2,5.prefab	(-19.875, -0.150, -23.000)	(-17.888, 1.350, -22.750)	(0.0, 0.0, 0.0)
Beach Villa - Layout Revision/Continuous perimeter - matching wall modules/Wall2x2,5	Assets/Modern Villa/Prefabs/Walls/Wall2x2,5.prefab	(-17.888, -0.150, -23.000)	(-15.900, 1.350, -22.750)	(0.0, 0.0, 0.0)
Beach Villa - Layout Revision/Continuous perimeter - matching wall modules/Wall2x2,5	Assets/Modern Villa/Prefabs/Walls/Wall2x2,5.prefab	(-15.900, -0.150, -23.000)	(-13.913, 1.350, -22.750)	(0.0, 0.0, 0.0)
Beach Villa - Layout Revision/Continuous perimeter - matching wall modules/Wall2x2,5	Assets/Modern Villa/Prefabs/Walls/Wall2x2,5.prefab	(-13.913, -0.150, -23.000)	(-11.925, 1.350, -22.750)	(0.0, 0.0, 0.0)
Beach Villa - Layout Revision/Continuous perimeter - matching wall modules/Wall2x2,5	Assets/Modern Villa/Prefabs/Walls/Wall2x2,5.prefab	(-11.925, -0.150, -23.000)	(-9.937, 1.350, -22.750)	(0.0, 0.0, 0.0)
Beach Villa - Layout Revision/Continuous perimeter - matching wall modules/Wall2x2,5	Assets/Modern Villa/Prefabs/Walls/Wall2x2,5.prefab	(-9.938, -0.150, -23.000)	(-7.950, 1.350, -22.750)	(0.0, 0.0, 0.0)
Beach Villa - Layout Revision/Continuous perimeter - matching wall modules/Wall2x2,5	Assets/Modern Villa/Prefabs/Walls/Wall2x2,5.prefab	(-7.950, -0.150, -23.000)	(-5.963, 1.350, -22.750)	(0.0, 0.0, 0.0)
Beach Villa - Layout Revision/Continuous perimeter - matching wall modules/Wall2x2,5	Assets/Modern Villa/Prefabs/Walls/Wall2x2,5.prefab	(-5.963, -0.150, -23.000)	(-3.975, 1.350, -22.750)	(0.0, 0.0, 0.0)
Beach Villa - Layout Revision/Continuous perimeter - matching wall modules/Wall2x2,5	Assets/Modern Villa/Prefabs/Walls/Wall2x2,5.prefab	(-3.975, -0.150, -23.000)	(-1.988, 1.350, -22.750)	(0.0, 0.0, 0.0)
Beach Villa - Layout Revision/Continuous perimeter - matching wall modules/Wall2x2,5	Assets/Modern Villa/Prefabs/Walls/Wall2x2,5.prefab	(-1.987, -0.150, -23.000)	(0.000, 1.350, -22.750)	(0.0, 0.0, 0.0)
Beach Villa - Layout Revision/Continuous perimeter - matching wall modules/Wall2x2,5	Assets/Modern Villa/Prefabs/Walls/Wall2x2,5.prefab	(0.000, -0.150, -23.000)	(1.987, 1.350, -22.750)	(0.0, 0.0, 0.0)
Beach Villa - Layout Revision/Continuous perimeter - matching wall modules/Wall2x2,5	Assets/Modern Villa/Prefabs/Walls/Wall2x2,5.prefab	(1.988, -0.150, -23.000)	(3.975, 1.350, -22.750)	(0.0, 0.0, 0.0)
Beach Villa - Layout Revision/Continuous perimeter - matching wall modules/Wall2x2,5	Assets/Modern Villa/Prefabs/Walls/Wall2x2,5.prefab	(3.975, -0.150, -23.000)	(5.963, 1.350, -22.750)	(0.0, 0.0, 0.0)
Beach Villa - Layout Revision/Continuous perimeter - matching wall modules/Wall2x2,5	Assets/Modern Villa/Prefabs/Walls/Wall2x2,5.prefab	(5.962, -0.150, -23.000)	(7.950, 1.350, -22.750)	(0.0, 0.0, 0.0)
Beach Villa - Layout Revision/Continuous perimeter - matching wall modules/Wall2x2,5	Assets/Modern Villa/Prefabs/Walls/Wall2x2,5.prefab	(7.950, -0.150, -23.000)	(9.938, 1.350, -22.750)	(0.0, 0.0, 0.0)
Beach Villa - Layout Revision/Continuous perimeter - matching wall modules/Wall2x2,5	Assets/Modern Villa/Prefabs/Walls/Wall2x2,5.prefab	(9.937, -0.150, -23.000)	(11.925, 1.350, -22.750)	(0.0, 0.0, 0.0)
Beach Villa - Layout Revision/Continuous perimeter - matching wall modules/Wall2x2,5	Assets/Modern Villa/Prefabs/Walls/Wall2x2,5.prefab	(11.925, -0.150, -23.000)	(13.913, 1.350, -22.750)	(0.0, 0.0, 0.0)
Beach Villa - Layout Revision/Continuous perimeter - matching wall modules/Wall2x2,5	Assets/Modern Villa/Prefabs/Walls/Wall2x2,5.prefab	(13.913, -0.150, -23.000)	(15.900, 1.350, -22.750)	(0.0, 0.0, 0.0)
Beach Villa - Layout Revision/Continuous perimeter - matching wall modules/Wall2x2,5	Assets/Modern Villa/Prefabs/Walls/Wall2x2,5.prefab	(15.900, -0.150, -23.000)	(17.888, 1.350, -22.750)	(0.0, 0.0, 0.0)
Beach Villa - Layout Revision/Continuous perimeter - matching wall modules/Wall2x2,5	Assets/Modern Villa/Prefabs/Walls/Wall2x2,5.prefab	(17.888, -0.150, -23.000)	(19.875, 1.350, -22.750)	(0.0, 0.0, 0.0)
Beach Villa - Layout Revision/Continuous perimeter - matching wall modules/Wall2x2,5	Assets/Modern Villa/Prefabs/Walls/Wall2x2,5.prefab	(19.875, -0.150, -23.000)	(21.863, 1.350, -22.750)	(0.0, 0.0, 0.0)
Beach Villa - Layout Revision/Continuous perimeter - matching wall modules/Wall2x2,5	Assets/Modern Villa/Prefabs/Walls/Wall2x2,5.prefab	(21.863, -0.150, -23.000)	(23.850, 1.350, -22.750)	(0.0, 0.0, 0.0)
Beach Villa - Layout Revision/Continuous perimeter - matching wall modules/Wall2x2,5	Assets/Modern Villa/Prefabs/Walls/Wall2x2,5.prefab	(23.850, -0.150, -23.000)	(25.838, 1.350, -22.750)	(0.0, 0.0, 0.0)
Beach Villa - Layout Revision/Continuous perimeter - matching wall modules/Wall2x2,5	Assets/Modern Villa/Prefabs/Walls/Wall2x2,5.prefab	(25.838, -0.150, -23.000)	(27.825, 1.350, -22.750)	(0.0, 0.0, 0.0)
Beach Villa - Layout Revision/Continuous perimeter - matching wall modules/Wall2x2,5	Assets/Modern Villa/Prefabs/Walls/Wall2x2,5.prefab	(27.825, -0.150, -23.000)	(29.813, 1.350, -22.750)	(0.0, 0.0, 0.0)
Beach Villa - Layout Revision/Continuous perimeter - matching wall modules/Wall2x2,5	Assets/Modern Villa/Prefabs/Walls/Wall2x2,5.prefab	(29.813, -0.150, -23.000)	(31.800, 1.350, -22.750)	(0.0, 0.0, 0.0)
Beach Villa - Layout Revision/Continuous perimeter - matching wall modules/Wall2x2,5	Assets/Modern Villa/Prefabs/Walls/Wall2x2,5.prefab	(31.800, -0.150, -23.000)	(33.788, 1.350, -22.750)	(0.0, 0.0, 0.0)
Beach Villa - Layout Revision/Continuous perimeter - matching wall modules/Wall2x2,5	Assets/Modern Villa/Prefabs/Walls/Wall2x2,5.prefab	(33.788, -0.150, -23.000)	(35.775, 1.350, -22.750)	(0.0, 0.0, 0.0)
Beach Villa - Layout Revision/Continuous perimeter - matching wall modules/Wall2x2,5	Assets/Modern Villa/Prefabs/Walls/Wall2x2,5.prefab	(35.775, -0.150, -23.000)	(37.763, 1.350, -22.750)	(0.0, 0.0, 0.0)
Beach Villa - Layout Revision/Continuous perimeter - matching wall modules/Wall2x2,5	Assets/Modern Villa/Prefabs/Walls/Wall2x2,5.prefab	(37.763, -0.150, -23.000)	(39.750, 1.350, -22.750)	(0.0, 0.0, 0.0)
Beach Villa - Layout Revision/Continuous perimeter - matching wall modules/Wall2x2,5	Assets/Modern Villa/Prefabs/Walls/Wall2x2,5.prefab	(-39.750, -0.150, 49.750)	(-37.763, 1.350, 50.000)	(0.0, 0.0, 0.0)
Beach Villa - Layout Revision/Continuous perimeter - matching wall modules/Wall2x2,5	Assets/Modern Villa/Prefabs/Walls/Wall2x2,5.prefab	(-37.763, -0.150, 49.750)	(-35.775, 1.350, 50.000)	(0.0, 0.0, 0.0)
Beach Villa - Layout Revision/Continuous perimeter - matching wall modules/Wall2x2,5	Assets/Modern Villa/Prefabs/Walls/Wall2x2,5.prefab	(-35.775, -0.150, 49.750)	(-33.788, 1.350, 50.000)	(0.0, 0.0, 0.0)
Beach Villa - Layout Revision/Continuous perimeter - matching wall modules/Wall2x2,5	Assets/Modern Villa/Prefabs/Walls/Wall2x2,5.prefab	(-33.788, -0.150, 49.750)	(-31.800, 1.350, 50.000)	(0.0, 0.0, 0.0)
Beach Villa - Layout Revision/Continuous perimeter - matching wall modules/Wall2x2,5	Assets/Modern Villa/Prefabs/Walls/Wall2x2,5.prefab	(-31.800, -0.150, 49.750)	(-29.813, 1.350, 50.000)	(0.0, 0.0, 0.0)
Beach Villa - Layout Revision/Continuous perimeter - matching wall modules/Wall2x2,5	Assets/Modern Villa/Prefabs/Walls/Wall2x2,5.prefab	(-29.813, -0.150, 49.750)	(-27.825, 1.350, 50.000)	(0.0, 0.0, 0.0)
Beach Villa - Layout Revision/Continuous perimeter - matching wall modules/Wall2x2,5	Assets/Modern Villa/Prefabs/Walls/Wall2x2,5.prefab	(-27.825, -0.150, 49.750)	(-25.838, 1.350, 50.000)	(0.0, 0.0, 0.0)
Beach Villa - Layout Revision/Continuous perimeter - matching wall modules/Wall2x2,5	Assets/Modern Villa/Prefabs/Walls/Wall2x2,5.prefab	(-25.838, -0.150, 49.750)	(-23.850, 1.350, 50.000)	(0.0, 0.0, 0.0)
Beach Villa - Layout Revision/Continuous perimeter - matching wall modules/Wall2x2,5	Assets/Modern Villa/Prefabs/Walls/Wall2x2,5.prefab	(-23.850, -0.150, 49.750)	(-21.863, 1.350, 50.000)	(0.0, 0.0, 0.0)
Beach Villa - Layout Revision/Continuous perimeter - matching wall modules/Wall2x2,5	Assets/Modern Villa/Prefabs/Walls/Wall2x2,5.prefab	(-21.863, -0.150, 49.750)	(-19.875, 1.350, 50.000)	(0.0, 0.0, 0.0)
Beach Villa - Layout Revision/Continuous perimeter - matching wall modules/Wall2x2,5	Assets/Modern Villa/Prefabs/Walls/Wall2x2,5.prefab	(-19.875, -0.150, 49.750)	(-17.888, 1.350, 50.000)	(0.0, 0.0, 0.0)
Beach Villa - Layout Revision/Continuous perimeter - matching wall modules/Wall2x2,5	Assets/Modern Villa/Prefabs/Walls/Wall2x2,5.prefab	(-17.888, -0.150, 49.750)	(-15.900, 1.350, 50.000)	(0.0, 0.0, 0.0)
Beach Villa - Layout Revision/Continuous perimeter - matching wall modules/Wall2x2,5	Assets/Modern Villa/Prefabs/Walls/Wall2x2,5.prefab	(-15.900, -0.150, 49.750)	(-13.913, 1.350, 50.000)	(0.0, 0.0, 0.0)
Beach Villa - Layout Revision/Continuous perimeter - matching wall modules/Wall2x2,5	Assets/Modern Villa/Prefabs/Walls/Wall2x2,5.prefab	(-13.913, -0.150, 49.750)	(-11.925, 1.350, 50.000)	(0.0, 0.0, 0.0)
Beach Villa - Layout Revision/Continuous perimeter - matching wall modules/Wall2x2,5	Assets/Modern Villa/Prefabs/Walls/Wall2x2,5.prefab	(-11.925, -0.150, 49.750)	(-9.937, 1.350, 50.000)	(0.0, 0.0, 0.0)
Beach Villa - Layout Revision/Continuous perimeter - matching wall modules/Wall2x2,5	Assets/Modern Villa/Prefabs/Walls/Wall2x2,5.prefab	(-9.938, -0.150, 49.750)	(-7.950, 1.350, 50.000)	(0.0, 0.0, 0.0)
Beach Villa - Layout Revision/Continuous perimeter - matching wall modules/Wall2x2,5	Assets/Modern Villa/Prefabs/Walls/Wall2x2,5.prefab	(-7.950, -0.150, 49.750)	(-5.963, 1.350, 50.000)	(0.0, 0.0, 0.0)
Beach Villa - Layout Revision/Continuous perimeter - matching wall modules/Wall2x2,5	Assets/Modern Villa/Prefabs/Walls/Wall2x2,5.prefab	(-5.963, -0.150, 49.750)	(-3.975, 1.350, 50.000)	(0.0, 0.0, 0.0)
Beach Villa - Layout Revision/Continuous perimeter - matching wall modules/Wall2x2,5	Assets/Modern Villa/Prefabs/Walls/Wall2x2,5.prefab	(-3.975, -0.150, 49.750)	(-1.988, 1.350, 50.000)	(0.0, 0.0, 0.0)
Beach Villa - Layout Revision/Continuous perimeter - matching wall modules/Wall2x2,5	Assets/Modern Villa/Prefabs/Walls/Wall2x2,5.prefab	(-1.987, -0.150, 49.750)	(0.000, 1.350, 50.000)	(0.0, 0.0, 0.0)
Beach Villa - Layout Revision/Continuous perimeter - matching wall modules/Wall2x2,5	Assets/Modern Villa/Prefabs/Walls/Wall2x2,5.prefab	(0.000, -0.150, 49.750)	(1.987, 1.350, 50.000)	(0.0, 0.0, 0.0)
Beach Villa - Layout Revision/Continuous perimeter - matching wall modules/Wall2x2,5	Assets/Modern Villa/Prefabs/Walls/Wall2x2,5.prefab	(1.988, -0.150, 49.750)	(3.975, 1.350, 50.000)	(0.0, 0.0, 0.0)
Beach Villa - Layout Revision/Continuous perimeter - matching wall modules/Wall2x2,5	Assets/Modern Villa/Prefabs/Walls/Wall2x2,5.prefab	(3.975, -0.150, 49.750)	(5.963, 1.350, 50.000)	(0.0, 0.0, 0.0)
Beach Villa - Layout Revision/Continuous perimeter - matching wall modules/Wall2x2,5	Assets/Modern Villa/Prefabs/Walls/Wall2x2,5.prefab	(5.962, -0.150, 49.750)	(7.950, 1.350, 50.000)	(0.0, 0.0, 0.0)
Beach Villa - Layout Revision/Continuous perimeter - matching wall modules/Wall2x2,5	Assets/Modern Villa/Prefabs/Walls/Wall2x2,5.prefab	(7.950, -0.150, 49.750)	(9.938, 1.350, 50.000)	(0.0, 0.0, 0.0)
Beach Villa - Layout Revision/Continuous perimeter - matching wall modules/Wall2x2,5	Assets/Modern Villa/Prefabs/Walls/Wall2x2,5.prefab	(9.937, -0.150, 49.750)	(11.925, 1.350, 50.000)	(0.0, 0.0, 0.0)
Beach Villa - Layout Revision/Continuous perimeter - matching wall modules/Wall2x2,5	Assets/Modern Villa/Prefabs/Walls/Wall2x2,5.prefab	(11.925, -0.150, 49.750)	(13.913, 1.350, 50.000)	(0.0, 0.0, 0.0)
Beach Villa - Layout Revision/Continuous perimeter - matching wall modules/Wall2x2,5	Assets/Modern Villa/Prefabs/Walls/Wall2x2,5.prefab	(13.913, -0.150, 49.750)	(15.900, 1.350, 50.000)	(0.0, 0.0, 0.0)
Beach Villa - Layout Revision/Continuous perimeter - matching wall modules/Wall2x2,5	Assets/Modern Villa/Prefabs/Walls/Wall2x2,5.prefab	(15.900, -0.150, 49.750)	(17.888, 1.350, 50.000)	(0.0, 0.0, 0.0)
Beach Villa - Layout Revision/Continuous perimeter - matching wall modules/Wall2x2,5	Assets/Modern Villa/Prefabs/Walls/Wall2x2,5.prefab	(17.888, -0.150, 49.750)	(19.875, 1.350, 50.000)	(0.0, 0.0, 0.0)
Beach Villa - Layout Revision/Continuous perimeter - matching wall modules/Wall2x2,5	Assets/Modern Villa/Prefabs/Walls/Wall2x2,5.prefab	(19.875, -0.150, 49.750)	(21.863, 1.350, 50.000)	(0.0, 0.0, 0.0)
Beach Villa - Layout Revision/Continuous perimeter - matching wall modules/Wall2x2,5	Assets/Modern Villa/Prefabs/Walls/Wall2x2,5.prefab	(21.863, -0.150, 49.750)	(23.850, 1.350, 50.000)	(0.0, 0.0, 0.0)
Beach Villa - Layout Revision/Continuous perimeter - matching wall modules/Wall2x2,5	Assets/Modern Villa/Prefabs/Walls/Wall2x2,5.prefab	(23.850, -0.150, 49.750)	(25.838, 1.350, 50.000)	(0.0, 0.0, 0.0)
Beach Villa - Layout Revision/Continuous perimeter - matching wall modules/Wall2x2,5	Assets/Modern Villa/Prefabs/Walls/Wall2x2,5.prefab	(25.838, -0.150, 49.750)	(27.825, 1.350, 50.000)	(0.0, 0.0, 0.0)
Beach Villa - Layout Revision/Continuous perimeter - matching wall modules/Wall2x2,5	Assets/Modern Villa/Prefabs/Walls/Wall2x2,5.prefab	(27.825, -0.150, 49.750)	(29.813, 1.350, 50.000)	(0.0, 0.0, 0.0)
Beach Villa - Layout Revision/Continuous perimeter - matching wall modules/Wall2x2,5	Assets/Modern Villa/Prefabs/Walls/Wall2x2,5.prefab	(29.813, -0.150, 49.750)	(31.800, 1.350, 50.000)	(0.0, 0.0, 0.0)
Beach Villa - Layout Revision/Continuous perimeter - matching wall modules/Wall2x2,5	Assets/Modern Villa/Prefabs/Walls/Wall2x2,5.prefab	(31.800, -0.150, 49.750)	(33.788, 1.350, 50.000)	(0.0, 0.0, 0.0)
Beach Villa - Layout Revision/Continuous perimeter - matching wall modules/Wall2x2,5	Assets/Modern Villa/Prefabs/Walls/Wall2x2,5.prefab	(33.788, -0.150, 49.750)	(35.775, 1.350, 50.000)	(0.0, 0.0, 0.0)
Beach Villa - Layout Revision/Continuous perimeter - matching wall modules/Wall2x2,5	Assets/Modern Villa/Prefabs/Walls/Wall2x2,5.prefab	(35.775, -0.150, 49.750)	(37.763, 1.350, 50.000)	(0.0, 0.0, 0.0)
Beach Villa - Layout Revision/Continuous perimeter - matching wall modules/Wall2x2,5	Assets/Modern Villa/Prefabs/Walls/Wall2x2,5.prefab	(37.763, -0.150, 49.750)	(39.750, 1.350, 50.000)	(0.0, 0.0, 0.0)
Beach Villa - Layout Revision/Continuous paving - deduplicated 2m grid		(-34.000, -0.950, -20.000)	(36.000, 0.050, 44.000)	(0.0, 0.0, 0.0)
Beach Villa - Layout Revision/Continuous paving - deduplicated 2m grid/Floor2x2	Assets/Modern Villa/Prefabs/floors/Floor2x2.prefab	(-34.000, -0.950, -4.000)	(-32.000, 0.050, -2.000)	(0.0, 0.0, 0.0)
Beach Villa - Layout Revision/Continuous paving - deduplicated 2m grid/Floor2x2	Assets/Modern Villa/Prefabs/floors/Floor2x2.prefab	(-34.000, -0.950, -2.000)	(-32.000, 0.050, 0.000)	(0.0, 0.0, 0.0)
Beach Villa - Layout Revision/Continuous paving - deduplicated 2m grid/Floor2x2	Assets/Modern Villa/Prefabs/floors/Floor2x2.prefab	(-34.000, -0.950, 0.000)	(-32.000, 0.050, 2.000)	(0.0, 0.0, 0.0)
Beach Villa - Layout Revision/Continuous paving - deduplicated 2m grid/Floor2x2	Assets/Modern Villa/Prefabs/floors/Floor2x2.prefab	(-34.000, -0.950, 2.000)	(-32.000, 0.050, 4.000)	(0.0, 0.0, 0.0)
Beach Villa - Layout Revision/Continuous paving - deduplicated 2m grid/Floor2x2	Assets/Modern Villa/Prefabs/floors/Floor2x2.prefab	(-34.000, -0.950, 4.000)	(-32.000, 0.050, 6.000)	(0.0, 0.0, 0.0)
Beach Villa - Layout Revision/Continuous paving - deduplicated 2m grid/Floor2x2	Assets/Modern Villa/Prefabs/floors/Floor2x2.prefab	(-34.000, -0.950, 6.000)	(-32.000, 0.050, 8.000)	(0.0, 0.0, 0.0)
Beach Villa - Layout Revision/Continuous paving - deduplicated 2m grid/Floor2x2	Assets/Modern Villa/Prefabs/floors/Floor2x2.prefab	(-34.000, -0.950, 8.000)	(-32.000, 0.050, 10.000)	(0.0, 0.0, 0.0)
Beach Villa - Layout Revision/Continuous paving - deduplicated 2m grid/Floor2x2	Assets/Modern Villa/Prefabs/floors/Floor2x2.prefab	(-34.000, -0.950, 10.000)	(-32.000, 0.050, 12.000)	(0.0, 0.0, 0.0)
Beach Villa - Layout Revision/Continuous paving - deduplicated 2m grid/Floor2x2	Assets/Modern Villa/Prefabs/floors/Floor2x2.prefab	(-34.000, -0.950, 12.000)	(-32.000, 0.050, 14.000)	(0.0, 0.0, 0.0)
Beach Villa - Layout Revision/Continuous paving - deduplicated 2m grid/Floor2x2	Assets/Modern Villa/Prefabs/floors/Floor2x2.prefab	(-34.000, -0.950, 14.000)	(-32.000, 0.050, 16.000)	(0.0, 0.0, 0.0)
Beach Villa - Layout Revision/Continuous paving - deduplicated 2m grid/Floor2x2	Assets/Modern Villa/Prefabs/floors/Floor2x2.prefab	(-34.000, -0.950, 16.000)	(-32.000, 0.050, 18.000)	(0.0, 0.0, 0.0)
Beach Villa - Layout Revision/Continuous paving - deduplicated 2m grid/Floor2x2	Assets/Modern Villa/Prefabs/floors/Floor2x2.prefab	(-34.000, -0.950, 18.000)	(-32.000, 0.050, 20.000)	(0.0, 0.0, 0.0)
Beach Villa - Layout Revision/Continuous paving - deduplicated 2m grid/Floor2x2	Assets/Modern Villa/Prefabs/floors/Floor2x2.prefab	(-34.000, -0.950, 20.000)	(-32.000, 0.050, 22.000)	(0.0, 0.0, 0.0)
Beach Villa - Layout Revision/Continuous paving - deduplicated 2m grid/Floor2x2	Assets/Modern Villa/Prefabs/floors/Floor2x2.prefab	(-34.000, -0.950, 22.000)	(-32.000, 0.050, 24.000)	(0.0, 0.0, 0.0)
Beach Villa - Layout Revision/Continuous paving - deduplicated 2m grid/Floor2x2	Assets/Modern Villa/Prefabs/floors/Floor2x2.prefab	(-34.000, -0.950, 24.000)	(-32.000, 0.050, 26.000)	(0.0, 0.0, 0.0)
Beach Villa - Layout Revision/Continuous paving - deduplicated 2m grid/Floor2x2	Assets/Modern Villa/Prefabs/floors/Floor2x2.prefab	(-34.000, -0.950, 26.000)	(-32.000, 0.050, 28.000)	(0.0, 0.0, 0.0)
Beach Villa - Layout Revision/Continuous paving - deduplicated 2m grid/Floor2x2	Assets/Modern Villa/Prefabs/floors/Floor2x2.prefab	(-34.000, -0.950, 28.000)	(-32.000, 0.050, 30.000)	(0.0, 0.0, 0.0)
Beach Villa - Layout Revision/Continuous paving - deduplicated 2m grid/Floor2x2	Assets/Modern Villa/Prefabs/floors/Floor2x2.prefab	(-34.000, -0.950, 30.000)	(-32.000, 0.050, 32.000)	(0.0, 0.0, 0.0)
Beach Villa - Layout Revision/Continuous paving - deduplicated 2m grid/Floor2x2	Assets/Modern Villa/Prefabs/floors/Floor2x2.prefab	(-34.000, -0.950, 32.000)	(-32.000, 0.050, 34.000)	(0.0, 0.0, 0.0)
Beach Villa - Layout Revision/Continuous paving - deduplicated 2m grid/Floor2x2	Assets/Modern Villa/Prefabs/floors/Floor2x2.prefab	(-32.000, -0.950, -4.000)	(-30.000, 0.050, -2.000)	(0.0, 0.0, 0.0)
Beach Villa - Layout Revision/Continuous paving - deduplicated 2m grid/Floor2x2	Assets/Modern Villa/Prefabs/floors/Floor2x2.prefab	(-32.000, -0.950, -2.000)	(-30.000, 0.050, 0.000)	(0.0, 0.0, 0.0)
Beach Villa - Layout Revision/Continuous paving - deduplicated 2m grid/Floor2x2	Assets/Modern Villa/Prefabs/floors/Floor2x2.prefab	(-32.000, -0.950, 0.000)	(-30.000, 0.050, 2.000)	(0.0, 0.0, 0.0)
Beach Villa - Layout Revision/Continuous paving - deduplicated 2m grid/Floor2x2	Assets/Modern Villa/Prefabs/floors/Floor2x2.prefab	(-32.000, -0.950, 2.000)	(-30.000, 0.050, 4.000)	(0.0, 0.0, 0.0)
Beach Villa - Layout Revision/Continuous paving - deduplicated 2m grid/Floor2x2	Assets/Modern Villa/Prefabs/floors/Floor2x2.prefab	(-32.000, -0.950, 4.000)	(-30.000, 0.050, 6.000)	(0.0, 0.0, 0.0)
Beach Villa - Layout Revision/Continuous paving - deduplicated 2m grid/Floor2x2	Assets/Modern Villa/Prefabs/floors/Floor2x2.prefab	(-32.000, -0.950, 6.000)	(-30.000, 0.050, 8.000)	(0.0, 0.0, 0.0)
Beach Villa - Layout Revision/Continuous paving - deduplicated 2m grid/Floor2x2	Assets/Modern Villa/Prefabs/floors/Floor2x2.prefab	(-32.000, -0.950, 8.000)	(-30.000, 0.050, 10.000)	(0.0, 0.0, 0.0)
Beach Villa - Layout Revision/Continuous paving - deduplicated 2m grid/Floor2x2	Assets/Modern Villa/Prefabs/floors/Floor2x2.prefab	(-32.000, -0.950, 10.000)	(-30.000, 0.050, 12.000)	(0.0, 0.0, 0.0)
Beach Villa - Layout Revision/Continuous paving - deduplicated 2m grid/Floor2x2	Assets/Modern Villa/Prefabs/floors/Floor2x2.prefab	(-32.000, -0.950, 12.000)	(-30.000, 0.050, 14.000)	(0.0, 0.0, 0.0)
Beach Villa - Layout Revision/Continuous paving - deduplicated 2m grid/Floor2x2	Assets/Modern Villa/Prefabs/floors/Floor2x2.prefab	(-32.000, -0.950, 14.000)	(-30.000, 0.050, 16.000)	(0.0, 0.0, 0.0)
Beach Villa - Layout Revision/Continuous paving - deduplicated 2m grid/Floor2x2	Assets/Modern Villa/Prefabs/floors/Floor2x2.prefab	(-32.000, -0.950, 16.000)	(-30.000, 0.050, 18.000)	(0.0, 0.0, 0.0)
Beach Villa - Layout Revision/Continuous paving - deduplicated 2m grid/Floor2x2	Assets/Modern Villa/Prefabs/floors/Floor2x2.prefab	(-32.000, -0.950, 18.000)	(-30.000, 0.050, 20.000)	(0.0, 0.0, 0.0)
Beach Villa - Layout Revision/Continuous paving - deduplicated 2m grid/Floor2x2	Assets/Modern Villa/Prefabs/floors/Floor2x2.prefab	(-32.000, -0.950, 20.000)	(-30.000, 0.050, 22.000)	(0.0, 0.0, 0.0)
Beach Villa - Layout Revision/Continuous paving - deduplicated 2m grid/Floor2x2	Assets/Modern Villa/Prefabs/floors/Floor2x2.prefab	(-32.000, -0.950, 22.000)	(-30.000, 0.050, 24.000)	(0.0, 0.0, 0.0)
Beach Villa - Layout Revision/Continuous paving - deduplicated 2m grid/Floor2x2	Assets/Modern Villa/Prefabs/floors/Floor2x2.prefab	(-32.000, -0.950, 24.000)	(-30.000, 0.050, 26.000)	(0.0, 0.0, 0.0)
Beach Villa - Layout Revision/Continuous paving - deduplicated 2m grid/Floor2x2	Assets/Modern Villa/Prefabs/floors/Floor2x2.prefab	(-32.000, -0.950, 26.000)	(-30.000, 0.050, 28.000)	(0.0, 0.0, 0.0)
Beach Villa - Layout Revision/Continuous paving - deduplicated 2m grid/Floor2x2	Assets/Modern Villa/Prefabs/floors/Floor2x2.prefab	(-32.000, -0.950, 28.000)	(-30.000, 0.050, 30.000)	(0.0, 0.0, 0.0)
Beach Villa - Layout Revision/Continuous paving - deduplicated 2m grid/Floor2x2	Assets/Modern Villa/Prefabs/floors/Floor2x2.prefab	(-32.000, -0.950, 30.000)	(-30.000, 0.050, 32.000)	(0.0, 0.0, 0.0)
Beach Villa - Layout Revision/Continuous paving - deduplicated 2m grid/Floor2x2	Assets/Modern Villa/Prefabs/floors/Floor2x2.prefab	(-32.000, -0.950, 32.000)	(-30.000, 0.050, 34.000)	(0.0, 0.0, 0.0)
Beach Villa - Layout Revision/Continuous paving - deduplicated 2m grid/Floor2x2	Assets/Modern Villa/Prefabs/floors/Floor2x2.prefab	(-30.000, -0.950, -20.000)	(-28.000, 0.050, -18.000)	(0.0, 0.0, 0.0)
Beach Villa - Layout Revision/Continuous paving - deduplicated 2m grid/Floor2x2	Assets/Modern Villa/Prefabs/floors/Floor2x2.prefab	(-30.000, -0.950, -18.000)	(-28.000, 0.050, -16.000)	(0.0, 0.0, 0.0)
Beach Villa - Layout Revision/Continuous paving - deduplicated 2m grid/Floor2x2	Assets/Modern Villa/Prefabs/floors/Floor2x2.prefab	(-30.000, -0.950, -16.000)	(-28.000, 0.050, -14.000)	(0.0, 0.0, 0.0)
Beach Villa - Layout Revision/Continuous paving - deduplicated 2m grid/Floor2x2	Assets/Modern Villa/Prefabs/floors/Floor2x2.prefab	(-30.000, -0.950, -14.000)	(-28.000, 0.050, -12.000)	(0.0, 0.0, 0.0)
Beach Villa - Layout Revision/Continuous paving - deduplicated 2m grid/Floor2x2	Assets/Modern Villa/Prefabs/floors/Floor2x2.prefab	(-30.000, -0.950, -12.000)	(-28.000, 0.050, -10.000)	(0.0, 0.0, 0.0)
Beach Villa - Layout Revision/Continuous paving - deduplicated 2m grid/Floor2x2	Assets/Modern Villa/Prefabs/floors/Floor2x2.prefab	(-30.000, -0.950, -10.000)	(-28.000, 0.050, -8.000)	(0.0, 0.0, 0.0)
Beach Villa - Layout Revision/Continuous paving - deduplicated 2m grid/Floor2x2	Assets/Modern Villa/Prefabs/floors/Floor2x2.prefab	(-30.000, -0.950, -8.000)	(-28.000, 0.050, -6.000)	(0.0, 0.0, 0.0)
Beach Villa - Layout Revision/Continuous paving - deduplicated 2m grid/Floor2x2	Assets/Modern Villa/Prefabs/floors/Floor2x2.prefab	(-30.000, -0.950, -4.000)	(-28.000, 0.050, -2.000)	(0.0, 0.0, 0.0)
Beach Villa - Layout Revision/Continuous paving - deduplicated 2m grid/Floor2x2	Assets/Modern Villa/Prefabs/floors/Floor2x2.prefab	(-30.000, -0.950, -2.000)	(-28.000, 0.050, 0.000)	(0.0, 0.0, 0.0)
Beach Villa - Layout Revision/Continuous paving - deduplicated 2m grid/Floor2x2	Assets/Modern Villa/Prefabs/floors/Floor2x2.prefab	(-30.000, -0.950, 0.000)	(-28.000, 0.050, 2.000)	(0.0, 0.0, 0.0)
Beach Villa - Layout Revision/Continuous paving - deduplicated 2m grid/Floor2x2	Assets/Modern Villa/Prefabs/floors/Floor2x2.prefab	(-30.000, -0.950, 2.000)	(-28.000, 0.050, 4.000)	(0.0, 0.0, 0.0)
Beach Villa - Layout Revision/Continuous paving - deduplicated 2m grid/Floor2x2	Assets/Modern Villa/Prefabs/floors/Floor2x2.prefab	(-30.000, -0.950, 4.000)	(-28.000, 0.050, 6.000)	(0.0, 0.0, 0.0)
Beach Villa - Layout Revision/Continuous paving - deduplicated 2m grid/Floor2x2	Assets/Modern Villa/Prefabs/floors/Floor2x2.prefab	(-30.000, -0.950, 6.000)	(-28.000, 0.050, 8.000)	(0.0, 0.0, 0.0)
Beach Villa - Layout Revision/Continuous paving - deduplicated 2m grid/Floor2x2	Assets/Modern Villa/Prefabs/floors/Floor2x2.prefab	(-30.000, -0.950, 8.000)	(-28.000, 0.050, 10.000)	(0.0, 0.0, 0.0)
Beach Villa - Layout Revision/Continuous paving - deduplicated 2m grid/Floor2x2	Assets/Modern Villa/Prefabs/floors/Floor2x2.prefab	(-30.000, -0.950, 10.000)	(-28.000, 0.050, 12.000)	(0.0, 0.0, 0.0)
Beach Villa - Layout Revision/Continuous paving - deduplicated 2m grid/Floor2x2	Assets/Modern Villa/Prefabs/floors/Floor2x2.prefab	(-30.000, -0.950, 12.000)	(-28.000, 0.050, 14.000)	(0.0, 0.0, 0.0)
Beach Villa - Layout Revision/Continuous paving - deduplicated 2m grid/Floor2x2	Assets/Modern Villa/Prefabs/floors/Floor2x2.prefab	(-30.000, -0.950, 14.000)	(-28.000, 0.050, 16.000)	(0.0, 0.0, 0.0)
Beach Villa - Layout Revision/Continuous paving - deduplicated 2m grid/Floor2x2	Assets/Modern Villa/Prefabs/floors/Floor2x2.prefab	(-30.000, -0.950, 16.000)	(-28.000, 0.050, 18.000)	(0.0, 0.0, 0.0)
Beach Villa - Layout Revision/Continuous paving - deduplicated 2m grid/Floor2x2	Assets/Modern Villa/Prefabs/floors/Floor2x2.prefab	(-30.000, -0.950, 18.000)	(-28.000, 0.050, 20.000)	(0.0, 0.0, 0.0)
Beach Villa - Layout Revision/Continuous paving - deduplicated 2m grid/Floor2x2	Assets/Modern Villa/Prefabs/floors/Floor2x2.prefab	(-30.000, -0.950, 20.000)	(-28.000, 0.050, 22.000)	(0.0, 0.0, 0.0)
Beach Villa - Layout Revision/Continuous paving - deduplicated 2m grid/Floor2x2	Assets/Modern Villa/Prefabs/floors/Floor2x2.prefab	(-30.000, -0.950, 22.000)	(-28.000, 0.050, 24.000)	(0.0, 0.0, 0.0)
Beach Villa - Layout Revision/Continuous paving - deduplicated 2m grid/Floor2x2	Assets/Modern Villa/Prefabs/floors/Floor2x2.prefab	(-30.000, -0.950, 24.000)	(-28.000, 0.050, 26.000)	(0.0, 0.0, 0.0)
Beach Villa - Layout Revision/Continuous paving - deduplicated 2m grid/Floor2x2	Assets/Modern Villa/Prefabs/floors/Floor2x2.prefab	(-30.000, -0.950, 26.000)	(-28.000, 0.050, 28.000)	(0.0, 0.0, 0.0)
Beach Villa - Layout Revision/Continuous paving - deduplicated 2m grid/Floor2x2	Assets/Modern Villa/Prefabs/floors/Floor2x2.prefab	(-30.000, -0.950, 28.000)	(-28.000, 0.050, 30.000)	(0.0, 0.0, 0.0)
Beach Villa - Layout Revision/Continuous paving - deduplicated 2m grid/Floor2x2	Assets/Modern Villa/Prefabs/floors/Floor2x2.prefab	(-30.000, -0.950, 30.000)	(-28.000, 0.050, 32.000)	(0.0, 0.0, 0.0)
Beach Villa - Layout Revision/Continuous paving - deduplicated 2m grid/Floor2x2	Assets/Modern Villa/Prefabs/floors/Floor2x2.prefab	(-30.000, -0.950, 32.000)	(-28.000, 0.050, 34.000)	(0.0, 0.0, 0.0)
Beach Villa - Layout Revision/Continuous paving - deduplicated 2m grid/Floor2x2	Assets/Modern Villa/Prefabs/floors/Floor2x2.prefab	(-30.000, -0.950, 34.000)	(-28.000, 0.050, 36.000)	(0.0, 0.0, 0.0)
Beach Villa - Layout Revision/Continuous paving - deduplicated 2m grid/Floor2x2	Assets/Modern Villa/Prefabs/floors/Floor2x2.prefab	(-30.000, -0.950, 36.000)	(-28.000, 0.050, 38.000)	(0.0, 0.0, 0.0)
Beach Villa - Layout Revision/Continuous paving - deduplicated 2m grid/Floor2x2	Assets/Modern Villa/Prefabs/floors/Floor2x2.prefab	(-30.000, -0.950, 38.000)	(-28.000, 0.050, 40.000)	(0.0, 0.0, 0.0)
Beach Villa - Layout Revision/Continuous paving - deduplicated 2m grid/Floor2x2	Assets/Modern Villa/Prefabs/floors/Floor2x2.prefab	(-30.000, -0.950, 40.000)	(-28.000, 0.050, 42.000)	(0.0, 0.0, 0.0)
Beach Villa - Layout Revision/Continuous paving - deduplicated 2m grid/Floor2x2	Assets/Modern Villa/Prefabs/floors/Floor2x2.prefab	(-30.000, -0.950, 42.000)	(-28.000, 0.050, 44.000)	(0.0, 0.0, 0.0)
Beach Villa - Layout Revision/Continuous paving - deduplicated 2m grid/Floor2x2	Assets/Modern Villa/Prefabs/floors/Floor2x2.prefab	(-28.000, -0.950, -20.000)	(-26.000, 0.050, -18.000)	(0.0, 0.0, 0.0)
Beach Villa - Layout Revision/Continuous paving - deduplicated 2m grid/Floor2x2	Assets/Modern Villa/Prefabs/floors/Floor2x2.prefab	(-28.000, -0.950, -18.000)	(-26.000, 0.050, -16.000)	(0.0, 0.0, 0.0)
Beach Villa - Layout Revision/Continuous paving - deduplicated 2m grid/Floor2x2	Assets/Modern Villa/Prefabs/floors/Floor2x2.prefab	(-28.000, -0.950, -16.000)	(-26.000, 0.050, -14.000)	(0.0, 0.0, 0.0)
Beach Villa - Layout Revision/Continuous paving - deduplicated 2m grid/Floor2x2	Assets/Modern Villa/Prefabs/floors/Floor2x2.prefab	(-28.000, -0.950, -14.000)	(-26.000, 0.050, -12.000)	(0.0, 0.0, 0.0)
Beach Villa - Layout Revision/Continuous paving - deduplicated 2m grid/Floor2x2	Assets/Modern Villa/Prefabs/floors/Floor2x2.prefab	(-28.000, -0.950, -12.000)	(-26.000, 0.050, -10.000)	(0.0, 0.0, 0.0)
Beach Villa - Layout Revision/Continuous paving - deduplicated 2m grid/Floor2x2	Assets/Modern Villa/Prefabs/floors/Floor2x2.prefab	(-28.000, -0.950, -10.000)	(-26.000, 0.050, -8.000)	(0.0, 0.0, 0.0)
Beach Villa - Layout Revision/Continuous paving - deduplicated 2m grid/Floor2x2	Assets/Modern Villa/Prefabs/floors/Floor2x2.prefab	(-28.000, -0.950, -8.000)	(-26.000, 0.050, -6.000)	(0.0, 0.0, 0.0)
Beach Villa - Layout Revision/Continuous paving - deduplicated 2m grid/Floor2x2	Assets/Modern Villa/Prefabs/floors/Floor2x2.prefab	(-28.000, -0.950, -4.000)	(-26.000, 0.050, -2.000)	(0.0, 0.0, 0.0)
Beach Villa - Layout Revision/Continuous paving - deduplicated 2m grid/Floor2x2	Assets/Modern Villa/Prefabs/floors/Floor2x2.prefab	(-28.000, -0.950, -2.000)	(-26.000, 0.050, 0.000)	(0.0, 0.0, 0.0)
Beach Villa - Layout Revision/Continuous paving - deduplicated 2m grid/Floor2x2	Assets/Modern Villa/Prefabs/floors/Floor2x2.prefab	(-28.000, -0.950, 0.000)	(-26.000, 0.050, 2.000)	(0.0, 0.0, 0.0)
Beach Villa - Layout Revision/Continuous paving - deduplicated 2m grid/Floor2x2	Assets/Modern Villa/Prefabs/floors/Floor2x2.prefab	(-28.000, -0.950, 2.000)	(-26.000, 0.050, 4.000)	(0.0, 0.0, 0.0)
Beach Villa - Layout Revision/Continuous paving - deduplicated 2m grid/Floor2x2	Assets/Modern Villa/Prefabs/floors/Floor2x2.prefab	(-28.000, -0.950, 4.000)	(-26.000, 0.050, 6.000)	(0.0, 0.0, 0.0)
Beach Villa - Layout Revision/Continuous paving - deduplicated 2m grid/Floor2x2	Assets/Modern Villa/Prefabs/floors/Floor2x2.prefab	(-28.000, -0.950, 6.000)	(-26.000, 0.050, 8.000)	(0.0, 0.0, 0.0)
Beach Villa - Layout Revision/Continuous paving - deduplicated 2m grid/Floor2x2	Assets/Modern Villa/Prefabs/floors/Floor2x2.prefab	(-28.000, -0.950, 8.000)	(-26.000, 0.050, 10.000)	(0.0, 0.0, 0.0)
Beach Villa - Layout Revision/Continuous paving - deduplicated 2m grid/Floor2x2	Assets/Modern Villa/Prefabs/floors/Floor2x2.prefab	(-28.000, -0.950, 10.000)	(-26.000, 0.050, 12.000)	(0.0, 0.0, 0.0)
Beach Villa - Layout Revision/Continuous paving - deduplicated 2m grid/Floor2x2	Assets/Modern Villa/Prefabs/floors/Floor2x2.prefab	(-28.000, -0.950, 12.000)	(-26.000, 0.050, 14.000)	(0.0, 0.0, 0.0)
Beach Villa - Layout Revision/Continuous paving - deduplicated 2m grid/Floor2x2	Assets/Modern Villa/Prefabs/floors/Floor2x2.prefab	(-28.000, -0.950, 14.000)	(-26.000, 0.050, 16.000)	(0.0, 0.0, 0.0)
Beach Villa - Layout Revision/Continuous paving - deduplicated 2m grid/Floor2x2	Assets/Modern Villa/Prefabs/floors/Floor2x2.prefab	(-28.000, -0.950, 16.000)	(-26.000, 0.050, 18.000)	(0.0, 0.0, 0.0)
Beach Villa - Layout Revision/Continuous paving - deduplicated 2m grid/Floor2x2	Assets/Modern Villa/Prefabs/floors/Floor2x2.prefab	(-28.000, -0.950, 18.000)	(-26.000, 0.050, 20.000)	(0.0, 0.0, 0.0)
Beach Villa - Layout Revision/Continuous paving - deduplicated 2m grid/Floor2x2	Assets/Modern Villa/Prefabs/floors/Floor2x2.prefab	(-28.000, -0.950, 20.000)	(-26.000, 0.050, 22.000)	(0.0, 0.0, 0.0)
Beach Villa - Layout Revision/Continuous paving - deduplicated 2m grid/Floor2x2	Assets/Modern Villa/Prefabs/floors/Floor2x2.prefab	(-28.000, -0.950, 22.000)	(-26.000, 0.050, 24.000)	(0.0, 0.0, 0.0)
Beach Villa - Layout Revision/Continuous paving - deduplicated 2m grid/Floor2x2	Assets/Modern Villa/Prefabs/floors/Floor2x2.prefab	(-28.000, -0.950, 24.000)	(-26.000, 0.050, 26.000)	(0.0, 0.0, 0.0)
Beach Villa - Layout Revision/Continuous paving - deduplicated 2m grid/Floor2x2	Assets/Modern Villa/Prefabs/floors/Floor2x2.prefab	(-28.000, -0.950, 26.000)	(-26.000, 0.050, 28.000)	(0.0, 0.0, 0.0)
Beach Villa - Layout Revision/Continuous paving - deduplicated 2m grid/Floor2x2	Assets/Modern Villa/Prefabs/floors/Floor2x2.prefab	(-28.000, -0.950, 28.000)	(-26.000, 0.050, 30.000)	(0.0, 0.0, 0.0)
Beach Villa - Layout Revision/Continuous paving - deduplicated 2m grid/Floor2x2	Assets/Modern Villa/Prefabs/floors/Floor2x2.prefab	(-28.000, -0.950, 30.000)	(-26.000, 0.050, 32.000)	(0.0, 0.0, 0.0)
Beach Villa - Layout Revision/Continuous paving - deduplicated 2m grid/Floor2x2	Assets/Modern Villa/Prefabs/floors/Floor2x2.prefab	(-28.000, -0.950, 32.000)	(-26.000, 0.050, 34.000)	(0.0, 0.0, 0.0)
Beach Villa - Layout Revision/Continuous paving - deduplicated 2m grid/Floor2x2	Assets/Modern Villa/Prefabs/floors/Floor2x2.prefab	(-28.000, -0.950, 34.000)	(-26.000, 0.050, 36.000)	(0.0, 0.0, 0.0)
Beach Villa - Layout Revision/Continuous paving - deduplicated 2m grid/Floor2x2	Assets/Modern Villa/Prefabs/floors/Floor2x2.prefab	(-28.000, -0.950, 36.000)	(-26.000, 0.050, 38.000)	(0.0, 0.0, 0.0)
Beach Villa - Layout Revision/Continuous paving - deduplicated 2m grid/Floor2x2	Assets/Modern Villa/Prefabs/floors/Floor2x2.prefab	(-28.000, -0.950, 38.000)	(-26.000, 0.050, 40.000)	(0.0, 0.0, 0.0)
Beach Villa - Layout Revision/Continuous paving - deduplicated 2m grid/Floor2x2	Assets/Modern Villa/Prefabs/floors/Floor2x2.prefab	(-28.000, -0.950, 40.000)	(-26.000, 0.050, 42.000)	(0.0, 0.0, 0.0)
Beach Villa - Layout Revision/Continuous paving - deduplicated 2m grid/Floor2x2	Assets/Modern Villa/Prefabs/floors/Floor2x2.prefab	(-28.000, -0.950, 42.000)	(-26.000, 0.050, 44.000)	(0.0, 0.0, 0.0)
Beach Villa - Layout Revision/Continuous paving - deduplicated 2m grid/Floor2x2	Assets/Modern Villa/Prefabs/floors/Floor2x2.prefab	(-26.000, -0.950, -20.000)	(-24.000, 0.050, -18.000)	(0.0, 0.0, 0.0)
Beach Villa - Layout Revision/Continuous paving - deduplicated 2m grid/Floor2x2	Assets/Modern Villa/Prefabs/floors/Floor2x2.prefab	(-26.000, -0.950, -18.000)	(-24.000, 0.050, -16.000)	(0.0, 0.0, 0.0)
Beach Villa - Layout Revision/Continuous paving - deduplicated 2m grid/Floor2x2	Assets/Modern Villa/Prefabs/floors/Floor2x2.prefab	(-26.000, -0.950, -16.000)	(-24.000, 0.050, -14.000)	(0.0, 0.0, 0.0)
Beach Villa - Layout Revision/Continuous paving - deduplicated 2m grid/Floor2x2	Assets/Modern Villa/Prefabs/floors/Floor2x2.prefab	(-26.000, -0.950, -14.000)	(-24.000, 0.050, -12.000)	(0.0, 0.0, 0.0)
Beach Villa - Layout Revision/Continuous paving - deduplicated 2m grid/Floor2x2	Assets/Modern Villa/Prefabs/floors/Floor2x2.prefab	(-26.000, -0.950, -12.000)	(-24.000, 0.050, -10.000)	(0.0, 0.0, 0.0)
Beach Villa - Layout Revision/Continuous paving - deduplicated 2m grid/Floor2x2	Assets/Modern Villa/Prefabs/floors/Floor2x2.prefab	(-26.000, -0.950, -10.000)	(-24.000, 0.050, -8.000)	(0.0, 0.0, 0.0)
Beach Villa - Layout Revision/Continuous paving - deduplicated 2m grid/Floor2x2	Assets/Modern Villa/Prefabs/floors/Floor2x2.prefab	(-26.000, -0.950, -8.000)	(-24.000, 0.050, -6.000)	(0.0, 0.0, 0.0)
Beach Villa - Layout Revision/Continuous paving - deduplicated 2m grid/Floor2x2	Assets/Modern Villa/Prefabs/floors/Floor2x2.prefab	(-26.000, -0.950, -4.000)	(-24.000, 0.050, -2.000)	(0.0, 0.0, 0.0)
Beach Villa - Layout Revision/Continuous paving - deduplicated 2m grid/Floor2x2	Assets/Modern Villa/Prefabs/floors/Floor2x2.prefab	(-26.000, -0.950, -2.000)	(-24.000, 0.050, 0.000)	(0.0, 0.0, 0.0)
Beach Villa - Layout Revision/Continuous paving - deduplicated 2m grid/Floor2x2	Assets/Modern Villa/Prefabs/floors/Floor2x2.prefab	(-26.000, -0.950, 0.000)	(-24.000, 0.050, 2.000)	(0.0, 0.0, 0.0)
Beach Villa - Layout Revision/Continuous paving - deduplicated 2m grid/Floor2x2	Assets/Modern Villa/Prefabs/floors/Floor2x2.prefab	(-26.000, -0.950, 2.000)	(-24.000, 0.050, 4.000)	(0.0, 0.0, 0.0)
Beach Villa - Layout Revision/Continuous paving - deduplicated 2m grid/Floor2x2	Assets/Modern Villa/Prefabs/floors/Floor2x2.prefab	(-26.000, -0.950, 4.000)	(-24.000, 0.050, 6.000)	(0.0, 0.0, 0.0)
Beach Villa - Layout Revision/Continuous paving - deduplicated 2m grid/Floor2x2	Assets/Modern Villa/Prefabs/floors/Floor2x2.prefab	(-26.000, -0.950, 6.000)	(-24.000, 0.050, 8.000)	(0.0, 0.0, 0.0)
Beach Villa - Layout Revision/Continuous paving - deduplicated 2m grid/Floor2x2	Assets/Modern Villa/Prefabs/floors/Floor2x2.prefab	(-26.000, -0.950, 8.000)	(-24.000, 0.050, 10.000)	(0.0, 0.0, 0.0)
Beach Villa - Layout Revision/Continuous paving - deduplicated 2m grid/Floor2x2	Assets/Modern Villa/Prefabs/floors/Floor2x2.prefab	(-26.000, -0.950, 10.000)	(-24.000, 0.050, 12.000)	(0.0, 0.0, 0.0)
Beach Villa - Layout Revision/Continuous paving - deduplicated 2m grid/Floor2x2	Assets/Modern Villa/Prefabs/floors/Floor2x2.prefab	(-26.000, -0.950, 12.000)	(-24.000, 0.050, 14.000)	(0.0, 0.0, 0.0)
Beach Villa - Layout Revision/Continuous paving - deduplicated 2m grid/Floor2x2	Assets/Modern Villa/Prefabs/floors/Floor2x2.prefab	(-26.000, -0.950, 14.000)	(-24.000, 0.050, 16.000)	(0.0, 0.0, 0.0)
Beach Villa - Layout Revision/Continuous paving - deduplicated 2m grid/Floor2x2	Assets/Modern Villa/Prefabs/floors/Floor2x2.prefab	(-26.000, -0.950, 16.000)	(-24.000, 0.050, 18.000)	(0.0, 0.0, 0.0)
Beach Villa - Layout Revision/Continuous paving - deduplicated 2m grid/Floor2x2	Assets/Modern Villa/Prefabs/floors/Floor2x2.prefab	(-26.000, -0.950, 18.000)	(-24.000, 0.050, 20.000)	(0.0, 0.0, 0.0)
Beach Villa - Layout Revision/Continuous paving - deduplicated 2m grid/Floor2x2	Assets/Modern Villa/Prefabs/floors/Floor2x2.prefab	(-26.000, -0.950, 20.000)	(-24.000, 0.050, 22.000)	(0.0, 0.0, 0.0)
Beach Villa - Layout Revision/Continuous paving - deduplicated 2m grid/Floor2x2	Assets/Modern Villa/Prefabs/floors/Floor2x2.prefab	(-26.000, -0.950, 22.000)	(-24.000, 0.050, 24.000)	(0.0, 0.0, 0.0)
Beach Villa - Layout Revision/Continuous paving - deduplicated 2m grid/Floor2x2	Assets/Modern Villa/Prefabs/floors/Floor2x2.prefab	(-26.000, -0.950, 24.000)	(-24.000, 0.050, 26.000)	(0.0, 0.0, 0.0)
Beach Villa - Layout Revision/Continuous paving - deduplicated 2m grid/Floor2x2	Assets/Modern Villa/Prefabs/floors/Floor2x2.prefab	(-26.000, -0.950, 26.000)	(-24.000, 0.050, 28.000)	(0.0, 0.0, 0.0)
Beach Villa - Layout Revision/Continuous paving - deduplicated 2m grid/Floor2x2	Assets/Modern Villa/Prefabs/floors/Floor2x2.prefab	(-26.000, -0.950, 28.000)	(-24.000, 0.050, 30.000)	(0.0, 0.0, 0.0)
Beach Villa - Layout Revision/Continuous paving - deduplicated 2m grid/Floor2x2	Assets/Modern Villa/Prefabs/floors/Floor2x2.prefab	(-26.000, -0.950, 30.000)	(-24.000, 0.050, 32.000)	(0.0, 0.0, 0.0)
Beach Villa - Layout Revision/Continuous paving - deduplicated 2m grid/Floor2x2	Assets/Modern Villa/Prefabs/floors/Floor2x2.prefab	(-26.000, -0.950, 32.000)	(-24.000, 0.050, 34.000)	(0.0, 0.0, 0.0)
Beach Villa - Layout Revision/Continuous paving - deduplicated 2m grid/Floor2x2	Assets/Modern Villa/Prefabs/floors/Floor2x2.prefab	(-26.000, -0.950, 34.000)	(-24.000, 0.050, 36.000)	(0.0, 0.0, 0.0)
Beach Villa - Layout Revision/Continuous paving - deduplicated 2m grid/Floor2x2	Assets/Modern Villa/Prefabs/floors/Floor2x2.prefab	(-26.000, -0.950, 36.000)	(-24.000, 0.050, 38.000)	(0.0, 0.0, 0.0)
Beach Villa - Layout Revision/Continuous paving - deduplicated 2m grid/Floor2x2	Assets/Modern Villa/Prefabs/floors/Floor2x2.prefab	(-26.000, -0.950, 38.000)	(-24.000, 0.050, 40.000)	(0.0, 0.0, 0.0)
Beach Villa - Layout Revision/Continuous paving - deduplicated 2m grid/Floor2x2	Assets/Modern Villa/Prefabs/floors/Floor2x2.prefab	(-26.000, -0.950, 40.000)	(-24.000, 0.050, 42.000)	(0.0, 0.0, 0.0)
Beach Villa - Layout Revision/Continuous paving - deduplicated 2m grid/Floor2x2	Assets/Modern Villa/Prefabs/floors/Floor2x2.prefab	(-26.000, -0.950, 42.000)	(-24.000, 0.050, 44.000)	(0.0, 0.0, 0.0)
Beach Villa - Layout Revision/Continuous paving - deduplicated 2m grid/Floor2x2	Assets/Modern Villa/Prefabs/floors/Floor2x2.prefab	(-24.000, -0.950, -20.000)	(-22.000, 0.050, -18.000)	(0.0, 0.0, 0.0)
Beach Villa - Layout Revision/Continuous paving - deduplicated 2m grid/Floor2x2	Assets/Modern Villa/Prefabs/floors/Floor2x2.prefab	(-24.000, -0.950, -18.000)	(-22.000, 0.050, -16.000)	(0.0, 0.0, 0.0)
Beach Villa - Layout Revision/Continuous paving - deduplicated 2m grid/Floor2x2	Assets/Modern Villa/Prefabs/floors/Floor2x2.prefab	(-24.000, -0.950, -16.000)	(-22.000, 0.050, -14.000)	(0.0, 0.0, 0.0)
Beach Villa - Layout Revision/Continuous paving - deduplicated 2m grid/Floor2x2	Assets/Modern Villa/Prefabs/floors/Floor2x2.prefab	(-24.000, -0.950, -14.000)	(-22.000, 0.050, -12.000)	(0.0, 0.0, 0.0)
Beach Villa - Layout Revision/Continuous paving - deduplicated 2m grid/Floor2x2	Assets/Modern Villa/Prefabs/floors/Floor2x2.prefab	(-24.000, -0.950, -12.000)	(-22.000, 0.050, -10.000)	(0.0, 0.0, 0.0)
Beach Villa - Layout Revision/Continuous paving - deduplicated 2m grid/Floor2x2	Assets/Modern Villa/Prefabs/floors/Floor2x2.prefab	(-24.000, -0.950, -10.000)	(-22.000, 0.050, -8.000)	(0.0, 0.0, 0.0)
Beach Villa - Layout Revision/Continuous paving - deduplicated 2m grid/Floor2x2	Assets/Modern Villa/Prefabs/floors/Floor2x2.prefab	(-24.000, -0.950, -8.000)	(-22.000, 0.050, -6.000)	(0.0, 0.0, 0.0)
Beach Villa - Layout Revision/Continuous paving - deduplicated 2m grid/Floor2x2	Assets/Modern Villa/Prefabs/floors/Floor2x2.prefab	(-24.000, -0.950, -4.000)	(-22.000, 0.050, -2.000)	(0.0, 0.0, 0.0)
Beach Villa - Layout Revision/Continuous paving - deduplicated 2m grid/Floor2x2	Assets/Modern Villa/Prefabs/floors/Floor2x2.prefab	(-24.000, -0.950, -2.000)	(-22.000, 0.050, 0.000)	(0.0, 0.0, 0.0)
Beach Villa - Layout Revision/Continuous paving - deduplicated 2m grid/Floor2x2	Assets/Modern Villa/Prefabs/floors/Floor2x2.prefab	(-24.000, -0.950, 0.000)	(-22.000, 0.050, 2.000)	(0.0, 0.0, 0.0)
Beach Villa - Layout Revision/Continuous paving - deduplicated 2m grid/Floor2x2	Assets/Modern Villa/Prefabs/floors/Floor2x2.prefab	(-24.000, -0.950, 2.000)	(-22.000, 0.050, 4.000)	(0.0, 0.0, 0.0)
Beach Villa - Layout Revision/Continuous paving - deduplicated 2m grid/Floor2x2	Assets/Modern Villa/Prefabs/floors/Floor2x2.prefab	(-24.000, -0.950, 4.000)	(-22.000, 0.050, 6.000)	(0.0, 0.0, 0.0)
Beach Villa - Layout Revision/Continuous paving - deduplicated 2m grid/Floor2x2	Assets/Modern Villa/Prefabs/floors/Floor2x2.prefab	(-24.000, -0.950, 6.000)	(-22.000, 0.050, 8.000)	(0.0, 0.0, 0.0)
Beach Villa - Layout Revision/Continuous paving - deduplicated 2m grid/Floor2x2	Assets/Modern Villa/Prefabs/floors/Floor2x2.prefab	(-24.000, -0.950, 8.000)	(-22.000, 0.050, 10.000)	(0.0, 0.0, 0.0)
Beach Villa - Layout Revision/Continuous paving - deduplicated 2m grid/Floor2x2	Assets/Modern Villa/Prefabs/floors/Floor2x2.prefab	(-24.000, -0.950, 10.000)	(-22.000, 0.050, 12.000)	(0.0, 0.0, 0.0)
Beach Villa - Layout Revision/Continuous paving - deduplicated 2m grid/Floor2x2	Assets/Modern Villa/Prefabs/floors/Floor2x2.prefab	(-24.000, -0.950, 12.000)	(-22.000, 0.050, 14.000)	(0.0, 0.0, 0.0)
Beach Villa - Layout Revision/Continuous paving - deduplicated 2m grid/Floor2x2	Assets/Modern Villa/Prefabs/floors/Floor2x2.prefab	(-24.000, -0.950, 14.000)	(-22.000, 0.050, 16.000)	(0.0, 0.0, 0.0)
Beach Villa - Layout Revision/Continuous paving - deduplicated 2m grid/Floor2x2	Assets/Modern Villa/Prefabs/floors/Floor2x2.prefab	(-24.000, -0.950, 16.000)	(-22.000, 0.050, 18.000)	(0.0, 0.0, 0.0)
Beach Villa - Layout Revision/Continuous paving - deduplicated 2m grid/Floor2x2	Assets/Modern Villa/Prefabs/floors/Floor2x2.prefab	(-24.000, -0.950, 18.000)	(-22.000, 0.050, 20.000)	(0.0, 0.0, 0.0)
Beach Villa - Layout Revision/Continuous paving - deduplicated 2m grid/Floor2x2	Assets/Modern Villa/Prefabs/floors/Floor2x2.prefab	(-24.000, -0.950, 20.000)	(-22.000, 0.050, 22.000)	(0.0, 0.0, 0.0)
Beach Villa - Layout Revision/Continuous paving - deduplicated 2m grid/Floor2x2	Assets/Modern Villa/Prefabs/floors/Floor2x2.prefab	(-24.000, -0.950, 22.000)	(-22.000, 0.050, 24.000)	(0.0, 0.0, 0.0)
Beach Villa - Layout Revision/Continuous paving - deduplicated 2m grid/Floor2x2	Assets/Modern Villa/Prefabs/floors/Floor2x2.prefab	(-24.000, -0.950, 24.000)	(-22.000, 0.050, 26.000)	(0.0, 0.0, 0.0)
Beach Villa - Layout Revision/Continuous paving - deduplicated 2m grid/Floor2x2	Assets/Modern Villa/Prefabs/floors/Floor2x2.prefab	(-24.000, -0.950, 26.000)	(-22.000, 0.050, 28.000)	(0.0, 0.0, 0.0)
Beach Villa - Layout Revision/Continuous paving - deduplicated 2m grid/Floor2x2	Assets/Modern Villa/Prefabs/floors/Floor2x2.prefab	(-24.000, -0.950, 28.000)	(-22.000, 0.050, 30.000)	(0.0, 0.0, 0.0)
Beach Villa - Layout Revision/Continuous paving - deduplicated 2m grid/Floor2x2	Assets/Modern Villa/Prefabs/floors/Floor2x2.prefab	(-24.000, -0.950, 30.000)	(-22.000, 0.050, 32.000)	(0.0, 0.0, 0.0)
Beach Villa - Layout Revision/Continuous paving - deduplicated 2m grid/Floor2x2	Assets/Modern Villa/Prefabs/floors/Floor2x2.prefab	(-24.000, -0.950, 32.000)	(-22.000, 0.050, 34.000)	(0.0, 0.0, 0.0)
Beach Villa - Layout Revision/Continuous paving - deduplicated 2m grid/Floor2x2	Assets/Modern Villa/Prefabs/floors/Floor2x2.prefab	(-24.000, -0.950, 34.000)	(-22.000, 0.050, 36.000)	(0.0, 0.0, 0.0)
Beach Villa - Layout Revision/Continuous paving - deduplicated 2m grid/Floor2x2	Assets/Modern Villa/Prefabs/floors/Floor2x2.prefab	(-24.000, -0.950, 36.000)	(-22.000, 0.050, 38.000)	(0.0, 0.0, 0.0)
Beach Villa - Layout Revision/Continuous paving - deduplicated 2m grid/Floor2x2	Assets/Modern Villa/Prefabs/floors/Floor2x2.prefab	(-24.000, -0.950, 38.000)	(-22.000, 0.050, 40.000)	(0.0, 0.0, 0.0)
Beach Villa - Layout Revision/Continuous paving - deduplicated 2m grid/Floor2x2	Assets/Modern Villa/Prefabs/floors/Floor2x2.prefab	(-24.000, -0.950, 40.000)	(-22.000, 0.050, 42.000)	(0.0, 0.0, 0.0)
Beach Villa - Layout Revision/Continuous paving - deduplicated 2m grid/Floor2x2	Assets/Modern Villa/Prefabs/floors/Floor2x2.prefab	(-24.000, -0.950, 42.000)	(-22.000, 0.050, 44.000)	(0.0, 0.0, 0.0)
Beach Villa - Layout Revision/Continuous paving - deduplicated 2m grid/Floor2x2	Assets/Modern Villa/Prefabs/floors/Floor2x2.prefab	(-22.000, -0.950, -20.000)	(-20.000, 0.050, -18.000)	(0.0, 0.0, 0.0)
Beach Villa - Layout Revision/Continuous paving - deduplicated 2m grid/Floor2x2	Assets/Modern Villa/Prefabs/floors/Floor2x2.prefab	(-22.000, -0.950, -18.000)	(-20.000, 0.050, -16.000)	(0.0, 0.0, 0.0)
Beach Villa - Layout Revision/Continuous paving - deduplicated 2m grid/Floor2x2	Assets/Modern Villa/Prefabs/floors/Floor2x2.prefab	(-22.000, -0.950, -16.000)	(-20.000, 0.050, -14.000)	(0.0, 0.0, 0.0)
Beach Villa - Layout Revision/Continuous paving - deduplicated 2m grid/Floor2x2	Assets/Modern Villa/Prefabs/floors/Floor2x2.prefab	(-22.000, -0.950, -14.000)	(-20.000, 0.050, -12.000)	(0.0, 0.0, 0.0)
Beach Villa - Layout Revision/Continuous paving - deduplicated 2m grid/Floor2x2	Assets/Modern Villa/Prefabs/floors/Floor2x2.prefab	(-22.000, -0.950, -12.000)	(-20.000, 0.050, -10.000)	(0.0, 0.0, 0.0)
Beach Villa - Layout Revision/Continuous paving - deduplicated 2m grid/Floor2x2	Assets/Modern Villa/Prefabs/floors/Floor2x2.prefab	(-22.000, -0.950, -10.000)	(-20.000, 0.050, -8.000)	(0.0, 0.0, 0.0)
Beach Villa - Layout Revision/Continuous paving - deduplicated 2m grid/Floor2x2	Assets/Modern Villa/Prefabs/floors/Floor2x2.prefab	(-22.000, -0.950, -8.000)	(-20.000, 0.050, -6.000)	(0.0, 0.0, 0.0)
Beach Villa - Layout Revision/Continuous paving - deduplicated 2m grid/Floor2x2	Assets/Modern Villa/Prefabs/floors/Floor2x2.prefab	(-22.000, -0.950, -6.000)	(-20.000, 0.050, -4.000)	(0.0, 0.0, 0.0)
Beach Villa - Layout Revision/Continuous paving - deduplicated 2m grid/Floor2x2	Assets/Modern Villa/Prefabs/floors/Floor2x2.prefab	(-22.000, -0.950, -4.000)	(-20.000, 0.050, -2.000)	(0.0, 0.0, 0.0)
Beach Villa - Layout Revision/Continuous paving - deduplicated 2m grid/Floor2x2	Assets/Modern Villa/Prefabs/floors/Floor2x2.prefab	(-22.000, -0.950, -2.000)	(-20.000, 0.050, 0.000)	(0.0, 0.0, 0.0)
Beach Villa - Layout Revision/Continuous paving - deduplicated 2m grid/Floor2x2	Assets/Modern Villa/Prefabs/floors/Floor2x2.prefab	(-22.000, -0.950, 0.000)	(-20.000, 0.050, 2.000)	(0.0, 0.0, 0.0)
Beach Villa - Layout Revision/Continuous paving - deduplicated 2m grid/Floor2x2	Assets/Modern Villa/Prefabs/floors/Floor2x2.prefab	(-22.000, -0.950, 2.000)	(-20.000, 0.050, 4.000)	(0.0, 0.0, 0.0)
Beach Villa - Layout Revision/Continuous paving - deduplicated 2m grid/Floor2x2	Assets/Modern Villa/Prefabs/floors/Floor2x2.prefab	(-22.000, -0.950, 4.000)	(-20.000, 0.050, 6.000)	(0.0, 0.0, 0.0)
Beach Villa - Layout Revision/Continuous paving - deduplicated 2m grid/Floor2x2	Assets/Modern Villa/Prefabs/floors/Floor2x2.prefab	(-22.000, -0.950, 6.000)	(-20.000, 0.050, 8.000)	(0.0, 0.0, 0.0)
Beach Villa - Layout Revision/Continuous paving - deduplicated 2m grid/Floor2x2	Assets/Modern Villa/Prefabs/floors/Floor2x2.prefab	(-22.000, -0.950, 8.000)	(-20.000, 0.050, 10.000)	(0.0, 0.0, 0.0)
Beach Villa - Layout Revision/Continuous paving - deduplicated 2m grid/Floor2x2	Assets/Modern Villa/Prefabs/floors/Floor2x2.prefab	(-22.000, -0.950, 10.000)	(-20.000, 0.050, 12.000)	(0.0, 0.0, 0.0)
Beach Villa - Layout Revision/Continuous paving - deduplicated 2m grid/Floor2x2	Assets/Modern Villa/Prefabs/floors/Floor2x2.prefab	(-22.000, -0.950, 12.000)	(-20.000, 0.050, 14.000)	(0.0, 0.0, 0.0)
Beach Villa - Layout Revision/Continuous paving - deduplicated 2m grid/Floor2x2	Assets/Modern Villa/Prefabs/floors/Floor2x2.prefab	(-22.000, -0.950, 14.000)	(-20.000, 0.050, 16.000)	(0.0, 0.0, 0.0)
Beach Villa - Layout Revision/Continuous paving - deduplicated 2m grid/Floor2x2	Assets/Modern Villa/Prefabs/floors/Floor2x2.prefab	(-22.000, -0.950, 16.000)	(-20.000, 0.050, 18.000)	(0.0, 0.0, 0.0)
Beach Villa - Layout Revision/Continuous paving - deduplicated 2m grid/Floor2x2	Assets/Modern Villa/Prefabs/floors/Floor2x2.prefab	(-22.000, -0.950, 18.000)	(-20.000, 0.050, 20.000)	(0.0, 0.0, 0.0)
Beach Villa - Layout Revision/Continuous paving - deduplicated 2m grid/Floor2x2	Assets/Modern Villa/Prefabs/floors/Floor2x2.prefab	(-22.000, -0.950, 20.000)	(-20.000, 0.050, 22.000)	(0.0, 0.0, 0.0)
Beach Villa - Layout Revision/Continuous paving - deduplicated 2m grid/Floor2x2	Assets/Modern Villa/Prefabs/floors/Floor2x2.prefab	(-22.000, -0.950, 22.000)	(-20.000, 0.050, 24.000)	(0.0, 0.0, 0.0)
Beach Villa - Layout Revision/Continuous paving - deduplicated 2m grid/Floor2x2	Assets/Modern Villa/Prefabs/floors/Floor2x2.prefab	(-22.000, -0.950, 24.000)	(-20.000, 0.050, 26.000)	(0.0, 0.0, 0.0)
Beach Villa - Layout Revision/Continuous paving - deduplicated 2m grid/Floor2x2	Assets/Modern Villa/Prefabs/floors/Floor2x2.prefab	(-22.000, -0.950, 26.000)	(-20.000, 0.050, 28.000)	(0.0, 0.0, 0.0)
Beach Villa - Layout Revision/Continuous paving - deduplicated 2m grid/Floor2x2	Assets/Modern Villa/Prefabs/floors/Floor2x2.prefab	(-22.000, -0.950, 28.000)	(-20.000, 0.050, 30.000)	(0.0, 0.0, 0.0)
Beach Villa - Layout Revision/Continuous paving - deduplicated 2m grid/Floor2x2	Assets/Modern Villa/Prefabs/floors/Floor2x2.prefab	(-22.000, -0.950, 30.000)	(-20.000, 0.050, 32.000)	(0.0, 0.0, 0.0)
Beach Villa - Layout Revision/Continuous paving - deduplicated 2m grid/Floor2x2	Assets/Modern Villa/Prefabs/floors/Floor2x2.prefab	(-22.000, -0.950, 32.000)	(-20.000, 0.050, 34.000)	(0.0, 0.0, 0.0)
Beach Villa - Layout Revision/Continuous paving - deduplicated 2m grid/Floor2x2	Assets/Modern Villa/Prefabs/floors/Floor2x2.prefab	(-22.000, -0.950, 34.000)	(-20.000, 0.050, 36.000)	(0.0, 0.0, 0.0)
Beach Villa - Layout Revision/Continuous paving - deduplicated 2m grid/Floor2x2	Assets/Modern Villa/Prefabs/floors/Floor2x2.prefab	(-22.000, -0.950, 36.000)	(-20.000, 0.050, 38.000)	(0.0, 0.0, 0.0)
Beach Villa - Layout Revision/Continuous paving - deduplicated 2m grid/Floor2x2	Assets/Modern Villa/Prefabs/floors/Floor2x2.prefab	(-22.000, -0.950, 38.000)	(-20.000, 0.050, 40.000)	(0.0, 0.0, 0.0)
Beach Villa - Layout Revision/Continuous paving - deduplicated 2m grid/Floor2x2	Assets/Modern Villa/Prefabs/floors/Floor2x2.prefab	(-22.000, -0.950, 40.000)	(-20.000, 0.050, 42.000)	(0.0, 0.0, 0.0)
Beach Villa - Layout Revision/Continuous paving - deduplicated 2m grid/Floor2x2	Assets/Modern Villa/Prefabs/floors/Floor2x2.prefab	(-22.000, -0.950, 42.000)	(-20.000, 0.050, 44.000)	(0.0, 0.0, 0.0)
Beach Villa - Layout Revision/Continuous paving - deduplicated 2m grid/Floor2x2	Assets/Modern Villa/Prefabs/floors/Floor2x2.prefab	(-20.000, -0.950, -20.000)	(-18.000, 0.050, -18.000)	(0.0, 0.0, 0.0)
Beach Villa - Layout Revision/Continuous paving - deduplicated 2m grid/Floor2x2	Assets/Modern Villa/Prefabs/floors/Floor2x2.prefab	(-20.000, -0.950, -18.000)	(-18.000, 0.050, -16.000)	(0.0, 0.0, 0.0)
Beach Villa - Layout Revision/Continuous paving - deduplicated 2m grid/Floor2x2	Assets/Modern Villa/Prefabs/floors/Floor2x2.prefab	(-20.000, -0.950, -16.000)	(-18.000, 0.050, -14.000)	(0.0, 0.0, 0.0)
Beach Villa - Layout Revision/Continuous paving - deduplicated 2m grid/Floor2x2	Assets/Modern Villa/Prefabs/floors/Floor2x2.prefab	(-20.000, -0.950, -14.000)	(-18.000, 0.050, -12.000)	(0.0, 0.0, 0.0)
Beach Villa - Layout Revision/Continuous paving - deduplicated 2m grid/Floor2x2	Assets/Modern Villa/Prefabs/floors/Floor2x2.prefab	(-20.000, -0.950, -12.000)	(-18.000, 0.050, -10.000)	(0.0, 0.0, 0.0)
Beach Villa - Layout Revision/Continuous paving - deduplicated 2m grid/Floor2x2	Assets/Modern Villa/Prefabs/floors/Floor2x2.prefab	(-20.000, -0.950, -10.000)	(-18.000, 0.050, -8.000)	(0.0, 0.0, 0.0)
Beach Villa - Layout Revision/Continuous paving - deduplicated 2m grid/Floor2x2	Assets/Modern Villa/Prefabs/floors/Floor2x2.prefab	(-20.000, -0.950, -8.000)	(-18.000, 0.050, -6.000)	(0.0, 0.0, 0.0)
Beach Villa - Layout Revision/Continuous paving - deduplicated 2m grid/Floor2x2	Assets/Modern Villa/Prefabs/floors/Floor2x2.prefab	(-20.000, -0.950, -6.000)	(-18.000, 0.050, -4.000)	(0.0, 0.0, 0.0)
Beach Villa - Layout Revision/Continuous paving - deduplicated 2m grid/Floor2x2	Assets/Modern Villa/Prefabs/floors/Floor2x2.prefab	(-20.000, -0.950, -4.000)	(-18.000, 0.050, -2.000)	(0.0, 0.0, 0.0)
Beach Villa - Layout Revision/Continuous paving - deduplicated 2m grid/Floor2x2	Assets/Modern Villa/Prefabs/floors/Floor2x2.prefab	(-20.000, -0.950, -2.000)	(-18.000, 0.050, 0.000)	(0.0, 0.0, 0.0)
Beach Villa - Layout Revision/Continuous paving - deduplicated 2m grid/Floor2x2	Assets/Modern Villa/Prefabs/floors/Floor2x2.prefab	(-20.000, -0.950, 0.000)	(-18.000, 0.050, 2.000)	(0.0, 0.0, 0.0)
Beach Villa - Layout Revision/Continuous paving - deduplicated 2m grid/Floor2x2	Assets/Modern Villa/Prefabs/floors/Floor2x2.prefab	(-20.000, -0.950, 2.000)	(-18.000, 0.050, 4.000)	(0.0, 0.0, 0.0)
Beach Villa - Layout Revision/Continuous paving - deduplicated 2m grid/Floor2x2	Assets/Modern Villa/Prefabs/floors/Floor2x2.prefab	(-20.000, -0.950, 4.000)	(-18.000, 0.050, 6.000)	(0.0, 0.0, 0.0)
Beach Villa - Layout Revision/Continuous paving - deduplicated 2m grid/Floor2x2	Assets/Modern Villa/Prefabs/floors/Floor2x2.prefab	(-20.000, -0.950, 6.000)	(-18.000, 0.050, 8.000)	(0.0, 0.0, 0.0)
Beach Villa - Layout Revision/Continuous paving - deduplicated 2m grid/Floor2x2	Assets/Modern Villa/Prefabs/floors/Floor2x2.prefab	(-20.000, -0.950, 8.000)	(-18.000, 0.050, 10.000)	(0.0, 0.0, 0.0)
Beach Villa - Layout Revision/Continuous paving - deduplicated 2m grid/Floor2x2	Assets/Modern Villa/Prefabs/floors/Floor2x2.prefab	(-20.000, -0.950, 10.000)	(-18.000, 0.050, 12.000)	(0.0, 0.0, 0.0)
Beach Villa - Layout Revision/Continuous paving - deduplicated 2m grid/Floor2x2	Assets/Modern Villa/Prefabs/floors/Floor2x2.prefab	(-20.000, -0.950, 12.000)	(-18.000, 0.050, 14.000)	(0.0, 0.0, 0.0)
Beach Villa - Layout Revision/Continuous paving - deduplicated 2m grid/Floor2x2	Assets/Modern Villa/Prefabs/floors/Floor2x2.prefab	(-20.000, -0.950, 14.000)	(-18.000, 0.050, 16.000)	(0.0, 0.0, 0.0)
Beach Villa - Layout Revision/Continuous paving - deduplicated 2m grid/Floor2x2	Assets/Modern Villa/Prefabs/floors/Floor2x2.prefab	(-20.000, -0.950, 16.000)	(-18.000, 0.050, 18.000)	(0.0, 0.0, 0.0)
Beach Villa - Layout Revision/Continuous paving - deduplicated 2m grid/Floor2x2	Assets/Modern Villa/Prefabs/floors/Floor2x2.prefab	(-20.000, -0.950, 18.000)	(-18.000, 0.050, 20.000)	(0.0, 0.0, 0.0)
Beach Villa - Layout Revision/Continuous paving - deduplicated 2m grid/Floor2x2	Assets/Modern Villa/Prefabs/floors/Floor2x2.prefab	(-20.000, -0.950, 20.000)	(-18.000, 0.050, 22.000)	(0.0, 0.0, 0.0)
Beach Villa - Layout Revision/Continuous paving - deduplicated 2m grid/Floor2x2	Assets/Modern Villa/Prefabs/floors/Floor2x2.prefab	(-20.000, -0.950, 22.000)	(-18.000, 0.050, 24.000)	(0.0, 0.0, 0.0)
Beach Villa - Layout Revision/Continuous paving - deduplicated 2m grid/Floor2x2	Assets/Modern Villa/Prefabs/floors/Floor2x2.prefab	(-20.000, -0.950, 24.000)	(-18.000, 0.050, 26.000)	(0.0, 0.0, 0.0)
Beach Villa - Layout Revision/Continuous paving - deduplicated 2m grid/Floor2x2	Assets/Modern Villa/Prefabs/floors/Floor2x2.prefab	(-20.000, -0.950, 26.000)	(-18.000, 0.050, 28.000)	(0.0, 0.0, 0.0)
Beach Villa - Layout Revision/Continuous paving - deduplicated 2m grid/Floor2x2	Assets/Modern Villa/Prefabs/floors/Floor2x2.prefab	(-20.000, -0.950, 28.000)	(-18.000, 0.050, 30.000)	(0.0, 0.0, 0.0)
Beach Villa - Layout Revision/Continuous paving - deduplicated 2m grid/Floor2x2	Assets/Modern Villa/Prefabs/floors/Floor2x2.prefab	(-20.000, -0.950, 30.000)	(-18.000, 0.050, 32.000)	(0.0, 0.0, 0.0)
Beach Villa - Layout Revision/Continuous paving - deduplicated 2m grid/Floor2x2	Assets/Modern Villa/Prefabs/floors/Floor2x2.prefab	(-20.000, -0.950, 32.000)	(-18.000, 0.050, 34.000)	(0.0, 0.0, 0.0)
Beach Villa - Layout Revision/Continuous paving - deduplicated 2m grid/Floor2x2	Assets/Modern Villa/Prefabs/floors/Floor2x2.prefab	(-20.000, -0.950, 34.000)	(-18.000, 0.050, 36.000)	(0.0, 0.0, 0.0)
Beach Villa - Layout Revision/Continuous paving - deduplicated 2m grid/Floor2x2	Assets/Modern Villa/Prefabs/floors/Floor2x2.prefab	(-20.000, -0.950, 36.000)	(-18.000, 0.050, 38.000)	(0.0, 0.0, 0.0)
Beach Villa - Layout Revision/Continuous paving - deduplicated 2m grid/Floor2x2	Assets/Modern Villa/Prefabs/floors/Floor2x2.prefab	(-20.000, -0.950, 38.000)	(-18.000, 0.050, 40.000)	(0.0, 0.0, 0.0)
Beach Villa - Layout Revision/Continuous paving - deduplicated 2m grid/Floor2x2	Assets/Modern Villa/Prefabs/floors/Floor2x2.prefab	(-20.000, -0.950, 40.000)	(-18.000, 0.050, 42.000)	(0.0, 0.0, 0.0)
Beach Villa - Layout Revision/Continuous paving - deduplicated 2m grid/Floor2x2	Assets/Modern Villa/Prefabs/floors/Floor2x2.prefab	(-20.000, -0.950, 42.000)	(-18.000, 0.050, 44.000)	(0.0, 0.0, 0.0)
Beach Villa - Layout Revision/Continuous paving - deduplicated 2m grid/Floor2x2	Assets/Modern Villa/Prefabs/floors/Floor2x2.prefab	(-18.000, -0.950, -20.000)	(-16.000, 0.050, -18.000)	(0.0, 0.0, 0.0)
Beach Villa - Layout Revision/Continuous paving - deduplicated 2m grid/Floor2x2	Assets/Modern Villa/Prefabs/floors/Floor2x2.prefab	(-18.000, -0.950, -18.000)	(-16.000, 0.050, -16.000)	(0.0, 0.0, 0.0)
Beach Villa - Layout Revision/Continuous paving - deduplicated 2m grid/Floor2x2	Assets/Modern Villa/Prefabs/floors/Floor2x2.prefab	(-18.000, -0.950, -16.000)	(-16.000, 0.050, -14.000)	(0.0, 0.0, 0.0)
Beach Villa - Layout Revision/Continuous paving - deduplicated 2m grid/Floor2x2	Assets/Modern Villa/Prefabs/floors/Floor2x2.prefab	(-18.000, -0.950, -14.000)	(-16.000, 0.050, -12.000)	(0.0, 0.0, 0.0)
Beach Villa - Layout Revision/Continuous paving - deduplicated 2m grid/Floor2x2	Assets/Modern Villa/Prefabs/floors/Floor2x2.prefab	(-18.000, -0.950, -12.000)	(-16.000, 0.050, -10.000)	(0.0, 0.0, 0.0)
Beach Villa - Layout Revision/Continuous paving - deduplicated 2m grid/Floor2x2	Assets/Modern Villa/Prefabs/floors/Floor2x2.prefab	(-18.000, -0.950, -10.000)	(-16.000, 0.050, -8.000)	(0.0, 0.0, 0.0)
Beach Villa - Layout Revision/Continuous paving - deduplicated 2m grid/Floor2x2	Assets/Modern Villa/Prefabs/floors/Floor2x2.prefab	(-18.000, -0.950, -8.000)	(-16.000, 0.050, -6.000)	(0.0, 0.0, 0.0)
Beach Villa - Layout Revision/Continuous paving - deduplicated 2m grid/Floor2x2	Assets/Modern Villa/Prefabs/floors/Floor2x2.prefab	(-18.000, -0.950, 18.000)	(-16.000, 0.050, 20.000)	(0.0, 0.0, 0.0)
Beach Villa - Layout Revision/Continuous paving - deduplicated 2m grid/Floor2x2	Assets/Modern Villa/Prefabs/floors/Floor2x2.prefab	(-18.000, -0.950, 20.000)	(-16.000, 0.050, 22.000)	(0.0, 0.0, 0.0)
Beach Villa - Layout Revision/Continuous paving - deduplicated 2m grid/Floor2x2	Assets/Modern Villa/Prefabs/floors/Floor2x2.prefab	(-18.000, -0.950, 34.000)	(-16.000, 0.050, 36.000)	(0.0, 0.0, 0.0)
Beach Villa - Layout Revision/Continuous paving - deduplicated 2m grid/Floor2x2	Assets/Modern Villa/Prefabs/floors/Floor2x2.prefab	(-18.000, -0.950, 36.000)	(-16.000, 0.050, 38.000)	(0.0, 0.0, 0.0)
Beach Villa - Layout Revision/Continuous paving - deduplicated 2m grid/Floor2x2	Assets/Modern Villa/Prefabs/floors/Floor2x2.prefab	(-18.000, -0.950, 38.000)	(-16.000, 0.050, 40.000)	(0.0, 0.0, 0.0)
Beach Villa - Layout Revision/Continuous paving - deduplicated 2m grid/Floor2x2	Assets/Modern Villa/Prefabs/floors/Floor2x2.prefab	(-18.000, -0.950, 40.000)	(-16.000, 0.050, 42.000)	(0.0, 0.0, 0.0)
Beach Villa - Layout Revision/Continuous paving - deduplicated 2m grid/Floor2x2	Assets/Modern Villa/Prefabs/floors/Floor2x2.prefab	(-18.000, -0.950, 42.000)	(-16.000, 0.050, 44.000)	(0.0, 0.0, 0.0)
Beach Villa - Layout Revision/Continuous paving - deduplicated 2m grid/Floor2x2	Assets/Modern Villa/Prefabs/floors/Floor2x2.prefab	(-16.000, -0.950, -20.000)	(-14.000, 0.050, -18.000)	(0.0, 0.0, 0.0)
Beach Villa - Layout Revision/Continuous paving - deduplicated 2m grid/Floor2x2	Assets/Modern Villa/Prefabs/floors/Floor2x2.prefab	(-16.000, -0.950, -18.000)	(-14.000, 0.050, -16.000)	(0.0, 0.0, 0.0)
Beach Villa - Layout Revision/Continuous paving - deduplicated 2m grid/Floor2x2	Assets/Modern Villa/Prefabs/floors/Floor2x2.prefab	(-16.000, -0.950, -16.000)	(-14.000, 0.050, -14.000)	(0.0, 0.0, 0.0)
Beach Villa - Layout Revision/Continuous paving - deduplicated 2m grid/Floor2x2	Assets/Modern Villa/Prefabs/floors/Floor2x2.prefab	(-16.000, -0.950, -14.000)	(-14.000, 0.050, -12.000)	(0.0, 0.0, 0.0)
Beach Villa - Layout Revision/Continuous paving - deduplicated 2m grid/Floor2x2	Assets/Modern Villa/Prefabs/floors/Floor2x2.prefab	(-16.000, -0.950, -12.000)	(-14.000, 0.050, -10.000)	(0.0, 0.0, 0.0)
Beach Villa - Layout Revision/Continuous paving - deduplicated 2m grid/Floor2x2	Assets/Modern Villa/Prefabs/floors/Floor2x2.prefab	(-16.000, -0.950, -10.000)	(-14.000, 0.050, -8.000)	(0.0, 0.0, 0.0)
Beach Villa - Layout Revision/Continuous paving - deduplicated 2m grid/Floor2x2	Assets/Modern Villa/Prefabs/floors/Floor2x2.prefab	(-16.000, -0.950, -8.000)	(-14.000, 0.050, -6.000)	(0.0, 0.0, 0.0)
Beach Villa - Layout Revision/Continuous paving - deduplicated 2m grid/Floor2x2	Assets/Modern Villa/Prefabs/floors/Floor2x2.prefab	(-16.000, -0.950, 34.000)	(-14.000, 0.050, 36.000)	(0.0, 0.0, 0.0)
Beach Villa - Layout Revision/Continuous paving - deduplicated 2m grid/Floor2x2	Assets/Modern Villa/Prefabs/floors/Floor2x2.prefab	(-16.000, -0.950, 36.000)	(-14.000, 0.050, 38.000)	(0.0, 0.0, 0.0)
Beach Villa - Layout Revision/Continuous paving - deduplicated 2m grid/Floor2x2	Assets/Modern Villa/Prefabs/floors/Floor2x2.prefab	(-16.000, -0.950, 38.000)	(-14.000, 0.050, 40.000)	(0.0, 0.0, 0.0)
Beach Villa - Layout Revision/Continuous paving - deduplicated 2m grid/Floor2x2	Assets/Modern Villa/Prefabs/floors/Floor2x2.prefab	(-16.000, -0.950, 40.000)	(-14.000, 0.050, 42.000)	(0.0, 0.0, 0.0)
Beach Villa - Layout Revision/Continuous paving - deduplicated 2m grid/Floor2x2	Assets/Modern Villa/Prefabs/floors/Floor2x2.prefab	(-16.000, -0.950, 42.000)	(-14.000, 0.050, 44.000)	(0.0, 0.0, 0.0)
Beach Villa - Layout Revision/Continuous paving - deduplicated 2m grid/Floor2x2	Assets/Modern Villa/Prefabs/floors/Floor2x2.prefab	(-14.000, -0.950, -20.000)	(-12.000, 0.050, -18.000)	(0.0, 0.0, 0.0)
Beach Villa - Layout Revision/Continuous paving - deduplicated 2m grid/Floor2x2	Assets/Modern Villa/Prefabs/floors/Floor2x2.prefab	(-14.000, -0.950, -18.000)	(-12.000, 0.050, -16.000)	(0.0, 0.0, 0.0)
Beach Villa - Layout Revision/Continuous paving - deduplicated 2m grid/Floor2x2	Assets/Modern Villa/Prefabs/floors/Floor2x2.prefab	(-14.000, -0.950, -16.000)	(-12.000, 0.050, -14.000)	(0.0, 0.0, 0.0)
Beach Villa - Layout Revision/Continuous paving - deduplicated 2m grid/Floor2x2	Assets/Modern Villa/Prefabs/floors/Floor2x2.prefab	(-14.000, -0.950, -14.000)	(-12.000, 0.050, -12.000)	(0.0, 0.0, 0.0)
Beach Villa - Layout Revision/Continuous paving - deduplicated 2m grid/Floor2x2	Assets/Modern Villa/Prefabs/floors/Floor2x2.prefab	(-14.000, -0.950, -12.000)	(-12.000, 0.050, -10.000)	(0.0, 0.0, 0.0)
Beach Villa - Layout Revision/Continuous paving - deduplicated 2m grid/Floor2x2	Assets/Modern Villa/Prefabs/floors/Floor2x2.prefab	(-14.000, -0.950, -10.000)	(-12.000, 0.050, -8.000)	(0.0, 0.0, 0.0)
Beach Villa - Layout Revision/Continuous paving - deduplicated 2m grid/Floor2x2	Assets/Modern Villa/Prefabs/floors/Floor2x2.prefab	(-14.000, -0.950, -8.000)	(-12.000, 0.050, -6.000)	(0.0, 0.0, 0.0)
Beach Villa - Layout Revision/Continuous paving - deduplicated 2m grid/Floor2x2	Assets/Modern Villa/Prefabs/floors/Floor2x2.prefab	(-14.000, -0.950, 34.000)	(-12.000, 0.050, 36.000)	(0.0, 0.0, 0.0)
Beach Villa - Layout Revision/Continuous paving - deduplicated 2m grid/Floor2x2	Assets/Modern Villa/Prefabs/floors/Floor2x2.prefab	(-14.000, -0.950, 36.000)	(-12.000, 0.050, 38.000)	(0.0, 0.0, 0.0)
Beach Villa - Layout Revision/Continuous paving - deduplicated 2m grid/Floor2x2	Assets/Modern Villa/Prefabs/floors/Floor2x2.prefab	(-14.000, -0.950, 38.000)	(-12.000, 0.050, 40.000)	(0.0, 0.0, 0.0)
Beach Villa - Layout Revision/Continuous paving - deduplicated 2m grid/Floor2x2	Assets/Modern Villa/Prefabs/floors/Floor2x2.prefab	(-14.000, -0.950, 40.000)	(-12.000, 0.050, 42.000)	(0.0, 0.0, 0.0)
Beach Villa - Layout Revision/Continuous paving - deduplicated 2m grid/Floor2x2	Assets/Modern Villa/Prefabs/floors/Floor2x2.prefab	(-14.000, -0.950, 42.000)	(-12.000, 0.050, 44.000)	(0.0, 0.0, 0.0)
Beach Villa - Layout Revision/Continuous paving - deduplicated 2m grid/Floor2x2	Assets/Modern Villa/Prefabs/floors/Floor2x2.prefab	(-12.000, -0.950, -20.000)	(-10.000, 0.050, -18.000)	(0.0, 0.0, 0.0)
Beach Villa - Layout Revision/Continuous paving - deduplicated 2m grid/Floor2x2	Assets/Modern Villa/Prefabs/floors/Floor2x2.prefab	(-12.000, -0.950, -18.000)	(-10.000, 0.050, -16.000)	(0.0, 0.0, 0.0)
Beach Villa - Layout Revision/Continuous paving - deduplicated 2m grid/Floor2x2	Assets/Modern Villa/Prefabs/floors/Floor2x2.prefab	(-12.000, -0.950, -16.000)	(-10.000, 0.050, -14.000)	(0.0, 0.0, 0.0)
Beach Villa - Layout Revision/Continuous paving - deduplicated 2m grid/Floor2x2	Assets/Modern Villa/Prefabs/floors/Floor2x2.prefab	(-12.000, -0.950, -14.000)	(-10.000, 0.050, -12.000)	(0.0, 0.0, 0.0)
Beach Villa - Layout Revision/Continuous paving - deduplicated 2m grid/Floor2x2	Assets/Modern Villa/Prefabs/floors/Floor2x2.prefab	(-12.000, -0.950, -12.000)	(-10.000, 0.050, -10.000)	(0.0, 0.0, 0.0)
Beach Villa - Layout Revision/Continuous paving - deduplicated 2m grid/Floor2x2	Assets/Modern Villa/Prefabs/floors/Floor2x2.prefab	(-12.000, -0.950, -10.000)	(-10.000, 0.050, -8.000)	(0.0, 0.0, 0.0)
Beach Villa - Layout Revision/Continuous paving - deduplicated 2m grid/Floor2x2	Assets/Modern Villa/Prefabs/floors/Floor2x2.prefab	(-12.000, -0.950, -8.000)	(-10.000, 0.050, -6.000)	(0.0, 0.0, 0.0)
Beach Villa - Layout Revision/Continuous paving - deduplicated 2m grid/Floor2x2	Assets/Modern Villa/Prefabs/floors/Floor2x2.prefab	(-12.000, -0.950, -6.000)	(-10.000, 0.050, -4.000)	(0.0, 0.0, 0.0)
Beach Villa - Layout Revision/Continuous paving - deduplicated 2m grid/Floor2x2	Assets/Modern Villa/Prefabs/floors/Floor2x2.prefab	(-12.000, -0.950, -4.000)	(-10.000, 0.050, -2.000)	(0.0, 0.0, 0.0)
Beach Villa - Layout Revision/Continuous paving - deduplicated 2m grid/Floor2x2	Assets/Modern Villa/Prefabs/floors/Floor2x2.prefab	(-12.000, -0.950, 34.000)	(-10.000, 0.050, 36.000)	(0.0, 0.0, 0.0)
Beach Villa - Layout Revision/Continuous paving - deduplicated 2m grid/Floor2x2	Assets/Modern Villa/Prefabs/floors/Floor2x2.prefab	(-12.000, -0.950, 36.000)	(-10.000, 0.050, 38.000)	(0.0, 0.0, 0.0)
Beach Villa - Layout Revision/Continuous paving - deduplicated 2m grid/Floor2x2	Assets/Modern Villa/Prefabs/floors/Floor2x2.prefab	(-12.000, -0.950, 38.000)	(-10.000, 0.050, 40.000)	(0.0, 0.0, 0.0)
Beach Villa - Layout Revision/Continuous paving - deduplicated 2m grid/Floor2x2	Assets/Modern Villa/Prefabs/floors/Floor2x2.prefab	(-12.000, -0.950, 40.000)	(-10.000, 0.050, 42.000)	(0.0, 0.0, 0.0)
Beach Villa - Layout Revision/Continuous paving - deduplicated 2m grid/Floor2x2	Assets/Modern Villa/Prefabs/floors/Floor2x2.prefab	(-12.000, -0.950, 42.000)	(-10.000, 0.050, 44.000)	(0.0, 0.0, 0.0)
Beach Villa - Layout Revision/Continuous paving - deduplicated 2m grid/Floor2x2	Assets/Modern Villa/Prefabs/floors/Floor2x2.prefab	(-10.000, -0.950, -20.000)	(-8.000, 0.050, -18.000)	(0.0, 0.0, 0.0)
Beach Villa - Layout Revision/Continuous paving - deduplicated 2m grid/Floor2x2	Assets/Modern Villa/Prefabs/floors/Floor2x2.prefab	(-10.000, -0.950, -18.000)	(-8.000, 0.050, -16.000)	(0.0, 0.0, 0.0)
Beach Villa - Layout Revision/Continuous paving - deduplicated 2m grid/Floor2x2	Assets/Modern Villa/Prefabs/floors/Floor2x2.prefab	(-10.000, -0.950, -16.000)	(-8.000, 0.050, -14.000)	(0.0, 0.0, 0.0)
Beach Villa - Layout Revision/Continuous paving - deduplicated 2m grid/Floor2x2	Assets/Modern Villa/Prefabs/floors/Floor2x2.prefab	(-10.000, -0.950, -14.000)	(-8.000, 0.050, -12.000)	(0.0, 0.0, 0.0)
Beach Villa - Layout Revision/Continuous paving - deduplicated 2m grid/Floor2x2	Assets/Modern Villa/Prefabs/floors/Floor2x2.prefab	(-10.000, -0.950, -12.000)	(-8.000, 0.050, -10.000)	(0.0, 0.0, 0.0)
Beach Villa - Layout Revision/Continuous paving - deduplicated 2m grid/Floor2x2	Assets/Modern Villa/Prefabs/floors/Floor2x2.prefab	(-10.000, -0.950, -10.000)	(-8.000, 0.050, -8.000)	(0.0, 0.0, 0.0)
Beach Villa - Layout Revision/Continuous paving - deduplicated 2m grid/Floor2x2	Assets/Modern Villa/Prefabs/floors/Floor2x2.prefab	(-10.000, -0.950, -8.000)	(-8.000, 0.050, -6.000)	(0.0, 0.0, 0.0)
Beach Villa - Layout Revision/Continuous paving - deduplicated 2m grid/Floor2x2	Assets/Modern Villa/Prefabs/floors/Floor2x2.prefab	(-10.000, -0.950, -6.000)	(-8.000, 0.050, -4.000)	(0.0, 0.0, 0.0)
Beach Villa - Layout Revision/Continuous paving - deduplicated 2m grid/Floor2x2	Assets/Modern Villa/Prefabs/floors/Floor2x2.prefab	(-10.000, -0.950, -4.000)	(-8.000, 0.050, -2.000)	(0.0, 0.0, 0.0)
Beach Villa - Layout Revision/Continuous paving - deduplicated 2m grid/Floor2x2	Assets/Modern Villa/Prefabs/floors/Floor2x2.prefab	(-10.000, -0.950, 34.000)	(-8.000, 0.050, 36.000)	(0.0, 0.0, 0.0)
Beach Villa - Layout Revision/Continuous paving - deduplicated 2m grid/Floor2x2	Assets/Modern Villa/Prefabs/floors/Floor2x2.prefab	(-10.000, -0.950, 36.000)	(-8.000, 0.050, 38.000)	(0.0, 0.0, 0.0)
Beach Villa - Layout Revision/Continuous paving - deduplicated 2m grid/Floor2x2	Assets/Modern Villa/Prefabs/floors/Floor2x2.prefab	(-10.000, -0.950, 38.000)	(-8.000, 0.050, 40.000)	(0.0, 0.0, 0.0)
Beach Villa - Layout Revision/Continuous paving - deduplicated 2m grid/Floor2x2	Assets/Modern Villa/Prefabs/floors/Floor2x2.prefab	(-10.000, -0.950, 40.000)	(-8.000, 0.050, 42.000)	(0.0, 0.0, 0.0)
Beach Villa - Layout Revision/Continuous paving - deduplicated 2m grid/Floor2x2	Assets/Modern Villa/Prefabs/floors/Floor2x2.prefab	(-10.000, -0.950, 42.000)	(-8.000, 0.050, 44.000)	(0.0, 0.0, 0.0)
Beach Villa - Layout Revision/Continuous paving - deduplicated 2m grid/Floor2x2	Assets/Modern Villa/Prefabs/floors/Floor2x2.prefab	(-8.000, -0.950, -20.000)	(-6.000, 0.050, -18.000)	(0.0, 0.0, 0.0)
Beach Villa - Layout Revision/Continuous paving - deduplicated 2m grid/Floor2x2	Assets/Modern Villa/Prefabs/floors/Floor2x2.prefab	(-8.000, -0.950, -18.000)	(-6.000, 0.050, -16.000)	(0.0, 0.0, 0.0)
Beach Villa - Layout Revision/Continuous paving - deduplicated 2m grid/Floor2x2	Assets/Modern Villa/Prefabs/floors/Floor2x2.prefab	(-8.000, -0.950, -16.000)	(-6.000, 0.050, -14.000)	(0.0, 0.0, 0.0)
Beach Villa - Layout Revision/Continuous paving - deduplicated 2m grid/Floor2x2	Assets/Modern Villa/Prefabs/floors/Floor2x2.prefab	(-8.000, -0.950, -14.000)	(-6.000, 0.050, -12.000)	(0.0, 0.0, 0.0)
Beach Villa - Layout Revision/Continuous paving - deduplicated 2m grid/Floor2x2	Assets/Modern Villa/Prefabs/floors/Floor2x2.prefab	(-8.000, -0.950, -12.000)	(-6.000, 0.050, -10.000)	(0.0, 0.0, 0.0)
Beach Villa - Layout Revision/Continuous paving - deduplicated 2m grid/Floor2x2	Assets/Modern Villa/Prefabs/floors/Floor2x2.prefab	(-8.000, -0.950, -10.000)	(-6.000, 0.050, -8.000)	(0.0, 0.0, 0.0)
Beach Villa - Layout Revision/Continuous paving - deduplicated 2m grid/Floor2x2	Assets/Modern Villa/Prefabs/floors/Floor2x2.prefab	(-8.000, -0.950, -8.000)	(-6.000, 0.050, -6.000)	(0.0, 0.0, 0.0)
Beach Villa - Layout Revision/Continuous paving - deduplicated 2m grid/Floor2x2	Assets/Modern Villa/Prefabs/floors/Floor2x2.prefab	(-8.000, -0.950, 30.000)	(-6.000, 0.050, 32.000)	(0.0, 0.0, 0.0)
Beach Villa - Layout Revision/Continuous paving - deduplicated 2m grid/Floor2x2	Assets/Modern Villa/Prefabs/floors/Floor2x2.prefab	(-8.000, -0.950, 32.000)	(-6.000, 0.050, 34.000)	(0.0, 0.0, 0.0)
Beach Villa - Layout Revision/Continuous paving - deduplicated 2m grid/Floor2x2	Assets/Modern Villa/Prefabs/floors/Floor2x2.prefab	(-8.000, -0.950, 34.000)	(-6.000, 0.050, 36.000)	(0.0, 0.0, 0.0)
Beach Villa - Layout Revision/Continuous paving - deduplicated 2m grid/Floor2x2	Assets/Modern Villa/Prefabs/floors/Floor2x2.prefab	(-8.000, -0.950, 36.000)	(-6.000, 0.050, 38.000)	(0.0, 0.0, 0.0)
Beach Villa - Layout Revision/Continuous paving - deduplicated 2m grid/Floor2x2	Assets/Modern Villa/Prefabs/floors/Floor2x2.prefab	(-8.000, -0.950, 38.000)	(-6.000, 0.050, 40.000)	(0.0, 0.0, 0.0)
Beach Villa - Layout Revision/Continuous paving - deduplicated 2m grid/Floor2x2	Assets/Modern Villa/Prefabs/floors/Floor2x2.prefab	(-8.000, -0.950, 40.000)	(-6.000, 0.050, 42.000)	(0.0, 0.0, 0.0)
Beach Villa - Layout Revision/Continuous paving - deduplicated 2m grid/Floor2x2	Assets/Modern Villa/Prefabs/floors/Floor2x2.prefab	(-8.000, -0.950, 42.000)	(-6.000, 0.050, 44.000)	(0.0, 0.0, 0.0)
Beach Villa - Layout Revision/Continuous paving - deduplicated 2m grid/Floor2x2	Assets/Modern Villa/Prefabs/floors/Floor2x2.prefab	(-6.000, -0.950, -20.000)	(-4.000, 0.050, -18.000)	(0.0, 0.0, 0.0)
Beach Villa - Layout Revision/Continuous paving - deduplicated 2m grid/Floor2x2	Assets/Modern Villa/Prefabs/floors/Floor2x2.prefab	(-6.000, -0.950, -18.000)	(-4.000, 0.050, -16.000)	(0.0, 0.0, 0.0)
Beach Villa - Layout Revision/Continuous paving - deduplicated 2m grid/Floor2x2	Assets/Modern Villa/Prefabs/floors/Floor2x2.prefab	(-6.000, -0.950, -16.000)	(-4.000, 0.050, -14.000)	(0.0, 0.0, 0.0)
Beach Villa - Layout Revision/Continuous paving - deduplicated 2m grid/Floor2x2	Assets/Modern Villa/Prefabs/floors/Floor2x2.prefab	(-6.000, -0.950, -14.000)	(-4.000, 0.050, -12.000)	(0.0, 0.0, 0.0)
Beach Villa - Layout Revision/Continuous paving - deduplicated 2m grid/Floor2x2	Assets/Modern Villa/Prefabs/floors/Floor2x2.prefab	(-6.000, -0.950, -12.000)	(-4.000, 0.050, -10.000)	(0.0, 0.0, 0.0)
Beach Villa - Layout Revision/Continuous paving - deduplicated 2m grid/Floor2x2	Assets/Modern Villa/Prefabs/floors/Floor2x2.prefab	(-6.000, -0.950, -10.000)	(-4.000, 0.050, -8.000)	(0.0, 0.0, 0.0)
Beach Villa - Layout Revision/Continuous paving - deduplicated 2m grid/Floor2x2	Assets/Modern Villa/Prefabs/floors/Floor2x2.prefab	(-6.000, -0.950, -8.000)	(-4.000, 0.050, -6.000)	(0.0, 0.0, 0.0)
Beach Villa - Layout Revision/Continuous paving - deduplicated 2m grid/Floor2x2	Assets/Modern Villa/Prefabs/floors/Floor2x2.prefab	(-6.000, -0.950, 30.000)	(-4.000, 0.050, 32.000)	(0.0, 0.0, 0.0)
Beach Villa - Layout Revision/Continuous paving - deduplicated 2m grid/Floor2x2	Assets/Modern Villa/Prefabs/floors/Floor2x2.prefab	(-6.000, -0.950, 32.000)	(-4.000, 0.050, 34.000)	(0.0, 0.0, 0.0)
Beach Villa - Layout Revision/Continuous paving - deduplicated 2m grid/Floor2x2	Assets/Modern Villa/Prefabs/floors/Floor2x2.prefab	(-6.000, -0.950, 34.000)	(-4.000, 0.050, 36.000)	(0.0, 0.0, 0.0)
Beach Villa - Layout Revision/Continuous paving - deduplicated 2m grid/Floor2x2	Assets/Modern Villa/Prefabs/floors/Floor2x2.prefab	(-6.000, -0.950, 36.000)	(-4.000, 0.050, 38.000)	(0.0, 0.0, 0.0)
Beach Villa - Layout Revision/Continuous paving - deduplicated 2m grid/Floor2x2	Assets/Modern Villa/Prefabs/floors/Floor2x2.prefab	(-6.000, -0.950, 38.000)	(-4.000, 0.050, 40.000)	(0.0, 0.0, 0.0)
Beach Villa - Layout Revision/Continuous paving - deduplicated 2m grid/Floor2x2	Assets/Modern Villa/Prefabs/floors/Floor2x2.prefab	(-6.000, -0.950, 40.000)	(-4.000, 0.050, 42.000)	(0.0, 0.0, 0.0)
Beach Villa - Layout Revision/Continuous paving - deduplicated 2m grid/Floor2x2	Assets/Modern Villa/Prefabs/floors/Floor2x2.prefab	(-6.000, -0.950, 42.000)	(-4.000, 0.050, 44.000)	(0.0, 0.0, 0.0)
Beach Villa - Layout Revision/Continuous paving - deduplicated 2m grid/Floor2x2	Assets/Modern Villa/Prefabs/floors/Floor2x2.prefab	(-4.000, -0.950, -20.000)	(-2.000, 0.050, -18.000)	(0.0, 0.0, 0.0)
Beach Villa - Layout Revision/Continuous paving - deduplicated 2m grid/Floor2x2	Assets/Modern Villa/Prefabs/floors/Floor2x2.prefab	(-4.000, -0.950, -18.000)	(-2.000, 0.050, -16.000)	(0.0, 0.0, 0.0)
Beach Villa - Layout Revision/Continuous paving - deduplicated 2m grid/Floor2x2	Assets/Modern Villa/Prefabs/floors/Floor2x2.prefab	(-4.000, -0.950, -16.000)	(-2.000, 0.050, -14.000)	(0.0, 0.0, 0.0)
Beach Villa - Layout Revision/Continuous paving - deduplicated 2m grid/Floor2x2	Assets/Modern Villa/Prefabs/floors/Floor2x2.prefab	(-4.000, -0.950, -14.000)	(-2.000, 0.050, -12.000)	(0.0, 0.0, 0.0)
Beach Villa - Layout Revision/Continuous paving - deduplicated 2m grid/Floor2x2	Assets/Modern Villa/Prefabs/floors/Floor2x2.prefab	(-4.000, -0.950, -12.000)	(-2.000, 0.050, -10.000)	(0.0, 0.0, 0.0)
Beach Villa - Layout Revision/Continuous paving - deduplicated 2m grid/Floor2x2	Assets/Modern Villa/Prefabs/floors/Floor2x2.prefab	(-4.000, -0.950, -10.000)	(-2.000, 0.050, -8.000)	(0.0, 0.0, 0.0)
Beach Villa - Layout Revision/Continuous paving - deduplicated 2m grid/Floor2x2	Assets/Modern Villa/Prefabs/floors/Floor2x2.prefab	(-4.000, -0.950, -8.000)	(-2.000, 0.050, -6.000)	(0.0, 0.0, 0.0)
Beach Villa - Layout Revision/Continuous paving - deduplicated 2m grid/Floor2x2	Assets/Modern Villa/Prefabs/floors/Floor2x2.prefab	(-4.000, -0.950, 30.000)	(-2.000, 0.050, 32.000)	(0.0, 0.0, 0.0)
Beach Villa - Layout Revision/Continuous paving - deduplicated 2m grid/Floor2x2	Assets/Modern Villa/Prefabs/floors/Floor2x2.prefab	(-4.000, -0.950, 32.000)	(-2.000, 0.050, 34.000)	(0.0, 0.0, 0.0)
Beach Villa - Layout Revision/Continuous paving - deduplicated 2m grid/Floor2x2	Assets/Modern Villa/Prefabs/floors/Floor2x2.prefab	(-4.000, -0.950, 34.000)	(-2.000, 0.050, 36.000)	(0.0, 0.0, 0.0)
Beach Villa - Layout Revision/Continuous paving - deduplicated 2m grid/Floor2x2	Assets/Modern Villa/Prefabs/floors/Floor2x2.prefab	(-4.000, -0.950, 36.000)	(-2.000, 0.050, 38.000)	(0.0, 0.0, 0.0)
Beach Villa - Layout Revision/Continuous paving - deduplicated 2m grid/Floor2x2	Assets/Modern Villa/Prefabs/floors/Floor2x2.prefab	(-4.000, -0.950, 38.000)	(-2.000, 0.050, 40.000)	(0.0, 0.0, 0.0)
Beach Villa - Layout Revision/Continuous paving - deduplicated 2m grid/Floor2x2	Assets/Modern Villa/Prefabs/floors/Floor2x2.prefab	(-4.000, -0.950, 40.000)	(-2.000, 0.050, 42.000)	(0.0, 0.0, 0.0)
Beach Villa - Layout Revision/Continuous paving - deduplicated 2m grid/Floor2x2	Assets/Modern Villa/Prefabs/floors/Floor2x2.prefab	(-4.000, -0.950, 42.000)	(-2.000, 0.050, 44.000)	(0.0, 0.0, 0.0)
Beach Villa - Layout Revision/Continuous paving - deduplicated 2m grid/Floor2x2	Assets/Modern Villa/Prefabs/floors/Floor2x2.prefab	(-2.000, -0.950, -20.000)	(0.000, 0.050, -18.000)	(0.0, 0.0, 0.0)
Beach Villa - Layout Revision/Continuous paving - deduplicated 2m grid/Floor2x2	Assets/Modern Villa/Prefabs/floors/Floor2x2.prefab	(-2.000, -0.950, -18.000)	(0.000, 0.050, -16.000)	(0.0, 0.0, 0.0)
Beach Villa - Layout Revision/Continuous paving - deduplicated 2m grid/Floor2x2	Assets/Modern Villa/Prefabs/floors/Floor2x2.prefab	(-2.000, -0.950, -16.000)	(0.000, 0.050, -14.000)	(0.0, 0.0, 0.0)
Beach Villa - Layout Revision/Continuous paving - deduplicated 2m grid/Floor2x2	Assets/Modern Villa/Prefabs/floors/Floor2x2.prefab	(-2.000, -0.950, -14.000)	(0.000, 0.050, -12.000)	(0.0, 0.0, 0.0)
Beach Villa - Layout Revision/Continuous paving - deduplicated 2m grid/Floor2x2	Assets/Modern Villa/Prefabs/floors/Floor2x2.prefab	(-2.000, -0.950, -12.000)	(0.000, 0.050, -10.000)	(0.0, 0.0, 0.0)
Beach Villa - Layout Revision/Continuous paving - deduplicated 2m grid/Floor2x2	Assets/Modern Villa/Prefabs/floors/Floor2x2.prefab	(-2.000, -0.950, -10.000)	(0.000, 0.050, -8.000)	(0.0, 0.0, 0.0)
Beach Villa - Layout Revision/Continuous paving - deduplicated 2m grid/Floor2x2	Assets/Modern Villa/Prefabs/floors/Floor2x2.prefab	(-2.000, -0.950, -8.000)	(0.000, 0.050, -6.000)	(0.0, 0.0, 0.0)
Beach Villa - Layout Revision/Continuous paving - deduplicated 2m grid/Floor2x2	Assets/Modern Villa/Prefabs/floors/Floor2x2.prefab	(-2.000, -0.950, 30.000)	(0.000, 0.050, 32.000)	(0.0, 0.0, 0.0)
Beach Villa - Layout Revision/Continuous paving - deduplicated 2m grid/Floor2x2	Assets/Modern Villa/Prefabs/floors/Floor2x2.prefab	(-2.000, -0.950, 32.000)	(0.000, 0.050, 34.000)	(0.0, 0.0, 0.0)
Beach Villa - Layout Revision/Continuous paving - deduplicated 2m grid/Floor2x2	Assets/Modern Villa/Prefabs/floors/Floor2x2.prefab	(-2.000, -0.950, 34.000)	(0.000, 0.050, 36.000)	(0.0, 0.0, 0.0)
Beach Villa - Layout Revision/Continuous paving - deduplicated 2m grid/Floor2x2	Assets/Modern Villa/Prefabs/floors/Floor2x2.prefab	(-2.000, -0.950, 36.000)	(0.000, 0.050, 38.000)	(0.0, 0.0, 0.0)
Beach Villa - Layout Revision/Continuous paving - deduplicated 2m grid/Floor2x2	Assets/Modern Villa/Prefabs/floors/Floor2x2.prefab	(-2.000, -0.950, 38.000)	(0.000, 0.050, 40.000)	(0.0, 0.0, 0.0)
Beach Villa - Layout Revision/Continuous paving - deduplicated 2m grid/Floor2x2	Assets/Modern Villa/Prefabs/floors/Floor2x2.prefab	(-2.000, -0.950, 40.000)	(0.000, 0.050, 42.000)	(0.0, 0.0, 0.0)
Beach Villa - Layout Revision/Continuous paving - deduplicated 2m grid/Floor2x2	Assets/Modern Villa/Prefabs/floors/Floor2x2.prefab	(-2.000, -0.950, 42.000)	(0.000, 0.050, 44.000)	(0.0, 0.0, 0.0)
Beach Villa - Layout Revision/Continuous paving - deduplicated 2m grid/Floor2x2	Assets/Modern Villa/Prefabs/floors/Floor2x2.prefab	(0.000, -0.950, -20.000)	(2.000, 0.050, -18.000)	(0.0, 0.0, 0.0)
Beach Villa - Layout Revision/Continuous paving - deduplicated 2m grid/Floor2x2	Assets/Modern Villa/Prefabs/floors/Floor2x2.prefab	(0.000, -0.950, -18.000)	(2.000, 0.050, -16.000)	(0.0, 0.0, 0.0)
Beach Villa - Layout Revision/Continuous paving - deduplicated 2m grid/Floor2x2	Assets/Modern Villa/Prefabs/floors/Floor2x2.prefab	(0.000, -0.950, -16.000)	(2.000, 0.050, -14.000)	(0.0, 0.0, 0.0)
Beach Villa - Layout Revision/Continuous paving - deduplicated 2m grid/Floor2x2	Assets/Modern Villa/Prefabs/floors/Floor2x2.prefab	(0.000, -0.950, -14.000)	(2.000, 0.050, -12.000)	(0.0, 0.0, 0.0)
Beach Villa - Layout Revision/Continuous paving - deduplicated 2m grid/Floor2x2	Assets/Modern Villa/Prefabs/floors/Floor2x2.prefab	(0.000, -0.950, -12.000)	(2.000, 0.050, -10.000)	(0.0, 0.0, 0.0)
Beach Villa - Layout Revision/Continuous paving - deduplicated 2m grid/Floor2x2	Assets/Modern Villa/Prefabs/floors/Floor2x2.prefab	(0.000, -0.950, -10.000)	(2.000, 0.050, -8.000)	(0.0, 0.0, 0.0)
Beach Villa - Layout Revision/Continuous paving - deduplicated 2m grid/Floor2x2	Assets/Modern Villa/Prefabs/floors/Floor2x2.prefab	(0.000, -0.950, -8.000)	(2.000, 0.050, -6.000)	(0.0, 0.0, 0.0)
Beach Villa - Layout Revision/Continuous paving - deduplicated 2m grid/Floor2x2	Assets/Modern Villa/Prefabs/floors/Floor2x2.prefab	(0.000, -0.950, 30.000)	(2.000, 0.050, 32.000)	(0.0, 0.0, 0.0)
Beach Villa - Layout Revision/Continuous paving - deduplicated 2m grid/Floor2x2	Assets/Modern Villa/Prefabs/floors/Floor2x2.prefab	(0.000, -0.950, 32.000)	(2.000, 0.050, 34.000)	(0.0, 0.0, 0.0)
Beach Villa - Layout Revision/Continuous paving - deduplicated 2m grid/Floor2x2	Assets/Modern Villa/Prefabs/floors/Floor2x2.prefab	(0.000, -0.950, 34.000)	(2.000, 0.050, 36.000)	(0.0, 0.0, 0.0)
Beach Villa - Layout Revision/Continuous paving - deduplicated 2m grid/Floor2x2	Assets/Modern Villa/Prefabs/floors/Floor2x2.prefab	(0.000, -0.950, 36.000)	(2.000, 0.050, 38.000)	(0.0, 0.0, 0.0)
Beach Villa - Layout Revision/Continuous paving - deduplicated 2m grid/Floor2x2	Assets/Modern Villa/Prefabs/floors/Floor2x2.prefab	(0.000, -0.950, 38.000)	(2.000, 0.050, 40.000)	(0.0, 0.0, 0.0)
Beach Villa - Layout Revision/Continuous paving - deduplicated 2m grid/Floor2x2	Assets/Modern Villa/Prefabs/floors/Floor2x2.prefab	(0.000, -0.950, 40.000)	(2.000, 0.050, 42.000)	(0.0, 0.0, 0.0)
Beach Villa - Layout Revision/Continuous paving - deduplicated 2m grid/Floor2x2	Assets/Modern Villa/Prefabs/floors/Floor2x2.prefab	(0.000, -0.950, 42.000)	(2.000, 0.050, 44.000)	(0.0, 0.0, 0.0)
Beach Villa - Layout Revision/Continuous paving - deduplicated 2m grid/Floor2x2	Assets/Modern Villa/Prefabs/floors/Floor2x2.prefab	(2.000, -0.950, -20.000)	(4.000, 0.050, -18.000)	(0.0, 0.0, 0.0)
Beach Villa - Layout Revision/Continuous paving - deduplicated 2m grid/Floor2x2	Assets/Modern Villa/Prefabs/floors/Floor2x2.prefab	(2.000, -0.950, -18.000)	(4.000, 0.050, -16.000)	(0.0, 0.0, 0.0)
Beach Villa - Layout Revision/Continuous paving - deduplicated 2m grid/Floor2x2	Assets/Modern Villa/Prefabs/floors/Floor2x2.prefab	(2.000, -0.950, -16.000)	(4.000, 0.050, -14.000)	(0.0, 0.0, 0.0)
Beach Villa - Layout Revision/Continuous paving - deduplicated 2m grid/Floor2x2	Assets/Modern Villa/Prefabs/floors/Floor2x2.prefab	(2.000, -0.950, -14.000)	(4.000, 0.050, -12.000)	(0.0, 0.0, 0.0)
Beach Villa - Layout Revision/Continuous paving - deduplicated 2m grid/Floor2x2	Assets/Modern Villa/Prefabs/floors/Floor2x2.prefab	(2.000, -0.950, -12.000)	(4.000, 0.050, -10.000)	(0.0, 0.0, 0.0)
Beach Villa - Layout Revision/Continuous paving - deduplicated 2m grid/Floor2x2	Assets/Modern Villa/Prefabs/floors/Floor2x2.prefab	(2.000, -0.950, -10.000)	(4.000, 0.050, -8.000)	(0.0, 0.0, 0.0)
Beach Villa - Layout Revision/Continuous paving - deduplicated 2m grid/Floor2x2	Assets/Modern Villa/Prefabs/floors/Floor2x2.prefab	(2.000, -0.950, -8.000)	(4.000, 0.050, -6.000)	(0.0, 0.0, 0.0)
Beach Villa - Layout Revision/Continuous paving - deduplicated 2m grid/Floor2x2	Assets/Modern Villa/Prefabs/floors/Floor2x2.prefab	(2.000, -0.950, 30.000)	(4.000, 0.050, 32.000)	(0.0, 0.0, 0.0)
Beach Villa - Layout Revision/Continuous paving - deduplicated 2m grid/Floor2x2	Assets/Modern Villa/Prefabs/floors/Floor2x2.prefab	(2.000, -0.950, 32.000)	(4.000, 0.050, 34.000)	(0.0, 0.0, 0.0)
Beach Villa - Layout Revision/Continuous paving - deduplicated 2m grid/Floor2x2	Assets/Modern Villa/Prefabs/floors/Floor2x2.prefab	(2.000, -0.950, 34.000)	(4.000, 0.050, 36.000)	(0.0, 0.0, 0.0)
Beach Villa - Layout Revision/Continuous paving - deduplicated 2m grid/Floor2x2	Assets/Modern Villa/Prefabs/floors/Floor2x2.prefab	(2.000, -0.950, 36.000)	(4.000, 0.050, 38.000)	(0.0, 0.0, 0.0)
Beach Villa - Layout Revision/Continuous paving - deduplicated 2m grid/Floor2x2	Assets/Modern Villa/Prefabs/floors/Floor2x2.prefab	(2.000, -0.950, 38.000)	(4.000, 0.050, 40.000)	(0.0, 0.0, 0.0)
Beach Villa - Layout Revision/Continuous paving - deduplicated 2m grid/Floor2x2	Assets/Modern Villa/Prefabs/floors/Floor2x2.prefab	(2.000, -0.950, 40.000)	(4.000, 0.050, 42.000)	(0.0, 0.0, 0.0)
Beach Villa - Layout Revision/Continuous paving - deduplicated 2m grid/Floor2x2	Assets/Modern Villa/Prefabs/floors/Floor2x2.prefab	(2.000, -0.950, 42.000)	(4.000, 0.050, 44.000)	(0.0, 0.0, 0.0)
Beach Villa - Layout Revision/Continuous paving - deduplicated 2m grid/Floor2x2	Assets/Modern Villa/Prefabs/floors/Floor2x2.prefab	(4.000, -0.950, -20.000)	(6.000, 0.050, -18.000)	(0.0, 0.0, 0.0)
Beach Villa - Layout Revision/Continuous paving - deduplicated 2m grid/Floor2x2	Assets/Modern Villa/Prefabs/floors/Floor2x2.prefab	(4.000, -0.950, -18.000)	(6.000, 0.050, -16.000)	(0.0, 0.0, 0.0)
Beach Villa - Layout Revision/Continuous paving - deduplicated 2m grid/Floor2x2	Assets/Modern Villa/Prefabs/floors/Floor2x2.prefab	(4.000, -0.950, -16.000)	(6.000, 0.050, -14.000)	(0.0, 0.0, 0.0)
Beach Villa - Layout Revision/Continuous paving - deduplicated 2m grid/Floor2x2	Assets/Modern Villa/Prefabs/floors/Floor2x2.prefab	(4.000, -0.950, -14.000)	(6.000, 0.050, -12.000)	(0.0, 0.0, 0.0)
Beach Villa - Layout Revision/Continuous paving - deduplicated 2m grid/Floor2x2	Assets/Modern Villa/Prefabs/floors/Floor2x2.prefab	(4.000, -0.950, -12.000)	(6.000, 0.050, -10.000)	(0.0, 0.0, 0.0)
Beach Villa - Layout Revision/Continuous paving - deduplicated 2m grid/Floor2x2	Assets/Modern Villa/Prefabs/floors/Floor2x2.prefab	(4.000, -0.950, -10.000)	(6.000, 0.050, -8.000)	(0.0, 0.0, 0.0)
Beach Villa - Layout Revision/Continuous paving - deduplicated 2m grid/Floor2x2	Assets/Modern Villa/Prefabs/floors/Floor2x2.prefab	(4.000, -0.950, -8.000)	(6.000, 0.050, -6.000)	(0.0, 0.0, 0.0)
Beach Villa - Layout Revision/Continuous paving - deduplicated 2m grid/Floor2x2	Assets/Modern Villa/Prefabs/floors/Floor2x2.prefab	(4.000, -0.950, 30.000)	(6.000, 0.050, 32.000)	(0.0, 0.0, 0.0)
Beach Villa - Layout Revision/Continuous paving - deduplicated 2m grid/Floor2x2	Assets/Modern Villa/Prefabs/floors/Floor2x2.prefab	(4.000, -0.950, 32.000)	(6.000, 0.050, 34.000)	(0.0, 0.0, 0.0)
Beach Villa - Layout Revision/Continuous paving - deduplicated 2m grid/Floor2x2	Assets/Modern Villa/Prefabs/floors/Floor2x2.prefab	(4.000, -0.950, 34.000)	(6.000, 0.050, 36.000)	(0.0, 0.0, 0.0)
Beach Villa - Layout Revision/Continuous paving - deduplicated 2m grid/Floor2x2	Assets/Modern Villa/Prefabs/floors/Floor2x2.prefab	(4.000, -0.950, 36.000)	(6.000, 0.050, 38.000)	(0.0, 0.0, 0.0)
Beach Villa - Layout Revision/Continuous paving - deduplicated 2m grid/Floor2x2	Assets/Modern Villa/Prefabs/floors/Floor2x2.prefab	(4.000, -0.950, 38.000)	(6.000, 0.050, 40.000)	(0.0, 0.0, 0.0)
Beach Villa - Layout Revision/Continuous paving - deduplicated 2m grid/Floor2x2	Assets/Modern Villa/Prefabs/floors/Floor2x2.prefab	(4.000, -0.950, 40.000)	(6.000, 0.050, 42.000)	(0.0, 0.0, 0.0)
Beach Villa - Layout Revision/Continuous paving - deduplicated 2m grid/Floor2x2	Assets/Modern Villa/Prefabs/floors/Floor2x2.prefab	(4.000, -0.950, 42.000)	(6.000, 0.050, 44.000)	(0.0, 0.0, 0.0)
Beach Villa - Layout Revision/Continuous paving - deduplicated 2m grid/Floor2x2	Assets/Modern Villa/Prefabs/floors/Floor2x2.prefab	(6.000, -0.950, -20.000)	(8.000, 0.050, -18.000)	(0.0, 0.0, 0.0)
Beach Villa - Layout Revision/Continuous paving - deduplicated 2m grid/Floor2x2	Assets/Modern Villa/Prefabs/floors/Floor2x2.prefab	(6.000, -0.950, -18.000)	(8.000, 0.050, -16.000)	(0.0, 0.0, 0.0)
Beach Villa - Layout Revision/Continuous paving - deduplicated 2m grid/Floor2x2	Assets/Modern Villa/Prefabs/floors/Floor2x2.prefab	(6.000, -0.950, -16.000)	(8.000, 0.050, -14.000)	(0.0, 0.0, 0.0)
Beach Villa - Layout Revision/Continuous paving - deduplicated 2m grid/Floor2x2	Assets/Modern Villa/Prefabs/floors/Floor2x2.prefab	(6.000, -0.950, -14.000)	(8.000, 0.050, -12.000)	(0.0, 0.0, 0.0)
Beach Villa - Layout Revision/Continuous paving - deduplicated 2m grid/Floor2x2	Assets/Modern Villa/Prefabs/floors/Floor2x2.prefab	(6.000, -0.950, -12.000)	(8.000, 0.050, -10.000)	(0.0, 0.0, 0.0)
Beach Villa - Layout Revision/Continuous paving - deduplicated 2m grid/Floor2x2	Assets/Modern Villa/Prefabs/floors/Floor2x2.prefab	(6.000, -0.950, -10.000)	(8.000, 0.050, -8.000)	(0.0, 0.0, 0.0)
Beach Villa - Layout Revision/Continuous paving - deduplicated 2m grid/Floor2x2	Assets/Modern Villa/Prefabs/floors/Floor2x2.prefab	(6.000, -0.950, -8.000)	(8.000, 0.050, -6.000)	(0.0, 0.0, 0.0)
Beach Villa - Layout Revision/Continuous paving - deduplicated 2m grid/Floor2x2	Assets/Modern Villa/Prefabs/floors/Floor2x2.prefab	(6.000, -0.950, 30.000)	(8.000, 0.050, 32.000)	(0.0, 0.0, 0.0)
Beach Villa - Layout Revision/Continuous paving - deduplicated 2m grid/Floor2x2	Assets/Modern Villa/Prefabs/floors/Floor2x2.prefab	(6.000, -0.950, 32.000)	(8.000, 0.050, 34.000)	(0.0, 0.0, 0.0)
Beach Villa - Layout Revision/Continuous paving - deduplicated 2m grid/Floor2x2	Assets/Modern Villa/Prefabs/floors/Floor2x2.prefab	(6.000, -0.950, 34.000)	(8.000, 0.050, 36.000)	(0.0, 0.0, 0.0)
Beach Villa - Layout Revision/Continuous paving - deduplicated 2m grid/Floor2x2	Assets/Modern Villa/Prefabs/floors/Floor2x2.prefab	(6.000, -0.950, 36.000)	(8.000, 0.050, 38.000)	(0.0, 0.0, 0.0)
Beach Villa - Layout Revision/Continuous paving - deduplicated 2m grid/Floor2x2	Assets/Modern Villa/Prefabs/floors/Floor2x2.prefab	(6.000, -0.950, 38.000)	(8.000, 0.050, 40.000)	(0.0, 0.0, 0.0)
Beach Villa - Layout Revision/Continuous paving - deduplicated 2m grid/Floor2x2	Assets/Modern Villa/Prefabs/floors/Floor2x2.prefab	(6.000, -0.950, 40.000)	(8.000, 0.050, 42.000)	(0.0, 0.0, 0.0)
Beach Villa - Layout Revision/Continuous paving - deduplicated 2m grid/Floor2x2	Assets/Modern Villa/Prefabs/floors/Floor2x2.prefab	(6.000, -0.950, 42.000)	(8.000, 0.050, 44.000)	(0.0, 0.0, 0.0)
Beach Villa - Layout Revision/Continuous paving - deduplicated 2m grid/Floor2x2	Assets/Modern Villa/Prefabs/floors/Floor2x2.prefab	(8.000, -0.950, -20.000)	(10.000, 0.050, -18.000)	(0.0, 0.0, 0.0)
Beach Villa - Layout Revision/Continuous paving - deduplicated 2m grid/Floor2x2	Assets/Modern Villa/Prefabs/floors/Floor2x2.prefab	(8.000, -0.950, -18.000)	(10.000, 0.050, -16.000)	(0.0, 0.0, 0.0)
Beach Villa - Layout Revision/Continuous paving - deduplicated 2m grid/Floor2x2	Assets/Modern Villa/Prefabs/floors/Floor2x2.prefab	(8.000, -0.950, -16.000)	(10.000, 0.050, -14.000)	(0.0, 0.0, 0.0)
Beach Villa - Layout Revision/Continuous paving - deduplicated 2m grid/Floor2x2	Assets/Modern Villa/Prefabs/floors/Floor2x2.prefab	(8.000, -0.950, -14.000)	(10.000, 0.050, -12.000)	(0.0, 0.0, 0.0)
Beach Villa - Layout Revision/Continuous paving - deduplicated 2m grid/Floor2x2	Assets/Modern Villa/Prefabs/floors/Floor2x2.prefab	(8.000, -0.950, -12.000)	(10.000, 0.050, -10.000)	(0.0, 0.0, 0.0)
Beach Villa - Layout Revision/Continuous paving - deduplicated 2m grid/Floor2x2	Assets/Modern Villa/Prefabs/floors/Floor2x2.prefab	(8.000, -0.950, -10.000)	(10.000, 0.050, -8.000)	(0.0, 0.0, 0.0)
Beach Villa - Layout Revision/Continuous paving - deduplicated 2m grid/Floor2x2	Assets/Modern Villa/Prefabs/floors/Floor2x2.prefab	(8.000, -0.950, -8.000)	(10.000, 0.050, -6.000)	(0.0, 0.0, 0.0)
Beach Villa - Layout Revision/Continuous paving - deduplicated 2m grid/Floor2x2	Assets/Modern Villa/Prefabs/floors/Floor2x2.prefab	(8.000, -0.950, 30.000)	(10.000, 0.050, 32.000)	(0.0, 0.0, 0.0)
Beach Villa - Layout Revision/Continuous paving - deduplicated 2m grid/Floor2x2	Assets/Modern Villa/Prefabs/floors/Floor2x2.prefab	(8.000, -0.950, 32.000)	(10.000, 0.050, 34.000)	(0.0, 0.0, 0.0)
Beach Villa - Layout Revision/Continuous paving - deduplicated 2m grid/Floor2x2	Assets/Modern Villa/Prefabs/floors/Floor2x2.prefab	(8.000, -0.950, 34.000)	(10.000, 0.050, 36.000)	(0.0, 0.0, 0.0)
Beach Villa - Layout Revision/Continuous paving - deduplicated 2m grid/Floor2x2	Assets/Modern Villa/Prefabs/floors/Floor2x2.prefab	(8.000, -0.950, 36.000)	(10.000, 0.050, 38.000)	(0.0, 0.0, 0.0)
Beach Villa - Layout Revision/Continuous paving - deduplicated 2m grid/Floor2x2	Assets/Modern Villa/Prefabs/floors/Floor2x2.prefab	(8.000, -0.950, 38.000)	(10.000, 0.050, 40.000)	(0.0, 0.0, 0.0)
Beach Villa - Layout Revision/Continuous paving - deduplicated 2m grid/Floor2x2	Assets/Modern Villa/Prefabs/floors/Floor2x2.prefab	(8.000, -0.950, 40.000)	(10.000, 0.050, 42.000)	(0.0, 0.0, 0.0)
Beach Villa - Layout Revision/Continuous paving - deduplicated 2m grid/Floor2x2	Assets/Modern Villa/Prefabs/floors/Floor2x2.prefab	(8.000, -0.950, 42.000)	(10.000, 0.050, 44.000)	(0.0, 0.0, 0.0)
Beach Villa - Layout Revision/Continuous paving - deduplicated 2m grid/Floor2x2	Assets/Modern Villa/Prefabs/floors/Floor2x2.prefab	(10.000, -0.950, -20.000)	(12.000, 0.050, -18.000)	(0.0, 0.0, 0.0)
Beach Villa - Layout Revision/Continuous paving - deduplicated 2m grid/Floor2x2	Assets/Modern Villa/Prefabs/floors/Floor2x2.prefab	(10.000, -0.950, -18.000)	(12.000, 0.050, -16.000)	(0.0, 0.0, 0.0)
Beach Villa - Layout Revision/Continuous paving - deduplicated 2m grid/Floor2x2	Assets/Modern Villa/Prefabs/floors/Floor2x2.prefab	(10.000, -0.950, -16.000)	(12.000, 0.050, -14.000)	(0.0, 0.0, 0.0)
Beach Villa - Layout Revision/Continuous paving - deduplicated 2m grid/Floor2x2	Assets/Modern Villa/Prefabs/floors/Floor2x2.prefab	(10.000, -0.950, -14.000)	(12.000, 0.050, -12.000)	(0.0, 0.0, 0.0)
Beach Villa - Layout Revision/Continuous paving - deduplicated 2m grid/Floor2x2	Assets/Modern Villa/Prefabs/floors/Floor2x2.prefab	(10.000, -0.950, -12.000)	(12.000, 0.050, -10.000)	(0.0, 0.0, 0.0)
Beach Villa - Layout Revision/Continuous paving - deduplicated 2m grid/Floor2x2	Assets/Modern Villa/Prefabs/floors/Floor2x2.prefab	(10.000, -0.950, -10.000)	(12.000, 0.050, -8.000)	(0.0, 0.0, 0.0)
Beach Villa - Layout Revision/Continuous paving - deduplicated 2m grid/Floor2x2	Assets/Modern Villa/Prefabs/floors/Floor2x2.prefab	(10.000, -0.950, -8.000)	(12.000, 0.050, -6.000)	(0.0, 0.0, 0.0)
Beach Villa - Layout Revision/Continuous paving - deduplicated 2m grid/Floor2x2	Assets/Modern Villa/Prefabs/floors/Floor2x2.prefab	(10.000, -0.950, 30.000)	(12.000, 0.050, 32.000)	(0.0, 0.0, 0.0)
Beach Villa - Layout Revision/Continuous paving - deduplicated 2m grid/Floor2x2	Assets/Modern Villa/Prefabs/floors/Floor2x2.prefab	(10.000, -0.950, 32.000)	(12.000, 0.050, 34.000)	(0.0, 0.0, 0.0)
Beach Villa - Layout Revision/Continuous paving - deduplicated 2m grid/Floor2x2	Assets/Modern Villa/Prefabs/floors/Floor2x2.prefab	(10.000, -0.950, 34.000)	(12.000, 0.050, 36.000)	(0.0, 0.0, 0.0)
Beach Villa - Layout Revision/Continuous paving - deduplicated 2m grid/Floor2x2	Assets/Modern Villa/Prefabs/floors/Floor2x2.prefab	(10.000, -0.950, 36.000)	(12.000, 0.050, 38.000)	(0.0, 0.0, 0.0)
Beach Villa - Layout Revision/Continuous paving - deduplicated 2m grid/Floor2x2	Assets/Modern Villa/Prefabs/floors/Floor2x2.prefab	(10.000, -0.950, 38.000)	(12.000, 0.050, 40.000)	(0.0, 0.0, 0.0)
Beach Villa - Layout Revision/Continuous paving - deduplicated 2m grid/Floor2x2	Assets/Modern Villa/Prefabs/floors/Floor2x2.prefab	(10.000, -0.950, 40.000)	(12.000, 0.050, 42.000)	(0.0, 0.0, 0.0)
Beach Villa - Layout Revision/Continuous paving - deduplicated 2m grid/Floor2x2	Assets/Modern Villa/Prefabs/floors/Floor2x2.prefab	(10.000, -0.950, 42.000)	(12.000, 0.050, 44.000)	(0.0, 0.0, 0.0)
Beach Villa - Layout Revision/Continuous paving - deduplicated 2m grid/Floor2x2	Assets/Modern Villa/Prefabs/floors/Floor2x2.prefab	(12.000, -0.950, -20.000)	(14.000, 0.050, -18.000)	(0.0, 0.0, 0.0)
Beach Villa - Layout Revision/Continuous paving - deduplicated 2m grid/Floor2x2	Assets/Modern Villa/Prefabs/floors/Floor2x2.prefab	(12.000, -0.950, -18.000)	(14.000, 0.050, -16.000)	(0.0, 0.0, 0.0)
Beach Villa - Layout Revision/Continuous paving - deduplicated 2m grid/Floor2x2	Assets/Modern Villa/Prefabs/floors/Floor2x2.prefab	(12.000, -0.950, -16.000)	(14.000, 0.050, -14.000)	(0.0, 0.0, 0.0)
Beach Villa - Layout Revision/Continuous paving - deduplicated 2m grid/Floor2x2	Assets/Modern Villa/Prefabs/floors/Floor2x2.prefab	(12.000, -0.950, -14.000)	(14.000, 0.050, -12.000)	(0.0, 0.0, 0.0)
Beach Villa - Layout Revision/Continuous paving - deduplicated 2m grid/Floor2x2	Assets/Modern Villa/Prefabs/floors/Floor2x2.prefab	(12.000, -0.950, -12.000)	(14.000, 0.050, -10.000)	(0.0, 0.0, 0.0)
Beach Villa - Layout Revision/Continuous paving - deduplicated 2m grid/Floor2x2	Assets/Modern Villa/Prefabs/floors/Floor2x2.prefab	(12.000, -0.950, -10.000)	(14.000, 0.050, -8.000)	(0.0, 0.0, 0.0)
Beach Villa - Layout Revision/Continuous paving - deduplicated 2m grid/Floor2x2	Assets/Modern Villa/Prefabs/floors/Floor2x2.prefab	(12.000, -0.950, -8.000)	(14.000, 0.050, -6.000)	(0.0, 0.0, 0.0)
Beach Villa - Layout Revision/Continuous paving - deduplicated 2m grid/Floor2x2	Assets/Modern Villa/Prefabs/floors/Floor2x2.prefab	(12.000, -0.950, 30.000)	(14.000, 0.050, 32.000)	(0.0, 0.0, 0.0)
Beach Villa - Layout Revision/Continuous paving - deduplicated 2m grid/Floor2x2	Assets/Modern Villa/Prefabs/floors/Floor2x2.prefab	(12.000, -0.950, 32.000)	(14.000, 0.050, 34.000)	(0.0, 0.0, 0.0)
Beach Villa - Layout Revision/Continuous paving - deduplicated 2m grid/Floor2x2	Assets/Modern Villa/Prefabs/floors/Floor2x2.prefab	(12.000, -0.950, 34.000)	(14.000, 0.050, 36.000)	(0.0, 0.0, 0.0)
Beach Villa - Layout Revision/Continuous paving - deduplicated 2m grid/Floor2x2	Assets/Modern Villa/Prefabs/floors/Floor2x2.prefab	(12.000, -0.950, 36.000)	(14.000, 0.050, 38.000)	(0.0, 0.0, 0.0)
Beach Villa - Layout Revision/Continuous paving - deduplicated 2m grid/Floor2x2	Assets/Modern Villa/Prefabs/floors/Floor2x2.prefab	(12.000, -0.950, 38.000)	(14.000, 0.050, 40.000)	(0.0, 0.0, 0.0)
Beach Villa - Layout Revision/Continuous paving - deduplicated 2m grid/Floor2x2	Assets/Modern Villa/Prefabs/floors/Floor2x2.prefab	(12.000, -0.950, 40.000)	(14.000, 0.050, 42.000)	(0.0, 0.0, 0.0)
Beach Villa - Layout Revision/Continuous paving - deduplicated 2m grid/Floor2x2	Assets/Modern Villa/Prefabs/floors/Floor2x2.prefab	(12.000, -0.950, 42.000)	(14.000, 0.050, 44.000)	(0.0, 0.0, 0.0)
Beach Villa - Layout Revision/Continuous paving - deduplicated 2m grid/Floor2x2	Assets/Modern Villa/Prefabs/floors/Floor2x2.prefab	(14.000, -0.950, -20.000)	(16.000, 0.050, -18.000)	(0.0, 0.0, 0.0)
Beach Villa - Layout Revision/Continuous paving - deduplicated 2m grid/Floor2x2	Assets/Modern Villa/Prefabs/floors/Floor2x2.prefab	(14.000, -0.950, -18.000)	(16.000, 0.050, -16.000)	(0.0, 0.0, 0.0)
Beach Villa - Layout Revision/Continuous paving - deduplicated 2m grid/Floor2x2	Assets/Modern Villa/Prefabs/floors/Floor2x2.prefab	(14.000, -0.950, -16.000)	(16.000, 0.050, -14.000)	(0.0, 0.0, 0.0)
Beach Villa - Layout Revision/Continuous paving - deduplicated 2m grid/Floor2x2	Assets/Modern Villa/Prefabs/floors/Floor2x2.prefab	(14.000, -0.950, -14.000)	(16.000, 0.050, -12.000)	(0.0, 0.0, 0.0)
Beach Villa - Layout Revision/Continuous paving - deduplicated 2m grid/Floor2x2	Assets/Modern Villa/Prefabs/floors/Floor2x2.prefab	(14.000, -0.950, -12.000)	(16.000, 0.050, -10.000)	(0.0, 0.0, 0.0)
Beach Villa - Layout Revision/Continuous paving - deduplicated 2m grid/Floor2x2	Assets/Modern Villa/Prefabs/floors/Floor2x2.prefab	(14.000, -0.950, -10.000)	(16.000, 0.050, -8.000)	(0.0, 0.0, 0.0)
Beach Villa - Layout Revision/Continuous paving - deduplicated 2m grid/Floor2x2	Assets/Modern Villa/Prefabs/floors/Floor2x2.prefab	(14.000, -0.950, -8.000)	(16.000, 0.050, -6.000)	(0.0, 0.0, 0.0)
Beach Villa - Layout Revision/Continuous paving - deduplicated 2m grid/Floor2x2	Assets/Modern Villa/Prefabs/floors/Floor2x2.prefab	(14.000, -0.950, 28.000)	(16.000, 0.050, 30.000)	(0.0, 0.0, 0.0)
Beach Villa - Layout Revision/Continuous paving - deduplicated 2m grid/Floor2x2	Assets/Modern Villa/Prefabs/floors/Floor2x2.prefab	(14.000, -0.950, 30.000)	(16.000, 0.050, 32.000)	(0.0, 0.0, 0.0)
Beach Villa - Layout Revision/Continuous paving - deduplicated 2m grid/Floor2x2	Assets/Modern Villa/Prefabs/floors/Floor2x2.prefab	(14.000, -0.950, 32.000)	(16.000, 0.050, 34.000)	(0.0, 0.0, 0.0)
Beach Villa - Layout Revision/Continuous paving - deduplicated 2m grid/Floor2x2	Assets/Modern Villa/Prefabs/floors/Floor2x2.prefab	(14.000, -0.950, 34.000)	(16.000, 0.050, 36.000)	(0.0, 0.0, 0.0)
Beach Villa - Layout Revision/Continuous paving - deduplicated 2m grid/Floor2x2	Assets/Modern Villa/Prefabs/floors/Floor2x2.prefab	(14.000, -0.950, 36.000)	(16.000, 0.050, 38.000)	(0.0, 0.0, 0.0)
Beach Villa - Layout Revision/Continuous paving - deduplicated 2m grid/Floor2x2	Assets/Modern Villa/Prefabs/floors/Floor2x2.prefab	(14.000, -0.950, 38.000)	(16.000, 0.050, 40.000)	(0.0, 0.0, 0.0)
Beach Villa - Layout Revision/Continuous paving - deduplicated 2m grid/Floor2x2	Assets/Modern Villa/Prefabs/floors/Floor2x2.prefab	(14.000, -0.950, 40.000)	(16.000, 0.050, 42.000)	(0.0, 0.0, 0.0)
Beach Villa - Layout Revision/Continuous paving - deduplicated 2m grid/Floor2x2	Assets/Modern Villa/Prefabs/floors/Floor2x2.prefab	(14.000, -0.950, 42.000)	(16.000, 0.050, 44.000)	(0.0, 0.0, 0.0)
Beach Villa - Layout Revision/Continuous paving - deduplicated 2m grid/Floor2x2	Assets/Modern Villa/Prefabs/floors/Floor2x2.prefab	(16.000, -0.950, -20.000)	(18.000, 0.050, -18.000)	(0.0, 0.0, 0.0)
Beach Villa - Layout Revision/Continuous paving - deduplicated 2m grid/Floor2x2	Assets/Modern Villa/Prefabs/floors/Floor2x2.prefab	(16.000, -0.950, -18.000)	(18.000, 0.050, -16.000)	(0.0, 0.0, 0.0)
Beach Villa - Layout Revision/Continuous paving - deduplicated 2m grid/Floor2x2	Assets/Modern Villa/Prefabs/floors/Floor2x2.prefab	(16.000, -0.950, -16.000)	(18.000, 0.050, -14.000)	(0.0, 0.0, 0.0)
Beach Villa - Layout Revision/Continuous paving - deduplicated 2m grid/Floor2x2	Assets/Modern Villa/Prefabs/floors/Floor2x2.prefab	(16.000, -0.950, -14.000)	(18.000, 0.050, -12.000)	(0.0, 0.0, 0.0)
Beach Villa - Layout Revision/Continuous paving - deduplicated 2m grid/Floor2x2	Assets/Modern Villa/Prefabs/floors/Floor2x2.prefab	(16.000, -0.950, -12.000)	(18.000, 0.050, -10.000)	(0.0, 0.0, 0.0)
Beach Villa - Layout Revision/Continuous paving - deduplicated 2m grid/Floor2x2	Assets/Modern Villa/Prefabs/floors/Floor2x2.prefab	(16.000, -0.950, -10.000)	(18.000, 0.050, -8.000)	(0.0, 0.0, 0.0)
Beach Villa - Layout Revision/Continuous paving - deduplicated 2m grid/Floor2x2	Assets/Modern Villa/Prefabs/floors/Floor2x2.prefab	(16.000, -0.950, -8.000)	(18.000, 0.050, -6.000)	(0.0, 0.0, 0.0)
Beach Villa - Layout Revision/Continuous paving - deduplicated 2m grid/Floor2x2	Assets/Modern Villa/Prefabs/floors/Floor2x2.prefab	(16.000, -0.950, 28.000)	(18.000, 0.050, 30.000)	(0.0, 0.0, 0.0)
Beach Villa - Layout Revision/Continuous paving - deduplicated 2m grid/Floor2x2	Assets/Modern Villa/Prefabs/floors/Floor2x2.prefab	(16.000, -0.950, 30.000)	(18.000, 0.050, 32.000)	(0.0, 0.0, 0.0)
Beach Villa - Layout Revision/Continuous paving - deduplicated 2m grid/Floor2x2	Assets/Modern Villa/Prefabs/floors/Floor2x2.prefab	(16.000, -0.950, 34.000)	(18.000, 0.050, 36.000)	(0.0, 0.0, 0.0)
Beach Villa - Layout Revision/Continuous paving - deduplicated 2m grid/Floor2x2	Assets/Modern Villa/Prefabs/floors/Floor2x2.prefab	(16.000, -0.950, 36.000)	(18.000, 0.050, 38.000)	(0.0, 0.0, 0.0)
Beach Villa - Layout Revision/Continuous paving - deduplicated 2m grid/Floor2x2	Assets/Modern Villa/Prefabs/floors/Floor2x2.prefab	(16.000, -0.950, 38.000)	(18.000, 0.050, 40.000)	(0.0, 0.0, 0.0)
Beach Villa - Layout Revision/Continuous paving - deduplicated 2m grid/Floor2x2	Assets/Modern Villa/Prefabs/floors/Floor2x2.prefab	(16.000, -0.950, 40.000)	(18.000, 0.050, 42.000)	(0.0, 0.0, 0.0)
Beach Villa - Layout Revision/Continuous paving - deduplicated 2m grid/Floor2x2	Assets/Modern Villa/Prefabs/floors/Floor2x2.prefab	(16.000, -0.950, 42.000)	(18.000, 0.050, 44.000)	(0.0, 0.0, 0.0)
Beach Villa - Layout Revision/Continuous paving - deduplicated 2m grid/Floor2x2	Assets/Modern Villa/Prefabs/floors/Floor2x2.prefab	(18.000, -0.950, -20.000)	(20.000, 0.050, -18.000)	(0.0, 0.0, 0.0)
Beach Villa - Layout Revision/Continuous paving - deduplicated 2m grid/Floor2x2	Assets/Modern Villa/Prefabs/floors/Floor2x2.prefab	(18.000, -0.950, -18.000)	(20.000, 0.050, -16.000)	(0.0, 0.0, 0.0)
Beach Villa - Layout Revision/Continuous paving - deduplicated 2m grid/Floor2x2	Assets/Modern Villa/Prefabs/floors/Floor2x2.prefab	(18.000, -0.950, -16.000)	(20.000, 0.050, -14.000)	(0.0, 0.0, 0.0)
Beach Villa - Layout Revision/Continuous paving - deduplicated 2m grid/Floor2x2	Assets/Modern Villa/Prefabs/floors/Floor2x2.prefab	(18.000, -0.950, -14.000)	(20.000, 0.050, -12.000)	(0.0, 0.0, 0.0)
Beach Villa - Layout Revision/Continuous paving - deduplicated 2m grid/Floor2x2	Assets/Modern Villa/Prefabs/floors/Floor2x2.prefab	(18.000, -0.950, -12.000)	(20.000, 0.050, -10.000)	(0.0, 0.0, 0.0)
Beach Villa - Layout Revision/Continuous paving - deduplicated 2m grid/Floor2x2	Assets/Modern Villa/Prefabs/floors/Floor2x2.prefab	(18.000, -0.950, -10.000)	(20.000, 0.050, -8.000)	(0.0, 0.0, 0.0)
Beach Villa - Layout Revision/Continuous paving - deduplicated 2m grid/Floor2x2	Assets/Modern Villa/Prefabs/floors/Floor2x2.prefab	(18.000, -0.950, -8.000)	(20.000, 0.050, -6.000)	(0.0, 0.0, 0.0)
Beach Villa - Layout Revision/Continuous paving - deduplicated 2m grid/Floor2x2	Assets/Modern Villa/Prefabs/floors/Floor2x2.prefab	(18.000, -0.950, -6.000)	(20.000, 0.050, -4.000)	(0.0, 0.0, 0.0)
Beach Villa - Layout Revision/Continuous paving - deduplicated 2m grid/Floor2x2	Assets/Modern Villa/Prefabs/floors/Floor2x2.prefab	(18.000, -0.950, -4.000)	(20.000, 0.050, -2.000)	(0.0, 0.0, 0.0)
Beach Villa - Layout Revision/Continuous paving - deduplicated 2m grid/Floor2x2	Assets/Modern Villa/Prefabs/floors/Floor2x2.prefab	(18.000, -0.950, -2.000)	(20.000, 0.050, 0.000)	(0.0, 0.0, 0.0)
Beach Villa - Layout Revision/Continuous paving - deduplicated 2m grid/Floor2x2	Assets/Modern Villa/Prefabs/floors/Floor2x2.prefab	(18.000, -0.950, 0.000)	(20.000, 0.050, 2.000)	(0.0, 0.0, 0.0)
Beach Villa - Layout Revision/Continuous paving - deduplicated 2m grid/Floor2x2	Assets/Modern Villa/Prefabs/floors/Floor2x2.prefab	(18.000, -0.950, 2.000)	(20.000, 0.050, 4.000)	(0.0, 0.0, 0.0)
Beach Villa - Layout Revision/Continuous paving - deduplicated 2m grid/Floor2x2	Assets/Modern Villa/Prefabs/floors/Floor2x2.prefab	(18.000, -0.950, 4.000)	(20.000, 0.050, 6.000)	(0.0, 0.0, 0.0)
Beach Villa - Layout Revision/Continuous paving - deduplicated 2m grid/Floor2x2	Assets/Modern Villa/Prefabs/floors/Floor2x2.prefab	(18.000, -0.950, 6.000)	(20.000, 0.050, 8.000)	(0.0, 0.0, 0.0)
Beach Villa - Layout Revision/Continuous paving - deduplicated 2m grid/Floor2x2	Assets/Modern Villa/Prefabs/floors/Floor2x2.prefab	(18.000, -0.950, 8.000)	(20.000, 0.050, 10.000)	(0.0, 0.0, 0.0)
Beach Villa - Layout Revision/Continuous paving - deduplicated 2m grid/Floor2x2	Assets/Modern Villa/Prefabs/floors/Floor2x2.prefab	(18.000, -0.950, 10.000)	(20.000, 0.050, 12.000)	(0.0, 0.0, 0.0)
Beach Villa - Layout Revision/Continuous paving - deduplicated 2m grid/Floor2x2	Assets/Modern Villa/Prefabs/floors/Floor2x2.prefab	(18.000, -0.950, 12.000)	(20.000, 0.050, 14.000)	(0.0, 0.0, 0.0)
Beach Villa - Layout Revision/Continuous paving - deduplicated 2m grid/Floor2x2	Assets/Modern Villa/Prefabs/floors/Floor2x2.prefab	(18.000, -0.950, 14.000)	(20.000, 0.050, 16.000)	(0.0, 0.0, 0.0)
Beach Villa - Layout Revision/Continuous paving - deduplicated 2m grid/Floor2x2	Assets/Modern Villa/Prefabs/floors/Floor2x2.prefab	(18.000, -0.950, 16.000)	(20.000, 0.050, 18.000)	(0.0, 0.0, 0.0)
Beach Villa - Layout Revision/Continuous paving - deduplicated 2m grid/Floor2x2	Assets/Modern Villa/Prefabs/floors/Floor2x2.prefab	(18.000, -0.950, 18.000)	(20.000, 0.050, 20.000)	(0.0, 0.0, 0.0)
Beach Villa - Layout Revision/Continuous paving - deduplicated 2m grid/Floor2x2	Assets/Modern Villa/Prefabs/floors/Floor2x2.prefab	(18.000, -0.950, 20.000)	(20.000, 0.050, 22.000)	(0.0, 0.0, 0.0)
Beach Villa - Layout Revision/Continuous paving - deduplicated 2m grid/Floor2x2	Assets/Modern Villa/Prefabs/floors/Floor2x2.prefab	(18.000, -0.950, 22.000)	(20.000, 0.050, 24.000)	(0.0, 0.0, 0.0)
Beach Villa - Layout Revision/Continuous paving - deduplicated 2m grid/Floor2x2	Assets/Modern Villa/Prefabs/floors/Floor2x2.prefab	(18.000, -0.950, 24.000)	(20.000, 0.050, 26.000)	(0.0, 0.0, 0.0)
Beach Villa - Layout Revision/Continuous paving - deduplicated 2m grid/Floor2x2	Assets/Modern Villa/Prefabs/floors/Floor2x2.prefab	(18.000, -0.950, 26.000)	(20.000, 0.050, 28.000)	(0.0, 0.0, 0.0)
Beach Villa - Layout Revision/Continuous paving - deduplicated 2m grid/Floor2x2	Assets/Modern Villa/Prefabs/floors/Floor2x2.prefab	(18.000, -0.950, 28.000)	(20.000, 0.050, 30.000)	(0.0, 0.0, 0.0)
Beach Villa - Layout Revision/Continuous paving - deduplicated 2m grid/Floor2x2	Assets/Modern Villa/Prefabs/floors/Floor2x2.prefab	(18.000, -0.950, 30.000)	(20.000, 0.050, 32.000)	(0.0, 0.0, 0.0)
Beach Villa - Layout Revision/Continuous paving - deduplicated 2m grid/Floor2x2	Assets/Modern Villa/Prefabs/floors/Floor2x2.prefab	(18.000, -0.950, 32.000)	(20.000, 0.050, 34.000)	(0.0, 0.0, 0.0)
Beach Villa - Layout Revision/Continuous paving - deduplicated 2m grid/Floor2x2	Assets/Modern Villa/Prefabs/floors/Floor2x2.prefab	(18.000, -0.950, 34.000)	(20.000, 0.050, 36.000)	(0.0, 0.0, 0.0)
Beach Villa - Layout Revision/Continuous paving - deduplicated 2m grid/Floor2x2	Assets/Modern Villa/Prefabs/floors/Floor2x2.prefab	(18.000, -0.950, 36.000)	(20.000, 0.050, 38.000)	(0.0, 0.0, 0.0)
Beach Villa - Layout Revision/Continuous paving - deduplicated 2m grid/Floor2x2	Assets/Modern Villa/Prefabs/floors/Floor2x2.prefab	(18.000, -0.950, 38.000)	(20.000, 0.050, 40.000)	(0.0, 0.0, 0.0)
Beach Villa - Layout Revision/Continuous paving - deduplicated 2m grid/Floor2x2	Assets/Modern Villa/Prefabs/floors/Floor2x2.prefab	(18.000, -0.950, 40.000)	(20.000, 0.050, 42.000)	(0.0, 0.0, 0.0)
Beach Villa - Layout Revision/Continuous paving - deduplicated 2m grid/Floor2x2	Assets/Modern Villa/Prefabs/floors/Floor2x2.prefab	(18.000, -0.950, 42.000)	(20.000, 0.050, 44.000)	(0.0, 0.0, 0.0)
Beach Villa - Layout Revision/Continuous paving - deduplicated 2m grid/Floor2x2	Assets/Modern Villa/Prefabs/floors/Floor2x2.prefab	(20.000, -0.950, -20.000)	(22.000, 0.050, -18.000)	(0.0, 0.0, 0.0)
Beach Villa - Layout Revision/Continuous paving - deduplicated 2m grid/Floor2x2	Assets/Modern Villa/Prefabs/floors/Floor2x2.prefab	(20.000, -0.950, -18.000)	(22.000, 0.050, -16.000)	(0.0, 0.0, 0.0)
Beach Villa - Layout Revision/Continuous paving - deduplicated 2m grid/Floor2x2	Assets/Modern Villa/Prefabs/floors/Floor2x2.prefab	(20.000, -0.950, -16.000)	(22.000, 0.050, -14.000)	(0.0, 0.0, 0.0)
Beach Villa - Layout Revision/Continuous paving - deduplicated 2m grid/Floor2x2	Assets/Modern Villa/Prefabs/floors/Floor2x2.prefab	(20.000, -0.950, -14.000)	(22.000, 0.050, -12.000)	(0.0, 0.0, 0.0)
Beach Villa - Layout Revision/Continuous paving - deduplicated 2m grid/Floor2x2	Assets/Modern Villa/Prefabs/floors/Floor2x2.prefab	(20.000, -0.950, -12.000)	(22.000, 0.050, -10.000)	(0.0, 0.0, 0.0)
Beach Villa - Layout Revision/Continuous paving - deduplicated 2m grid/Floor2x2	Assets/Modern Villa/Prefabs/floors/Floor2x2.prefab	(20.000, -0.950, -10.000)	(22.000, 0.050, -8.000)	(0.0, 0.0, 0.0)
Beach Villa - Layout Revision/Continuous paving - deduplicated 2m grid/Floor2x2	Assets/Modern Villa/Prefabs/floors/Floor2x2.prefab	(20.000, -0.950, -8.000)	(22.000, 0.050, -6.000)	(0.0, 0.0, 0.0)
Beach Villa - Layout Revision/Continuous paving - deduplicated 2m grid/Floor2x2	Assets/Modern Villa/Prefabs/floors/Floor2x2.prefab	(20.000, -0.950, -6.000)	(22.000, 0.050, -4.000)	(0.0, 0.0, 0.0)
Beach Villa - Layout Revision/Continuous paving - deduplicated 2m grid/Floor2x2	Assets/Modern Villa/Prefabs/floors/Floor2x2.prefab	(20.000, -0.950, -4.000)	(22.000, 0.050, -2.000)	(0.0, 0.0, 0.0)
Beach Villa - Layout Revision/Continuous paving - deduplicated 2m grid/Floor2x2	Assets/Modern Villa/Prefabs/floors/Floor2x2.prefab	(20.000, -0.950, -2.000)	(22.000, 0.050, 0.000)	(0.0, 0.0, 0.0)
Beach Villa - Layout Revision/Continuous paving - deduplicated 2m grid/Floor2x2	Assets/Modern Villa/Prefabs/floors/Floor2x2.prefab	(20.000, -0.950, 0.000)	(22.000, 0.050, 2.000)	(0.0, 0.0, 0.0)
Beach Villa - Layout Revision/Continuous paving - deduplicated 2m grid/Floor2x2	Assets/Modern Villa/Prefabs/floors/Floor2x2.prefab	(20.000, -0.950, 2.000)	(22.000, 0.050, 4.000)	(0.0, 0.0, 0.0)
Beach Villa - Layout Revision/Continuous paving - deduplicated 2m grid/Floor2x2	Assets/Modern Villa/Prefabs/floors/Floor2x2.prefab	(20.000, -0.950, 4.000)	(22.000, 0.050, 6.000)	(0.0, 0.0, 0.0)
Beach Villa - Layout Revision/Continuous paving - deduplicated 2m grid/Floor2x2	Assets/Modern Villa/Prefabs/floors/Floor2x2.prefab	(20.000, -0.950, 6.000)	(22.000, 0.050, 8.000)	(0.0, 0.0, 0.0)
Beach Villa - Layout Revision/Continuous paving - deduplicated 2m grid/Floor2x2	Assets/Modern Villa/Prefabs/floors/Floor2x2.prefab	(20.000, -0.950, 8.000)	(22.000, 0.050, 10.000)	(0.0, 0.0, 0.0)
Beach Villa - Layout Revision/Continuous paving - deduplicated 2m grid/Floor2x2	Assets/Modern Villa/Prefabs/floors/Floor2x2.prefab	(20.000, -0.950, 10.000)	(22.000, 0.050, 12.000)	(0.0, 0.0, 0.0)
Beach Villa - Layout Revision/Continuous paving - deduplicated 2m grid/Floor2x2	Assets/Modern Villa/Prefabs/floors/Floor2x2.prefab	(20.000, -0.950, 12.000)	(22.000, 0.050, 14.000)	(0.0, 0.0, 0.0)
Beach Villa - Layout Revision/Continuous paving - deduplicated 2m grid/Floor2x2	Assets/Modern Villa/Prefabs/floors/Floor2x2.prefab	(20.000, -0.950, 14.000)	(22.000, 0.050, 16.000)	(0.0, 0.0, 0.0)
Beach Villa - Layout Revision/Continuous paving - deduplicated 2m grid/Floor2x2	Assets/Modern Villa/Prefabs/floors/Floor2x2.prefab	(20.000, -0.950, 16.000)	(22.000, 0.050, 18.000)	(0.0, 0.0, 0.0)
Beach Villa - Layout Revision/Continuous paving - deduplicated 2m grid/Floor2x2	Assets/Modern Villa/Prefabs/floors/Floor2x2.prefab	(20.000, -0.950, 18.000)	(22.000, 0.050, 20.000)	(0.0, 0.0, 0.0)
Beach Villa - Layout Revision/Continuous paving - deduplicated 2m grid/Floor2x2	Assets/Modern Villa/Prefabs/floors/Floor2x2.prefab	(20.000, -0.950, 20.000)	(22.000, 0.050, 22.000)	(0.0, 0.0, 0.0)
Beach Villa - Layout Revision/Continuous paving - deduplicated 2m grid/Floor2x2	Assets/Modern Villa/Prefabs/floors/Floor2x2.prefab	(20.000, -0.950, 22.000)	(22.000, 0.050, 24.000)	(0.0, 0.0, 0.0)
Beach Villa - Layout Revision/Continuous paving - deduplicated 2m grid/Floor2x2	Assets/Modern Villa/Prefabs/floors/Floor2x2.prefab	(20.000, -0.950, 24.000)	(22.000, 0.050, 26.000)	(0.0, 0.0, 0.0)
Beach Villa - Layout Revision/Continuous paving - deduplicated 2m grid/Floor2x2	Assets/Modern Villa/Prefabs/floors/Floor2x2.prefab	(20.000, -0.950, 26.000)	(22.000, 0.050, 28.000)	(0.0, 0.0, 0.0)
Beach Villa - Layout Revision/Continuous paving - deduplicated 2m grid/Floor2x2	Assets/Modern Villa/Prefabs/floors/Floor2x2.prefab	(20.000, -0.950, 28.000)	(22.000, 0.050, 30.000)	(0.0, 0.0, 0.0)
Beach Villa - Layout Revision/Continuous paving - deduplicated 2m grid/Floor2x2	Assets/Modern Villa/Prefabs/floors/Floor2x2.prefab	(20.000, -0.950, 30.000)	(22.000, 0.050, 32.000)	(0.0, 0.0, 0.0)
Beach Villa - Layout Revision/Continuous paving - deduplicated 2m grid/Floor2x2	Assets/Modern Villa/Prefabs/floors/Floor2x2.prefab	(20.000, -0.950, 32.000)	(22.000, 0.050, 34.000)	(0.0, 0.0, 0.0)
Beach Villa - Layout Revision/Continuous paving - deduplicated 2m grid/Floor2x2	Assets/Modern Villa/Prefabs/floors/Floor2x2.prefab	(20.000, -0.950, 34.000)	(22.000, 0.050, 36.000)	(0.0, 0.0, 0.0)
Beach Villa - Layout Revision/Continuous paving - deduplicated 2m grid/Floor2x2	Assets/Modern Villa/Prefabs/floors/Floor2x2.prefab	(20.000, -0.950, 36.000)	(22.000, 0.050, 38.000)	(0.0, 0.0, 0.0)
Beach Villa - Layout Revision/Continuous paving - deduplicated 2m grid/Floor2x2	Assets/Modern Villa/Prefabs/floors/Floor2x2.prefab	(20.000, -0.950, 38.000)	(22.000, 0.050, 40.000)	(0.0, 0.0, 0.0)
Beach Villa - Layout Revision/Continuous paving - deduplicated 2m grid/Floor2x2	Assets/Modern Villa/Prefabs/floors/Floor2x2.prefab	(20.000, -0.950, 40.000)	(22.000, 0.050, 42.000)	(0.0, 0.0, 0.0)
Beach Villa - Layout Revision/Continuous paving - deduplicated 2m grid/Floor2x2	Assets/Modern Villa/Prefabs/floors/Floor2x2.prefab	(20.000, -0.950, 42.000)	(22.000, 0.050, 44.000)	(0.0, 0.0, 0.0)
Beach Villa - Layout Revision/Continuous paving - deduplicated 2m grid/Floor2x2	Assets/Modern Villa/Prefabs/floors/Floor2x2.prefab	(22.000, -0.950, -20.000)	(24.000, 0.050, -18.000)	(0.0, 0.0, 0.0)
Beach Villa - Layout Revision/Continuous paving - deduplicated 2m grid/Floor2x2	Assets/Modern Villa/Prefabs/floors/Floor2x2.prefab	(22.000, -0.950, -18.000)	(24.000, 0.050, -16.000)	(0.0, 0.0, 0.0)
Beach Villa - Layout Revision/Continuous paving - deduplicated 2m grid/Floor2x2	Assets/Modern Villa/Prefabs/floors/Floor2x2.prefab	(22.000, -0.950, -16.000)	(24.000, 0.050, -14.000)	(0.0, 0.0, 0.0)
Beach Villa - Layout Revision/Continuous paving - deduplicated 2m grid/Floor2x2	Assets/Modern Villa/Prefabs/floors/Floor2x2.prefab	(22.000, -0.950, -14.000)	(24.000, 0.050, -12.000)	(0.0, 0.0, 0.0)
Beach Villa - Layout Revision/Continuous paving - deduplicated 2m grid/Floor2x2	Assets/Modern Villa/Prefabs/floors/Floor2x2.prefab	(22.000, -0.950, -12.000)	(24.000, 0.050, -10.000)	(0.0, 0.0, 0.0)
Beach Villa - Layout Revision/Continuous paving - deduplicated 2m grid/Floor2x2	Assets/Modern Villa/Prefabs/floors/Floor2x2.prefab	(22.000, -0.950, -10.000)	(24.000, 0.050, -8.000)	(0.0, 0.0, 0.0)
Beach Villa - Layout Revision/Continuous paving - deduplicated 2m grid/Floor2x2	Assets/Modern Villa/Prefabs/floors/Floor2x2.prefab	(22.000, -0.950, -8.000)	(24.000, 0.050, -6.000)	(0.0, 0.0, 0.0)
Beach Villa - Layout Revision/Continuous paving - deduplicated 2m grid/Floor2x2	Assets/Modern Villa/Prefabs/floors/Floor2x2.prefab	(22.000, -0.950, 0.000)	(24.000, 0.050, 2.000)	(0.0, 0.0, 0.0)
Beach Villa - Layout Revision/Continuous paving - deduplicated 2m grid/Floor2x2	Assets/Modern Villa/Prefabs/floors/Floor2x2.prefab	(22.000, -0.950, 2.000)	(24.000, 0.050, 4.000)	(0.0, 0.0, 0.0)
Beach Villa - Layout Revision/Continuous paving - deduplicated 2m grid/Floor2x2	Assets/Modern Villa/Prefabs/floors/Floor2x2.prefab	(22.000, -0.950, 4.000)	(24.000, 0.050, 6.000)	(0.0, 0.0, 0.0)
Beach Villa - Layout Revision/Continuous paving - deduplicated 2m grid/Floor2x2	Assets/Modern Villa/Prefabs/floors/Floor2x2.prefab	(22.000, -0.950, 6.000)	(24.000, 0.050, 8.000)	(0.0, 0.0, 0.0)
Beach Villa - Layout Revision/Continuous paving - deduplicated 2m grid/Floor2x2	Assets/Modern Villa/Prefabs/floors/Floor2x2.prefab	(22.000, -0.950, 8.000)	(24.000, 0.050, 10.000)	(0.0, 0.0, 0.0)
Beach Villa - Layout Revision/Continuous paving - deduplicated 2m grid/Floor2x2	Assets/Modern Villa/Prefabs/floors/Floor2x2.prefab	(22.000, -0.950, 10.000)	(24.000, 0.050, 12.000)	(0.0, 0.0, 0.0)
Beach Villa - Layout Revision/Continuous paving - deduplicated 2m grid/Floor2x2	Assets/Modern Villa/Prefabs/floors/Floor2x2.prefab	(22.000, -0.950, 12.000)	(24.000, 0.050, 14.000)	(0.0, 0.0, 0.0)
Beach Villa - Layout Revision/Continuous paving - deduplicated 2m grid/Floor2x2	Assets/Modern Villa/Prefabs/floors/Floor2x2.prefab	(22.000, -0.950, 14.000)	(24.000, 0.050, 16.000)	(0.0, 0.0, 0.0)
Beach Villa - Layout Revision/Continuous paving - deduplicated 2m grid/Floor2x2	Assets/Modern Villa/Prefabs/floors/Floor2x2.prefab	(22.000, -0.950, 16.000)	(24.000, 0.050, 18.000)	(0.0, 0.0, 0.0)
Beach Villa - Layout Revision/Continuous paving - deduplicated 2m grid/Floor2x2	Assets/Modern Villa/Prefabs/floors/Floor2x2.prefab	(22.000, -0.950, 18.000)	(24.000, 0.050, 20.000)	(0.0, 0.0, 0.0)
Beach Villa - Layout Revision/Continuous paving - deduplicated 2m grid/Floor2x2	Assets/Modern Villa/Prefabs/floors/Floor2x2.prefab	(22.000, -0.950, 20.000)	(24.000, 0.050, 22.000)	(0.0, 0.0, 0.0)
Beach Villa - Layout Revision/Continuous paving - deduplicated 2m grid/Floor2x2	Assets/Modern Villa/Prefabs/floors/Floor2x2.prefab	(22.000, -0.950, 22.000)	(24.000, 0.050, 24.000)	(0.0, 0.0, 0.0)
Beach Villa - Layout Revision/Continuous paving - deduplicated 2m grid/Floor2x2	Assets/Modern Villa/Prefabs/floors/Floor2x2.prefab	(22.000, -0.950, 24.000)	(24.000, 0.050, 26.000)	(0.0, 0.0, 0.0)
Beach Villa - Layout Revision/Continuous paving - deduplicated 2m grid/Floor2x2	Assets/Modern Villa/Prefabs/floors/Floor2x2.prefab	(22.000, -0.950, 26.000)	(24.000, 0.050, 28.000)	(0.0, 0.0, 0.0)
Beach Villa - Layout Revision/Continuous paving - deduplicated 2m grid/Floor2x2	Assets/Modern Villa/Prefabs/floors/Floor2x2.prefab	(22.000, -0.950, 28.000)	(24.000, 0.050, 30.000)	(0.0, 0.0, 0.0)
Beach Villa - Layout Revision/Continuous paving - deduplicated 2m grid/Floor2x2	Assets/Modern Villa/Prefabs/floors/Floor2x2.prefab	(22.000, -0.950, 30.000)	(24.000, 0.050, 32.000)	(0.0, 0.0, 0.0)
Beach Villa - Layout Revision/Continuous paving - deduplicated 2m grid/Floor2x2	Assets/Modern Villa/Prefabs/floors/Floor2x2.prefab	(22.000, -0.950, 32.000)	(24.000, 0.050, 34.000)	(0.0, 0.0, 0.0)
Beach Villa - Layout Revision/Continuous paving - deduplicated 2m grid/Floor2x2	Assets/Modern Villa/Prefabs/floors/Floor2x2.prefab	(22.000, -0.950, 34.000)	(24.000, 0.050, 36.000)	(0.0, 0.0, 0.0)
Beach Villa - Layout Revision/Continuous paving - deduplicated 2m grid/Floor2x2	Assets/Modern Villa/Prefabs/floors/Floor2x2.prefab	(22.000, -0.950, 36.000)	(24.000, 0.050, 38.000)	(0.0, 0.0, 0.0)
Beach Villa - Layout Revision/Continuous paving - deduplicated 2m grid/Floor2x2	Assets/Modern Villa/Prefabs/floors/Floor2x2.prefab	(22.000, -0.950, 38.000)	(24.000, 0.050, 40.000)	(0.0, 0.0, 0.0)
Beach Villa - Layout Revision/Continuous paving - deduplicated 2m grid/Floor2x2	Assets/Modern Villa/Prefabs/floors/Floor2x2.prefab	(22.000, -0.950, 40.000)	(24.000, 0.050, 42.000)	(0.0, 0.0, 0.0)
Beach Villa - Layout Revision/Continuous paving - deduplicated 2m grid/Floor2x2	Assets/Modern Villa/Prefabs/floors/Floor2x2.prefab	(22.000, -0.950, 42.000)	(24.000, 0.050, 44.000)	(0.0, 0.0, 0.0)
Beach Villa - Layout Revision/Continuous paving - deduplicated 2m grid/Floor2x2	Assets/Modern Villa/Prefabs/floors/Floor2x2.prefab	(24.000, -0.950, -20.000)	(26.000, 0.050, -18.000)	(0.0, 0.0, 0.0)
Beach Villa - Layout Revision/Continuous paving - deduplicated 2m grid/Floor2x2	Assets/Modern Villa/Prefabs/floors/Floor2x2.prefab	(24.000, -0.950, -18.000)	(26.000, 0.050, -16.000)	(0.0, 0.0, 0.0)
Beach Villa - Layout Revision/Continuous paving - deduplicated 2m grid/Floor2x2	Assets/Modern Villa/Prefabs/floors/Floor2x2.prefab	(24.000, -0.950, -16.000)	(26.000, 0.050, -14.000)	(0.0, 0.0, 0.0)
Beach Villa - Layout Revision/Continuous paving - deduplicated 2m grid/Floor2x2	Assets/Modern Villa/Prefabs/floors/Floor2x2.prefab	(24.000, -0.950, -14.000)	(26.000, 0.050, -12.000)	(0.0, 0.0, 0.0)
Beach Villa - Layout Revision/Continuous paving - deduplicated 2m grid/Floor2x2	Assets/Modern Villa/Prefabs/floors/Floor2x2.prefab	(24.000, -0.950, -12.000)	(26.000, 0.050, -10.000)	(0.0, 0.0, 0.0)
Beach Villa - Layout Revision/Continuous paving - deduplicated 2m grid/Floor2x2	Assets/Modern Villa/Prefabs/floors/Floor2x2.prefab	(24.000, -0.950, -10.000)	(26.000, 0.050, -8.000)	(0.0, 0.0, 0.0)
Beach Villa - Layout Revision/Continuous paving - deduplicated 2m grid/Floor2x2	Assets/Modern Villa/Prefabs/floors/Floor2x2.prefab	(24.000, -0.950, -8.000)	(26.000, 0.050, -6.000)	(0.0, 0.0, 0.0)
Beach Villa - Layout Revision/Continuous paving - deduplicated 2m grid/Floor2x2	Assets/Modern Villa/Prefabs/floors/Floor2x2.prefab	(24.000, -0.950, 0.000)	(26.000, 0.050, 2.000)	(0.0, 0.0, 0.0)
Beach Villa - Layout Revision/Continuous paving - deduplicated 2m grid/Floor2x2	Assets/Modern Villa/Prefabs/floors/Floor2x2.prefab	(24.000, -0.950, 2.000)	(26.000, 0.050, 4.000)	(0.0, 0.0, 0.0)
Beach Villa - Layout Revision/Continuous paving - deduplicated 2m grid/Floor2x2	Assets/Modern Villa/Prefabs/floors/Floor2x2.prefab	(24.000, -0.950, 4.000)	(26.000, 0.050, 6.000)	(0.0, 0.0, 0.0)
Beach Villa - Layout Revision/Continuous paving - deduplicated 2m grid/Floor2x2	Assets/Modern Villa/Prefabs/floors/Floor2x2.prefab	(24.000, -0.950, 6.000)	(26.000, 0.050, 8.000)	(0.0, 0.0, 0.0)
Beach Villa - Layout Revision/Continuous paving - deduplicated 2m grid/Floor2x2	Assets/Modern Villa/Prefabs/floors/Floor2x2.prefab	(24.000, -0.950, 8.000)	(26.000, 0.050, 10.000)	(0.0, 0.0, 0.0)
Beach Villa - Layout Revision/Continuous paving - deduplicated 2m grid/Floor2x2	Assets/Modern Villa/Prefabs/floors/Floor2x2.prefab	(24.000, -0.950, 10.000)	(26.000, 0.050, 12.000)	(0.0, 0.0, 0.0)
Beach Villa - Layout Revision/Continuous paving - deduplicated 2m grid/Floor2x2	Assets/Modern Villa/Prefabs/floors/Floor2x2.prefab	(24.000, -0.950, 12.000)	(26.000, 0.050, 14.000)	(0.0, 0.0, 0.0)
Beach Villa - Layout Revision/Continuous paving - deduplicated 2m grid/Floor2x2	Assets/Modern Villa/Prefabs/floors/Floor2x2.prefab	(24.000, -0.950, 14.000)	(26.000, 0.050, 16.000)	(0.0, 0.0, 0.0)
Beach Villa - Layout Revision/Continuous paving - deduplicated 2m grid/Floor2x2	Assets/Modern Villa/Prefabs/floors/Floor2x2.prefab	(24.000, -0.950, 16.000)	(26.000, 0.050, 18.000)	(0.0, 0.0, 0.0)
Beach Villa - Layout Revision/Continuous paving - deduplicated 2m grid/Floor2x2	Assets/Modern Villa/Prefabs/floors/Floor2x2.prefab	(24.000, -0.950, 18.000)	(26.000, 0.050, 20.000)	(0.0, 0.0, 0.0)
Beach Villa - Layout Revision/Continuous paving - deduplicated 2m grid/Floor2x2	Assets/Modern Villa/Prefabs/floors/Floor2x2.prefab	(24.000, -0.950, 20.000)	(26.000, 0.050, 22.000)	(0.0, 0.0, 0.0)
Beach Villa - Layout Revision/Continuous paving - deduplicated 2m grid/Floor2x2	Assets/Modern Villa/Prefabs/floors/Floor2x2.prefab	(24.000, -0.950, 22.000)	(26.000, 0.050, 24.000)	(0.0, 0.0, 0.0)
Beach Villa - Layout Revision/Continuous paving - deduplicated 2m grid/Floor2x2	Assets/Modern Villa/Prefabs/floors/Floor2x2.prefab	(24.000, -0.950, 24.000)	(26.000, 0.050, 26.000)	(0.0, 0.0, 0.0)
Beach Villa - Layout Revision/Continuous paving - deduplicated 2m grid/Floor2x2	Assets/Modern Villa/Prefabs/floors/Floor2x2.prefab	(24.000, -0.950, 26.000)	(26.000, 0.050, 28.000)	(0.0, 0.0, 0.0)
Beach Villa - Layout Revision/Continuous paving - deduplicated 2m grid/Floor2x2	Assets/Modern Villa/Prefabs/floors/Floor2x2.prefab	(24.000, -0.950, 28.000)	(26.000, 0.050, 30.000)	(0.0, 0.0, 0.0)
Beach Villa - Layout Revision/Continuous paving - deduplicated 2m grid/Floor2x2	Assets/Modern Villa/Prefabs/floors/Floor2x2.prefab	(24.000, -0.950, 30.000)	(26.000, 0.050, 32.000)	(0.0, 0.0, 0.0)
Beach Villa - Layout Revision/Continuous paving - deduplicated 2m grid/Floor2x2	Assets/Modern Villa/Prefabs/floors/Floor2x2.prefab	(24.000, -0.950, 32.000)	(26.000, 0.050, 34.000)	(0.0, 0.0, 0.0)
Beach Villa - Layout Revision/Continuous paving - deduplicated 2m grid/Floor2x2	Assets/Modern Villa/Prefabs/floors/Floor2x2.prefab	(24.000, -0.950, 34.000)	(26.000, 0.050, 36.000)	(0.0, 0.0, 0.0)
Beach Villa - Layout Revision/Continuous paving - deduplicated 2m grid/Floor2x2	Assets/Modern Villa/Prefabs/floors/Floor2x2.prefab	(24.000, -0.950, 36.000)	(26.000, 0.050, 38.000)	(0.0, 0.0, 0.0)
Beach Villa - Layout Revision/Continuous paving - deduplicated 2m grid/Floor2x2	Assets/Modern Villa/Prefabs/floors/Floor2x2.prefab	(24.000, -0.950, 38.000)	(26.000, 0.050, 40.000)	(0.0, 0.0, 0.0)
Beach Villa - Layout Revision/Continuous paving - deduplicated 2m grid/Floor2x2	Assets/Modern Villa/Prefabs/floors/Floor2x2.prefab	(24.000, -0.950, 40.000)	(26.000, 0.050, 42.000)	(0.0, 0.0, 0.0)
Beach Villa - Layout Revision/Continuous paving - deduplicated 2m grid/Floor2x2	Assets/Modern Villa/Prefabs/floors/Floor2x2.prefab	(24.000, -0.950, 42.000)	(26.000, 0.050, 44.000)	(0.0, 0.0, 0.0)
Beach Villa - Layout Revision/Continuous paving - deduplicated 2m grid/Floor2x2	Assets/Modern Villa/Prefabs/floors/Floor2x2.prefab	(26.000, -0.950, -20.000)	(28.000, 0.050, -18.000)	(0.0, 0.0, 0.0)
Beach Villa - Layout Revision/Continuous paving - deduplicated 2m grid/Floor2x2	Assets/Modern Villa/Prefabs/floors/Floor2x2.prefab	(26.000, -0.950, -18.000)	(28.000, 0.050, -16.000)	(0.0, 0.0, 0.0)
Beach Villa - Layout Revision/Continuous paving - deduplicated 2m grid/Floor2x2	Assets/Modern Villa/Prefabs/floors/Floor2x2.prefab	(26.000, -0.950, -16.000)	(28.000, 0.050, -14.000)	(0.0, 0.0, 0.0)
Beach Villa - Layout Revision/Continuous paving - deduplicated 2m grid/Floor2x2	Assets/Modern Villa/Prefabs/floors/Floor2x2.prefab	(26.000, -0.950, -14.000)	(28.000, 0.050, -12.000)	(0.0, 0.0, 0.0)
Beach Villa - Layout Revision/Continuous paving - deduplicated 2m grid/Floor2x2	Assets/Modern Villa/Prefabs/floors/Floor2x2.prefab	(26.000, -0.950, -12.000)	(28.000, 0.050, -10.000)	(0.0, 0.0, 0.0)
Beach Villa - Layout Revision/Continuous paving - deduplicated 2m grid/Floor2x2	Assets/Modern Villa/Prefabs/floors/Floor2x2.prefab	(26.000, -0.950, -10.000)	(28.000, 0.050, -8.000)	(0.0, 0.0, 0.0)
Beach Villa - Layout Revision/Continuous paving - deduplicated 2m grid/Floor2x2	Assets/Modern Villa/Prefabs/floors/Floor2x2.prefab	(26.000, -0.950, -8.000)	(28.000, 0.050, -6.000)	(0.0, 0.0, 0.0)
Beach Villa - Layout Revision/Continuous paving - deduplicated 2m grid/Floor2x2	Assets/Modern Villa/Prefabs/floors/Floor2x2.prefab	(26.000, -0.950, 0.000)	(28.000, 0.050, 2.000)	(0.0, 0.0, 0.0)
Beach Villa - Layout Revision/Continuous paving - deduplicated 2m grid/Floor2x2	Assets/Modern Villa/Prefabs/floors/Floor2x2.prefab	(26.000, -0.950, 2.000)	(28.000, 0.050, 4.000)	(0.0, 0.0, 0.0)
Beach Villa - Layout Revision/Continuous paving - deduplicated 2m grid/Floor2x2	Assets/Modern Villa/Prefabs/floors/Floor2x2.prefab	(26.000, -0.950, 4.000)	(28.000, 0.050, 6.000)	(0.0, 0.0, 0.0)
Beach Villa - Layout Revision/Continuous paving - deduplicated 2m grid/Floor2x2	Assets/Modern Villa/Prefabs/floors/Floor2x2.prefab	(26.000, -0.950, 6.000)	(28.000, 0.050, 8.000)	(0.0, 0.0, 0.0)
Beach Villa - Layout Revision/Continuous paving - deduplicated 2m grid/Floor2x2	Assets/Modern Villa/Prefabs/floors/Floor2x2.prefab	(26.000, -0.950, 8.000)	(28.000, 0.050, 10.000)	(0.0, 0.0, 0.0)
Beach Villa - Layout Revision/Continuous paving - deduplicated 2m grid/Floor2x2	Assets/Modern Villa/Prefabs/floors/Floor2x2.prefab	(26.000, -0.950, 10.000)	(28.000, 0.050, 12.000)	(0.0, 0.0, 0.0)
Beach Villa - Layout Revision/Continuous paving - deduplicated 2m grid/Floor2x2	Assets/Modern Villa/Prefabs/floors/Floor2x2.prefab	(26.000, -0.950, 12.000)	(28.000, 0.050, 14.000)	(0.0, 0.0, 0.0)
Beach Villa - Layout Revision/Continuous paving - deduplicated 2m grid/Floor2x2	Assets/Modern Villa/Prefabs/floors/Floor2x2.prefab	(26.000, -0.950, 14.000)	(28.000, 0.050, 16.000)	(0.0, 0.0, 0.0)
Beach Villa - Layout Revision/Continuous paving - deduplicated 2m grid/Floor2x2	Assets/Modern Villa/Prefabs/floors/Floor2x2.prefab	(26.000, -0.950, 16.000)	(28.000, 0.050, 18.000)	(0.0, 0.0, 0.0)
Beach Villa - Layout Revision/Continuous paving - deduplicated 2m grid/Floor2x2	Assets/Modern Villa/Prefabs/floors/Floor2x2.prefab	(26.000, -0.950, 18.000)	(28.000, 0.050, 20.000)	(0.0, 0.0, 0.0)
Beach Villa - Layout Revision/Continuous paving - deduplicated 2m grid/Floor2x2	Assets/Modern Villa/Prefabs/floors/Floor2x2.prefab	(26.000, -0.950, 20.000)	(28.000, 0.050, 22.000)	(0.0, 0.0, 0.0)
Beach Villa - Layout Revision/Continuous paving - deduplicated 2m grid/Floor2x2	Assets/Modern Villa/Prefabs/floors/Floor2x2.prefab	(26.000, -0.950, 22.000)	(28.000, 0.050, 24.000)	(0.0, 0.0, 0.0)
Beach Villa - Layout Revision/Continuous paving - deduplicated 2m grid/Floor2x2	Assets/Modern Villa/Prefabs/floors/Floor2x2.prefab	(26.000, -0.950, 24.000)	(28.000, 0.050, 26.000)	(0.0, 0.0, 0.0)
Beach Villa - Layout Revision/Continuous paving - deduplicated 2m grid/Floor2x2	Assets/Modern Villa/Prefabs/floors/Floor2x2.prefab	(26.000, -0.950, 26.000)	(28.000, 0.050, 28.000)	(0.0, 0.0, 0.0)
Beach Villa - Layout Revision/Continuous paving - deduplicated 2m grid/Floor2x2	Assets/Modern Villa/Prefabs/floors/Floor2x2.prefab	(26.000, -0.950, 28.000)	(28.000, 0.050, 30.000)	(0.0, 0.0, 0.0)
Beach Villa - Layout Revision/Continuous paving - deduplicated 2m grid/Floor2x2	Assets/Modern Villa/Prefabs/floors/Floor2x2.prefab	(26.000, -0.950, 30.000)	(28.000, 0.050, 32.000)	(0.0, 0.0, 0.0)
Beach Villa - Layout Revision/Continuous paving - deduplicated 2m grid/Floor2x2	Assets/Modern Villa/Prefabs/floors/Floor2x2.prefab	(26.000, -0.950, 32.000)	(28.000, 0.050, 34.000)	(0.0, 0.0, 0.0)
Beach Villa - Layout Revision/Continuous paving - deduplicated 2m grid/Floor2x2	Assets/Modern Villa/Prefabs/floors/Floor2x2.prefab	(26.000, -0.950, 34.000)	(28.000, 0.050, 36.000)	(0.0, 0.0, 0.0)
Beach Villa - Layout Revision/Continuous paving - deduplicated 2m grid/Floor2x2	Assets/Modern Villa/Prefabs/floors/Floor2x2.prefab	(26.000, -0.950, 36.000)	(28.000, 0.050, 38.000)	(0.0, 0.0, 0.0)
Beach Villa - Layout Revision/Continuous paving - deduplicated 2m grid/Floor2x2	Assets/Modern Villa/Prefabs/floors/Floor2x2.prefab	(26.000, -0.950, 38.000)	(28.000, 0.050, 40.000)	(0.0, 0.0, 0.0)
Beach Villa - Layout Revision/Continuous paving - deduplicated 2m grid/Floor2x2	Assets/Modern Villa/Prefabs/floors/Floor2x2.prefab	(26.000, -0.950, 40.000)	(28.000, 0.050, 42.000)	(0.0, 0.0, 0.0)
Beach Villa - Layout Revision/Continuous paving - deduplicated 2m grid/Floor2x2	Assets/Modern Villa/Prefabs/floors/Floor2x2.prefab	(26.000, -0.950, 42.000)	(28.000, 0.050, 44.000)	(0.0, 0.0, 0.0)
Beach Villa - Layout Revision/Continuous paving - deduplicated 2m grid/Floor2x2	Assets/Modern Villa/Prefabs/floors/Floor2x2.prefab	(28.000, -0.950, -20.000)	(30.000, 0.050, -18.000)	(0.0, 0.0, 0.0)
Beach Villa - Layout Revision/Continuous paving - deduplicated 2m grid/Floor2x2	Assets/Modern Villa/Prefabs/floors/Floor2x2.prefab	(28.000, -0.950, -18.000)	(30.000, 0.050, -16.000)	(0.0, 0.0, 0.0)
Beach Villa - Layout Revision/Continuous paving - deduplicated 2m grid/Floor2x2	Assets/Modern Villa/Prefabs/floors/Floor2x2.prefab	(28.000, -0.950, -16.000)	(30.000, 0.050, -14.000)	(0.0, 0.0, 0.0)
Beach Villa - Layout Revision/Continuous paving - deduplicated 2m grid/Floor2x2	Assets/Modern Villa/Prefabs/floors/Floor2x2.prefab	(28.000, -0.950, -14.000)	(30.000, 0.050, -12.000)	(0.0, 0.0, 0.0)
Beach Villa - Layout Revision/Continuous paving - deduplicated 2m grid/Floor2x2	Assets/Modern Villa/Prefabs/floors/Floor2x2.prefab	(28.000, -0.950, -12.000)	(30.000, 0.050, -10.000)	(0.0, 0.0, 0.0)
Beach Villa - Layout Revision/Continuous paving - deduplicated 2m grid/Floor2x2	Assets/Modern Villa/Prefabs/floors/Floor2x2.prefab	(28.000, -0.950, -10.000)	(30.000, 0.050, -8.000)	(0.0, 0.0, 0.0)
Beach Villa - Layout Revision/Continuous paving - deduplicated 2m grid/Floor2x2	Assets/Modern Villa/Prefabs/floors/Floor2x2.prefab	(28.000, -0.950, -8.000)	(30.000, 0.050, -6.000)	(0.0, 0.0, 0.0)
Beach Villa - Layout Revision/Continuous paving - deduplicated 2m grid/Floor2x2	Assets/Modern Villa/Prefabs/floors/Floor2x2.prefab	(28.000, -0.950, 0.000)	(30.000, 0.050, 2.000)	(0.0, 0.0, 0.0)
Beach Villa - Layout Revision/Continuous paving - deduplicated 2m grid/Floor2x2	Assets/Modern Villa/Prefabs/floors/Floor2x2.prefab	(28.000, -0.950, 2.000)	(30.000, 0.050, 4.000)	(0.0, 0.0, 0.0)
Beach Villa - Layout Revision/Continuous paving - deduplicated 2m grid/Floor2x2	Assets/Modern Villa/Prefabs/floors/Floor2x2.prefab	(28.000, -0.950, 4.000)	(30.000, 0.050, 6.000)	(0.0, 0.0, 0.0)
Beach Villa - Layout Revision/Continuous paving - deduplicated 2m grid/Floor2x2	Assets/Modern Villa/Prefabs/floors/Floor2x2.prefab	(28.000, -0.950, 6.000)	(30.000, 0.050, 8.000)	(0.0, 0.0, 0.0)
Beach Villa - Layout Revision/Continuous paving - deduplicated 2m grid/Floor2x2	Assets/Modern Villa/Prefabs/floors/Floor2x2.prefab	(28.000, -0.950, 8.000)	(30.000, 0.050, 10.000)	(0.0, 0.0, 0.0)
Beach Villa - Layout Revision/Continuous paving - deduplicated 2m grid/Floor2x2	Assets/Modern Villa/Prefabs/floors/Floor2x2.prefab	(28.000, -0.950, 10.000)	(30.000, 0.050, 12.000)	(0.0, 0.0, 0.0)
Beach Villa - Layout Revision/Continuous paving - deduplicated 2m grid/Floor2x2	Assets/Modern Villa/Prefabs/floors/Floor2x2.prefab	(28.000, -0.950, 12.000)	(30.000, 0.050, 14.000)	(0.0, 0.0, 0.0)
Beach Villa - Layout Revision/Continuous paving - deduplicated 2m grid/Floor2x2	Assets/Modern Villa/Prefabs/floors/Floor2x2.prefab	(28.000, -0.950, 14.000)	(30.000, 0.050, 16.000)	(0.0, 0.0, 0.0)
Beach Villa - Layout Revision/Continuous paving - deduplicated 2m grid/Floor2x2	Assets/Modern Villa/Prefabs/floors/Floor2x2.prefab	(28.000, -0.950, 16.000)	(30.000, 0.050, 18.000)	(0.0, 0.0, 0.0)
Beach Villa - Layout Revision/Continuous paving - deduplicated 2m grid/Floor2x2	Assets/Modern Villa/Prefabs/floors/Floor2x2.prefab	(28.000, -0.950, 18.000)	(30.000, 0.050, 20.000)	(0.0, 0.0, 0.0)
Beach Villa - Layout Revision/Continuous paving - deduplicated 2m grid/Floor2x2	Assets/Modern Villa/Prefabs/floors/Floor2x2.prefab	(28.000, -0.950, 20.000)	(30.000, 0.050, 22.000)	(0.0, 0.0, 0.0)
Beach Villa - Layout Revision/Continuous paving - deduplicated 2m grid/Floor2x2	Assets/Modern Villa/Prefabs/floors/Floor2x2.prefab	(28.000, -0.950, 22.000)	(30.000, 0.050, 24.000)	(0.0, 0.0, 0.0)
Beach Villa - Layout Revision/Continuous paving - deduplicated 2m grid/Floor2x2	Assets/Modern Villa/Prefabs/floors/Floor2x2.prefab	(28.000, -0.950, 24.000)	(30.000, 0.050, 26.000)	(0.0, 0.0, 0.0)
Beach Villa - Layout Revision/Continuous paving - deduplicated 2m grid/Floor2x2	Assets/Modern Villa/Prefabs/floors/Floor2x2.prefab	(28.000, -0.950, 26.000)	(30.000, 0.050, 28.000)	(0.0, 0.0, 0.0)
Beach Villa - Layout Revision/Continuous paving - deduplicated 2m grid/Floor2x2	Assets/Modern Villa/Prefabs/floors/Floor2x2.prefab	(28.000, -0.950, 28.000)	(30.000, 0.050, 30.000)	(0.0, 0.0, 0.0)
Beach Villa - Layout Revision/Continuous paving - deduplicated 2m grid/Floor2x2	Assets/Modern Villa/Prefabs/floors/Floor2x2.prefab	(28.000, -0.950, 30.000)	(30.000, 0.050, 32.000)	(0.0, 0.0, 0.0)
Beach Villa - Layout Revision/Continuous paving - deduplicated 2m grid/Floor2x2	Assets/Modern Villa/Prefabs/floors/Floor2x2.prefab	(28.000, -0.950, 32.000)	(30.000, 0.050, 34.000)	(0.0, 0.0, 0.0)
Beach Villa - Layout Revision/Continuous paving - deduplicated 2m grid/Floor2x2	Assets/Modern Villa/Prefabs/floors/Floor2x2.prefab	(28.000, -0.950, 34.000)	(30.000, 0.050, 36.000)	(0.0, 0.0, 0.0)
Beach Villa - Layout Revision/Continuous paving - deduplicated 2m grid/Floor2x2	Assets/Modern Villa/Prefabs/floors/Floor2x2.prefab	(28.000, -0.950, 36.000)	(30.000, 0.050, 38.000)	(0.0, 0.0, 0.0)
Beach Villa - Layout Revision/Continuous paving - deduplicated 2m grid/Floor2x2	Assets/Modern Villa/Prefabs/floors/Floor2x2.prefab	(28.000, -0.950, 38.000)	(30.000, 0.050, 40.000)	(0.0, 0.0, 0.0)
Beach Villa - Layout Revision/Continuous paving - deduplicated 2m grid/Floor2x2	Assets/Modern Villa/Prefabs/floors/Floor2x2.prefab	(28.000, -0.950, 40.000)	(30.000, 0.050, 42.000)	(0.0, 0.0, 0.0)
Beach Villa - Layout Revision/Continuous paving - deduplicated 2m grid/Floor2x2	Assets/Modern Villa/Prefabs/floors/Floor2x2.prefab	(28.000, -0.950, 42.000)	(30.000, 0.050, 44.000)	(0.0, 0.0, 0.0)
Beach Villa - Layout Revision/Continuous paving - deduplicated 2m grid/Floor2x2	Assets/Modern Villa/Prefabs/floors/Floor2x2.prefab	(30.000, -0.950, 0.000)	(32.000, 0.050, 2.000)	(0.0, 0.0, 0.0)
Beach Villa - Layout Revision/Continuous paving - deduplicated 2m grid/Floor2x2	Assets/Modern Villa/Prefabs/floors/Floor2x2.prefab	(30.000, -0.950, 2.000)	(32.000, 0.050, 4.000)	(0.0, 0.0, 0.0)
Beach Villa - Layout Revision/Continuous paving - deduplicated 2m grid/Floor2x2	Assets/Modern Villa/Prefabs/floors/Floor2x2.prefab	(30.000, -0.950, 4.000)	(32.000, 0.050, 6.000)	(0.0, 0.0, 0.0)
Beach Villa - Layout Revision/Continuous paving - deduplicated 2m grid/Floor2x2	Assets/Modern Villa/Prefabs/floors/Floor2x2.prefab	(30.000, -0.950, 6.000)	(32.000, 0.050, 8.000)	(0.0, 0.0, 0.0)
Beach Villa - Layout Revision/Continuous paving - deduplicated 2m grid/Floor2x2	Assets/Modern Villa/Prefabs/floors/Floor2x2.prefab	(30.000, -0.950, 8.000)	(32.000, 0.050, 10.000)	(0.0, 0.0, 0.0)
Beach Villa - Layout Revision/Continuous paving - deduplicated 2m grid/Floor2x2	Assets/Modern Villa/Prefabs/floors/Floor2x2.prefab	(30.000, -0.950, 10.000)	(32.000, 0.050, 12.000)	(0.0, 0.0, 0.0)
Beach Villa - Layout Revision/Continuous paving - deduplicated 2m grid/Floor2x2	Assets/Modern Villa/Prefabs/floors/Floor2x2.prefab	(30.000, -0.950, 12.000)	(32.000, 0.050, 14.000)	(0.0, 0.0, 0.0)
Beach Villa - Layout Revision/Continuous paving - deduplicated 2m grid/Floor2x2	Assets/Modern Villa/Prefabs/floors/Floor2x2.prefab	(30.000, -0.950, 14.000)	(32.000, 0.050, 16.000)	(0.0, 0.0, 0.0)
Beach Villa - Layout Revision/Continuous paving - deduplicated 2m grid/Floor2x2	Assets/Modern Villa/Prefabs/floors/Floor2x2.prefab	(30.000, -0.950, 16.000)	(32.000, 0.050, 18.000)	(0.0, 0.0, 0.0)
Beach Villa - Layout Revision/Continuous paving - deduplicated 2m grid/Floor2x2	Assets/Modern Villa/Prefabs/floors/Floor2x2.prefab	(30.000, -0.950, 18.000)	(32.000, 0.050, 20.000)	(0.0, 0.0, 0.0)
Beach Villa - Layout Revision/Continuous paving - deduplicated 2m grid/Floor2x2	Assets/Modern Villa/Prefabs/floors/Floor2x2.prefab	(30.000, -0.950, 20.000)	(32.000, 0.050, 22.000)	(0.0, 0.0, 0.0)
Beach Villa - Layout Revision/Continuous paving - deduplicated 2m grid/Floor2x2	Assets/Modern Villa/Prefabs/floors/Floor2x2.prefab	(30.000, -0.950, 22.000)	(32.000, 0.050, 24.000)	(0.0, 0.0, 0.0)
Beach Villa - Layout Revision/Continuous paving - deduplicated 2m grid/Floor2x2	Assets/Modern Villa/Prefabs/floors/Floor2x2.prefab	(30.000, -0.950, 24.000)	(32.000, 0.050, 26.000)	(0.0, 0.0, 0.0)
Beach Villa - Layout Revision/Continuous paving - deduplicated 2m grid/Floor2x2	Assets/Modern Villa/Prefabs/floors/Floor2x2.prefab	(30.000, -0.950, 26.000)	(32.000, 0.050, 28.000)	(0.0, 0.0, 0.0)
Beach Villa - Layout Revision/Continuous paving - deduplicated 2m grid/Floor2x2	Assets/Modern Villa/Prefabs/floors/Floor2x2.prefab	(30.000, -0.950, 28.000)	(32.000, 0.050, 30.000)	(0.0, 0.0, 0.0)
Beach Villa - Layout Revision/Continuous paving - deduplicated 2m grid/Floor2x2	Assets/Modern Villa/Prefabs/floors/Floor2x2.prefab	(30.000, -0.950, 30.000)	(32.000, 0.050, 32.000)	(0.0, 0.0, 0.0)
Beach Villa - Layout Revision/Continuous paving - deduplicated 2m grid/Floor2x2	Assets/Modern Villa/Prefabs/floors/Floor2x2.prefab	(30.000, -0.950, 32.000)	(32.000, 0.050, 34.000)	(0.0, 0.0, 0.0)
Beach Villa - Layout Revision/Continuous paving - deduplicated 2m grid/Floor2x2	Assets/Modern Villa/Prefabs/floors/Floor2x2.prefab	(30.000, -0.950, 34.000)	(32.000, 0.050, 36.000)	(0.0, 0.0, 0.0)
Beach Villa - Layout Revision/Continuous paving - deduplicated 2m grid/Floor2x2	Assets/Modern Villa/Prefabs/floors/Floor2x2.prefab	(32.000, -0.950, 0.000)	(34.000, 0.050, 2.000)	(0.0, 0.0, 0.0)
Beach Villa - Layout Revision/Continuous paving - deduplicated 2m grid/Floor2x2	Assets/Modern Villa/Prefabs/floors/Floor2x2.prefab	(32.000, -0.950, 2.000)	(34.000, 0.050, 4.000)	(0.0, 0.0, 0.0)
Beach Villa - Layout Revision/Continuous paving - deduplicated 2m grid/Floor2x2	Assets/Modern Villa/Prefabs/floors/Floor2x2.prefab	(32.000, -0.950, 4.000)	(34.000, 0.050, 6.000)	(0.0, 0.0, 0.0)
Beach Villa - Layout Revision/Continuous paving - deduplicated 2m grid/Floor2x2	Assets/Modern Villa/Prefabs/floors/Floor2x2.prefab	(32.000, -0.950, 6.000)	(34.000, 0.050, 8.000)	(0.0, 0.0, 0.0)
Beach Villa - Layout Revision/Continuous paving - deduplicated 2m grid/Floor2x2	Assets/Modern Villa/Prefabs/floors/Floor2x2.prefab	(32.000, -0.950, 8.000)	(34.000, 0.050, 10.000)	(0.0, 0.0, 0.0)
Beach Villa - Layout Revision/Continuous paving - deduplicated 2m grid/Floor2x2	Assets/Modern Villa/Prefabs/floors/Floor2x2.prefab	(32.000, -0.950, 10.000)	(34.000, 0.050, 12.000)	(0.0, 0.0, 0.0)
Beach Villa - Layout Revision/Continuous paving - deduplicated 2m grid/Floor2x2	Assets/Modern Villa/Prefabs/floors/Floor2x2.prefab	(32.000, -0.950, 12.000)	(34.000, 0.050, 14.000)	(0.0, 0.0, 0.0)
Beach Villa - Layout Revision/Continuous paving - deduplicated 2m grid/Floor2x2	Assets/Modern Villa/Prefabs/floors/Floor2x2.prefab	(32.000, -0.950, 14.000)	(34.000, 0.050, 16.000)	(0.0, 0.0, 0.0)
Beach Villa - Layout Revision/Continuous paving - deduplicated 2m grid/Floor2x2	Assets/Modern Villa/Prefabs/floors/Floor2x2.prefab	(32.000, -0.950, 16.000)	(34.000, 0.050, 18.000)	(0.0, 0.0, 0.0)
Beach Villa - Layout Revision/Continuous paving - deduplicated 2m grid/Floor2x2	Assets/Modern Villa/Prefabs/floors/Floor2x2.prefab	(32.000, -0.950, 18.000)	(34.000, 0.050, 20.000)	(0.0, 0.0, 0.0)
Beach Villa - Layout Revision/Continuous paving - deduplicated 2m grid/Floor2x2	Assets/Modern Villa/Prefabs/floors/Floor2x2.prefab	(32.000, -0.950, 20.000)	(34.000, 0.050, 22.000)	(0.0, 0.0, 0.0)
Beach Villa - Layout Revision/Continuous paving - deduplicated 2m grid/Floor2x2	Assets/Modern Villa/Prefabs/floors/Floor2x2.prefab	(32.000, -0.950, 22.000)	(34.000, 0.050, 24.000)	(0.0, 0.0, 0.0)
Beach Villa - Layout Revision/Continuous paving - deduplicated 2m grid/Floor2x2	Assets/Modern Villa/Prefabs/floors/Floor2x2.prefab	(32.000, -0.950, 24.000)	(34.000, 0.050, 26.000)	(0.0, 0.0, 0.0)
Beach Villa - Layout Revision/Continuous paving - deduplicated 2m grid/Floor2x2	Assets/Modern Villa/Prefabs/floors/Floor2x2.prefab	(32.000, -0.950, 26.000)	(34.000, 0.050, 28.000)	(0.0, 0.0, 0.0)
Beach Villa - Layout Revision/Continuous paving - deduplicated 2m grid/Floor2x2	Assets/Modern Villa/Prefabs/floors/Floor2x2.prefab	(32.000, -0.950, 28.000)	(34.000, 0.050, 30.000)	(0.0, 0.0, 0.0)
Beach Villa - Layout Revision/Continuous paving - deduplicated 2m grid/Floor2x2	Assets/Modern Villa/Prefabs/floors/Floor2x2.prefab	(32.000, -0.950, 30.000)	(34.000, 0.050, 32.000)	(0.0, 0.0, 0.0)
Beach Villa - Layout Revision/Continuous paving - deduplicated 2m grid/Floor2x2	Assets/Modern Villa/Prefabs/floors/Floor2x2.prefab	(32.000, -0.950, 32.000)	(34.000, 0.050, 34.000)	(0.0, 0.0, 0.0)
Beach Villa - Layout Revision/Continuous paving - deduplicated 2m grid/Floor2x2	Assets/Modern Villa/Prefabs/floors/Floor2x2.prefab	(32.000, -0.950, 34.000)	(34.000, 0.050, 36.000)	(0.0, 0.0, 0.0)
Beach Villa - Layout Revision/Continuous paving - deduplicated 2m grid/Floor2x2	Assets/Modern Villa/Prefabs/floors/Floor2x2.prefab	(34.000, -0.950, 0.000)	(36.000, 0.050, 2.000)	(0.0, 0.0, 0.0)
Beach Villa - Layout Revision/Continuous paving - deduplicated 2m grid/Floor2x2	Assets/Modern Villa/Prefabs/floors/Floor2x2.prefab	(34.000, -0.950, 2.000)	(36.000, 0.050, 4.000)	(0.0, 0.0, 0.0)
Beach Villa - Layout Revision/Continuous paving - deduplicated 2m grid/Floor2x2	Assets/Modern Villa/Prefabs/floors/Floor2x2.prefab	(34.000, -0.950, 4.000)	(36.000, 0.050, 6.000)	(0.0, 0.0, 0.0)
Beach Villa - Layout Revision/Continuous paving - deduplicated 2m grid/Floor2x2	Assets/Modern Villa/Prefabs/floors/Floor2x2.prefab	(34.000, -0.950, 6.000)	(36.000, 0.050, 8.000)	(0.0, 0.0, 0.0)
Beach Villa - Layout Revision/Continuous paving - deduplicated 2m grid/Floor2x2	Assets/Modern Villa/Prefabs/floors/Floor2x2.prefab	(34.000, -0.950, 8.000)	(36.000, 0.050, 10.000)	(0.0, 0.0, 0.0)
Beach Villa - Layout Revision/Continuous paving - deduplicated 2m grid/Floor2x2	Assets/Modern Villa/Prefabs/floors/Floor2x2.prefab	(34.000, -0.950, 10.000)	(36.000, 0.050, 12.000)	(0.0, 0.0, 0.0)
Beach Villa - Layout Revision/Continuous paving - deduplicated 2m grid/Floor2x2	Assets/Modern Villa/Prefabs/floors/Floor2x2.prefab	(34.000, -0.950, 12.000)	(36.000, 0.050, 14.000)	(0.0, 0.0, 0.0)
Beach Villa - Layout Revision/Continuous paving - deduplicated 2m grid/Floor2x2	Assets/Modern Villa/Prefabs/floors/Floor2x2.prefab	(34.000, -0.950, 14.000)	(36.000, 0.050, 16.000)	(0.0, 0.0, 0.0)
Beach Villa - Layout Revision/Continuous paving - deduplicated 2m grid/Floor2x2	Assets/Modern Villa/Prefabs/floors/Floor2x2.prefab	(34.000, -0.950, 16.000)	(36.000, 0.050, 18.000)	(0.0, 0.0, 0.0)
Beach Villa - Layout Revision/Continuous paving - deduplicated 2m grid/Floor2x2	Assets/Modern Villa/Prefabs/floors/Floor2x2.prefab	(34.000, -0.950, 18.000)	(36.000, 0.050, 20.000)	(0.0, 0.0, 0.0)
Beach Villa - Layout Revision/Continuous paving - deduplicated 2m grid/Floor2x2	Assets/Modern Villa/Prefabs/floors/Floor2x2.prefab	(34.000, -0.950, 20.000)	(36.000, 0.050, 22.000)	(0.0, 0.0, 0.0)
Beach Villa - Layout Revision/Continuous paving - deduplicated 2m grid/Floor2x2	Assets/Modern Villa/Prefabs/floors/Floor2x2.prefab	(34.000, -0.950, 22.000)	(36.000, 0.050, 24.000)	(0.0, 0.0, 0.0)
Beach Villa - Layout Revision/Continuous paving - deduplicated 2m grid/Floor2x2	Assets/Modern Villa/Prefabs/floors/Floor2x2.prefab	(34.000, -0.950, 24.000)	(36.000, 0.050, 26.000)	(0.0, 0.0, 0.0)
Beach Villa - Layout Revision/Continuous paving - deduplicated 2m grid/Floor2x2	Assets/Modern Villa/Prefabs/floors/Floor2x2.prefab	(34.000, -0.950, 26.000)	(36.000, 0.050, 28.000)	(0.0, 0.0, 0.0)
Beach Villa - Layout Revision/Continuous paving - deduplicated 2m grid/Floor2x2	Assets/Modern Villa/Prefabs/floors/Floor2x2.prefab	(34.000, -0.950, 28.000)	(36.000, 0.050, 30.000)	(0.0, 0.0, 0.0)
Beach Villa - Layout Revision/Continuous paving - deduplicated 2m grid/Floor2x2	Assets/Modern Villa/Prefabs/floors/Floor2x2.prefab	(34.000, -0.950, 30.000)	(36.000, 0.050, 32.000)	(0.0, 0.0, 0.0)
Beach Villa - Layout Revision/Continuous paving - deduplicated 2m grid/Floor2x2	Assets/Modern Villa/Prefabs/floors/Floor2x2.prefab	(34.000, -0.950, 32.000)	(36.000, 0.050, 34.000)	(0.0, 0.0, 0.0)
Beach Villa - Layout Revision/Continuous paving - deduplicated 2m grid/Floor2x2	Assets/Modern Villa/Prefabs/floors/Floor2x2.prefab	(34.000, -0.950, 34.000)	(36.000, 0.050, 36.000)	(0.0, 0.0, 0.0)
Beach Villa - Layout Revision/Layered planting clusters		(-57.124, -0.099, -19.500)	(54.995, 9.985, 72.014)	(0.0, 0.0, 0.0)
Beach Villa - Layout Revision/Layered planting clusters/PalmA	Assets/Modern Villa/Prefabs/Plants/PalmA.prefab	(-38.319, -0.099, -17.236)	(-33.681, 5.583, -12.764)	(0.0, 192.8, 0.0)
Beach Villa - Layout Revision/Layered planting clusters/PalmB	Assets/Modern Villa/Prefabs/Plants/PalmB.prefab	(-36.209, -0.099, -14.455)	(-32.391, 3.306, -10.745)	(0.0, 99.1, 0.0)
Beach Villa - Layout Revision/Layered planting clusters/Shrub	Assets/Modern Villa/Prefabs/Plants/Shrub.prefab	(-34.943, -0.099, -15.616)	(-33.657, 0.401, -14.384)	(0.0, 81.6, 0.0)
Beach Villa - Layout Revision/Layered planting clusters/PlantC	Assets/Modern Villa/Prefabs/Plants/PlantC.prefab	(-37.714, -0.099, -14.189)	(-36.793, 0.262, -13.379)	(0.0, 358.7, 0.0)
Beach Villa - Layout Revision/Layered planting clusters/Shrub	Assets/Modern Villa/Prefabs/Plants/Shrub.prefab	(-36.789, -0.099, -17.725)	(-34.914, 0.500, -15.861)	(0.0, 129.4, 0.0)
Beach Villa - Layout Revision/Layered planting clusters/PlantC	Assets/Modern Villa/Prefabs/Plants/PlantC.prefab	(-35.644, -0.099, -14.277)	(-34.287, 0.336, -12.866)	(0.0, 118.4, 0.0)
Beach Villa - Layout Revision/Layered planting clusters/Shrub	Assets/Modern Villa/Prefabs/Plants/Shrub.prefab	(-38.473, -0.099, -16.142)	(-36.875, 0.508, -14.485)	(0.0, 193.8, 0.0)
Beach Villa - Layout Revision/Layered planting clusters/PalmC	Assets/Modern Villa/Prefabs/Plants/PalmC.prefab	(-39.501, -0.099, 4.415)	(-32.499, 5.081, 11.585)	(0.0, 295.8, 0.0)
Beach Villa - Layout Revision/Layered planting clusters/PalmB	Assets/Modern Villa/Prefabs/Plants/PalmB.prefab	(-39.995, -0.099, 8.220)	(-35.605, 3.151, 12.580)	(0.0, 125.5, 0.0)
Beach Villa - Layout Revision/Layered planting clusters/Shrub	Assets/Modern Villa/Prefabs/Plants/Shrub.prefab	(-35.001, -0.099, 7.333)	(-33.599, 0.470, 8.667)	(0.0, 275.1, 0.0)
Beach Villa - Layout Revision/Layered planting clusters/PlantC	Assets/Modern Villa/Prefabs/Plants/PlantC.prefab	(-37.801, -0.099, 8.724)	(-36.706, 0.303, 9.708)	(0.0, 6.2, 0.0)
Beach Villa - Layout Revision/Layered planting clusters/Shrub	Assets/Modern Villa/Prefabs/Plants/Shrub.prefab	(-36.806, -0.099, 5.242)	(-34.896, 0.524, 7.172)	(0.0, 145.4, 0.0)
Beach Villa - Layout Revision/Layered planting clusters/PlantC	Assets/Modern Villa/Prefabs/Plants/PlantC.prefab	(-35.514, -0.099, 8.821)	(-34.417, 0.339, 10.036)	(0.0, 262.4, 0.0)
Beach Villa - Layout Revision/Layered planting clusters/Shrub	Assets/Modern Villa/Prefabs/Plants/Shrub.prefab	(-38.486, -0.099, 6.896)	(-36.862, 0.465, 8.476)	(0.0, 70.1, 0.0)
Beach Villa - Layout Revision/Layered planting clusters/PalmA	Assets/Modern Villa/Prefabs/Plants/PalmA.prefab	(-37.650, -0.099, 37.320)	(-32.350, 5.628, 42.680)	(0.0, 55.9, 0.0)
Beach Villa - Layout Revision/Layered planting clusters/PalmB	Assets/Modern Villa/Prefabs/Plants/PalmB.prefab	(-35.297, -0.099, 40.454)	(-31.303, 3.331, 44.346)	(0.0, 77.6, 0.0)
Beach Villa - Layout Revision/Layered planting clusters/Shrub	Assets/Modern Villa/Prefabs/Plants/Shrub.prefab	(-34.069, -0.099, 39.229)	(-32.531, 0.393, 40.771)	(0.0, 137.7, 0.0)
Beach Villa - Layout Revision/Layered planting clusters/PlantC	Assets/Modern Villa/Prefabs/Plants/PlantC.prefab	(-36.781, -0.099, 40.658)	(-35.727, 0.256, 41.773)	(0.0, 248.0, 0.0)
Beach Villa - Layout Revision/Layered planting clusters/Shrub	Assets/Modern Villa/Prefabs/Plants/Shrub.prefab	(-35.506, -0.099, 37.559)	(-34.197, 0.322, 38.855)	(0.0, 54.5, 0.0)
Beach Villa - Layout Revision/Layered planting clusters/PlantC	Assets/Modern Villa/Prefabs/Plants/PlantC.prefab	(-34.525, -0.099, 40.846)	(-33.407, 0.262, 42.011)	(0.0, 117.4, 0.0)
Beach Villa - Layout Revision/Layered planting clusters/Shrub	Assets/Modern Villa/Prefabs/Plants/Shrub.prefab	(-37.438, -0.099, 38.934)	(-35.909, 0.403, 40.438)	(0.0, 60.7, 0.0)
Beach Villa - Layout Revision/Layered planting clusters/PalmC	Assets/Modern Villa/Prefabs/Plants/PalmC.prefab	(31.666, -0.099, -18.221)	(38.334, 4.968, -11.779)	(0.0, 161.7, 0.0)
Beach Villa - Layout Revision/Layered planting clusters/PalmB	Assets/Modern Villa/Prefabs/Plants/PalmB.prefab	(31.234, -0.099, -14.510)	(35.166, 3.398, -10.690)	(0.0, 260.7, 0.0)
Beach Villa - Layout Revision/Layered planting clusters/Shrub	Assets/Modern Villa/Prefabs/Plants/Shrub.prefab	(36.078, -0.099, -15.633)	(37.322, 0.319, -14.367)	(0.0, 151.8, 0.0)
Beach Villa - Layout Revision/Layered planting clusters/PlantC	Assets/Modern Villa/Prefabs/Plants/PlantC.prefab	(33.229, -0.099, -14.327)	(34.263, 0.242, -13.241)	(0.0, 65.5, 0.0)
Beach Villa - Layout Revision/Layered planting clusters/Shrub	Assets/Modern Villa/Prefabs/Plants/Shrub.prefab	(34.504, -0.099, -17.418)	(35.794, 0.360, -16.168)	(0.0, 73.0, 0.0)
Beach Villa - Layout Revision/Layered planting clusters/PlantC	Assets/Modern Villa/Prefabs/Plants/PlantC.prefab	(35.597, -0.099, -14.048)	(36.471, 0.228, -13.095)	(0.0, 257.8, 0.0)
Beach Villa - Layout Revision/Layered planting clusters/Shrub	Assets/Modern Villa/Prefabs/Plants/Shrub.prefab	(32.672, -0.099, -15.973)	(33.980, 0.323, -14.655)	(0.0, 37.8, 0.0)
Beach Villa - Layout Revision/Layered planting clusters/PalmA	Assets/Modern Villa/Prefabs/Plants/PalmA.prefab	(33.679, -0.099, 1.784)	(38.321, 6.018, 6.216)	(0.0, 6.5, 0.0)
Beach Villa - Layout Revision/Layered planting clusters/PalmB	Assets/Modern Villa/Prefabs/Plants/PalmB.prefab	(35.511, -0.099, 4.242)	(39.889, 3.279, 8.558)	(0.0, 244.4, 0.0)
Beach Villa - Layout Revision/Layered planting clusters/Shrub	Assets/Modern Villa/Prefabs/Plants/Shrub.prefab	(36.987, -0.099, 3.312)	(38.413, 0.426, 4.688)	(0.0, 76.5, 0.0)
Beach Villa - Layout Revision/Layered planting clusters/PlantC	Assets/Modern Villa/Prefabs/Plants/PlantC.prefab	(34.161, -0.099, 4.582)	(35.332, 0.328, 5.850)	(0.0, 255.6, 0.0)
Beach Villa - Layout Revision/Layered planting clusters/Shrub	Assets/Modern Villa/Prefabs/Plants/Shrub.prefab	(35.221, -0.099, 1.293)	(37.076, 0.506, 3.121)	(0.0, 239.0, 0.0)
Beach Villa - Layout Revision/Layered planting clusters/PlantC	Assets/Modern Villa/Prefabs/Plants/PlantC.prefab	(36.420, -0.099, 4.875)	(37.649, 0.348, 5.982)	(0.0, 186.9, 0.0)
Beach Villa - Layout Revision/Layered planting clusters/Shrub	Assets/Modern Villa/Prefabs/Plants/Shrub.prefab	(33.627, -0.099, 2.985)	(35.025, 0.348, 4.388)	(0.0, 222.0, 0.0)
Beach Villa - Layout Revision/Layered planting clusters/PalmC	Assets/Modern Villa/Prefabs/Plants/PalmC.prefab	(33.038, -0.099, 37.234)	(38.962, 5.490, 42.766)	(0.0, 360.0, 0.0)
Beach Villa - Layout Revision/Layered planting clusters/PalmB	Assets/Modern Villa/Prefabs/Plants/PalmB.prefab	(31.710, -0.099, 39.895)	(36.690, 3.603, 44.905)	(0.0, 143.6, 0.0)
Beach Villa - Layout Revision/Layered planting clusters/Shrub	Assets/Modern Villa/Prefabs/Plants/Shrub.prefab	(37.177, -0.099, 39.446)	(38.223, 0.387, 40.554)	(0.0, 180.0, 0.0)
Beach Villa - Layout Revision/Layered planting clusters/PlantC	Assets/Modern Villa/Prefabs/Plants/PlantC.prefab	(34.145, -0.099, 40.671)	(35.348, 0.330, 41.761)	(0.0, 188.6, 0.0)
Beach Villa - Layout Revision/Layered planting clusters/Shrub	Assets/Modern Villa/Prefabs/Plants/Shrub.prefab	(35.263, -0.099, 37.338)	(37.035, 0.491, 39.076)	(0.0, 63.4, 0.0)
Beach Villa - Layout Revision/Layered planting clusters/PlantC	Assets/Modern Villa/Prefabs/Plants/PlantC.prefab	(36.495, -0.099, 40.840)	(37.573, 0.307, 42.017)	(0.0, 101.7, 0.0)
Beach Villa - Layout Revision/Layered planting clusters/Shrub	Assets/Modern Villa/Prefabs/Plants/Shrub.prefab	(33.612, -0.099, 38.936)	(35.040, 0.511, 40.436)	(0.0, 355.0, 0.0)
Beach Villa - Layout Revision/Layered planting clusters/PalmA	Assets/Modern Villa/Prefabs/Plants/PalmA.prefab	(-21.287, -0.099, 43.597)	(-16.713, 6.386, 48.403)	(0.0, 94.7, 0.0)
Beach Villa - Layout Revision/Layered planting clusters/PalmB	Assets/Modern Villa/Prefabs/Plants/PalmB.prefab	(-19.436, -0.099, 46.280)	(-15.164, 3.078, 50.520)	(0.0, 236.0, 0.0)
Beach Villa - Layout Revision/Layered planting clusters/Shrub	Assets/Modern Villa/Prefabs/Plants/Shrub.prefab	(-17.898, -0.099, 45.431)	(-16.702, 0.384, 46.569)	(0.0, 95.4, 0.0)
Beach Villa - Layout Revision/Layered planting clusters/PlantC	Assets/Modern Villa/Prefabs/Plants/PlantC.prefab	(-20.707, -0.099, 46.802)	(-19.800, 0.217, 47.630)	(0.0, 10.6, 0.0)
Beach Villa - Layout Revision/Layered planting clusters/Shrub	Assets/Modern Villa/Prefabs/Plants/Shrub.prefab	(-19.593, -0.099, 43.498)	(-18.110, 0.481, 44.916)	(0.0, 262.1, 0.0)
Beach Villa - Layout Revision/Layered planting clusters/PlantC	Assets/Modern Villa/Prefabs/Plants/PlantC.prefab	(-18.551, -0.099, 46.797)	(-17.381, 0.324, 48.060)	(0.0, 75.0, 0.0)
Beach Villa - Layout Revision/Layered planting clusters/Shrub	Assets/Modern Villa/Prefabs/Plants/Shrub.prefab	(-21.300, -0.099, 45.036)	(-20.048, 0.386, 46.336)	(0.0, 168.0, 0.0)
Beach Villa - Layout Revision/Layered planting clusters/PalmC	Assets/Modern Villa/Prefabs/Plants/PalmC.prefab	(16.198, -0.099, 42.271)	(23.802, 5.299, 49.729)	(0.0, 330.6, 0.0)
Beach Villa - Layout Revision/Layered planting clusters/PalmB	Assets/Modern Villa/Prefabs/Plants/PalmB.prefab	(16.354, -0.099, 46.490)	(20.046, 3.503, 50.310)	(0.0, 184.8, 0.0)
Beach Villa - Layout Revision/Layered planting clusters/Shrub	Assets/Modern Villa/Prefabs/Plants/Shrub.prefab	(20.986, -0.099, 45.296)	(22.414, 0.367, 46.704)	(0.0, 239.0, 0.0)
Beach Villa - Layout Revision/Layered planting clusters/PlantC	Assets/Modern Villa/Prefabs/Plants/PlantC.prefab	(18.276, -0.099, 46.700)	(19.217, 0.262, 47.732)	(0.0, 79.5, 0.0)
Beach Villa - Layout Revision/Layered planting clusters/Shrub	Assets/Modern Villa/Prefabs/Plants/Shrub.prefab	(19.498, -0.099, 43.577)	(20.799, 0.369, 44.837)	(0.0, 285.8, 0.0)
Beach Villa - Layout Revision/Layered planting clusters/PlantC	Assets/Modern Villa/Prefabs/Plants/PlantC.prefab	(20.488, -0.099, 46.917)	(21.581, 0.256, 47.940)	(0.0, 198.8, 0.0)
Beach Villa - Layout Revision/Layered planting clusters/Shrub	Assets/Modern Villa/Prefabs/Plants/Shrub.prefab	(17.709, -0.099, 45.047)	(18.943, 0.369, 46.326)	(0.0, 13.8, 0.0)
Beach Villa - Layout Revision/Layered planting clusters/PalmA	Assets/Modern Villa/Prefabs/Plants/PalmA.prefab	(-54.102, 1.487, -5.030)	(-48.362, 9.775, 1.013)	(0.0, 86.4, 0.0)
Beach Villa - Layout Revision/Layered planting clusters/PalmC	Assets/Modern Villa/Prefabs/Plants/PalmC.prefab	(-55.198, 1.238, -0.476)	(-45.428, 7.996, 9.318)	(0.0, 226.9, 0.0)
Beach Villa - Layout Revision/Layered planting clusters/PalmA	Assets/Modern Villa/Prefabs/Plants/PalmA.prefab	(-49.965, 0.541, -3.688)	(-44.493, 6.375, 1.727)	(0.0, 325.1, 0.0)
Beach Villa - Layout Revision/Layered planting clusters/PalmC	Assets/Modern Villa/Prefabs/Plants/PalmC.prefab	(-51.745, 0.832, 0.157)	(-45.434, 6.083, 6.744)	(0.0, 77.0, 0.0)
Beach Villa - Layout Revision/Layered planting clusters/PalmA	Assets/Modern Villa/Prefabs/Plants/PalmA.prefab	(-51.365, 0.830, 30.628)	(-45.922, 6.576, 36.073)	(0.0, 134.6, 0.0)
Beach Villa - Layout Revision/Layered planting clusters/PalmC	Assets/Modern Villa/Prefabs/Plants/PalmC.prefab	(-49.130, 0.170, 37.087)	(-41.443, 5.928, 44.979)	(0.0, 65.9, 0.0)
Beach Villa - Layout Revision/Layered planting clusters/PalmA	Assets/Modern Villa/Prefabs/Plants/PalmA.prefab	(-56.523, 2.110, 31.615)	(-50.956, 9.150, 37.388)	(0.0, 256.8, 0.0)
Beach Villa - Layout Revision/Layered planting clusters/PalmC	Assets/Modern Villa/Prefabs/Plants/PalmC.prefab	(-57.124, 2.162, 30.991)	(-50.836, 7.574, 37.584)	(0.0, 280.2, 0.0)
Beach Villa - Layout Revision/Layered planting clusters/PalmA	Assets/Modern Villa/Prefabs/Plants/PalmA.prefab	(-36.569, 1.030, 53.373)	(-29.424, 8.856, 60.390)	(0.0, 207.7, 0.0)
Beach Villa - Layout Revision/Layered planting clusters/PalmC	Assets/Modern Villa/Prefabs/Plants/PalmC.prefab	(-30.104, 2.355, 58.071)	(-22.479, 9.478, 65.202)	(0.0, 179.4, 0.0)
Beach Villa - Layout Revision/Layered planting clusters/PalmA	Assets/Modern Villa/Prefabs/Plants/PalmA.prefab	(-29.274, 3.164, 62.853)	(-24.292, 9.272, 67.654)	(0.0, 167.3, 0.0)
Beach Villa - Layout Revision/Layered planting clusters/PalmC	Assets/Modern Villa/Prefabs/Plants/PalmC.prefab	(-33.648, 1.779, 55.874)	(-26.503, 6.894, 63.137)	(0.0, 238.5, 0.0)
Beach Villa - Layout Revision/Layered planting clusters/PalmA	Assets/Modern Villa/Prefabs/Plants/PalmA.prefab	(9.917, 1.705, 58.307)	(14.033, 7.572, 62.634)	(0.0, 85.6, 0.0)
Beach Villa - Layout Revision/Layered planting clusters/PalmC	Assets/Modern Villa/Prefabs/Plants/PalmC.prefab	(3.545, 2.870, 65.804)	(9.520, 7.702, 72.014)	(0.0, 105.5, 0.0)
Beach Villa - Layout Revision/Layered planting clusters/PalmA	Assets/Modern Villa/Prefabs/Plants/PalmA.prefab	(7.590, 2.873, 65.552)	(12.626, 8.777, 70.436)	(0.0, 17.4, 0.0)
Beach Villa - Layout Revision/Layered planting clusters/PalmC	Assets/Modern Villa/Prefabs/Plants/PalmC.prefab	(0.858, 1.714, 56.187)	(9.883, 8.069, 65.063)	(0.0, 148.5, 0.0)
Beach Villa - Layout Revision/Layered planting clusters/PalmA	Assets/Modern Villa/Prefabs/Plants/PalmA.prefab	(31.399, 1.944, 56.363)	(38.947, 9.985, 63.837)	(0.0, 144.7, 0.0)
Beach Villa - Layout Revision/Layered planting clusters/PalmC	Assets/Modern Villa/Prefabs/Plants/PalmC.prefab	(39.561, 2.276, 58.981)	(46.858, 8.195, 65.953)	(0.0, 11.3, 0.0)
Beach Villa - Layout Revision/Layered planting clusters/PalmA	Assets/Modern Villa/Prefabs/Plants/PalmA.prefab	(33.944, 2.517, 59.631)	(40.111, 9.879, 65.597)	(0.0, 15.4, 0.0)
Beach Villa - Layout Revision/Layered planting clusters/PalmC	Assets/Modern Villa/Prefabs/Plants/PalmC.prefab	(35.918, 2.825, 60.614)	(45.353, 9.808, 70.278)	(0.0, 244.2, 0.0)
Beach Villa - Layout Revision/Layered planting clusters/PalmA	Assets/Modern Villa/Prefabs/Plants/PalmA.prefab	(45.538, 0.883, 21.115)	(51.833, 8.348, 27.210)	(0.0, 343.9, 0.0)
Beach Villa - Layout Revision/Layered planting clusters/PalmC	Assets/Modern Villa/Prefabs/Plants/PalmC.prefab	(44.152, 0.800, 11.359)	(52.387, 6.494, 19.539)	(0.0, 39.4, 0.0)
Beach Villa - Layout Revision/Layered planting clusters/PalmA	Assets/Modern Villa/Prefabs/Plants/PalmA.prefab	(44.831, 0.779, 17.159)	(51.491, 8.464, 23.636)	(0.0, 340.6, 0.0)
Beach Villa - Layout Revision/Layered planting clusters/PalmC	Assets/Modern Villa/Prefabs/Plants/PalmC.prefab	(47.353, 1.558, 19.786)	(54.995, 6.839, 27.439)	(0.0, 226.2, 0.0)
Beach Villa - Layout Revision/Layered planting clusters/StoneboxMedium	Assets/Modern Villa/Prefabs/Stoneboxes/StoneboxMedium.prefab	(-36.000, 0.050, 11.500)	(-32.000, 0.750, 12.500)	(0.0, 0.0, 0.0)
Beach Villa - Layout Revision/Layered planting clusters/PlantC	Assets/Modern Villa/Prefabs/Plants/PlantC.prefab	(-35.579, 0.630, 11.542)	(-34.621, 0.927, 12.458)	(0.0, 333.0, 0.0)
Beach Villa - Layout Revision/Layered planting clusters/PlantC	Assets/Modern Villa/Prefabs/Plants/PlantC.prefab	(-34.460, 0.630, 11.567)	(-33.540, 0.927, 12.433)	(0.0, 20.0, 0.0)
Beach Villa - Layout Revision/Layered planting clusters/PlantC	Assets/Modern Villa/Prefabs/Plants/PlantC.prefab	(-33.345, 0.630, 11.531)	(-32.455, 0.927, 12.469)	(0.0, 67.0, 0.0)
Beach Villa - Layout Revision/Layered planting clusters/StoneboxMedium	Assets/Modern Villa/Prefabs/Stoneboxes/StoneboxMedium.prefab	(-36.000, 0.050, 33.500)	(-32.000, 0.750, 34.500)	(0.0, 0.0, 0.0)
Beach Villa - Layout Revision/Layered planting clusters/PlantC	Assets/Modern Villa/Prefabs/Plants/PlantC.prefab	(-35.579, 0.630, 33.542)	(-34.621, 0.927, 34.458)	(0.0, 333.0, 0.0)
Beach Villa - Layout Revision/Layered planting clusters/PlantC	Assets/Modern Villa/Prefabs/Plants/PlantC.prefab	(-34.460, 0.630, 33.567)	(-33.540, 0.927, 34.433)	(0.0, 20.0, 0.0)
Beach Villa - Layout Revision/Layered planting clusters/PlantC	Assets/Modern Villa/Prefabs/Plants/PlantC.prefab	(-33.345, 0.630, 33.531)	(-32.455, 0.927, 34.469)	(0.0, 67.0, 0.0)
Beach Villa - Layout Revision/Layered planting clusters/StoneboxMedium	Assets/Modern Villa/Prefabs/Stoneboxes/StoneboxMedium.prefab	(-26.000, 0.050, -3.500)	(-22.000, 0.750, -2.500)	(0.0, 0.0, 0.0)
Beach Villa - Layout Revision/Layered planting clusters/PlantC	Assets/Modern Villa/Prefabs/Plants/PlantC.prefab	(-25.579, 0.630, -3.458)	(-24.621, 0.927, -2.542)	(0.0, 333.0, 0.0)
Beach Villa - Layout Revision/Layered planting clusters/PlantC	Assets/Modern Villa/Prefabs/Plants/PlantC.prefab	(-24.460, 0.630, -3.433)	(-23.540, 0.927, -2.567)	(0.0, 20.0, 0.0)
Beach Villa - Layout Revision/Layered planting clusters/PlantC	Assets/Modern Villa/Prefabs/Plants/PlantC.prefab	(-23.345, 0.630, -3.469)	(-22.455, 0.927, -2.531)	(0.0, 67.0, 0.0)
Beach Villa - Layout Revision/Layered planting clusters/StoneboxMedium	Assets/Modern Villa/Prefabs/Stoneboxes/StoneboxMedium.prefab	(23.000, 0.050, 1.500)	(27.000, 0.750, 2.500)	(0.0, 0.0, 0.0)
Beach Villa - Layout Revision/Layered planting clusters/PlantC	Assets/Modern Villa/Prefabs/Plants/PlantC.prefab	(23.421, 0.630, 1.542)	(24.379, 0.927, 2.458)	(0.0, 333.0, 0.0)
Beach Villa - Layout Revision/Layered planting clusters/PlantC	Assets/Modern Villa/Prefabs/Plants/PlantC.prefab	(24.540, 0.630, 1.567)	(25.460, 0.927, 2.433)	(0.0, 20.0, 0.0)
Beach Villa - Layout Revision/Layered planting clusters/PlantC	Assets/Modern Villa/Prefabs/Plants/PlantC.prefab	(25.655, 0.630, 1.531)	(26.545, 0.927, 2.469)	(0.0, 67.0, 0.0)
Beach Villa - Layout Revision/Layered planting clusters/StoneboxMedium	Assets/Modern Villa/Prefabs/Stoneboxes/StoneboxMedium.prefab	(33.000, 0.050, 32.500)	(37.000, 0.750, 33.500)	(0.0, 0.0, 0.0)
Beach Villa - Layout Revision/Layered planting clusters/PlantC	Assets/Modern Villa/Prefabs/Plants/PlantC.prefab	(33.421, 0.630, 32.542)	(34.379, 0.927, 33.458)	(0.0, 333.0, 0.0)
Beach Villa - Layout Revision/Layered planting clusters/PlantC	Assets/Modern Villa/Prefabs/Plants/PlantC.prefab	(34.540, 0.630, 32.567)	(35.460, 0.927, 33.433)	(0.0, 20.0, 0.0)
Beach Villa - Layout Revision/Layered planting clusters/PlantC	Assets/Modern Villa/Prefabs/Plants/PlantC.prefab	(35.655, 0.630, 32.531)	(36.545, 0.927, 33.469)	(0.0, 67.0, 0.0)
Beach Villa - Layout Revision/Layered planting clusters/StoneboxMedium	Assets/Modern Villa/Prefabs/Stoneboxes/StoneboxMedium.prefab	(-9.000, 0.050, 39.500)	(-5.000, 0.750, 40.500)	(0.0, 0.0, 0.0)
Beach Villa - Layout Revision/Layered planting clusters/PlantC	Assets/Modern Villa/Prefabs/Plants/PlantC.prefab	(-8.579, 0.630, 39.542)	(-7.621, 0.927, 40.458)	(0.0, 333.0, 0.0)
Beach Villa - Layout Revision/Layered planting clusters/PlantC	Assets/Modern Villa/Prefabs/Plants/PlantC.prefab	(-7.460, 0.630, 39.567)	(-6.540, 0.927, 40.433)	(0.0, 20.0, 0.0)
Beach Villa - Layout Revision/Layered planting clusters/PlantC	Assets/Modern Villa/Prefabs/Plants/PlantC.prefab	(-6.345, 0.630, 39.531)	(-5.455, 0.927, 40.469)	(0.0, 67.0, 0.0)
Beach Villa - Layout Revision/Layered planting clusters/StoneboxMedium	Assets/Modern Villa/Prefabs/Stoneboxes/StoneboxMedium.prefab	(13.000, 0.050, 39.500)	(17.000, 0.750, 40.500)	(0.0, 0.0, 0.0)
Beach Villa - Layout Revision/Layered planting clusters/PlantC	Assets/Modern Villa/Prefabs/Plants/PlantC.prefab	(13.421, 0.630, 39.542)	(14.379, 0.927, 40.458)	(0.0, 333.0, 0.0)
Beach Villa - Layout Revision/Layered planting clusters/PlantC	Assets/Modern Villa/Prefabs/Plants/PlantC.prefab	(14.540, 0.630, 39.567)	(15.460, 0.927, 40.433)	(0.0, 20.0, 0.0)
Beach Villa - Layout Revision/Layered planting clusters/PlantC	Assets/Modern Villa/Prefabs/Plants/PlantC.prefab	(15.655, 0.630, 39.531)	(16.545, 0.927, 40.469)	(0.0, 67.0, 0.0)
Beach Villa - Layout Revision/Layered planting clusters/StoneboxMedium	Assets/Modern Villa/Prefabs/Stoneboxes/StoneboxMedium.prefab	(-14.000, 0.050, -19.500)	(-10.000, 0.750, -18.500)	(0.0, 0.0, 0.0)
Beach Villa - Layout Revision/Layered planting clusters/PlantC	Assets/Modern Villa/Prefabs/Plants/PlantC.prefab	(-13.579, 0.630, -19.458)	(-12.621, 0.927, -18.542)	(0.0, 333.0, 0.0)
Beach Villa - Layout Revision/Layered planting clusters/PlantC	Assets/Modern Villa/Prefabs/Plants/PlantC.prefab	(-12.460, 0.630, -19.433)	(-11.540, 0.927, -18.567)	(0.0, 20.0, 0.0)
Beach Villa - Layout Revision/Layered planting clusters/PlantC	Assets/Modern Villa/Prefabs/Plants/PlantC.prefab	(-11.345, 0.630, -19.469)	(-10.455, 0.927, -18.531)	(0.0, 67.0, 0.0)
Beach Villa - Layout Revision/Layered planting clusters/StoneboxMedium	Assets/Modern Villa/Prefabs/Stoneboxes/StoneboxMedium.prefab	(10.000, 0.050, -19.500)	(14.000, 0.750, -18.500)	(0.0, 0.0, 0.0)
Beach Villa - Layout Revision/Layered planting clusters/PlantC	Assets/Modern Villa/Prefabs/Plants/PlantC.prefab	(10.421, 0.630, -19.458)	(11.379, 0.927, -18.542)	(0.0, 333.0, 0.0)
Beach Villa - Layout Revision/Layered planting clusters/PlantC	Assets/Modern Villa/Prefabs/Plants/PlantC.prefab	(11.540, 0.630, -19.433)	(12.460, 0.927, -18.567)	(0.0, 20.0, 0.0)
Beach Villa - Layout Revision/Layered planting clusters/PlantC	Assets/Modern Villa/Prefabs/Plants/PlantC.prefab	(12.655, 0.630, -19.469)	(13.545, 0.927, -18.531)	(0.0, 67.0, 0.0)
Beach Villa - Layout Revision/Interior living and reading details		(2.583, 0.050, 4.893)	(30.700, 5.907, 26.418)	(0.0, 0.0, 0.0)
Beach Villa - Layout Revision/Interior living and reading details/CarpetA	Assets/Modern Villa/Prefabs/Props/CarpetA.prefab	(2.950, 1.008, 5.300)	(6.350, 1.018, 8.500)	(0.0, 0.0, 0.0)
Beach Villa - Layout Revision/Interior living and reading details/CouchD Variant	Assets/Modern Villa/Prefabs/furniture/CouchD Variant.prefab	(3.228, 1.025, 4.893)	(5.372, 1.748, 5.807)	(0.0, 0.0, 0.0)
Beach Villa - Layout Revision/Interior living and reading details/LeatherSeat	Assets/Modern Villa/Prefabs/furniture/LeatherSeat.prefab	(5.243, 1.025, 7.585)	(6.257, 1.811, 8.515)	(0.0, 200.0, 0.0)
Beach Villa - Layout Revision/Interior living and reading details/CouchTableF	Assets/Modern Villa/Prefabs/furniture/CouchTableF.prefab	(3.750, 1.026, 6.400)	(5.150, 1.411, 7.800)	(0.0, 0.0, 0.0)
Beach Villa - Layout Revision/Interior living and reading details/TabletB	Assets/Modern Villa/Prefabs/Props/TabletB.prefab	(4.191, 1.413, 6.841)	(4.709, 1.458, 7.359)	(0.0, 0.0, 0.0)
Beach Villa - Layout Revision/Interior living and reading details/CoffeePot	Assets/Modern Villa/Prefabs/Props/CoffeePot.prefab	(4.169, 1.460, 7.000)	(4.491, 1.724, 7.200)	(0.0, 0.0, 0.0)
Beach Villa - Layout Revision/Interior living and reading details/CoffeeCupC	Assets/Modern Villa/Prefabs/Props/CoffeeCupC.prefab	(4.555, 1.460, 7.116)	(4.705, 1.550, 7.284)	(0.0, 20.0, 0.0)
Beach Villa - Layout Revision/Interior living and reading details/SideTable Variant	Assets/Modern Villa/Prefabs/furniture/SideTable Variant.prefab	(4.104, 1.025, 9.354)	(4.596, 1.695, 9.846)	(0.0, 0.0, 0.0)
Beach Villa - Layout Revision/Interior living and reading details/LeatherSeat	Assets/Modern Villa/Prefabs/furniture/LeatherSeat.prefab	(2.956, 1.025, 9.286)	(3.644, 1.811, 10.114)	(0.0, 90.0, 0.0)
Beach Villa - Layout Revision/Interior living and reading details/BookC	Assets/Modern Villa/Prefabs/Props/BookC.prefab	(4.007, 1.698, 9.420)	(4.433, 1.728, 9.780)	(0.0, 12.0, 90.0)
Beach Villa - Layout Revision/Interior living and reading details/BookE	Assets/Modern Villa/Prefabs/Props/BookE.prefab	(4.092, 1.730, 9.502)	(4.398, 1.814, 9.738)	(0.0, 352.0, 90.0)
Beach Villa - Layout Revision/Interior living and reading details/CouchTableLamp	Assets/Modern Villa/Prefabs/lighting/CouchTableLamp.prefab	(10.254, 1.807, 14.724)	(10.466, 2.270, 14.936)	(0.0, 0.0, 0.0)
Beach Villa - Layout Revision/Interior living and reading details/PottedPlantA	Assets/Modern Villa/Prefabs/Plants/PottedPlantA.prefab	(2.583, 1.025, 14.630)	(3.417, 1.975, 15.470)	(0.0, 0.0, 0.0)
Beach Villa - Layout Revision/Interior living and reading details/DiningTable	Assets/Modern Villa/Prefabs/furniture/DiningTable.prefab	(8.660, 1.025, 14.590)	(10.540, 1.807, 15.211)	(0.0, 0.0, 0.0)
Beach Villa - Layout Revision/Interior living and reading details/DecorativeBowl	Assets/Modern Villa/Prefabs/Props/DecorativeBowl.prefab	(9.525, 1.807, 14.725)	(9.875, 1.912, 15.075)	(0.0, 0.0, 0.0)
Beach Villa - Layout Revision/Interior living and reading details/JugA	Assets/Modern Villa/Prefabs/Props/JugA.prefab	(8.861, 1.807, 14.781)	(9.139, 2.122, 15.019)	(0.0, 15.0, 0.0)
Beach Villa - Layout Revision/Interior living and reading details/Glas	Assets/Modern Villa/Prefabs/Props/Glas.prefab	(9.258, 1.807, 14.808)	(9.342, 1.944, 14.892)	(0.0, 0.0, 0.0)
Beach Villa - Layout Revision/Interior living and reading details/LanternC	Assets/Modern Villa/Prefabs/Props/LanternC.prefab	(10.051, 1.807, 14.816)	(10.349, 2.207, 14.985)	(0.0, 0.0, 0.0)
Beach Villa - Layout Revision/Interior living and reading details/CarpetA	Assets/Modern Villa/Prefabs/Props/CarpetA.prefab	(7.900, 3.806, 14.300)	(11.300, 3.816, 18.500)	(0.0, 0.0, 0.0)
Beach Villa - Layout Revision/Interior living and reading details/Couch Group B	Assets/Modern Villa/Prefabs/furniture/Couch Group B.prefab	(8.227, 3.830, 14.676)	(10.973, 4.643, 18.125)	(0.0, 180.0, 0.0)
Beach Villa - Layout Revision/Interior living and reading details/Couch Group B/leather side element l	Assets/Modern Villa/Prefabs/furniture/LeatherSideElementLeft.prefab	(8.228, 3.830, 14.676)	(8.508, 4.430, 15.635)	(0.0, 270.0, 0.0)
Beach Villa - Layout Revision/Interior living and reading details/Couch Group B/leather couch corner	Assets/Modern Villa/Prefabs/furniture/LeatherCouchCorner.prefab	(10.004, 3.830, 14.676)	(10.971, 4.632, 15.637)	(0.0, 270.0, 0.0)
Beach Villa - Layout Revision/Interior living and reading details/Couch Group B/leather couch straight	Assets/Modern Villa/Prefabs/furniture/LeatherCouchStraight.prefab	(10.009, 3.830, 15.639)	(10.973, 4.643, 16.392)	(0.0, 270.0, 0.0)
Beach Villa - Layout Revision/Interior living and reading details/Couch Group B/leather couch straight (1)	Assets/Modern Villa/Prefabs/furniture/LeatherCouchStraight.prefab	(10.009, 3.830, 16.389)	(10.973, 4.643, 17.142)	(0.0, 270.0, 0.0)
Beach Villa - Layout Revision/Interior living and reading details/Couch Group B/leather couch corner (1)	Assets/Modern Villa/Prefabs/furniture/LeatherCouchCorner.prefab	(10.010, 3.830, 17.140)	(10.971, 4.632, 18.107)	(0.0, 180.0, 0.0)
Beach Villa - Layout Revision/Interior living and reading details/Couch Group B/leather couch straight (2)	Assets/Modern Villa/Prefabs/furniture/LeatherCouchStraight.prefab	(9.258, 3.830, 17.160)	(10.011, 4.643, 18.124)	(0.0, 180.0, 0.0)
Beach Villa - Layout Revision/Interior living and reading details/Couch Group B/leather couch straight (3)	Assets/Modern Villa/Prefabs/furniture/LeatherCouchStraight.prefab	(9.258, 3.830, 14.681)	(10.011, 4.643, 15.644)	(0.0, 0.0, 0.0)
Beach Villa - Layout Revision/Interior living and reading details/Couch Group B/leather couch straight (4)	Assets/Modern Villa/Prefabs/furniture/LeatherCouchStraight.prefab	(8.508, 3.830, 14.681)	(9.261, 4.643, 15.644)	(0.0, 0.0, 0.0)
Beach Villa - Layout Revision/Interior living and reading details/Couch Group B/leather side element  r	Assets/Modern Villa/Prefabs/furniture/LeatherSideElementRight.prefab	(8.964, 3.830, 17.165)	(9.244, 4.430, 18.125)	(0.0, 270.0, 0.0)
Beach Villa - Layout Revision/Interior living and reading details/SideTable Variant	Assets/Modern Villa/Prefabs/furniture/SideTable Variant.prefab	(10.654, 3.830, 18.954)	(11.146, 4.500, 19.446)	(0.0, 0.0, 0.0)
Beach Villa - Layout Revision/Interior living and reading details/BookC	Assets/Modern Villa/Prefabs/Props/BookC.prefab	(10.557, 4.503, 19.020)	(10.983, 4.533, 19.380)	(0.0, 12.0, 90.0)
Beach Villa - Layout Revision/Interior living and reading details/BookE	Assets/Modern Villa/Prefabs/Props/BookE.prefab	(10.642, 4.535, 19.102)	(10.948, 4.619, 19.338)	(0.0, 352.0, 90.0)
Beach Villa - Layout Revision/Interior living and reading details/VasePalmSmall	Assets/Modern Villa/Prefabs/Plants/VasePalmSmall.prefab	(9.481, 3.820, 20.171)	(12.319, 5.907, 23.029)	(0.0, 30.0, 0.0)
Beach Villa - Layout Revision/Interior living and reading details/CarpetA	Assets/Modern Villa/Prefabs/Props/CarpetA.prefab	(27.100, 0.061, 10.400)	(30.700, 0.071, 14.400)	(0.0, 0.0, 0.0)
Beach Villa - Layout Revision/Interior living and reading details/Couch Group A	Assets/Modern Villa/Prefabs/furniture/Couch Group A.prefab	(27.357, 0.080, 10.387)	(30.443, 0.798, 14.413)	(0.0, 0.0, 0.0)
Beach Villa - Layout Revision/Interior living and reading details/Couch Group A/couch pool straight	Assets/Modern Villa/Prefabs/furniture/CouchPoolStraight.prefab	(27.363, 0.080, 12.350)	(28.425, 0.781, 13.460)	(0.0, 270.0, 0.0)
Beach Villa - Layout Revision/Interior living and reading details/Couch Group A/couch pool straight (1)	Assets/Modern Villa/Prefabs/furniture/CouchPoolStraight.prefab	(27.363, 0.080, 11.350)	(28.425, 0.798, 12.460)	(0.0, 270.0, 0.0)
Beach Villa - Layout Revision/Interior living and reading details/Couch Group A/couch pool straight (1)/pillow a	Assets/Modern Villa/Prefabs/furniture/PillowA.prefab	(27.449, 0.469, 11.675)	(27.605, 0.798, 12.016)	(72.0, 90.0, 0.0)
Beach Villa - Layout Revision/Interior living and reading details/Couch Group A/couch pool straight (2)	Assets/Modern Villa/Prefabs/furniture/CouchPoolStraight.prefab	(28.334, 0.080, 10.414)	(29.443, 0.797, 11.476)	(0.0, 180.0, 0.0)
Beach Villa - Layout Revision/Interior living and reading details/Couch Group A/couch pool straight (2)/pillow b	Assets/Modern Villa/Prefabs/furniture/PillowB.prefab	(28.603, 0.473, 10.488)	(29.160, 0.795, 10.604)	(80.4, 358.3, 359.2)
Beach Villa - Layout Revision/Interior living and reading details/Couch Group A/couch pool straight (2)/pillow a	Assets/Modern Villa/Prefabs/furniture/PillowA.prefab	(28.472, 0.470, 10.487)	(28.812, 0.797, 10.675)	(72.0, 353.7, 0.0)
Beach Villa - Layout Revision/Interior living and reading details/Couch Group A/couch pool straight (3)	Assets/Modern Villa/Prefabs/furniture/CouchPoolStraight.prefab	(29.334, 0.080, 10.414)	(30.443, 0.781, 11.476)	(0.0, 180.0, 0.0)
Beach Villa - Layout Revision/Interior living and reading details/Couch Group A/couch pool straight (4)	Assets/Modern Villa/Prefabs/furniture/CouchPoolStraight.prefab	(29.320, 0.080, 13.348)	(30.430, 0.781, 14.410)	(0.0, 0.0, 0.0)
Beach Villa - Layout Revision/Interior living and reading details/Couch Group A/couch pool straight (5)	Assets/Modern Villa/Prefabs/furniture/CouchPoolStraight.prefab	(28.320, 0.080, 13.348)	(29.430, 0.781, 14.410)	(0.0, 0.0, 0.0)
Beach Villa - Layout Revision/Interior living and reading details/Couch Group A/couch pool corner (1)	Assets/Modern Villa/Prefabs/furniture/CouchPoolCorner.prefab	(27.380, 0.080, 10.387)	(28.446, 0.786, 11.435)	(0.0, 270.0, 0.0)
Beach Villa - Layout Revision/Interior living and reading details/Couch Group A/couch pool corner (2)	Assets/Modern Villa/Prefabs/furniture/CouchPoolCorner.prefab	(27.357, 0.080, 13.348)	(28.405, 0.786, 14.413)	(0.0, 0.0, 0.0)
Beach Villa - Layout Revision/Interior living and reading details/CouchTableC	Assets/Modern Villa/Prefabs/furniture/CouchTableC.prefab	(28.225, 0.080, 18.275)	(29.275, 0.508, 19.325)	(0.0, 0.0, 0.0)
Beach Villa - Layout Revision/Interior living and reading details/TabletB	Assets/Modern Villa/Prefabs/Props/TabletB.prefab	(28.491, 0.510, 18.541)	(29.009, 0.556, 19.059)	(0.0, 0.0, 0.0)
Beach Villa - Layout Revision/Interior living and reading details/CoffeePot	Assets/Modern Villa/Prefabs/Props/CoffeePot.prefab	(28.469, 0.558, 18.700)	(28.791, 0.821, 18.900)	(0.0, 0.0, 0.0)
Beach Villa - Layout Revision/Interior living and reading details/CoffeeCupC	Assets/Modern Villa/Prefabs/Props/CoffeeCupC.prefab	(28.855, 0.558, 18.816)	(29.005, 0.648, 18.984)	(0.0, 20.0, 0.0)
Beach Villa - Layout Revision/Interior living and reading details/LeatherSeat	Assets/Modern Villa/Prefabs/furniture/LeatherSeat.prefab	(28.236, 0.050, 19.756)	(29.064, 0.836, 20.444)	(0.0, 180.0, 0.0)
Beach Villa - Layout Revision/Interior living and reading details/LeatherSeat	Assets/Modern Villa/Prefabs/furniture/LeatherSeat.prefab	(30.006, 0.050, 18.186)	(30.694, 0.836, 19.014)	(0.0, 270.0, 0.0)
Beach Villa - Layout Revision/Interior living and reading details/PottedPlantB	Assets/Modern Villa/Prefabs/Plants/PottedPlantB.prefab	(26.845, 0.050, 25.145)	(27.855, 1.399, 26.055)	(0.0, 0.0, 0.0)
Beach Villa - Layout Revision/Interior living and reading details/DiningTable	Assets/Modern Villa/Prefabs/furniture/DiningTable.prefab	(27.795, 0.050, 25.383)	(30.006, 0.832, 26.418)	(0.0, 0.0, 0.0)
Beach Villa - Layout Revision/Interior living and reading details/BookC	Assets/Modern Villa/Prefabs/Props/BookC.prefab	(28.557, 0.835, 25.720)	(28.983, 0.865, 26.080)	(0.0, 12.0, 90.0)
Beach Villa - Layout Revision/Interior living and reading details/BookE	Assets/Modern Villa/Prefabs/Props/BookE.prefab	(28.642, 0.867, 25.802)	(28.948, 0.951, 26.038)	(0.0, 352.0, 90.0)
Beach Villa - Layout Revision/Interior living and reading details/DiningChairB Variant	Assets/Modern Villa/Prefabs/furniture/DiningChairB Variant.prefab	(28.625, 0.050, 24.474)	(29.175, 1.123, 25.126)	(0.0, 0.0, 0.0)
Beach Villa - Layout Revision/Interior living and reading details/VaseC	Assets/Modern Villa/Prefabs/Props/VaseC.prefab	(29.530, 0.832, 25.830)	(29.670, 1.476, 25.970)	(0.0, 0.0, 0.0)
Beach Villa - Layout Revision/Inspected finishing details		(-24.213, 0.050, -17.250)	(29.600, 2.550, 41.825)	(0.0, 0.0, 0.0)
Beach Villa - Layout Revision/Inspected finishing details/CouchTableF	Assets/Modern Villa/Prefabs/furniture/CouchTableF.prefab	(28.200, 0.080, 11.600)	(29.600, 0.465, 13.000)	(0.0, 0.0, 0.0)
Beach Villa - Layout Revision/Inspected finishing details/TabletB	Assets/Modern Villa/Prefabs/Props/TabletB.prefab	(28.641, 0.467, 12.041)	(29.159, 0.512, 12.559)	(0.0, 0.0, 0.0)
Beach Villa - Layout Revision/Inspected finishing details/CoffeePot	Assets/Modern Villa/Prefabs/Props/CoffeePot.prefab	(28.619, 0.514, 12.200)	(28.941, 0.778, 12.400)	(0.0, 0.0, 0.0)
Beach Villa - Layout Revision/Inspected finishing details/CoffeeCupC	Assets/Modern Villa/Prefabs/Props/CoffeeCupC.prefab	(29.005, 0.514, 12.316)	(29.155, 0.604, 12.484)	(0.0, 20.0, 0.0)
Beach Villa - Layout Revision/Inspected finishing details/PaintingC	Assets/Modern Villa/Prefabs/Props/PaintingC.prefab	(26.500, 1.050, 14.720)	(26.520, 2.050, 15.480)	(0.0, 90.0, 0.0)
Beach Villa - Layout Revision/Inspected finishing details/WindowStraight	Assets/Modern Villa/Prefabs/Windows/WindowStraight.prefab	(26.291, 0.050, 10.250)	(26.431, 2.550, 12.250)	(0.0, 90.0, 0.0)
Beach Villa - Layout Revision/Inspected finishing details/WindowStraight	Assets/Modern Villa/Prefabs/Windows/WindowStraight.prefab	(26.291, 0.050, 12.250)	(26.431, 2.550, 14.250)	(0.0, 90.0, 0.0)
Beach Villa - Layout Revision/Inspected finishing details/LoungerC Variant	Assets/Modern Villa/Prefabs/furniture/LoungerC Variant.prefab	(-23.200, 0.050, -17.250)	(-20.800, 0.940, -14.750)	(0.0, 0.0, 0.0)
Beach Villa - Layout Revision/Inspected finishing details/PavillonSideTable	Assets/Modern Villa/Prefabs/furniture/PavillonSideTable.prefab	(-24.213, 0.050, -16.213)	(-23.787, 0.647, -15.787)	(0.0, 0.0, 0.0)
Beach Villa - Layout Revision/Inspected finishing details/LanternB	Assets/Modern Villa/Prefabs/Props/LanternB.prefab	(-24.165, 0.647, -16.211)	(-23.835, 1.185, -15.789)	(0.0, 335.0, 0.0)
Beach Villa - Layout Revision/Inspected finishing details/GrandSunshade	Assets/Modern Villa/Prefabs/Props/GrandSunshade.prefab	(-23.203, 0.050, -14.889)	(-20.797, 1.843, -12.111)	(0.0, 0.0, 0.0)
Beach Villa - Layout Revision/Inspected finishing details/BenchStraight	Assets/Modern Villa/Prefabs/furniture/BenchStraight.prefab	(-6.125, 0.050, 41.175)	(-5.375, 0.700, 41.825)	(0.0, 180.0, 0.0)
Beach Villa - Layout Revision/Inspected finishing details/BenchStraight	Assets/Modern Villa/Prefabs/furniture/BenchStraight.prefab	(-5.375, 0.050, 41.175)	(-4.625, 0.700, 41.825)	(0.0, 180.0, 0.0)
Beach Villa - Layout Revision/Inspected finishing details/BenchStraight	Assets/Modern Villa/Prefabs/furniture/BenchStraight.prefab	(-4.625, 0.050, 41.175)	(-3.875, 0.700, 41.825)	(0.0, 180.0, 0.0)
Beach Villa - Layout Revision/Inspected finishing details/LoungerC Variant	Assets/Modern Villa/Prefabs/furniture/LoungerC Variant.prefab	(20.800, 0.050, -17.250)	(23.200, 0.940, -14.750)	(0.0, 0.0, 0.0)
Beach Villa - Layout Revision/Inspected finishing details/PavillonSideTable	Assets/Modern Villa/Prefabs/furniture/PavillonSideTable.prefab	(23.787, 0.050, -16.213)	(24.213, 0.647, -15.787)	(0.0, 0.0, 0.0)
Beach Villa - Layout Revision/Inspected finishing details/LanternB	Assets/Modern Villa/Prefabs/Props/LanternB.prefab	(23.835, 0.647, -16.211)	(24.165, 1.185, -15.789)	(0.0, 25.0, 0.0)
Beach Villa - Layout Revision/Inspected finishing details/GrandSunshade	Assets/Modern Villa/Prefabs/Props/GrandSunshade.prefab	(20.797, 0.050, -14.889)	(23.203, 1.843, -12.111)	(0.0, 0.0, 0.0)
Beach Villa - Layout Revision/Inspected finishing details/BenchStraight	Assets/Modern Villa/Prefabs/furniture/BenchStraight.prefab	(3.875, 0.050, 41.175)	(4.625, 0.700, 41.825)	(0.0, 180.0, 0.0)
Beach Villa - Layout Revision/Inspected finishing details/BenchStraight	Assets/Modern Villa/Prefabs/furniture/BenchStraight.prefab	(4.625, 0.050, 41.175)	(5.375, 0.700, 41.825)	(0.0, 180.0, 0.0)
Beach Villa - Layout Revision/Inspected finishing details/BenchStraight	Assets/Modern Villa/Prefabs/furniture/BenchStraight.prefab	(5.375, 0.050, 41.175)	(6.125, 0.700, 41.825)	(0.0, 180.0, 0.0)
Beach Villa - Layout Revision/Original pool deck junction		(-18.000, -0.950, 22.000)	(-8.000, 0.050, 34.000)	(0.0, 0.0, 0.0)
Beach Villa - Layout Revision/Original pool deck junction/Floor2x2	Assets/Modern Villa/Prefabs/floors/Floor2x2.prefab	(-18.000, -0.950, 22.000)	(-16.000, 0.050, 24.000)	(0.0, 0.0, 0.0)
Beach Villa - Layout Revision/Original pool deck junction/Floor2x2	Assets/Modern Villa/Prefabs/floors/Floor2x2.prefab	(-18.000, -0.950, 24.000)	(-16.000, 0.050, 26.000)	(0.0, 0.0, 0.0)
Beach Villa - Layout Revision/Original pool deck junction/Floor2x2	Assets/Modern Villa/Prefabs/floors/Floor2x2.prefab	(-18.000, -0.950, 26.000)	(-16.000, 0.050, 28.000)	(0.0, 0.0, 0.0)
Beach Villa - Layout Revision/Original pool deck junction/Floor2x2	Assets/Modern Villa/Prefabs/floors/Floor2x2.prefab	(-18.000, -0.950, 28.000)	(-16.000, 0.050, 30.000)	(0.0, 0.0, 0.0)
Beach Villa - Layout Revision/Original pool deck junction/Floor2x2	Assets/Modern Villa/Prefabs/floors/Floor2x2.prefab	(-18.000, -0.950, 30.000)	(-16.000, 0.050, 32.000)	(0.0, 0.0, 0.0)
Beach Villa - Layout Revision/Original pool deck junction/Floor2x2	Assets/Modern Villa/Prefabs/floors/Floor2x2.prefab	(-18.000, -0.950, 32.000)	(-16.000, 0.050, 34.000)	(0.0, 0.0, 0.0)
Beach Villa - Layout Revision/Original pool deck junction/Floor2x2	Assets/Modern Villa/Prefabs/floors/Floor2x2.prefab	(-16.000, -0.950, 32.000)	(-14.000, 0.050, 34.000)	(0.0, 0.0, 0.0)
Beach Villa - Layout Revision/Original pool deck junction/Floor2x2	Assets/Modern Villa/Prefabs/floors/Floor2x2.prefab	(-14.000, -0.950, 32.000)	(-12.000, 0.050, 34.000)	(0.0, 0.0, 0.0)
Beach Villa - Layout Revision/Original pool deck junction/Floor2x2	Assets/Modern Villa/Prefabs/floors/Floor2x2.prefab	(-12.000, -0.950, 32.000)	(-10.000, 0.050, 34.000)	(0.0, 0.0, 0.0)
Beach Villa - Layout Revision/Original pool deck junction/Floor2x2	Assets/Modern Villa/Prefabs/floors/Floor2x2.prefab	(-10.000, -0.950, 32.000)	(-8.000, 0.050, 34.000)	(0.0, 0.0, 0.0)
