path	prefab	min	max	rotation
Cameras		(0.000, 0.000, 0.000)	(0.000, 0.000, 0.000)	(0.0, 0.0, 0.0)
Cameras/Main Camera		(9.910, 1.540, -9.410)	(9.910, 1.540, -9.410)	(355.6, 331.5, 0.0)
Floor		(-13.000, -0.250, -3.250)	(6.101, 1.771, 24.283)	(0.0, 0.0, 0.0)
Floor/Objects		(-0.954, 0.750, -2.664)	(2.064, 1.771, 9.314)	(0.0, 0.0, 0.0)
Floor/Objects/mv_lounger	Assets/Modern Villa/Prefabs/furniture/Lounger.prefab	(-0.954, 0.750, -1.664)	(1.226, 1.377, -0.956)	(0.0, 90.0, 0.0)
Floor/Objects/mv_lounger (1)	Assets/Modern Villa/Prefabs/furniture/Lounger.prefab	(-0.954, 0.750, -2.664)	(1.226, 1.377, -1.956)	(0.0, 90.0, 0.0)
Floor/Objects/mv_oil_vase	Assets/Modern Villa/Prefabs/Props/OilVase.prefab	(0.936, 0.771, 8.186)	(2.064, 1.771, 9.314)	(0.0, 180.0, 0.0)
Floor/Objects/mv_oil_vase/mv_oil_vase	Assets/Modern Villa/Meshes/props/mv_oil_vase.fbx	(0.936, 0.771, 8.186)	(2.064, 1.771, 9.314)	(0.0, 180.0, 0.0)
Floor/Floor 2x2 (5)	Assets/Modern Villa/Prefabs/floors/Floor2x2.prefab	(-1.000, -0.250, -1.250)	(1.000, 0.750, 0.750)	(0.0, 0.0, 0.0)
Floor/Floor 2x2 (6)	Assets/Modern Villa/Prefabs/floors/Floor2x2.prefab	(-3.000, -0.250, -1.250)	(-1.000, 0.750, 0.750)	(0.0, 0.0, 0.0)
Floor/Floor 2x2 (7)	Assets/Modern Villa/Prefabs/floors/Floor2x2.prefab	(-5.000, -0.250, -1.250)	(-3.000, 0.750, 0.750)	(0.0, 0.0, 0.0)
Floor/Floor 2x2 (9)	Assets/Modern Villa/Prefabs/floors/Floor2x2.prefab	(-1.000, -0.250, 0.750)	(1.000, 0.750, 2.750)	(0.0, 0.0, 0.0)
Floor/Floor 2x2 (10)	Assets/Modern Villa/Prefabs/floors/Floor2x2.prefab	(-3.000, -0.250, 0.750)	(-1.000, 0.750, 2.750)	(0.0, 0.0, 0.0)
Floor/Floor 2x2 (11)	Assets/Modern Villa/Prefabs/floors/Floor2x2.prefab	(-5.000, -0.250, 0.750)	(-3.000, 0.750, 2.750)	(0.0, 0.0, 0.0)
Floor/Floor 2x2 (13)	Assets/Modern Villa/Prefabs/floors/Floor2x2.prefab	(-1.000, -0.250, 2.750)	(1.000, 0.750, 4.750)	(0.0, 0.0, 0.0)
Floor/Floor 2x2 (14)	Assets/Modern Villa/Prefabs/floors/Floor2x2.prefab	(-3.000, -0.250, 2.750)	(-1.000, 0.750, 4.750)	(0.0, 0.0, 0.0)
Floor/Floor 2x2 (15)	Assets/Modern Villa/Prefabs/floors/Floor2x2.prefab	(-5.000, -0.250, 2.750)	(-3.000, 0.750, 4.750)	(0.0, 0.0, 0.0)
Floor/Floor 2x2 (17)	Assets/Modern Villa/Prefabs/floors/Floor2x2.prefab	(-1.000, -0.250, 4.750)	(1.000, 0.750, 6.750)	(0.0, 0.0, 0.0)
Floor/Floor 2x2 (18)	Assets/Modern Villa/Prefabs/floors/Floor2x2.prefab	(-3.000, -0.250, 4.750)	(-1.000, 0.750, 6.750)	(0.0, 0.0, 0.0)
Floor/Floor 2x2 (19)	Assets/Modern Villa/Prefabs/floors/Floor2x2.prefab	(-5.000, -0.250, 4.750)	(-3.000, 0.750, 6.750)	(0.0, 0.0, 0.0)
Floor/Floor 2x2 (21)	Assets/Modern Villa/Prefabs/floors/Floor2x2.prefab	(-1.000, -0.250, 6.750)	(1.000, 0.750, 8.750)	(0.0, 0.0, 0.0)
Floor/Floor 2x2 (22)	Assets/Modern Villa/Prefabs/floors/Floor2x2.prefab	(-3.000, -0.250, 6.750)	(-1.000, 0.750, 8.750)	(0.0, 0.0, 0.0)
Floor/Floor 2x2 (23)	Assets/Modern Villa/Prefabs/floors/Floor2x2.prefab	(-5.000, -0.250, 6.750)	(-3.000, 0.750, 8.750)	(0.0, 0.0, 0.0)
Floor/Floor 2x2 corner	Assets/Modern Villa/Prefabs/floors/Floor2x2Corner.prefab	(1.000, -0.250, -3.250)	(3.000, 0.750, -1.250)	(0.0, 180.0, 0.0)
Floor/Floor 2x2 side	Assets/Modern Villa/Prefabs/floors/Floor2x2Side.prefab	(1.000, -0.250, -1.250)	(3.000, 0.750, 0.750)	(0.0, 180.0, 0.0)
Floor/Floor 2x2 side (1)	Assets/Modern Villa/Prefabs/floors/Floor2x2Side.prefab	(1.000, -0.250, 0.750)	(3.000, 0.750, 2.750)	(0.0, 180.0, 0.0)
Floor/Floor 2x2 side (2)	Assets/Modern Villa/Prefabs/floors/Floor2x2Side.prefab	(1.000, -0.250, 2.750)	(3.000, 0.750, 4.750)	(0.0, 180.0, 0.0)
Floor/Floor 2x2 side (3)	Assets/Modern Villa/Prefabs/floors/Floor2x2Side.prefab	(1.000, -0.250, 4.750)	(3.000, 0.750, 6.750)	(0.0, 180.0, 0.0)
Floor/Floor 2x2 side (4)	Assets/Modern Villa/Prefabs/floors/Floor2x2Side.prefab	(1.000, -0.250, 6.750)	(3.000, 0.750, 8.750)	(0.0, 180.0, 0.0)
Floor/Floor 2x2 side (5)	Assets/Modern Villa/Prefabs/floors/Floor2x2Side.prefab	(1.000, -0.250, 8.750)	(3.000, 0.750, 10.750)	(0.0, 180.0, 0.0)
Floor/Floor 2x2 side (8)	Assets/Modern Villa/Prefabs/floors/Floor2x2Side.prefab	(-5.000, -0.250, -3.250)	(-3.000, 0.750, -1.250)	(0.0, 270.0, 0.0)
Floor/Floor 2x2 side (9)	Assets/Modern Villa/Prefabs/floors/Floor2x2Side.prefab	(-3.000, -0.250, -3.250)	(-1.000, 0.750, -1.250)	(0.0, 270.0, 0.0)
Floor/Floor 2x2 (25)	Assets/Modern Villa/Prefabs/floors/Floor2x2.prefab	(-7.000, -0.250, -1.250)	(-5.000, 0.750, 0.750)	(0.0, 0.0, 0.0)
Floor/Floor 2x2 (26)	Assets/Modern Villa/Prefabs/floors/Floor2x2.prefab	(-7.000, -0.250, 0.750)	(-5.000, 0.750, 2.750)	(0.0, 0.0, 0.0)
Floor/Floor 2x2 (27)	Assets/Modern Villa/Prefabs/floors/Floor2x2.prefab	(-7.000, -0.250, 2.750)	(-5.000, 0.750, 4.750)	(0.0, 0.0, 0.0)
Floor/Floor 2x2 (28)	Assets/Modern Villa/Prefabs/floors/Floor2x2.prefab	(-7.000, -0.250, 4.750)	(-5.000, 0.750, 6.750)	(0.0, 0.0, 0.0)
Floor/Floor 2x2 (29)	Assets/Modern Villa/Prefabs/floors/Floor2x2.prefab	(-7.000, -0.250, 6.750)	(-5.000, 0.750, 8.750)	(0.0, 0.0, 0.0)
Floor/Floor 2x2 (31)	Assets/Modern Villa/Prefabs/floors/Floor2x2.prefab	(-9.000, -0.250, -1.250)	(-7.000, 0.750, 0.750)	(0.0, 0.0, 0.0)
Floor/Floor 2x2 (32)	Assets/Modern Villa/Prefabs/floors/Floor2x2.prefab	(-9.000, -0.250, 0.750)	(-7.000, 0.750, 2.750)	(0.0, 0.0, 0.0)
Floor/Floor 2x2 (33)	Assets/Modern Villa/Prefabs/floors/Floor2x2.prefab	(-9.000, -0.250, 2.750)	(-7.000, 0.750, 4.750)	(0.0, 0.0, 0.0)
Floor/Floor 2x2 (34)	Assets/Modern Villa/Prefabs/floors/Floor2x2.prefab	(-9.000, -0.250, 4.750)	(-7.000, 0.750, 6.750)	(0.0, 0.0, 0.0)
Floor/Floor 2x2 (35)	Assets/Modern Villa/Prefabs/floors/Floor2x2.prefab	(-9.000, -0.250, 6.750)	(-7.000, 0.750, 8.750)	(0.0, 0.0, 0.0)
Floor/Floor 2x2 (37)	Assets/Modern Villa/Prefabs/floors/Floor2x2.prefab	(-11.000, -0.250, -1.250)	(-9.000, 0.750, 0.750)	(0.0, 0.0, 0.0)
Floor/Floor 2x2 (38)	Assets/Modern Villa/Prefabs/floors/Floor2x2.prefab	(-11.000, -0.250, 0.750)	(-9.000, 0.750, 2.750)	(0.0, 0.0, 0.0)
Floor/Floor 2x2 (39)	Assets/Modern Villa/Prefabs/floors/Floor2x2.prefab	(-11.000, -0.250, 2.750)	(-9.000, 0.750, 4.750)	(0.0, 0.0, 0.0)
Floor/Floor 2x2 (40)	Assets/Modern Villa/Prefabs/floors/Floor2x2.prefab	(-11.000, -0.250, 4.750)	(-9.000, 0.750, 6.750)	(0.0, 0.0, 0.0)
Floor/Floor 2x2 (41)	Assets/Modern Villa/Prefabs/floors/Floor2x2.prefab	(-11.000, -0.250, 6.750)	(-9.000, 0.750, 8.750)	(0.0, 0.0, 0.0)
Floor/Floor 2x2 (43)	Assets/Modern Villa/Prefabs/floors/Floor2x2.prefab	(-13.000, -0.250, -1.250)	(-11.000, 0.750, 0.750)	(0.0, 0.0, 0.0)
Floor/Floor 2x2 (44)	Assets/Modern Villa/Prefabs/floors/Floor2x2.prefab	(-13.000, -0.250, 0.750)	(-11.000, 0.750, 2.750)	(0.0, 0.0, 0.0)
Floor/Floor 2x2 (45)	Assets/Modern Villa/Prefabs/floors/Floor2x2.prefab	(-13.000, -0.250, 2.750)	(-11.000, 0.750, 4.750)	(0.0, 0.0, 0.0)
Floor/Floor 2x2 (46)	Assets/Modern Villa/Prefabs/floors/Floor2x2.prefab	(-13.000, -0.250, 4.750)	(-11.000, 0.750, 6.750)	(0.0, 0.0, 0.0)
Floor/Floor 2x2 (47)	Assets/Modern Villa/Prefabs/floors/Floor2x2.prefab	(-13.000, -0.250, 6.750)	(-11.000, 0.750, 8.750)	(0.0, 0.0, 0.0)
Floor/Floor 2x2 side (17)	Assets/Modern Villa/Prefabs/floors/Floor2x2Side.prefab	(-13.000, -0.250, -3.250)	(-11.000, 0.750, -1.250)	(0.0, 270.0, 0.0)
Floor/Floor 2x2 side (18)	Assets/Modern Villa/Prefabs/floors/Floor2x2Side.prefab	(-7.000, -0.250, -3.250)	(-5.000, 0.750, -1.250)	(0.0, 270.0, 0.0)
Floor/Floor 2x2 side (19)	Assets/Modern Villa/Prefabs/floors/Floor2x2Side.prefab	(-9.000, -0.250, -3.250)	(-7.000, 0.750, -1.250)	(0.0, 270.0, 0.0)
Floor/Floor 2x2 side (20)	Assets/Modern Villa/Prefabs/floors/Floor2x2Side.prefab	(-11.000, -0.250, -3.250)	(-9.000, 0.750, -1.250)	(0.0, 270.0, 0.0)
Floor/mv_oil_vase (1)	Assets/Modern Villa/Prefabs/Props/OilVase.prefab	(4.973, -0.238, 23.155)	(6.101, 0.762, 24.283)	(0.0, 180.0, 0.0)
Floor/mv_oil_vase (1)/mv_oil_vase	Assets/Modern Villa/Meshes/props/mv_oil_vase.fbx	(4.973, -0.238, 23.155)	(6.101, 0.762, 24.283)	(0.0, 180.0, 0.0)
Floor/Floor 2x2 side (30)	Assets/Modern Villa/Prefabs/floors/Floor2x2Side.prefab	(-1.000, -0.250, -3.250)	(1.000, 0.750, -1.250)	(0.0, 270.0, 0.0)
Floor/Floor 2x2 (64)	Assets/Modern Villa/Prefabs/floors/Floor2x2.prefab	(-1.000, -0.250, 8.750)	(1.000, 0.750, 10.750)	(0.0, 0.0, 0.0)
Floor/Floor 2x2 (65)	Assets/Modern Villa/Prefabs/floors/Floor2x2.prefab	(-3.000, -0.250, 8.750)	(-1.000, 0.750, 10.750)	(0.0, 0.0, 0.0)
Floor/Floor 2x2 (66)	Assets/Modern Villa/Prefabs/floors/Floor2x2.prefab	(-5.000, -0.250, 8.750)	(-3.000, 0.750, 10.750)	(0.0, 0.0, 0.0)
Floor/Floor 2x2 (67)	Assets/Modern Villa/Prefabs/floors/Floor2x2.prefab	(-7.000, -0.250, 8.750)	(-5.000, 0.750, 10.750)	(0.0, 0.0, 0.0)
Floor/Floor 2x2 (68)	Assets/Modern Villa/Prefabs/floors/Floor2x2.prefab	(-9.000, -0.250, 8.750)	(-7.000, 0.750, 10.750)	(0.0, 0.0, 0.0)
Floor/Floor 2x2 (69)	Assets/Modern Villa/Prefabs/floors/Floor2x2.prefab	(-11.000, -0.250, 8.750)	(-9.000, 0.750, 10.750)	(0.0, 0.0, 0.0)
Floor/Floor 2x2 (70)	Assets/Modern Villa/Prefabs/floors/Floor2x2.prefab	(-13.000, -0.250, 8.750)	(-11.000, 0.750, 10.750)	(0.0, 0.0, 0.0)
Main Building		(-7.600, 0.750, -2.100)	(4.574, 6.350, 17.676)	(0.0, 0.0, 0.0)
Main Building/Ground Level		(-7.502, 0.750, 0.250)	(-1.000, 3.575, 10.750)	(0.0, 0.0, 0.0)
Main Building/Ground Level/Wall 2x2,5	Assets/Modern Villa/Prefabs/Walls/Wall2x2,5.prefab	(-7.500, 0.750, 0.500)	(-7.250, 3.250, 2.500)	(0.0, 90.0, 0.0)
Main Building/Ground Level/Wall 2x2,5 (1)	Assets/Modern Villa/Prefabs/Walls/Wall2x2,5.prefab	(-7.500, 0.750, 2.500)	(-7.250, 3.250, 4.500)	(0.0, 90.0, 0.0)
Main Building/Ground Level/Wall 2x2,5 (2)	Assets/Modern Villa/Prefabs/Walls/Wall2x2,5.prefab	(-7.500, 0.750, 4.500)	(-7.250, 3.250, 6.500)	(0.0, 90.0, 0.0)
Main Building/Ground Level/Wall 2x2,5 (4)	Assets/Modern Villa/Prefabs/Walls/Wall2x2,5.prefab	(-7.500, 0.750, 8.500)	(-7.250, 3.250, 10.500)	(0.0, 90.0, 0.0)
Main Building/Ground Level/WindowDoor	Assets/Modern Villa/Prefabs/Windows/WindowDoor.prefab	(-7.250, 0.750, 0.357)	(-3.250, 3.250, 0.501)	(0.0, 0.0, 0.0)
Main Building/Ground Level/Wall corner 2,5	Assets/Modern Villa/Prefabs/Walls/WallCorner2,5.prefab	(-7.500, 0.750, 0.250)	(-7.250, 3.250, 0.500)	(0.0, 270.0, 0.0)
Main Building/Ground Level/window corner l	Assets/Modern Villa/Prefabs/Windows/WindowCornerLeft.prefab	(-3.250, 0.750, 0.360)	(-1.110, 3.250, 2.500)	(0.0, 90.0, 0.0)
Main Building/Ground Level/Window straight onesided	Assets/Modern Villa/Prefabs/Windows/WindowStraightOnesided.prefab	(-1.250, 0.750, 2.500)	(-1.110, 3.250, 4.500)	(0.0, 90.0, 0.0)
Main Building/Ground Level/Window straight onesided (1)	Assets/Modern Villa/Prefabs/Windows/WindowStraightOnesided.prefab	(-1.250, 0.750, 4.500)	(-1.110, 3.250, 6.500)	(0.0, 90.0, 0.0)
Main Building/Ground Level/Window straight onesided (2)	Assets/Modern Villa/Prefabs/Windows/WindowStraightOnesided.prefab	(-1.250, 0.750, 6.500)	(-1.110, 3.250, 8.500)	(0.0, 90.0, 0.0)
Main Building/Ground Level/Window straight onesided (3)	Assets/Modern Villa/Prefabs/Windows/WindowStraightOnesided.prefab	(-1.250, 0.750, 8.500)	(-1.110, 3.250, 10.500)	(0.0, 90.0, 0.0)
Main Building/Ground Level/Objects/Couch Group/leather side element l	Assets/Modern Villa/Prefabs/furniture/LeatherSideElementLeft.prefab	(-4.820, 0.750, 4.020)	(-4.540, 1.350, 4.980)	(0.0, 90.0, 0.0)
Main Building/Ground Level/Objects/Couch Group/leather couch corner	Assets/Modern Villa/Prefabs/furniture/LeatherCouchCorner.prefab	(-7.283, 0.750, 4.019)	(-6.316, 1.552, 4.980)	(0.0, 90.0, 0.0)
Main Building/Ground Level/Objects/Couch Group/leather couch straight	Assets/Modern Villa/Prefabs/furniture/LeatherCouchStraight.prefab	(-7.285, 0.750, 3.264)	(-6.321, 1.563, 4.016)	(0.0, 90.0, 0.0)
Main Building/Ground Level/Objects/Couch Group/leather couch straight (1)	Assets/Modern Villa/Prefabs/furniture/LeatherCouchStraight.prefab	(-7.285, 0.750, 2.514)	(-6.321, 1.563, 3.266)	(0.0, 90.0, 0.0)
Main Building/Ground Level/Objects/Couch Group/leather couch corner (1)	Assets/Modern Villa/Prefabs/furniture/LeatherCouchCorner.prefab	(-7.283, 0.750, 1.549)	(-6.322, 1.552, 2.516)	(0.0, 0.0, 0.0)
Main Building/Ground Level/Objects/Couch Group/leather couch straight (2)	Assets/Modern Villa/Prefabs/furniture/LeatherCouchStraight.prefab	(-6.323, 0.750, 1.532)	(-5.571, 1.563, 2.496)	(0.0, 0.0, 0.0)
Main Building/Ground Level/Objects/Couch Group/leather couch straight (3)	Assets/Modern Villa/Prefabs/furniture/LeatherCouchStraight.prefab	(-6.323, 0.750, 4.011)	(-5.571, 1.563, 4.975)	(0.0, 180.0, 0.0)
Main Building/Ground Level/Objects/Couch Group/leather couch straight (4)	Assets/Modern Villa/Prefabs/furniture/LeatherCouchStraight.prefab	(-5.573, 0.750, 4.011)	(-4.821, 1.563, 4.975)	(0.0, 180.0, 0.0)
Main Building/Ground Level/Objects/Couch Group/leather side element  r	Assets/Modern Villa/Prefabs/furniture/LeatherSideElementRight.prefab	(-5.556, 0.750, 1.531)	(-5.276, 1.350, 2.491)	(0.0, 90.0, 0.0)
Main Building/Ground Level/Objects/Couch Group/mv_leather_seat	Assets/Modern Villa/Prefabs/furniture/LeatherSeat.prefab	(-4.602, 0.751, 1.864)	(-3.537, 1.537, 2.940)	(0.0, 311.9, 0.0)
Main Building/Ground Level/Objects/Couch Group/mv_couch_table	Assets/Modern Villa/Prefabs/furniture/CouchTable.prefab	(-5.831, 0.750, 2.972)	(-5.275, 1.382, 3.532)	(0.0, 0.0, 0.0)
Main Building/Ground Level/Objects/Couch Group/mv_couch_table/candle	Assets/Modern Villa/Prefabs/lighting/Candle.prefab	(-5.479, 1.134, 3.302)	(-5.389, 1.254, 3.392)	(0.0, 0.0, 0.0)
Main Building/Ground Level/Objects/Couch Group/mv_couch_table/white wine glas	Assets/Modern Villa/Prefabs/Props/WhiteWineGlas.prefab	(-5.405, 1.166, 3.446)	(-5.319, 1.366, 3.532)	(0.0, 0.0, 0.0)
Main Building/Ground Level/Objects/Couch Group/mv_couch_table/red wine glas	Assets/Modern Villa/Prefabs/Props/RedWineGlas.prefab	(-5.454, 1.157, 3.043)	(-5.354, 1.382, 3.143)	(0.0, 0.0, 0.0)
Main Building/Ground Level/Objects/Curtain (3)	Assets/Modern Villa/Prefabs/Props/CurtainA.prefab	(-7.277, 0.798, 0.451)	(-6.029, 3.302, 0.812)	(0.0, 0.0, 0.0)
Main Building/Ground Level/Objects/Painting 1	Assets/Modern Villa/Prefabs/Props/PaintingA.prefab	(-7.250, 1.935, 1.194)	(-7.230, 2.565, 2.194)	(0.0, 90.0, 0.0)
Main Building/Ground Level/Objects/Painting 4	Assets/Modern Villa/Prefabs/Props/PaintingD.prefab	(-7.173, 1.715, 4.000)	(-7.153, 2.715, 5.500)	(0.0, 90.0, 0.0)
Main Building/Ground Level/Objects/mv_roof_lamp	Assets/Modern Villa/Prefabs/lighting/RoofLamp.prefab	(-5.978, 2.432, 2.994)	(-5.568, 3.575, 3.404)	(0.0, 0.0, 0.0)
Main Building/Ground Level/Wall 2x2,5 (5)	Assets/Modern Villa/Prefabs/Walls/Wall2x2,5.prefab	(-7.250, 0.750, 10.500)	(-5.250, 3.250, 10.750)	(0.0, 0.0, 0.0)
Main Building/Ground Level/Wall 2x2,5 (6)	Assets/Modern Villa/Prefabs/Walls/Wall2x2,5.prefab	(-5.250, 0.750, 10.500)	(-3.250, 3.250, 10.750)	(0.0, 0.0, 0.0)
Main Building/Ground Level/Wall 2x2,5 (7)	Assets/Modern Villa/Prefabs/Walls/Wall2x2,5.prefab	(-3.250, 0.750, 10.500)	(-1.250, 3.250, 10.750)	(0.0, 0.0, 0.0)
Main Building/Ground Level/Wall corner 2,5 (1)	Assets/Modern Villa/Prefabs/Walls/WallCorner2,5.prefab	(-1.250, 0.750, 10.500)	(-1.000, 3.250, 10.750)	(0.0, 0.0, 0.0)
Main Building/Ground Level/Wall corner 2,5 (2)	Assets/Modern Villa/Prefabs/Walls/WallCorner2,5.prefab	(-7.500, 0.750, 10.500)	(-7.250, 3.250, 10.750)	(0.0, 0.0, 0.0)
Main Building/Ground Level/Wall 2x2,5 door single	Assets/Modern Villa/Prefabs/Walls/Wall 2x2,5 door single Variant.prefab	(-7.502, 0.750, 6.496)	(-7.252, 3.250, 8.496)	(0.0, 90.0, 0.0)
Main Building/Ground Level/Wall 2x2,5 door single/exterior Door	Assets/Modern Villa/Prefabs/Walls/ExteriorDoor.prefab	(-7.454, 0.751, 6.861)	(-7.311, 2.744, 8.091)	(0.0, 90.0, 0.0)
Main Building/Level 1		(-7.500, 3.548, -1.849)	(4.574, 6.052, 17.676)	(0.0, 0.0, 0.0)
Main Building/Level 1/Wall 2x2,5	Assets/Modern Villa/Prefabs/Walls/Wall2x2,5.prefab	(-7.500, 3.550, -0.500)	(-7.250, 6.050, 1.500)	(0.0, 90.0, 0.0)
Main Building/Level 1/Wall 2x2,5 (1)	Assets/Modern Villa/Prefabs/Walls/Wall2x2,5.prefab	(-7.500, 3.550, 1.500)	(-7.250, 6.050, 3.500)	(0.0, 90.0, 0.0)
Main Building/Level 1/Wall 2x2,5 (2)	Assets/Modern Villa/Prefabs/Walls/Wall2x2,5.prefab	(-7.500, 3.550, 3.500)	(-7.250, 6.050, 5.500)	(0.0, 90.0, 0.0)
Main Building/Level 1/Wall 2x2,5 (3)	Assets/Modern Villa/Prefabs/Walls/Wall2x2,5.prefab	(-7.500, 3.550, 5.500)	(-7.250, 6.050, 7.500)	(0.0, 90.0, 0.0)
Main Building/Level 1/Wall 2x2,5 (4)	Assets/Modern Villa/Prefabs/Walls/Wall2x2,5.prefab	(-7.500, 3.550, 7.500)	(-7.250, 6.050, 9.500)	(0.0, 90.0, 0.0)
Main Building/Level 1/WindowDoor	Assets/Modern Villa/Prefabs/Windows/WindowDoor.prefab	(-7.250, 3.550, -0.643)	(-3.250, 6.050, -0.499)	(0.0, 0.0, 0.0)
Main Building/Level 1/Wall corner 2,5	Assets/Modern Villa/Prefabs/Walls/WallCorner2,5.prefab	(-7.500, 3.550, -0.750)	(-7.250, 6.050, -0.500)	(0.0, 270.0, 0.0)
Main Building/Level 1/Wall 2x2,5 (5)	Assets/Modern Villa/Prefabs/Walls/Wall2x2,5.prefab	(-1.250, 3.550, 1.500)	(-1.000, 6.050, 3.500)	(0.0, 90.0, 0.0)
Main Building/Level 1/Wall 2x2,5.window 1	Assets/Modern Villa/Prefabs/Walls/Wall2x2,5Window.prefab	(-1.253, 3.550, 3.500)	(-1.000, 6.050, 5.500)	(0.0, 90.0, 0.0)
Main Building/Level 1/Wall 2x2,5 (6)	Assets/Modern Villa/Prefabs/Walls/Wall2x2,5.prefab	(-1.250, 3.550, 5.500)	(-1.000, 6.050, 7.500)	(0.0, 90.0, 0.0)
Main Building/Level 1/Wall 2x2,5.window 1 (1)	Assets/Modern Villa/Prefabs/Walls/Wall2x2,5Window.prefab	(-1.253, 3.550, -0.500)	(-1.000, 6.050, 1.500)	(0.0, 90.0, 0.0)
Main Building/Level 1/Window straight onesided	Assets/Modern Villa/Prefabs/Windows/WindowStraightOnesided.prefab	(-3.248, 3.550, -0.666)	(-1.248, 6.050, -0.526)	(0.0, 0.0, 0.0)
Main Building/Level 1/Wall 2x2,5 (7)	Assets/Modern Villa/Prefabs/Walls/Wall2x2,5.prefab	(-1.250, 3.550, 7.500)	(-1.000, 6.050, 9.500)	(0.0, 90.0, 0.0)
Main Building/Level 1/Wall corner 2,5 (1)	Assets/Modern Villa/Prefabs/Walls/WallCorner2,5.prefab	(-1.250, 3.550, -0.750)	(-1.000, 6.050, -0.500)	(0.0, 180.0, 0.0)
Main Building/Level 1/Wall 2x2,5 (8)	Assets/Modern Villa/Prefabs/Walls/Wall2x2,5.prefab	(-3.250, 3.550, 9.500)	(-1.250, 6.050, 9.750)	(0.0, 0.0, 0.0)
Main Building/Level 1/Wall 2x2,5 (9)	Assets/Modern Villa/Prefabs/Walls/Wall2x2,5.prefab	(-5.250, 3.550, 9.500)	(-3.250, 6.050, 9.750)	(0.0, 0.0, 0.0)
Main Building/Level 1/Wall 2x2,5 (10)	Assets/Modern Villa/Prefabs/Walls/Wall2x2,5.prefab	(-7.250, 3.550, 9.500)	(-5.250, 6.050, 9.750)	(0.0, 0.0, 0.0)
Main Building/Level 1/Objects/Curtain	Assets/Modern Villa/Prefabs/Props/CurtainA.prefab	(-7.397, 3.548, -1.849)	(-7.036, 6.052, -0.601)	(0.0, 90.0, 0.0)
Main Building/Level 1/Objects/Curtain (1)	Assets/Modern Villa/Prefabs/Props/CurtainA.prefab	(-6.899, 3.548, -0.397)	(-5.651, 6.052, -0.036)	(0.0, 0.0, 0.0)
Main Building/Level 1/Objects/Curtain (2)	Assets/Modern Villa/Prefabs/Props/CurtainA.prefab	(-2.649, 3.548, -0.397)	(-1.401, 6.052, -0.036)	(0.0, 0.0, 0.0)
Main Building/Level 1/Objects/Curtain (3)	Assets/Modern Villa/Prefabs/Props/CurtainA.prefab	(-1.456, 3.548, 0.123)	(-1.095, 6.052, 1.371)	(0.0, 90.0, 0.0)
Main Building/Level 1/Objects/Curtain (4)	Assets/Modern Villa/Prefabs/Props/CurtainA.prefab	(-1.427, 3.548, 4.151)	(-1.066, 6.052, 5.399)	(0.0, 90.0, 0.0)
Main Building/Level 1/Objects/Painting 2	Assets/Modern Villa/Prefabs/Props/PaintingB.prefab	(4.074, 3.917, 17.656)	(4.574, 4.587, 17.676)	(0.0, 180.0, 0.0)
Main Building/Level 1/Objects/Painting 3	Assets/Modern Villa/Prefabs/Props/PaintingC.prefab	(-7.245, 4.300, 1.370)	(-7.225, 5.300, 2.130)	(0.0, 90.0, 0.0)
Main Building/Level 1/Wall corner 2,5 (2)	Assets/Modern Villa/Prefabs/Walls/WallCorner2,5.prefab	(-1.250, 3.550, 9.500)	(-1.000, 6.050, 9.750)	(0.0, 0.0, 0.0)
Main Building/Level 1/Wall corner 2,5 (3)	Assets/Modern Villa/Prefabs/Walls/WallCorner2,5.prefab	(-7.500, 3.550, 9.500)	(-7.250, 6.050, 9.750)	(0.0, 0.0, 0.0)
Main Building/Level 1/Wall inner 1x2,5 door	Assets/Modern Villa/Prefabs/Walls/WallInner1x2,5Door.prefab	(-3.250, 3.550, 5.750)	(-2.250, 6.050, 5.915)	(0.0, 0.0, 0.0)
Main Building/Level 1/Wall inner 1x2,5	Assets/Modern Villa/Prefabs/Walls/WallInner1x2,5.prefab	(-2.250, 3.550, 5.750)	(-1.250, 6.050, 5.900)	(0.0, 0.0, 0.0)
Main Building/Level 1/Wall inner 1x2,5 (1)	Assets/Modern Villa/Prefabs/Walls/WallInner1x2,5.prefab	(-4.250, 3.550, 5.750)	(-3.250, 6.050, 5.900)	(0.0, 0.0, 0.0)
Main Building/Level 1/Wall inner 1x2,5 (2)	Assets/Modern Villa/Prefabs/Walls/WallInner1x2,5.prefab	(-5.250, 3.550, 5.750)	(-4.250, 6.050, 5.900)	(0.0, 0.0, 0.0)
Main Building/Level 1/Wall inner 1x2,5 (3)	Assets/Modern Villa/Prefabs/Walls/WallInner1x2,5.prefab	(-6.250, 3.550, 5.750)	(-5.250, 6.050, 5.900)	(0.0, 0.0, 0.0)
Main Building/Level 1/Wall inner 1x2,5 (4)	Assets/Modern Villa/Prefabs/Walls/WallInner1x2,5.prefab	(-7.250, 3.550, 5.750)	(-6.250, 6.050, 5.900)	(0.0, 0.0, 0.0)
Main Building/roof 2		(-7.600, 6.050, -1.850)	(-0.900, 6.350, 10.350)	(0.0, 0.0, 0.0)
Main Building/roof 2/Roof 2x2	Assets/Modern Villa/Prefabs/roof/Roof2x2.prefab	(-5.000, 6.050, 0.250)	(-3.000, 6.350, 2.250)	(0.0, 0.0, 0.0)
Main Building/roof 2/Roof 2x2 side	Assets/Modern Villa/Prefabs/roof/Roof2x2Side.prefab	(-7.600, 6.050, 0.250)	(-5.500, 6.350, 2.250)	(0.0, 0.0, 0.0)
Main Building/roof 2/Roof 2x2 side (1)	Assets/Modern Villa/Prefabs/roof/Roof2x2Side.prefab	(-3.000, 6.050, 0.250)	(-0.900, 6.350, 2.250)	(0.0, 180.0, 0.0)
Main Building/roof 2/Roof 2x2 side (2)	Assets/Modern Villa/Prefabs/roof/Roof2x2Side.prefab	(-5.000, 6.050, -1.850)	(-3.000, 6.350, 0.250)	(0.0, 270.0, 0.0)
Main Building/roof 2/Roof 2x2 corner	Assets/Modern Villa/Prefabs/roof/Roof2x2corner.prefab	(-7.600, 6.050, -1.850)	(-5.500, 6.350, 0.250)	(0.0, 270.0, 0.0)
Main Building/roof 2/Roof 2x2 corner (1)	Assets/Modern Villa/Prefabs/roof/Roof2x2corner.prefab	(-3.000, 6.050, -1.850)	(-0.900, 6.350, 0.250)	(0.0, 180.0, 0.0)
Main Building/roof 2/Roof 2x2 (1)	Assets/Modern Villa/Prefabs/roof/Roof2x2.prefab	(-5.000, 6.050, 2.250)	(-3.000, 6.350, 4.250)	(0.0, 0.0, 0.0)
Main Building/roof 2/Roof 2x2 side (3)	Assets/Modern Villa/Prefabs/roof/Roof2x2Side.prefab	(-7.600, 6.050, 2.250)	(-5.500, 6.350, 4.250)	(0.0, 0.0, 0.0)
Main Building/roof 2/Roof 2x2 side (4)	Assets/Modern Villa/Prefabs/roof/Roof2x2Side.prefab	(-3.000, 6.050, 2.250)	(-0.900, 6.350, 4.250)	(0.0, 180.0, 0.0)
Main Building/roof 2/Roof 2x2 (2)	Assets/Modern Villa/Prefabs/roof/Roof2x2.prefab	(-5.000, 6.050, 4.250)	(-3.000, 6.350, 6.250)	(0.0, 0.0, 0.0)
Main Building/roof 2/Roof 2x2 side (5)	Assets/Modern Villa/Prefabs/roof/Roof2x2Side.prefab	(-7.600, 6.050, 4.250)	(-5.500, 6.350, 6.250)	(0.0, 0.0, 0.0)
Main Building/roof 2/Roof 2x2 side (6)	Assets/Modern Villa/Prefabs/roof/Roof2x2Side.prefab	(-3.000, 6.050, 4.250)	(-0.900, 6.350, 6.250)	(0.0, 180.0, 0.0)
Main Building/roof 2/Roof 2x2 (3)	Assets/Modern Villa/Prefabs/roof/Roof2x2.prefab	(-5.000, 6.050, 6.250)	(-3.000, 6.350, 8.250)	(0.0, 0.0, 0.0)
Main Building/roof 2/Roof 2x2 side (7)	Assets/Modern Villa/Prefabs/roof/Roof2x2Side.prefab	(-7.600, 6.050, 6.250)	(-5.500, 6.350, 8.250)	(0.0, 0.0, 0.0)
Main Building/roof 2/Roof 2x2 side (8)	Assets/Modern Villa/Prefabs/roof/Roof2x2Side.prefab	(-3.000, 6.050, 6.250)	(-0.900, 6.350, 8.250)	(0.0, 180.0, 0.0)
Main Building/roof 2/Roof 2x2 side (11)	Assets/Modern Villa/Prefabs/roof/Roof2x2Side.prefab	(-5.000, 6.050, 8.250)	(-3.000, 6.350, 10.350)	(0.0, 90.0, 0.0)
Main Building/roof 2/Roof 2x2 corner (2)	Assets/Modern Villa/Prefabs/roof/Roof2x2corner.prefab	(-7.600, 6.050, 8.250)	(-5.500, 6.350, 10.350)	(0.0, 0.0, 0.0)
Main Building/roof 2/Roof 2x2 corner (3)	Assets/Modern Villa/Prefabs/roof/Roof2x2corner.prefab	(-3.000, 6.050, 8.250)	(-0.900, 6.350, 10.350)	(0.0, 90.0, 0.0)
Main Building/roof 2/Roof ,5x,5 (26)	Assets/Modern Villa/Prefabs/roof/Roof ,5x,5.prefab	(-5.500, 6.050, -1.250)	(-5.000, 6.350, -0.750)	(0.0, 180.0, 0.0)
Main Building/roof 2/Roof ,5x,5 (27)	Assets/Modern Villa/Prefabs/roof/Roof ,5x,5.prefab	(-5.500, 6.050, -0.750)	(-5.000, 6.350, -0.250)	(0.0, 180.0, 0.0)
Main Building/roof 2/Roof ,5x,5 (28)	Assets/Modern Villa/Prefabs/roof/Roof ,5x,5.prefab	(-5.500, 6.050, -0.250)	(-5.000, 6.350, 0.250)	(0.0, 180.0, 0.0)
Main Building/roof 2/Roof ,5x,5 (29)	Assets/Modern Villa/Prefabs/roof/Roof ,5x,5.prefab	(-5.500, 6.050, 0.250)	(-5.000, 6.350, 0.750)	(0.0, 180.0, 0.0)
Main Building/roof 2/Roof ,5x,5 (30)	Assets/Modern Villa/Prefabs/roof/Roof ,5x,5.prefab	(-5.500, 6.050, 0.750)	(-5.000, 6.350, 1.250)	(0.0, 180.0, 0.0)
Main Building/roof 2/Roof ,5x,5 (31)	Assets/Modern Villa/Prefabs/roof/Roof ,5x,5.prefab	(-5.500, 6.050, 1.250)	(-5.000, 6.350, 1.750)	(0.0, 180.0, 0.0)
Main Building/roof 2/Roof ,5x,5 (32)	Assets/Modern Villa/Prefabs/roof/Roof ,5x,5.prefab	(-5.500, 6.050, 1.750)	(-5.000, 6.350, 2.250)	(0.0, 180.0, 0.0)
Main Building/roof 2/Roof ,5x,5 (33)	Assets/Modern Villa/Prefabs/roof/Roof ,5x,5.prefab	(-5.500, 6.050, 2.250)	(-5.000, 6.350, 2.750)	(0.0, 180.0, 0.0)
Main Building/roof 2/Roof ,5x,5 (34)	Assets/Modern Villa/Prefabs/roof/Roof ,5x,5.prefab	(-5.500, 6.050, 2.750)	(-5.000, 6.350, 3.250)	(0.0, 180.0, 0.0)
Main Building/roof 2/Roof ,5x,5 (35)	Assets/Modern Villa/Prefabs/roof/Roof ,5x,5.prefab	(-5.500, 6.050, 3.250)	(-5.000, 6.350, 3.750)	(0.0, 180.0, 0.0)
Main Building/roof 2/Roof ,5x,5 (36)	Assets/Modern Villa/Prefabs/roof/Roof ,5x,5.prefab	(-5.500, 6.050, 3.750)	(-5.000, 6.350, 4.250)	(0.0, 180.0, 0.0)
Main Building/roof 2/Roof ,5x,5 (37)	Assets/Modern Villa/Prefabs/roof/Roof ,5x,5.prefab	(-5.500, 6.050, 4.250)	(-5.000, 6.350, 4.750)	(0.0, 180.0, 0.0)
Main Building/roof 2/Roof ,5x,5 (38)	Assets/Modern Villa/Prefabs/roof/Roof ,5x,5.prefab	(-5.500, 6.050, 4.750)	(-5.000, 6.350, 5.250)	(0.0, 180.0, 0.0)
Main Building/roof 2/Roof ,5x,5 (39)	Assets/Modern Villa/Prefabs/roof/Roof ,5x,5.prefab	(-5.500, 6.050, 5.250)	(-5.000, 6.350, 5.750)	(0.0, 180.0, 0.0)
Main Building/roof 2/Roof ,5x,5 (40)	Assets/Modern Villa/Prefabs/roof/Roof ,5x,5.prefab	(-5.500, 6.050, 5.750)	(-5.000, 6.350, 6.250)	(0.0, 180.0, 0.0)
Main Building/roof 2/Roof ,5x,5 (41)	Assets/Modern Villa/Prefabs/roof/Roof ,5x,5.prefab	(-5.500, 6.050, 6.250)	(-5.000, 6.350, 6.750)	(0.0, 180.0, 0.0)
Main Building/roof 2/Roof ,5x,5 (42)	Assets/Modern Villa/Prefabs/roof/Roof ,5x,5.prefab	(-5.500, 6.050, 6.750)	(-5.000, 6.350, 7.250)	(0.0, 180.0, 0.0)
Main Building/roof 2/Roof ,5x,5 (43)	Assets/Modern Villa/Prefabs/roof/Roof ,5x,5.prefab	(-5.500, 6.050, 7.250)	(-5.000, 6.350, 7.750)	(0.0, 180.0, 0.0)
Main Building/roof 2/Roof ,5x,5 (44)	Assets/Modern Villa/Prefabs/roof/Roof ,5x,5.prefab	(-5.500, 6.050, 7.750)	(-5.000, 6.350, 8.250)	(0.0, 180.0, 0.0)
Main Building/roof 2/Roof ,5x,5 (45)	Assets/Modern Villa/Prefabs/roof/Roof ,5x,5.prefab	(-5.500, 6.050, 8.250)	(-5.000, 6.350, 8.750)	(0.0, 180.0, 0.0)
Main Building/roof 2/Roof ,5x,5 (46)	Assets/Modern Villa/Prefabs/roof/Roof ,5x,5.prefab	(-5.500, 6.050, 8.750)	(-5.000, 6.350, 9.250)	(0.0, 180.0, 0.0)
Main Building/roof 2/Roof ,5x,5 (47)	Assets/Modern Villa/Prefabs/roof/Roof ,5x,5.prefab	(-5.500, 6.050, 9.250)	(-5.000, 6.350, 9.750)	(0.0, 180.0, 0.0)
Main Building/roof 2/Roof ,5x,5 side (3)	Assets/Modern Villa/Prefabs/roof/Roof ,5x,5 side.prefab	(-5.500, 6.050, 9.750)	(-5.000, 6.350, 10.350)	(0.0, 0.0, 0.0)
Main Building/roof 2/Roof ,5x,5 side (2)	Assets/Modern Villa/Prefabs/roof/Roof ,5x,5 side.prefab	(-5.500, 6.050, -1.850)	(-5.000, 6.350, -1.250)	(0.0, 180.0, 0.0)
Main Building/roof 2 (1)		(-7.600, 3.255, -2.100)	(-0.900, 4.381, 12.100)	(0.0, 0.0, 0.0)
Main Building/roof 2 (1)/Roof 2x2	Assets/Modern Villa/Prefabs/roof/Roof2x2.prefab	(-5.000, 3.255, 0.000)	(-3.000, 3.555, 2.000)	(0.0, 0.0, 0.0)
Main Building/roof 2 (1)/Roof 2x2 side	Assets/Modern Villa/Prefabs/roof/Roof2x2Side.prefab	(-7.600, 3.255, 0.000)	(-5.500, 3.555, 2.000)	(0.0, 0.0, 0.0)
Main Building/roof 2 (1)/Roof 2x2 side (1)	Assets/Modern Villa/Prefabs/roof/Roof2x2Side.prefab	(-3.000, 3.255, 0.000)	(-0.900, 3.555, 2.000)	(0.0, 180.0, 0.0)
Main Building/roof 2 (1)/Roof 2x2 side (2)	Assets/Modern Villa/Prefabs/roof/Roof2x2Side.prefab	(-5.000, 3.255, -2.100)	(-3.000, 3.555, 0.000)	(0.0, 270.0, 0.0)
Main Building/roof 2 (1)/Roof 2x2 corner	Assets/Modern Villa/Prefabs/roof/Roof2x2corner.prefab	(-7.600, 3.255, -2.100)	(-5.500, 3.555, 0.000)	(0.0, 270.0, 0.0)
Main Building/roof 2 (1)/Roof 2x2 corner (1)	Assets/Modern Villa/Prefabs/roof/Roof2x2corner.prefab	(-3.000, 3.255, -2.100)	(-0.900, 3.555, 0.000)	(0.0, 180.0, 0.0)
Main Building/roof 2 (1)/Roof 2x2 (1)	Assets/Modern Villa/Prefabs/roof/Roof2x2.prefab	(-5.000, 3.255, 2.000)	(-3.000, 3.555, 4.000)	(0.0, 0.0, 0.0)
Main Building/roof 2 (1)/Roof 2x2 side (3)	Assets/Modern Villa/Prefabs/roof/Roof2x2Side.prefab	(-7.600, 3.255, 2.000)	(-5.500, 3.555, 4.000)	(0.0, 0.0, 0.0)
Main Building/roof 2 (1)/Roof 2x2 side (4)	Assets/Modern Villa/Prefabs/roof/Roof2x2Side.prefab	(-3.000, 3.255, 2.000)	(-0.900, 3.555, 4.000)	(0.0, 180.0, 0.0)
Main Building/roof 2 (1)/Roof 2x2 (2)	Assets/Modern Villa/Prefabs/roof/Roof2x2.prefab	(-5.000, 3.255, 4.000)	(-3.000, 3.555, 6.000)	(0.0, 0.0, 0.0)
Main Building/roof 2 (1)/Roof 2x2 side (5)	Assets/Modern Villa/Prefabs/roof/Roof2x2Side.prefab	(-7.600, 3.255, 4.000)	(-5.500, 3.555, 6.000)	(0.0, 0.0, 0.0)
Main Building/roof 2 (1)/Roof 2x2 side (6)	Assets/Modern Villa/Prefabs/roof/Roof2x2Side.prefab	(-3.000, 3.255, 4.000)	(-0.900, 3.555, 6.000)	(0.0, 180.0, 0.0)
Main Building/roof 2 (1)/Roof 2x2 (3)	Assets/Modern Villa/Prefabs/roof/Roof2x2.prefab	(-5.000, 3.255, 6.000)	(-3.000, 3.555, 8.000)	(0.0, 0.0, 0.0)
Main Building/roof 2 (1)/Roof 2x2 side (7)	Assets/Modern Villa/Prefabs/roof/Roof2x2Side.prefab	(-7.600, 3.255, 6.000)	(-5.500, 3.555, 8.000)	(0.0, 0.0, 0.0)
Main Building/roof 2 (1)/Roof 2x2 side (8)	Assets/Modern Villa/Prefabs/roof/Roof2x2Side.prefab	(-3.000, 3.255, 6.000)	(-0.900, 3.555, 8.000)	(0.0, 180.0, 0.0)
Main Building/roof 2 (1)/Roof 2x2 (4)	Assets/Modern Villa/Prefabs/roof/Roof2x2.prefab	(-5.000, 3.255, 8.000)	(-3.000, 3.555, 10.000)	(0.0, 0.0, 0.0)
Main Building/roof 2 (1)/Roof 2x2 side (9)	Assets/Modern Villa/Prefabs/roof/Roof2x2Side.prefab	(-7.600, 3.255, 8.000)	(-5.500, 3.555, 10.000)	(0.0, 0.0, 0.0)
Main Building/roof 2 (1)/Roof 2x2 side (10)	Assets/Modern Villa/Prefabs/roof/Roof2x2Side.prefab	(-3.000, 3.255, 8.000)	(-0.900, 3.555, 10.000)	(0.0, 180.0, 0.0)
Main Building/roof 2 (1)/Roof 2x2 side (11)	Assets/Modern Villa/Prefabs/roof/Roof2x2Side.prefab	(-5.000, 3.255, 10.000)	(-3.000, 3.555, 12.100)	(0.0, 90.0, 0.0)
Main Building/roof 2 (1)/Roof 2x2 corner (2)	Assets/Modern Villa/Prefabs/roof/Roof2x2corner.prefab	(-7.600, 3.255, 10.000)	(-5.500, 3.555, 12.100)	(0.0, 0.0, 0.0)
Main Building/roof 2 (1)/Roof 2x2 corner (3)	Assets/Modern Villa/Prefabs/roof/Roof2x2corner.prefab	(-3.000, 3.255, 10.000)	(-0.900, 3.555, 12.100)	(0.0, 90.0, 0.0)
Main Building/roof 2 (1)/Railing/Front/railing corner 1m	Assets/Modern Villa/Prefabs/railing/RailingCorner1m.prefab	(-2.032, 3.554, -2.046)	(-1.012, 4.381, -1.030)	(0.0, 90.0, 0.0)
Main Building/roof 2 (1)/Railing/Front/railing .5m	Assets/Modern Villa/Prefabs/railing/Railing.5m.prefab	(-1.085, 3.554, -1.086)	(-1.015, 4.381, -0.586)	(0.0, 90.0, 0.0)
Main Building/roof 2 (1)/Railing/Front/railing 1m	Assets/Modern Villa/Prefabs/railing/Railing1m.prefab	(-2.970, 3.554, -2.035)	(-1.970, 4.381, -1.965)	(0.0, 0.0, 0.0)
Main Building/roof 2 (1)/Railing/Front/railing 1m (1)	Assets/Modern Villa/Prefabs/railing/Railing1m.prefab	(-3.970, 3.554, -2.035)	(-2.970, 4.381, -1.965)	(0.0, 0.0, 0.0)
Main Building/roof 2 (1)/Railing/Front/railing 1m (2)	Assets/Modern Villa/Prefabs/railing/Railing1m.prefab	(-4.970, 3.554, -2.035)	(-3.970, 4.381, -1.965)	(0.0, 0.0, 0.0)
Main Building/roof 2 (1)/Railing/Front/railing 1m (3)	Assets/Modern Villa/Prefabs/railing/Railing1m.prefab	(-5.970, 3.554, -2.035)	(-4.970, 4.381, -1.965)	(0.0, 0.0, 0.0)
Main Building/roof 2 (1)/Railing/Front/railing .5m (1)	Assets/Modern Villa/Prefabs/railing/Railing.5m.prefab	(-7.485, 3.554, -0.983)	(-7.415, 4.381, -0.483)	(0.0, 270.0, 0.0)
Main Building/roof 2 (1)/Railing/Front/railing 1m (4)	Assets/Modern Villa/Prefabs/railing/Railing1m.prefab	(-6.970, 3.554, -2.035)	(-5.970, 4.381, -1.965)	(0.0, 0.0, 0.0)
Main Building/roof 2 (1)/Railing/Front/railing corner short	Assets/Modern Villa/Prefabs/railing/RailingCornerShort.prefab	(-7.485, 3.554, -2.038)	(-7.410, 4.381, -1.955)	(0.0, 180.0, 0.0)
Main Building/roof 2 (1)/Railing/Front/Railing.5m	Assets/Modern Villa/Prefabs/railing/Railing.5m.prefab	(-7.470, 3.554, -2.035)	(-6.970, 4.381, -1.965)	(0.0, 0.0, 0.0)
Main Building/roof 2 (1)/Railing/Front/railing 1m (5)	Assets/Modern Villa/Prefabs/railing/Railing1m.prefab	(-7.485, 3.554, -1.970)	(-7.415, 4.381, -0.970)	(0.0, 270.0, 0.0)
Main Building/roof 2 (1)/Railing/Back/railing corner 1m (1)	Assets/Modern Villa/Prefabs/railing/RailingCorner1m.prefab	(-2.013, 3.554, 11.018)	(-0.997, 4.381, 12.038)	(0.0, 0.0, 0.0)
Main Building/roof 2 (1)/Railing/Back/railing 1m (6)	Assets/Modern Villa/Prefabs/railing/Railing1m.prefab	(-3.013, 3.554, 11.965)	(-2.013, 4.381, 12.035)	(0.0, 0.0, 0.0)
Main Building/roof 2 (1)/Railing/Back/railing corner 1m (2)	Assets/Modern Villa/Prefabs/railing/RailingCorner1m.prefab	(-7.414, 3.554, 11.030)	(-6.394, 4.381, 12.046)	(0.0, 270.0, 0.0)
Main Building/roof 2 (1)/Railing/Back/railing 1m (7)	Assets/Modern Villa/Prefabs/railing/Railing1m.prefab	(-4.013, 3.554, 11.965)	(-3.013, 4.381, 12.035)	(0.0, 0.0, 0.0)
Main Building/roof 2 (1)/Railing/Back/railing 1m (8)	Assets/Modern Villa/Prefabs/railing/Railing1m.prefab	(-5.013, 3.554, 11.965)	(-4.013, 4.381, 12.035)	(0.0, 0.0, 0.0)
Main Building/roof 2 (1)/Railing/Back/railing 1m (9)	Assets/Modern Villa/Prefabs/railing/Railing1m.prefab	(-6.013, 3.554, 11.965)	(-5.013, 4.381, 12.035)	(0.0, 0.0, 0.0)
Main Building/roof 2 (1)/Railing/Back/railing  post	Assets/Modern Villa/Prefabs/railing/RailingPost.prefab	(-6.073, 3.554, 11.965)	(-6.013, 4.381, 12.035)	(0.0, 0.0, 0.0)
Main Building/roof 2 (1)/Railing/Back/railing 1m (10)	Assets/Modern Villa/Prefabs/railing/Railing1m.prefab	(-1.078, 3.554, 10.030)	(-1.008, 4.381, 11.030)	(0.0, 270.0, 0.0)
Main Building/roof 2 (1)/Railing/Back/railing 1m (11)	Assets/Modern Villa/Prefabs/railing/Railing1m.prefab	(-1.078, 3.554, 9.030)	(-1.008, 4.381, 10.030)	(0.0, 270.0, 0.0)
Main Building/roof 2 (1)/Railing/Back/railing 1m (12)	Assets/Modern Villa/Prefabs/railing/Railing1m.prefab	(-7.411, 3.554, 10.030)	(-7.341, 4.381, 11.030)	(0.0, 270.0, 0.0)
Main Building/roof 2 (1)/Railing/Back/railing 1m (13)	Assets/Modern Villa/Prefabs/railing/Railing1m.prefab	(-7.411, 3.554, 9.030)	(-7.341, 4.381, 10.030)	(0.0, 270.0, 0.0)
Main Building/roof 2 (1)/Railing/Back/Railing.5m	Assets/Modern Villa/Prefabs/railing/Railing.5m.prefab	(-6.573, 3.554, 11.965)	(-6.073, 4.381, 12.035)	(0.0, 180.0, 0.0)
Main Building/roof 2 (1)/Roof ,5x,5	Assets/Modern Villa/Prefabs/roof/Roof ,5x,5.prefab	(-5.500, 3.255, -1.500)	(-5.000, 3.555, -1.000)	(0.0, 180.0, 0.0)
Main Building/roof 2 (1)/Roof ,5x,5 (1)	Assets/Modern Villa/Prefabs/roof/Roof ,5x,5.prefab	(-5.500, 3.255, -1.000)	(-5.000, 3.555, -0.500)	(0.0, 180.0, 0.0)
Main Building/roof 2 (1)/Roof ,5x,5 (2)	Assets/Modern Villa/Prefabs/roof/Roof ,5x,5.prefab	(-5.500, 3.255, -0.500)	(-5.000, 3.555, 0.000)	(0.0, 180.0, 0.0)
Main Building/roof 2 (1)/Roof ,5x,5 (3)	Assets/Modern Villa/Prefabs/roof/Roof ,5x,5.prefab	(-5.500, 3.255, 0.000)	(-5.000, 3.555, 0.500)	(0.0, 180.0, 0.0)
Main Building/roof 2 (1)/Roof ,5x,5 (4)	Assets/Modern Villa/Prefabs/roof/Roof ,5x,5.prefab	(-5.500, 3.255, 0.500)	(-5.000, 3.555, 1.000)	(0.0, 180.0, 0.0)
Main Building/roof 2 (1)/Roof ,5x,5 (5)	Assets/Modern Villa/Prefabs/roof/Roof ,5x,5.prefab	(-5.500, 3.255, 1.000)	(-5.000, 3.555, 1.500)	(0.0, 180.0, 0.0)
Main Building/roof 2 (1)/Roof ,5x,5 (6)	Assets/Modern Villa/Prefabs/roof/Roof ,5x,5.prefab	(-5.500, 3.255, 1.500)	(-5.000, 3.555, 2.000)	(0.0, 180.0, 0.0)
Main Building/roof 2 (1)/Roof ,5x,5 (7)	Assets/Modern Villa/Prefabs/roof/Roof ,5x,5.prefab	(-5.500, 3.255, 2.000)	(-5.000, 3.555, 2.500)	(0.0, 180.0, 0.0)
Main Building/roof 2 (1)/Roof ,5x,5 (8)	Assets/Modern Villa/Prefabs/roof/Roof ,5x,5.prefab	(-5.500, 3.255, 2.500)	(-5.000, 3.555, 3.000)	(0.0, 180.0, 0.0)
Main Building/roof 2 (1)/Roof ,5x,5 (9)	Assets/Modern Villa/Prefabs/roof/Roof ,5x,5.prefab	(-5.500, 3.255, 3.000)	(-5.000, 3.555, 3.500)	(0.0, 180.0, 0.0)
Main Building/roof 2 (1)/Roof ,5x,5 (10)	Assets/Modern Villa/Prefabs/roof/Roof ,5x,5.prefab	(-5.500, 3.255, 3.500)	(-5.000, 3.555, 4.000)	(0.0, 180.0, 0.0)
Main Building/roof 2 (1)/Roof ,5x,5 (11)	Assets/Modern Villa/Prefabs/roof/Roof ,5x,5.prefab	(-5.500, 3.255, 4.000)	(-5.000, 3.555, 4.500)	(0.0, 180.0, 0.0)
Main Building/roof 2 (1)/Roof ,5x,5 (12)	Assets/Modern Villa/Prefabs/roof/Roof ,5x,5.prefab	(-5.500, 3.255, 4.500)	(-5.000, 3.555, 5.000)	(0.0, 180.0, 0.0)
Main Building/roof 2 (1)/Roof ,5x,5 (13)	Assets/Modern Villa/Prefabs/roof/Roof ,5x,5.prefab	(-5.500, 3.255, 5.000)	(-5.000, 3.555, 5.500)	(0.0, 180.0, 0.0)
Main Building/roof 2 (1)/Roof ,5x,5 (14)	Assets/Modern Villa/Prefabs/roof/Roof ,5x,5.prefab	(-5.500, 3.255, 5.500)	(-5.000, 3.555, 6.000)	(0.0, 180.0, 0.0)
Main Building/roof 2 (1)/Roof ,5x,5 (15)	Assets/Modern Villa/Prefabs/roof/Roof ,5x,5.prefab	(-5.500, 3.255, 6.000)	(-5.000, 3.555, 6.500)	(0.0, 180.0, 0.0)
Main Building/roof 2 (1)/Roof ,5x,5 (16)	Assets/Modern Villa/Prefabs/roof/Roof ,5x,5.prefab	(-5.500, 3.255, 6.500)	(-5.000, 3.555, 7.000)	(0.0, 180.0, 0.0)
Main Building/roof 2 (1)/Roof ,5x,5 (17)	Assets/Modern Villa/Prefabs/roof/Roof ,5x,5.prefab	(-5.500, 3.255, 7.000)	(-5.000, 3.555, 7.500)	(0.0, 180.0, 0.0)
Main Building/roof 2 (1)/Roof ,5x,5 (18)	Assets/Modern Villa/Prefabs/roof/Roof ,5x,5.prefab	(-5.500, 3.255, 7.500)	(-5.000, 3.555, 8.000)	(0.0, 180.0, 0.0)
Main Building/roof 2 (1)/Roof ,5x,5 (19)	Assets/Modern Villa/Prefabs/roof/Roof ,5x,5.prefab	(-5.500, 3.255, 8.000)	(-5.000, 3.555, 8.500)	(0.0, 180.0, 0.0)
Main Building/roof 2 (1)/Roof ,5x,5 (20)	Assets/Modern Villa/Prefabs/roof/Roof ,5x,5.prefab	(-5.500, 3.255, 8.500)	(-5.000, 3.555, 9.000)	(0.0, 180.0, 0.0)
Main Building/roof 2 (1)/Roof ,5x,5 (21)	Assets/Modern Villa/Prefabs/roof/Roof ,5x,5.prefab	(-5.500, 3.255, 9.000)	(-5.000, 3.555, 9.500)	(0.0, 180.0, 0.0)
Main Building/roof 2 (1)/Roof ,5x,5 (22)	Assets/Modern Villa/Prefabs/roof/Roof ,5x,5.prefab	(-5.500, 3.255, 9.500)	(-5.000, 3.555, 10.000)	(0.0, 180.0, 0.0)
Main Building/roof 2 (1)/Roof ,5x,5 (23)	Assets/Modern Villa/Prefabs/roof/Roof ,5x,5.prefab	(-5.500, 3.255, 10.000)	(-5.000, 3.555, 10.500)	(0.0, 180.0, 0.0)
Main Building/roof 2 (1)/Roof ,5x,5 (24)	Assets/Modern Villa/Prefabs/roof/Roof ,5x,5.prefab	(-5.500, 3.255, 10.500)	(-5.000, 3.555, 11.000)	(0.0, 180.0, 0.0)
Main Building/roof 2 (1)/Roof ,5x,5 (25)	Assets/Modern Villa/Prefabs/roof/Roof ,5x,5.prefab	(-5.500, 3.255, 11.000)	(-5.000, 3.555, 11.500)	(0.0, 180.0, 0.0)
Main Building/roof 2 (1)/Roof ,5x,5 side	Assets/Modern Villa/Prefabs/roof/Roof ,5x,5 side.prefab	(-5.500, 3.255, -2.100)	(-5.000, 3.555, -1.500)	(0.0, 180.0, 0.0)
Main Building/roof 2 (1)/Roof ,5x,5 side (1)	Assets/Modern Villa/Prefabs/roof/Roof ,5x,5 side.prefab	(-5.500, 3.255, 11.500)	(-5.000, 3.555, 12.100)	(0.0, 0.0, 0.0)
Pool Level		(-4.750, -1.350, -3.250)	(12.532, 2.982, 9.750)	(0.0, 0.0, 0.0)
Pool Level/Pool	Assets/Modern Villa/Prefabs/buildings/PoolA.prefab	(5.000, -1.350, -3.250)	(10.000, -0.230, 2.750)	(0.0, 0.0, 0.0)
Pool Level/Pool/Pool Corner Top	Assets/Modern Villa/Prefabs/Pool/PoolCornerTop.prefab	(5.000, -1.250, 1.750)	(6.000, -0.230, 2.750)	(0.0, 180.0, 0.0)
Pool Level/Pool/Pool Corner Top (1)	Assets/Modern Villa/Prefabs/Pool/PoolCornerTop.prefab	(5.000, -1.250, -3.250)	(6.000, -0.230, -2.250)	(0.0, 90.0, 0.0)
Pool Level/Pool/pool straight top (1)	Assets/Modern Villa/Prefabs/Pool/PoolStraightTop.prefab	(5.000, -1.250, -0.250)	(5.500, -0.230, 0.750)	(0.0, 90.0, 0.0)
Pool Level/Pool/pool straight top (2)	Assets/Modern Villa/Prefabs/Pool/PoolStraightTop.prefab	(5.000, -1.250, 0.750)	(5.500, -0.230, 1.750)	(0.0, 90.0, 0.0)
Pool Level/Pool/pool straight top (3)	Assets/Modern Villa/Prefabs/Pool/PoolStraightTop.prefab	(6.000, -1.250, -3.250)	(7.000, -0.230, -2.750)	(0.0, 0.0, 0.0)
Pool Level/Pool/pool straight top (4)	Assets/Modern Villa/Prefabs/Pool/PoolStraightTop.prefab	(6.000, -1.250, 2.250)	(7.000, -0.230, 2.750)	(0.0, 180.0, 0.0)
Pool Level/Pool/Pool Corner Top (3)	Assets/Modern Villa/Prefabs/Pool/PoolCornerTop.prefab	(9.000, -1.250, -3.250)	(10.000, -0.230, -2.250)	(0.0, 0.0, 0.0)
Pool Level/Pool/pool straight top (5)	Assets/Modern Villa/Prefabs/Pool/PoolStraightTop.prefab	(9.500, -1.250, -0.250)	(10.000, -0.230, 0.750)	(0.0, 270.0, 0.0)
Pool Level/Pool/pool straight top (6)	Assets/Modern Villa/Prefabs/Pool/PoolStraightTop.prefab	(9.500, -1.250, 0.750)	(10.000, -0.230, 1.750)	(0.0, 270.0, 0.0)
Pool Level/Pool/pool straight top (7)	Assets/Modern Villa/Prefabs/Pool/PoolStraightTop.prefab	(5.000, -1.250, -2.250)	(5.500, -0.230, -1.250)	(0.0, 90.0, 0.0)
Pool Level/Pool/pool straight top (8)	Assets/Modern Villa/Prefabs/Pool/PoolStraightTop.prefab	(5.000, -1.250, -1.250)	(5.500, -0.230, -0.250)	(0.0, 90.0, 0.0)
Pool Level/Pool/pool straight top (9)	Assets/Modern Villa/Prefabs/Pool/PoolStraightTop.prefab	(9.500, -1.250, -2.250)	(10.000, -0.230, -1.250)	(0.0, 270.0, 0.0)
Pool Level/Pool/pool straight top (10)	Assets/Modern Villa/Prefabs/Pool/PoolStraightTop.prefab	(9.500, -1.250, -1.250)	(10.000, -0.230, -0.250)	(0.0, 270.0, 0.0)
Pool Level/Pool/pool straight top (11)	Assets/Modern Villa/Prefabs/Pool/PoolStraightTop.prefab	(8.000, -1.250, -3.250)	(9.000, -0.230, -2.750)	(0.0, 0.0, 0.0)
Pool Level/Pool/pool straight top (12)	Assets/Modern Villa/Prefabs/Pool/PoolStraightTop.prefab	(8.000, -1.250, 2.250)	(9.000, -0.230, 2.750)	(0.0, 180.0, 0.0)
Pool Level/Pool/Bottom/Pool Bottom	Assets/Modern Villa/Prefabs/Pool/PoolBottom.prefab	(6.000, -1.350, -1.250)	(7.000, -1.250, -0.250)	(0.0, 0.0, 0.0)
Pool Level/Pool/Bottom/Pool Bottom (1)	Assets/Modern Villa/Prefabs/Pool/PoolBottom.prefab	(5.000, -1.350, -1.250)	(6.000, -1.250, -0.250)	(0.0, 0.0, 0.0)
Pool Level/Pool/Bottom/Pool Bottom (2)	Assets/Modern Villa/Prefabs/Pool/PoolBottom.prefab	(9.000, -1.350, -1.250)	(10.000, -1.250, -0.250)	(0.0, 0.0, 0.0)
Pool Level/Pool/Bottom/Pool Bottom (3)	Assets/Modern Villa/Prefabs/Pool/PoolBottom.prefab	(8.000, -1.350, -1.250)	(9.000, -1.250, -0.250)	(0.0, 0.0, 0.0)
Pool Level/Pool/Bottom/Pool Bottom (4)	Assets/Modern Villa/Prefabs/Pool/PoolBottom.prefab	(6.000, -1.350, -0.250)	(7.000, -1.250, 0.750)	(0.0, 0.0, 0.0)
Pool Level/Pool/Bottom/Pool Bottom (5)	Assets/Modern Villa/Prefabs/Pool/PoolBottom.prefab	(5.000, -1.350, -0.250)	(6.000, -1.250, 0.750)	(0.0, 0.0, 0.0)
Pool Level/Pool/Bottom/Pool Bottom (6)	Assets/Modern Villa/Prefabs/Pool/PoolBottom.prefab	(9.000, -1.350, -0.250)	(10.000, -1.250, 0.750)	(0.0, 0.0, 0.0)
Pool Level/Pool/Bottom/Pool Bottom (7)	Assets/Modern Villa/Prefabs/Pool/PoolBottom.prefab	(8.000, -1.350, -0.250)	(9.000, -1.250, 0.750)	(0.0, 0.0, 0.0)
Pool Level/Pool/Bottom/Pool Bottom (8)	Assets/Modern Villa/Prefabs/Pool/PoolBottom.prefab	(6.000, -1.350, 0.750)	(7.000, -1.250, 1.750)	(0.0, 0.0, 0.0)
Pool Level/Pool/Bottom/Pool Bottom (9)	Assets/Modern Villa/Prefabs/Pool/PoolBottom.prefab	(5.000, -1.350, 0.750)	(6.000, -1.250, 1.750)	(0.0, 0.0, 0.0)
Pool Level/Pool/Bottom/Pool Bottom (10)	Assets/Modern Villa/Prefabs/Pool/PoolBottom.prefab	(9.000, -1.350, 0.750)	(10.000, -1.250, 1.750)	(0.0, 0.0, 0.0)
Pool Level/Pool/Bottom/Pool Bottom (11)	Assets/Modern Villa/Prefabs/Pool/PoolBottom.prefab	(8.000, -1.350, 0.750)	(9.000, -1.250, 1.750)	(0.0, 0.0, 0.0)
Pool Level/Pool/Bottom/Pool Bottom (12)	Assets/Modern Villa/Prefabs/Pool/PoolBottom.prefab	(6.000, -1.350, 1.750)	(7.000, -1.250, 2.750)	(0.0, 0.0, 0.0)
Pool Level/Pool/Bottom/Pool Bottom (13)	Assets/Modern Villa/Prefabs/Pool/PoolBottom.prefab	(5.000, -1.350, 1.750)	(6.000, -1.250, 2.750)	(0.0, 0.0, 0.0)
Pool Level/Pool/Bottom/Pool Bottom (14)	Assets/Modern Villa/Prefabs/Pool/PoolBottom.prefab	(9.000, -1.350, 1.750)	(10.000, -1.250, 2.750)	(0.0, 0.0, 0.0)
Pool Level/Pool/Bottom/Pool Bottom (15)	Assets/Modern Villa/Prefabs/Pool/PoolBottom.prefab	(8.000, -1.350, 1.750)	(9.000, -1.250, 2.750)	(0.0, 0.0, 0.0)
Pool Level/Pool/Bottom/Pool Bottom (16)	Assets/Modern Villa/Prefabs/Pool/PoolBottom.prefab	(6.000, -1.350, -2.250)	(7.000, -1.250, -1.250)	(0.0, 0.0, 0.0)
Pool Level/Pool/Bottom/Pool Bottom (17)	Assets/Modern Villa/Prefabs/Pool/PoolBottom.prefab	(5.000, -1.350, -2.250)	(6.000, -1.250, -1.250)	(0.0, 0.0, 0.0)
Pool Level/Pool/Bottom/Pool Bottom (18)	Assets/Modern Villa/Prefabs/Pool/PoolBottom.prefab	(9.000, -1.350, -2.250)	(10.000, -1.250, -1.250)	(0.0, 0.0, 0.0)
Pool Level/Pool/Bottom/Pool Bottom (19)	Assets/Modern Villa/Prefabs/Pool/PoolBottom.prefab	(8.000, -1.350, -2.250)	(9.000, -1.250, -1.250)	(0.0, 0.0, 0.0)
Pool Level/Pool/Bottom/Pool Bottom (20)	Assets/Modern Villa/Prefabs/Pool/PoolBottom.prefab	(6.000, -1.350, -3.250)	(7.000, -1.250, -2.250)	(0.0, 0.0, 0.0)
Pool Level/Pool/Bottom/Pool Bottom (21)	Assets/Modern Villa/Prefabs/Pool/PoolBottom.prefab	(5.000, -1.350, -3.250)	(6.000, -1.250, -2.250)	(0.0, 0.0, 0.0)
Pool Level/Pool/Bottom/Pool Bottom (22)	Assets/Modern Villa/Prefabs/Pool/PoolBottom.prefab	(9.000, -1.350, -3.250)	(10.000, -1.250, -2.250)	(0.0, 0.0, 0.0)
Pool Level/Pool/Bottom/Pool Bottom (23)	Assets/Modern Villa/Prefabs/Pool/PoolBottom.prefab	(8.000, -1.350, -3.250)	(9.000, -1.250, -2.250)	(0.0, 0.0, 0.0)
Pool Level/Pool/Bottom/Pool Bottom (24)	Assets/Modern Villa/Prefabs/Pool/PoolBottom.prefab	(7.000, -1.350, -1.250)	(8.000, -1.250, -0.250)	(0.0, 0.0, 0.0)
Pool Level/Pool/Bottom/Pool Bottom (25)	Assets/Modern Villa/Prefabs/Pool/PoolBottom.prefab	(7.000, -1.350, -0.250)	(8.000, -1.250, 0.750)	(0.0, 0.0, 0.0)
Pool Level/Pool/Bottom/Pool Bottom (26)	Assets/Modern Villa/Prefabs/Pool/PoolBottom.prefab	(7.000, -1.350, 0.750)	(8.000, -1.250, 1.750)	(0.0, 0.0, 0.0)
Pool Level/Pool/Bottom/Pool Bottom (27)	Assets/Modern Villa/Prefabs/Pool/PoolBottom.prefab	(7.000, -1.350, 1.750)	(8.000, -1.250, 2.750)	(0.0, 0.0, 0.0)
Pool Level/Pool/Bottom/Pool Bottom (28)	Assets/Modern Villa/Prefabs/Pool/PoolBottom.prefab	(7.000, -1.350, -2.250)	(8.000, -1.250, -1.250)	(0.0, 0.0, 0.0)
Pool Level/Pool/Bottom/Pool Bottom (29)	Assets/Modern Villa/Prefabs/Pool/PoolBottom.prefab	(7.000, -1.350, -3.250)	(8.000, -1.250, -2.250)	(0.0, 0.0, 0.0)
Pool Level/Pool/pool straight top (13)	Assets/Modern Villa/Prefabs/Pool/PoolStraightTop.prefab	(7.000, -1.250, 2.250)	(8.000, -0.230, 2.750)	(0.0, 180.0, 0.0)
Pool Level/Pool/pool straight top (14)	Assets/Modern Villa/Prefabs/Pool/PoolStraightTop.prefab	(7.000, -1.250, -3.250)	(8.000, -0.230, -2.750)	(0.0, 0.0, 0.0)
Pool Level/Pool/Pool Corner Top (4)	Assets/Modern Villa/Prefabs/Pool/PoolCornerTop.prefab	(9.000, -1.250, 1.750)	(10.000, -0.230, 2.750)	(0.0, 270.0, 0.0)
Pool Level/Floor		(-4.750, -1.240, -3.250)	(12.000, -0.240, 9.750)	(0.0, 0.0, 0.0)
Pool Level/Floor/Floor 2x2	Assets/Modern Villa/Prefabs/floors/Floor2x2.prefab	(5.500, -1.240, 3.750)	(7.500, -0.240, 5.750)	(0.0, 0.0, 0.0)
Pool Level/Floor/Floor 2x2 (1)	Assets/Modern Villa/Prefabs/floors/Floor2x2.prefab	(3.500, -1.240, 3.750)	(5.500, -0.240, 5.750)	(0.0, 0.0, 0.0)
Pool Level/Floor/Floor 2x2 (2)	Assets/Modern Villa/Prefabs/floors/Floor2x2.prefab	(10.000, -1.240, 3.750)	(12.000, -0.240, 5.750)	(0.0, 0.0, 0.0)
Pool Level/Floor/Floor 2x2 (3)	Assets/Modern Villa/Prefabs/floors/Floor2x2.prefab	(8.500, -1.240, 3.750)	(10.500, -0.240, 5.750)	(0.0, 0.0, 0.0)
Pool Level/Floor/Floor 2x2 (4)	Assets/Modern Villa/Prefabs/floors/Floor2x2.prefab	(5.500, -1.240, 5.750)	(7.500, -0.240, 7.750)	(0.0, 0.0, 0.0)
Pool Level/Floor/Floor 2x2 (5)	Assets/Modern Villa/Prefabs/floors/Floor2x2.prefab	(3.500, -1.240, 5.750)	(5.500, -0.240, 7.750)	(0.0, 0.0, 0.0)
Pool Level/Floor/Floor 2x2 (6)	Assets/Modern Villa/Prefabs/floors/Floor2x2.prefab	(10.000, -1.240, 5.750)	(12.000, -0.240, 7.750)	(0.0, 0.0, 0.0)
Pool Level/Floor/Floor 2x2 (7)	Assets/Modern Villa/Prefabs/floors/Floor2x2.prefab	(8.500, -1.240, 5.750)	(10.500, -0.240, 7.750)	(0.0, 0.0, 0.0)
Pool Level/Floor/Floor 2x2 (8)	Assets/Modern Villa/Prefabs/floors/Floor2x2.prefab	(5.000, -1.240, 7.750)	(7.000, -0.240, 9.750)	(0.0, 0.0, 0.0)
Pool Level/Floor/Floor 2x2 (9)	Assets/Modern Villa/Prefabs/floors/Floor2x2.prefab	(3.000, -1.240, 7.750)	(5.000, -0.240, 9.750)	(0.0, 0.0, 0.0)
Pool Level/Floor/Floor 1x1	Assets/Modern Villa/Prefabs/floors/Floor1x1.prefab	(7.000, -1.240, 2.750)	(8.000, -0.240, 3.750)	(0.0, 0.0, 0.0)
Pool Level/Floor/Floor 1x1 (1)	Assets/Modern Villa/Prefabs/floors/Floor1x1.prefab	(7.500, -1.240, 3.750)	(8.500, -0.240, 4.750)	(0.0, 0.0, 0.0)
Pool Level/Floor/Floor 1x1 (2)	Assets/Modern Villa/Prefabs/floors/Floor1x1.prefab	(7.500, -1.240, 4.750)	(8.500, -0.240, 5.750)	(0.0, 0.0, 0.0)
Pool Level/Floor/Floor 1x1 (3)	Assets/Modern Villa/Prefabs/floors/Floor1x1.prefab	(7.500, -1.240, 5.750)	(8.500, -0.240, 6.750)	(0.0, 0.0, 0.0)
Pool Level/Floor/Floor 2x2 (16)	Assets/Modern Villa/Prefabs/floors/Floor2x2.prefab	(10.000, -1.240, 1.750)	(12.000, -0.240, 3.750)	(0.0, 0.0, 0.0)
Pool Level/Floor/Floor 1x1 (4)	Assets/Modern Villa/Prefabs/floors/Floor1x1.prefab	(7.500, -1.240, 7.250)	(8.500, -0.240, 8.250)	(0.0, 0.0, 0.0)
Pool Level/Floor/Floor 2x2 (22)	Assets/Modern Villa/Prefabs/floors/Floor2x2.prefab	(3.000, -1.240, -3.250)	(5.000, -0.240, -1.250)	(0.0, 0.0, 0.0)
Pool Level/Floor/Floor 2x2 (17)	Assets/Modern Villa/Prefabs/floors/Floor2x2.prefab	(3.250, -1.240, 1.750)	(5.250, -0.240, 3.750)	(0.0, 0.0, 0.0)
Pool Level/Floor/Floor 2x2 (24)	Assets/Modern Villa/Prefabs/floors/Floor2x2.prefab	(10.000, -1.240, -3.250)	(12.000, -0.240, -1.250)	(0.0, 0.0, 0.0)
Pool Level/Floor/Floor 2x2 (18)	Assets/Modern Villa/Prefabs/floors/Floor2x2.prefab	(3.250, -1.240, -0.250)	(5.250, -0.240, 1.750)	(0.0, 0.0, 0.0)
Pool Level/Floor/Floor 2x2 (19)	Assets/Modern Villa/Prefabs/floors/Floor2x2.prefab	(1.250, -1.240, -3.250)	(3.250, -0.240, -1.250)	(0.0, 0.0, 0.0)
Pool Level/Floor/Floor 2x2 (20)	Assets/Modern Villa/Prefabs/floors/Floor2x2.prefab	(10.000, -1.240, -0.250)	(12.000, -0.240, 1.750)	(0.0, 0.0, 0.0)
Pool Level/Floor/Floor 2x2 (21)	Assets/Modern Villa/Prefabs/floors/Floor2x2.prefab	(10.000, -1.240, -2.250)	(12.000, -0.240, -0.250)	(0.0, 0.0, 0.0)
Pool Level/Floor/Floor 2x2 (23)	Assets/Modern Villa/Prefabs/floors/Floor2x2.prefab	(-0.750, -1.240, -3.250)	(1.250, -0.240, -1.250)	(0.0, 0.0, 0.0)
Pool Level/Floor/Floor 2x2 (25)	Assets/Modern Villa/Prefabs/floors/Floor2x2.prefab	(-2.750, -1.240, -3.250)	(-0.750, -0.240, -1.250)	(0.0, 0.0, 0.0)
Pool Level/Floor/Floor 2x2 (26)	Assets/Modern Villa/Prefabs/floors/Floor2x2.prefab	(-4.750, -1.240, -3.250)	(-2.750, -0.240, -1.250)	(0.0, 0.0, 0.0)
Pool Level/Stoneboxes		(1.975, -0.250, -3.250)	(12.532, 2.982, 7.417)	(0.0, 0.0, 0.0)
Pool Level/Stoneboxes/stonebox long	Assets/Modern Villa/Prefabs/Stoneboxes/StoneboxLong.prefab	(3.000, -0.250, 2.750)	(7.000, 0.450, 3.250)	(0.0, 0.0, 0.0)
Pool Level/Stoneboxes/stonebox long (1)	Assets/Modern Villa/Prefabs/Stoneboxes/StoneboxLong.prefab	(8.000, -0.250, 2.750)	(12.000, 0.450, 3.250)	(0.0, 0.0, 0.0)
Pool Level/Stoneboxes/stonebox medium	Assets/Modern Villa/Prefabs/Stoneboxes/StoneboxMedium.prefab	(10.818, -0.250, 3.250)	(12.173, 0.887, 7.417)	(0.0, 90.0, 0.0)
Pool Level/Stoneboxes/stonebox medium/Shrub	Assets/Modern Villa/Prefabs/Plants/Shrub.prefab	(10.929, 0.403, 3.413)	(12.032, 0.887, 4.453)	(0.0, 90.0, 0.0)
Pool Level/Stoneboxes/stonebox medium/Shrub (2)	Assets/Modern Villa/Prefabs/Plants/Shrub.prefab	(11.000, 0.403, 5.365)	(11.966, 0.827, 6.277)	(0.0, 90.0, 0.0)
Pool Level/Stoneboxes/stonebox medium/Shrub (1)	Assets/Modern Villa/Prefabs/Plants/Shrub.prefab	(10.818, 0.403, 4.262)	(12.173, 0.835, 5.612)	(0.0, 48.5, 0.0)
Pool Level/Stoneboxes/stonebox medium/Shrub (3)	Assets/Modern Villa/Prefabs/Plants/Shrub.prefab	(10.903, 0.403, 6.234)	(12.090, 0.782, 7.417)	(0.0, 48.5, 0.0)
Pool Level/Stoneboxes/stonebox medium (1)	Assets/Modern Villa/Prefabs/Stoneboxes/StoneboxMedium.prefab	(2.838, -0.250, 3.250)	(4.193, 0.887, 7.417)	(0.0, 90.0, 0.0)
Pool Level/Stoneboxes/stonebox medium (1)/Shrub	Assets/Modern Villa/Prefabs/Plants/Shrub.prefab	(2.949, 0.403, 3.413)	(4.052, 0.887, 4.453)	(0.0, 90.0, 0.0)
Pool Level/Stoneboxes/stonebox medium (1)/Shrub (2)	Assets/Modern Villa/Prefabs/Plants/Shrub.prefab	(3.020, 0.403, 5.365)	(3.986, 0.827, 6.277)	(0.0, 90.0, 0.0)
Pool Level/Stoneboxes/stonebox medium (1)/Shrub (1)	Assets/Modern Villa/Prefabs/Plants/Shrub.prefab	(2.838, 0.403, 4.262)	(4.193, 0.835, 5.612)	(0.0, 48.5, 0.0)
Pool Level/Stoneboxes/stonebox medium (1)/Shrub (3)	Assets/Modern Villa/Prefabs/Plants/Shrub.prefab	(2.923, 0.403, 6.234)	(4.110, 0.782, 7.417)	(0.0, 48.5, 0.0)
Pool Level/Stoneboxes/XL stonebox	Assets/Modern Villa/Prefabs/Stoneboxes/XL stonebox Variant.prefab	(1.975, -0.250, -3.250)	(5.452, 2.982, 2.925)	(0.0, 90.0, 0.0)
Pool Level/Stoneboxes/XL stonebox/mv_firebowl	Assets/Modern Villa/Prefabs/Props/Firebowl.prefab	(3.559, 0.078, -0.885)	(4.353, 0.399, -0.091)	(0.0, 90.0, 0.0)
Pool Level/Stoneboxes/XL stonebox/mv_firebowl (1)	Assets/Modern Villa/Prefabs/Props/Firebowl.prefab	(3.559, 0.078, 1.115)	(4.353, 0.399, 1.909)	(0.0, 90.0, 0.0)
Pool Level/Stoneboxes/XL stonebox/mv_firebowl (2)	Assets/Modern Villa/Prefabs/Props/Firebowl.prefab	(3.559, 0.078, -2.981)	(4.353, 0.399, -2.187)	(0.0, 90.0, 0.0)
Pool Level/Stoneboxes/XL stonebox/VasePalmSmall	Assets/Modern Villa/Prefabs/Plants/VasePalmSmall.prefab	(2.969, -0.024, -2.580)	(5.081, 2.063, -0.521)	(0.0, 90.0, 0.0)
Pool Level/Stoneboxes/XL stonebox/VasePalmLarge	Assets/Modern Villa/Prefabs/Plants/VasePalmLarge.prefab	(1.975, -0.020, -1.325)	(5.452, 2.982, 2.925)	(0.0, 90.0, 0.0)
Pool Level/Stoneboxes/XL stonebox (1)	Assets/Modern Villa/Prefabs/Stoneboxes/XL stonebox Variant.prefab	(9.055, -0.250, -3.250)	(12.532, 2.982, 2.925)	(0.0, 90.0, 0.0)
Pool Level/Stoneboxes/XL stonebox (1)/mv_firebowl	Assets/Modern Villa/Prefabs/Props/Firebowl.prefab	(10.639, 0.078, -0.885)	(11.433, 0.399, -0.091)	(0.0, 90.0, 0.0)
Pool Level/Stoneboxes/XL stonebox (1)/mv_firebowl (1)	Assets/Modern Villa/Prefabs/Props/Firebowl.prefab	(10.639, 0.078, 1.115)	(11.433, 0.399, 1.909)	(0.0, 90.0, 0.0)
Pool Level/Stoneboxes/XL stonebox (1)/mv_firebowl (2)	Assets/Modern Villa/Prefabs/Props/Firebowl.prefab	(10.639, 0.078, -2.981)	(11.433, 0.399, -2.187)	(0.0, 90.0, 0.0)
Pool Level/Stoneboxes/XL stonebox (1)/VasePalmSmall	Assets/Modern Villa/Prefabs/Plants/VasePalmSmall.prefab	(10.049, -0.024, -2.580)	(12.161, 2.063, -0.521)	(0.0, 90.0, 0.0)
Pool Level/Stoneboxes/XL stonebox (1)/VasePalmLarge	Assets/Modern Villa/Prefabs/Plants/VasePalmLarge.prefab	(9.055, -0.020, -1.325)	(12.532, 2.982, 2.925)	(0.0, 90.0, 0.0)
Pool Level/Steps		(2.983, -0.313, 6.666)	(8.000, 0.831, 9.248)	(0.0, 0.0, 0.0)
Pool Level/Steps/mv_step_block (1)	Assets/Modern Villa/Prefabs/floors/StepBlock.prefab	(7.000, -0.313, 6.666)	(8.000, -0.113, 6.966)	(0.0, 0.0, 0.0)
Pool Level/Steps/mv_step_block (2)	Assets/Modern Villa/Prefabs/floors/StepBlock.prefab	(7.000, -0.113, 6.936)	(8.000, 0.087, 7.236)	(0.0, 0.0, 0.0)
Pool Level/Steps/mv_step_block (3)	Assets/Modern Villa/Prefabs/floors/StepBlock.prefab	(3.386, 0.249, 8.248)	(3.686, 0.449, 9.248)	(0.0, 90.0, 0.0)
Pool Level/Steps/mv_step_block (4)	Assets/Modern Villa/Prefabs/floors/StepBlock.prefab	(3.224, 0.447, 8.248)	(3.524, 0.647, 9.248)	(0.0, 90.0, 0.0)
Pool Level/Steps/mv_step_block (5)	Assets/Modern Villa/Prefabs/floors/StepBlock.prefab	(2.983, 0.631, 8.248)	(3.283, 0.831, 9.248)	(0.0, 90.0, 0.0)
Pool Level/seating area		(3.975, -0.250, 3.225)	(11.025, 0.542, 7.294)	(0.0, 0.0, 0.0)
Pool Level/seating area/left side/couch pool straight	Assets/Modern Villa/Prefabs/furniture/CouchPoolStraight.prefab	(3.981, -0.250, 5.188)	(5.043, 0.451, 6.298)	(0.0, 270.0, 0.0)
Pool Level/seating area/left side/couch pool straight (1)	Assets/Modern Villa/Prefabs/furniture/CouchPoolStraight.prefab	(3.981, -0.250, 4.188)	(5.043, 0.468, 5.298)	(0.0, 270.0, 0.0)
Pool Level/seating area/left side/couch pool straight (1)/pillow a	Assets/Modern Villa/Prefabs/furniture/PillowA.prefab	(4.067, 0.139, 4.514)	(4.223, 0.468, 4.854)	(72.0, 90.0, 0.0)
Pool Level/seating area/left side/couch pool straight (2)	Assets/Modern Villa/Prefabs/furniture/CouchPoolStraight.prefab	(4.952, -0.250, 3.252)	(6.062, 0.467, 4.314)	(0.0, 180.0, 0.0)
Pool Level/seating area/left side/couch pool straight (2)/pillow b	Assets/Modern Villa/Prefabs/furniture/PillowB.prefab	(5.222, 0.143, 3.326)	(5.779, 0.465, 3.442)	(80.4, 358.3, 359.2)
Pool Level/seating area/left side/couch pool straight (2)/pillow a	Assets/Modern Villa/Prefabs/furniture/PillowA.prefab	(5.090, 0.140, 3.325)	(5.430, 0.467, 3.514)	(72.0, 353.7, 0.0)
Pool Level/seating area/left side/couch pool straight (3)	Assets/Modern Villa/Prefabs/furniture/CouchPoolStraight.prefab	(5.952, -0.250, 3.252)	(7.062, 0.451, 4.314)	(0.0, 180.0, 0.0)
Pool Level/seating area/left side/couch pool straight (4)	Assets/Modern Villa/Prefabs/furniture/CouchPoolStraight.prefab	(5.938, -0.250, 6.186)	(7.048, 0.451, 7.248)	(0.0, 0.0, 0.0)
Pool Level/seating area/left side/couch pool straight (5)	Assets/Modern Villa/Prefabs/furniture/CouchPoolStraight.prefab	(4.938, -0.250, 6.186)	(6.048, 0.451, 7.248)	(0.0, 0.0, 0.0)
Pool Level/seating area/left side/couch pool corner (1)	Assets/Modern Villa/Prefabs/furniture/CouchPoolCorner.prefab	(3.998, -0.250, 3.225)	(5.064, 0.456, 4.273)	(0.0, 270.0, 0.0)
Pool Level/seating area/left side/couch pool corner	Assets/Modern Villa/Prefabs/furniture/CouchPoolCorner.prefab	(3.975, -0.250, 6.186)	(5.023, 0.456, 7.252)	(0.0, 0.0, 0.0)
Pool Level/seating area/right side	Assets/Modern Villa/Prefabs/furniture/Couch Group A.prefab	(7.938, -0.250, 3.267)	(11.025, 0.468, 7.294)	(0.0, 180.0, 0.0)
Pool Level/seating area/right side/couch pool straight	Assets/Modern Villa/Prefabs/furniture/CouchPoolStraight.prefab	(9.957, -0.250, 4.221)	(11.019, 0.451, 5.331)	(0.0, 90.0, 0.0)
Pool Level/seating area/right side/couch pool straight (1)	Assets/Modern Villa/Prefabs/furniture/CouchPoolStraight.prefab	(9.957, -0.250, 5.221)	(11.019, 0.468, 6.331)	(0.0, 90.0, 0.0)
Pool Level/seating area/right side/couch pool straight (1)/pillow a	Assets/Modern Villa/Prefabs/furniture/PillowA.prefab	(10.777, 0.139, 5.665)	(10.933, 0.468, 6.005)	(72.0, 270.0, 0.0)
Pool Level/seating area/right side/couch pool straight (2)	Assets/Modern Villa/Prefabs/furniture/CouchPoolStraight.prefab	(8.938, -0.250, 6.205)	(10.048, 0.467, 7.267)	(0.0, 0.0, 0.0)
Pool Level/seating area/right side/couch pool straight (2)/pillow b	Assets/Modern Villa/Prefabs/furniture/PillowB.prefab	(9.221, 0.143, 7.077)	(9.778, 0.465, 7.193)	(80.4, 178.3, 359.2)
Pool Level/seating area/right side/couch pool straight (2)/pillow a	Assets/Modern Villa/Prefabs/furniture/PillowA.prefab	(9.570, 0.140, 7.005)	(9.910, 0.467, 7.194)	(72.0, 173.7, 0.0)
Pool Level/seating area/right side/couch pool straight (3)	Assets/Modern Villa/Prefabs/furniture/CouchPoolStraight.prefab	(7.938, -0.250, 6.205)	(9.048, 0.451, 7.267)	(0.0, 0.0, 0.0)
Pool Level/seating area/right side/couch pool straight (4)	Assets/Modern Villa/Prefabs/furniture/CouchPoolStraight.prefab	(7.952, -0.250, 3.271)	(9.062, 0.451, 4.333)	(0.0, 180.0, 0.0)
Pool Level/seating area/right side/couch pool straight (5)	Assets/Modern Villa/Prefabs/furniture/CouchPoolStraight.prefab	(8.952, -0.250, 3.271)	(10.062, 0.451, 4.333)	(0.0, 180.0, 0.0)
Pool Level/seating area/right side/couch pool corner (1)	Assets/Modern Villa/Prefabs/furniture/CouchPoolCorner.prefab	(9.936, -0.250, 6.246)	(11.002, 0.456, 7.294)	(0.0, 90.0, 0.0)
Pool Level/seating area/right side/couch pool corner (2)	Assets/Modern Villa/Prefabs/furniture/CouchPoolCorner.prefab	(9.977, -0.250, 3.267)	(11.025, 0.456, 4.333)	(0.0, 180.0, 0.0)
Pool Level/seating area/right side/PillowC Variant	Assets/Modern Villa/Prefabs/Props/PillowC Variant.prefab	(9.335, 0.204, 3.443)	(9.849, 0.375, 3.718)	(0.0, 0.0, 0.0)
Pool Level/seating area/fire box	Assets/Modern Villa/Prefabs/Props/FireBox.prefab	(7.200, -0.250, 4.900)	(7.800, 0.025, 5.100)	(0.0, 0.0, 0.0)
Pool Level/seating area/tables/tableA/CouchTableB	Assets/Modern Villa/Prefabs/furniture/CouchTableB.prefab	(5.610, -0.249, 4.877)	(6.383, 0.101, 5.627)	(0.0, 0.0, 0.0)
Pool Level/seating area/tables/tableA/props/CouchTableLamp	Assets/Modern Villa/Prefabs/lighting/CouchTableLamp.prefab	(5.894, 0.079, 5.144)	(6.106, 0.542, 5.356)	(0.0, 0.0, 0.0)
Pool Level/seating area/tables/tableA/props/DecorativeBowl	Assets/Modern Villa/Prefabs/Props/DecorativeBowl.prefab	(5.591, 0.079, 4.841)	(6.020, 0.184, 5.269)	(0.0, 255.0, 0.0)
Pool Level/seating area/tables/tableA/props/JugA	Assets/Modern Villa/Prefabs/Props/JugA.prefab	(6.142, 0.079, 5.379)	(6.381, 0.393, 5.561)	(0.0, 0.0, 0.0)
Pool Level/seating area/tables/tableA/props/Napkin	Assets/Modern Villa/Prefabs/Props/Napkin.prefab	(6.170, 0.077, 4.989)	(6.270, 0.111, 5.189)	(0.0, 0.0, 0.0)
Pool Level/seating area/tables/tableA (1)/CouchTableB	Assets/Modern Villa/Prefabs/furniture/CouchTableB.prefab	(8.610, -0.249, 4.877)	(9.383, 0.101, 5.627)	(0.0, 0.0, 0.0)
Pool Level/seating area/tables/tableA (1)/props/CouchTableLamp	Assets/Modern Villa/Prefabs/lighting/CouchTableLamp.prefab	(8.894, 0.079, 5.144)	(9.106, 0.542, 5.356)	(0.0, 0.0, 0.0)
Pool Level/seating area/tables/tableA (1)/props/mv_BottleA	Assets/Modern Villa/Prefabs/Props/BottleA.prefab	(9.064, 0.095, 5.374)	(9.130, 0.212, 5.455)	(0.0, 55.5, 0.0)
Pool Level/seating area/tables/tableA (1)/props/Glas	Assets/Modern Villa/Prefabs/Props/Glas.prefab	(8.811, 0.080, 4.968)	(8.895, 0.217, 5.052)	(0.0, 0.0, 0.0)
Pool Level/seating area/tables/tableA (1)/props/JugB	Assets/Modern Villa/Prefabs/Props/JugB.prefab	(8.678, 0.079, 5.403)	(8.903, 0.434, 5.673)	(0.0, 259.1, 0.0)
annex building		(2.923, -0.750, 7.250)	(12.000, 5.819, 24.850)	(0.0, 0.0, 0.0)
annex building/Floor		(3.000, -0.750, 7.250)	(12.000, 0.250, 22.250)	(0.0, 0.0, 0.0)
annex building/Floor/Floor 2x2	Assets/Modern Villa/Prefabs/floors/Floor2x2.prefab	(9.000, -0.750, 10.250)	(11.000, 0.250, 12.250)	(0.0, 0.0, 0.0)
annex building/Floor/Floor 2x2 (1)	Assets/Modern Villa/Prefabs/floors/Floor2x2.prefab	(7.000, -0.750, 10.250)	(9.000, 0.250, 12.250)	(0.0, 0.0, 0.0)
annex building/Floor/Floor 2x2 (2)	Assets/Modern Villa/Prefabs/floors/Floor2x2.prefab	(5.000, -0.750, 10.250)	(7.000, 0.250, 12.250)	(0.0, 0.0, 0.0)
annex building/Floor/Floor 2x2 (3)	Assets/Modern Villa/Prefabs/floors/Floor2x2.prefab	(3.000, -0.750, 10.250)	(5.000, 0.250, 12.250)	(0.0, 0.0, 0.0)
annex building/Floor/Floor 1x1	Assets/Modern Villa/Prefabs/floors/Floor1x1.prefab	(11.000, -0.750, 10.250)	(12.000, 0.250, 11.250)	(0.0, 0.0, 0.0)
annex building/Floor/Floor 1x1 (1)	Assets/Modern Villa/Prefabs/floors/Floor1x1.prefab	(11.000, -0.750, 11.250)	(12.000, 0.250, 12.250)	(0.0, 0.0, 0.0)
annex building/Floor/Floor 2x2 (4)	Assets/Modern Villa/Prefabs/floors/Floor2x2.prefab	(9.000, -0.750, 12.250)	(11.000, 0.250, 14.250)	(0.0, 0.0, 0.0)
annex building/Floor/Floor 2x2 (5)	Assets/Modern Villa/Prefabs/floors/Floor2x2.prefab	(7.000, -0.750, 12.250)	(9.000, 0.250, 14.250)	(0.0, 0.0, 0.0)
annex building/Floor/Floor 2x2 (6)	Assets/Modern Villa/Prefabs/floors/Floor2x2.prefab	(5.000, -0.750, 12.250)	(7.000, 0.250, 14.250)	(0.0, 0.0, 0.0)
annex building/Floor/Floor 2x2 (7)	Assets/Modern Villa/Prefabs/floors/Floor2x2.prefab	(3.000, -0.750, 12.250)	(5.000, 0.250, 14.250)	(0.0, 0.0, 0.0)
annex building/Floor/Floor 1x1 (2)	Assets/Modern Villa/Prefabs/floors/Floor1x1.prefab	(11.000, -0.750, 12.250)	(12.000, 0.250, 13.250)	(0.0, 0.0, 0.0)
annex building/Floor/Floor 1x1 (3)	Assets/Modern Villa/Prefabs/floors/Floor1x1.prefab	(11.000, -0.750, 13.250)	(12.000, 0.250, 14.250)	(0.0, 0.0, 0.0)
annex building/Floor/Floor 2x2 (8)	Assets/Modern Villa/Prefabs/floors/Floor2x2.prefab	(9.000, -0.750, 14.250)	(11.000, 0.250, 16.250)	(0.0, 0.0, 0.0)
annex building/Floor/Floor 2x2 (9)	Assets/Modern Villa/Prefabs/floors/Floor2x2.prefab	(7.000, -0.750, 14.250)	(9.000, 0.250, 16.250)	(0.0, 0.0, 0.0)
annex building/Floor/Floor 2x2 (10)	Assets/Modern Villa/Prefabs/floors/Floor2x2.prefab	(5.000, -0.750, 14.250)	(7.000, 0.250, 16.250)	(0.0, 0.0, 0.0)
annex building/Floor/Floor 2x2 (11)	Assets/Modern Villa/Prefabs/floors/Floor2x2.prefab	(3.000, -0.750, 14.250)	(5.000, 0.250, 16.250)	(0.0, 0.0, 0.0)
annex building/Floor/Floor 1x1 (4)	Assets/Modern Villa/Prefabs/floors/Floor1x1.prefab	(11.000, -0.750, 14.250)	(12.000, 0.250, 15.250)	(0.0, 0.0, 0.0)
annex building/Floor/Floor 1x1 (5)	Assets/Modern Villa/Prefabs/floors/Floor1x1.prefab	(11.000, -0.750, 15.250)	(12.000, 0.250, 16.250)	(0.0, 0.0, 0.0)
annex building/Floor/Floor 2x2 (12)	Assets/Modern Villa/Prefabs/floors/Floor2x2.prefab	(9.000, -0.750, 16.250)	(11.000, 0.250, 18.250)	(0.0, 0.0, 0.0)
annex building/Floor/Floor 2x2 (13)	Assets/Modern Villa/Prefabs/floors/Floor2x2.prefab	(7.000, -0.750, 16.250)	(9.000, 0.250, 18.250)	(0.0, 0.0, 0.0)
annex building/Floor/Floor 2x2 (14)	Assets/Modern Villa/Prefabs/floors/Floor2x2.prefab	(5.000, -0.750, 16.250)	(7.000, 0.250, 18.250)	(0.0, 0.0, 0.0)
annex building/Floor/Floor 2x2 (15)	Assets/Modern Villa/Prefabs/floors/Floor2x2.prefab	(3.000, -0.750, 16.250)	(5.000, 0.250, 18.250)	(0.0, 0.0, 0.0)
annex building/Floor/Floor 1x1 (6)	Assets/Modern Villa/Prefabs/floors/Floor1x1.prefab	(11.000, -0.750, 16.250)	(12.000, 0.250, 17.250)	(0.0, 0.0, 0.0)
annex building/Floor/Floor 1x1 (7)	Assets/Modern Villa/Prefabs/floors/Floor1x1.prefab	(11.000, -0.750, 17.250)	(12.000, 0.250, 18.250)	(0.0, 0.0, 0.0)
annex building/Floor/Floor 2x2 (16)	Assets/Modern Villa/Prefabs/floors/Floor2x2.prefab	(9.000, -0.750, 18.250)	(11.000, 0.250, 20.250)	(0.0, 0.0, 0.0)
annex building/Floor/Floor 2x2 (17)	Assets/Modern Villa/Prefabs/floors/Floor2x2.prefab	(7.000, -0.750, 18.250)	(9.000, 0.250, 20.250)	(0.0, 0.0, 0.0)
annex building/Floor/Floor 2x2 (18)	Assets/Modern Villa/Prefabs/floors/Floor2x2.prefab	(5.000, -0.750, 18.250)	(7.000, 0.250, 20.250)	(0.0, 0.0, 0.0)
annex building/Floor/Floor 2x2 (19)	Assets/Modern Villa/Prefabs/floors/Floor2x2.prefab	(3.000, -0.750, 18.250)	(5.000, 0.250, 20.250)	(0.0, 0.0, 0.0)
annex building/Floor/Floor 1x1 (8)	Assets/Modern Villa/Prefabs/floors/Floor1x1.prefab	(11.000, -0.750, 18.250)	(12.000, 0.250, 19.250)	(0.0, 0.0, 0.0)
annex building/Floor/Floor 1x1 (9)	Assets/Modern Villa/Prefabs/floors/Floor1x1.prefab	(11.000, -0.750, 19.250)	(12.000, 0.250, 20.250)	(0.0, 0.0, 0.0)
annex building/Floor/Floor 2x2 (20)	Assets/Modern Villa/Prefabs/floors/Floor2x2.prefab	(9.000, -0.750, 20.250)	(11.000, 0.250, 22.250)	(0.0, 0.0, 0.0)
annex building/Floor/Floor 2x2 (21)	Assets/Modern Villa/Prefabs/floors/Floor2x2.prefab	(7.000, -0.750, 20.250)	(9.000, 0.250, 22.250)	(0.0, 0.0, 0.0)
annex building/Floor/Floor 2x2 (22)	Assets/Modern Villa/Prefabs/floors/Floor2x2.prefab	(5.000, -0.750, 20.250)	(7.000, 0.250, 22.250)	(0.0, 0.0, 0.0)
annex building/Floor/Floor 2x2 (23)	Assets/Modern Villa/Prefabs/floors/Floor2x2.prefab	(3.000, -0.750, 20.250)	(5.000, 0.250, 22.250)	(0.0, 0.0, 0.0)
annex building/Floor/Floor 1x1 (10)	Assets/Modern Villa/Prefabs/floors/Floor1x1.prefab	(11.000, -0.750, 20.250)	(12.000, 0.250, 21.250)	(0.0, 0.0, 0.0)
annex building/Floor/Floor 1x1 (11)	Assets/Modern Villa/Prefabs/floors/Floor1x1.prefab	(11.000, -0.750, 21.250)	(12.000, 0.250, 22.250)	(0.0, 0.0, 0.0)
annex building/Floor/Floor 2x2 (12)	Assets/Modern Villa/Prefabs/floors/Floor2x2.prefab	(5.000, -0.750, 8.250)	(7.000, 0.250, 10.250)	(0.0, 0.0, 0.0)
annex building/Floor/Floor 2x2 (13)	Assets/Modern Villa/Prefabs/floors/Floor2x2.prefab	(3.000, -0.750, 8.250)	(5.000, 0.250, 10.250)	(0.0, 0.0, 0.0)
annex building/Floor/Floor 2x2 (14)	Assets/Modern Villa/Prefabs/floors/Floor2x2.prefab	(10.000, -0.750, 8.250)	(12.000, 0.250, 10.250)	(0.0, 0.0, 0.0)
annex building/Floor/Floor 2x2 (15)	Assets/Modern Villa/Prefabs/floors/Floor2x2.prefab	(8.000, -0.750, 8.250)	(10.000, 0.250, 10.250)	(0.0, 0.0, 0.0)
annex building/Floor/Floor 1x1 (6)	Assets/Modern Villa/Prefabs/floors/Floor1x1.prefab	(7.000, -0.750, 7.250)	(8.000, 0.250, 8.250)	(0.0, 0.0, 0.0)
annex building/Floor/Floor 1x1 (7)	Assets/Modern Villa/Prefabs/floors/Floor1x1.prefab	(7.000, -0.750, 8.250)	(8.000, 0.250, 9.250)	(0.0, 0.0, 0.0)
annex building/Floor/Floor 1x1 (12)	Assets/Modern Villa/Prefabs/floors/Floor1x1.prefab	(7.000, -0.750, 9.250)	(8.000, 0.250, 10.250)	(0.0, 0.0, 0.0)
annex building/Floor/Floor 1x1 (13)	Assets/Modern Villa/Prefabs/floors/Floor1x1.prefab	(8.000, -0.750, 7.250)	(9.000, 0.250, 8.250)	(0.0, 0.0, 0.0)
annex building/Floor/Floor 1x1 (14)	Assets/Modern Villa/Prefabs/floors/Floor1x1.prefab	(8.000, -0.750, 7.250)	(9.000, 0.250, 8.250)	(0.0, 0.0, 0.0)
annex building/Floor/Floor 1x1 (15)	Assets/Modern Villa/Prefabs/floors/Floor1x1.prefab	(9.000, -0.750, 7.250)	(10.000, 0.250, 8.250)	(0.0, 0.0, 0.0)
annex building/Floor/Floor 1x1 (16)	Assets/Modern Villa/Prefabs/floors/Floor1x1.prefab	(10.000, -0.750, 7.250)	(11.000, 0.250, 8.250)	(0.0, 0.0, 0.0)
annex building/Floor/Floor 1x1 (17)	Assets/Modern Villa/Prefabs/floors/Floor1x1.prefab	(11.000, -0.750, 7.250)	(12.000, 0.250, 8.250)	(0.0, 0.0, 0.0)
annex building/Floor/Floor 1x1 (18)	Assets/Modern Villa/Prefabs/floors/Floor1x1.prefab	(4.000, -0.750, 7.250)	(5.000, 0.250, 8.250)	(0.0, 0.0, 0.0)
annex building/Floor/Floor 1x1 (19)	Assets/Modern Villa/Prefabs/floors/Floor1x1.prefab	(5.000, -0.750, 7.250)	(6.000, 0.250, 8.250)	(0.0, 0.0, 0.0)
annex building/Floor/Floor 1x1 (20)	Assets/Modern Villa/Prefabs/floors/Floor1x1.prefab	(6.000, -0.750, 7.250)	(7.000, 0.250, 8.250)	(0.0, 0.0, 0.0)
annex building/Floor/Floor 1x1 (21)	Assets/Modern Villa/Prefabs/floors/Floor1x1.prefab	(3.000, -0.750, 7.250)	(4.000, 0.250, 8.250)	(0.0, 0.0, 0.0)
annex building/Ground Level		(3.000, 0.246, 10.500)	(11.250, 2.896, 21.250)	(0.0, 0.0, 0.0)
annex building/Ground Level/Wall 2x2,5	Assets/Modern Villa/Prefabs/Walls/Wall2x2,5.prefab	(3.000, 0.250, 19.000)	(3.250, 2.750, 21.000)	(0.0, 90.0, 0.0)
annex building/Ground Level/Window Door	Assets/Modern Villa/Prefabs/Windows/WindowDoor.prefab	(3.250, 0.250, 10.857)	(7.250, 2.750, 11.001)	(0.0, 0.0, 0.0)
annex building/Ground Level/Window straight	Assets/Modern Villa/Prefabs/Windows/WindowStraight.prefab	(7.250, 0.250, 10.860)	(9.250, 2.750, 11.000)	(0.0, 180.0, 0.0)
annex building/Ground Level/Window straight (1)	Assets/Modern Villa/Prefabs/Windows/WindowStraight.prefab	(9.250, 0.250, 10.860)	(11.250, 2.750, 11.000)	(0.0, 180.0, 0.0)
annex building/Ground Level/Wall 2x2,5 (1)	Assets/Modern Villa/Prefabs/Walls/Wall2x2,5.prefab	(11.000, 0.250, 11.000)	(11.250, 2.750, 13.000)	(0.0, 90.0, 0.0)
annex building/Ground Level/Wall 2x2,5 (2)	Assets/Modern Villa/Prefabs/Walls/Wall2x2,5.prefab	(3.000, 0.250, 13.000)	(3.250, 2.750, 15.000)	(0.0, 90.0, 0.0)
annex building/Ground Level/Wall 2x2,5 (3)	Assets/Modern Villa/Prefabs/Walls/Wall2x2,5.prefab	(3.000, 0.250, 15.000)	(3.250, 2.750, 17.000)	(0.0, 90.0, 0.0)
annex building/Ground Level/Wall 2x2,5 (4)	Assets/Modern Villa/Prefabs/Walls/Wall2x2,5.prefab	(3.000, 0.250, 11.000)	(3.250, 2.750, 13.000)	(0.0, 90.0, 0.0)
annex building/Ground Level/Window straight (2)	Assets/Modern Villa/Prefabs/Windows/WindowStraight.prefab	(11.083, 0.250, 13.000)	(11.223, 2.750, 15.000)	(0.0, 90.0, 0.0)
annex building/Ground Level/Window straight (3)	Assets/Modern Villa/Prefabs/Windows/WindowStraight.prefab	(11.080, 0.250, 15.000)	(11.220, 2.750, 17.000)	(0.0, 90.0, 0.0)
annex building/Ground Level/Wall corner 2,5 (2)	Assets/Modern Villa/Prefabs/Walls/WallCorner2,5.prefab	(3.000, 0.250, 10.750)	(3.250, 2.750, 11.000)	(0.0, 270.0, 0.0)
annex building/Ground Level/Window straight (5)	Assets/Modern Villa/Prefabs/Windows/WindowStraight.prefab	(11.080, 0.250, 17.000)	(11.220, 2.750, 19.000)	(0.0, 90.0, 0.0)
annex building/Ground Level/Wall corner 2,5 (3)	Assets/Modern Villa/Prefabs/Walls/WallCorner2,5.prefab	(11.000, 0.250, 10.750)	(11.250, 2.750, 11.000)	(0.0, 270.0, 0.0)
annex building/Ground Level/window corner	Assets/Modern Villa/Prefabs/Windows/WindowCorner.prefab	(9.080, 0.250, 19.000)	(11.220, 2.750, 21.140)	(0.0, 0.0, 0.0)
annex building/Ground Level/Window straight onesided	Assets/Modern Villa/Prefabs/Windows/WindowStraightOnesided.prefab	(7.082, 0.250, 21.000)	(9.082, 2.750, 21.140)	(0.0, 0.0, 0.0)
annex building/Ground Level/Window straight onesided (1)	Assets/Modern Villa/Prefabs/Windows/WindowStraightOnesided.prefab	(5.082, 0.250, 21.000)	(7.082, 2.750, 21.140)	(0.0, 0.0, 0.0)
annex building/Ground Level/Window straight onesided (2)	Assets/Modern Villa/Prefabs/Windows/WindowStraightOnesided.prefab	(3.082, 0.250, 21.000)	(5.082, 2.750, 21.140)	(0.0, 0.0, 0.0)
annex building/Ground Level/Wall corner 2,5 (4)	Assets/Modern Villa/Prefabs/Walls/WallCorner2,5.prefab	(3.000, 0.250, 21.000)	(3.250, 2.750, 21.250)	(0.0, 270.0, 0.0)
annex building/Ground Level/stairs	Assets/Modern Villa/Prefabs/Walls/Stairs.prefab	(3.250, 0.246, 13.000)	(4.250, 2.896, 16.500)	(0.0, 90.0, 0.0)
annex building/Ground Level/Objects/Curtain quarter	Assets/Modern Villa/Prefabs/Props/CurtainB.prefab	(3.206, 0.285, 10.978)	(3.817, 2.757, 11.474)	(0.0, 0.0, 0.0)
annex building/Ground Level/Objects/Curtain semi	Assets/Modern Villa/Prefabs/Props/CurtainC.prefab	(10.243, 0.269, 10.945)	(11.185, 2.759, 11.358)	(0.0, 0.0, 0.0)
annex building/Ground Level/Objects/Painting 4	Assets/Modern Villa/Prefabs/Props/PaintingD.prefab	(3.267, 1.250, 11.230)	(3.287, 2.250, 12.730)	(0.0, 90.0, 0.0)
annex building/Ground Level/Objects/mv_wall_light	Assets/Modern Villa/Prefabs/lighting/WallLight.prefab	(3.019, 1.396, 17.250)	(3.123, 1.604, 17.380)	(0.0, 0.0, 0.0)
annex building/Ground Level/Objects/mv_wall_light (1)	Assets/Modern Villa/Prefabs/lighting/WallLight.prefab	(3.019, 1.396, 14.250)	(3.123, 1.604, 14.380)	(0.0, 0.0, 0.0)
annex building/Ground Level/Objects/mv_wall_light (2)	Assets/Modern Villa/Prefabs/lighting/WallLight.prefab	(3.019, 1.396, 10.500)	(3.123, 1.604, 10.630)	(0.0, 0.0, 0.0)
annex building/Ground Level/Wall 2x2,5 door single	Assets/Modern Villa/Prefabs/Walls/Wall2x2,5DoorSingle.prefab	(3.000, 0.250, 17.000)	(3.250, 2.750, 19.000)	(0.0, 90.0, 0.0)
annex building/Ground Level/Wall 2x2,5 door single/exterior Door	Assets/Modern Villa/Prefabs/Walls/ExteriorDoor.prefab	(3.042, 0.251, 17.368)	(3.185, 2.244, 18.598)	(0.0, 270.0, 0.0)
annex building/Ground Level/Wall inner 1x2,5	Assets/Modern Villa/Prefabs/Walls/WallInner1x2,5.prefab	(3.250, 0.250, 17.000)	(4.250, 2.750, 17.150)	(0.0, 0.0, 0.0)
annex building/Ground Level/Wall inner 1x2,5 (1)	Assets/Modern Villa/Prefabs/Walls/WallInner1x2,5.prefab	(4.250, 0.250, 17.000)	(5.250, 2.750, 17.150)	(0.0, 0.0, 0.0)
annex building/Ground Level/Wall inner 1x2,5 (2)	Assets/Modern Villa/Prefabs/Walls/WallInner1x2,5.prefab	(5.250, 0.250, 17.000)	(6.250, 2.750, 17.150)	(0.0, 0.0, 0.0)
annex building/Ground Level/Wall inner 1x2,5 (3)	Assets/Modern Villa/Prefabs/Walls/WallInner1x2,5.prefab	(6.250, 0.250, 17.000)	(7.250, 2.750, 17.150)	(0.0, 0.0, 0.0)
annex building/Ground Level/Wall inner 1x2,5 (4)	Assets/Modern Villa/Prefabs/Walls/WallInner1x2,5.prefab	(7.250, 0.250, 17.000)	(8.250, 2.750, 17.150)	(0.0, 0.0, 0.0)
annex building/Ground Level/Wall inner 1x2,5 (5)	Assets/Modern Villa/Prefabs/Walls/WallInner1x2,5.prefab	(8.250, 0.250, 17.000)	(9.250, 2.750, 17.150)	(0.0, 0.0, 0.0)
annex building/Ground Level/Wall inner 1x2,5 (6)	Assets/Modern Villa/Prefabs/Walls/WallInner1x2,5.prefab	(9.250, 0.250, 17.000)	(10.250, 2.750, 17.150)	(0.0, 0.0, 0.0)
annex building/Level 1		(2.923, 3.042, 8.901)	(11.214, 5.819, 24.810)	(0.0, 0.0, 0.0)
annex building/Level 1/Walls/Wall corner 2,5	Assets/Modern Villa/Prefabs/Walls/WallCorner2,5.prefab	(9.250, 3.050, 20.500)	(9.500, 5.550, 20.750)	(0.0, 0.0, 0.0)
annex building/Level 1/Walls/Wall corner 2,5 (1)	Assets/Modern Villa/Prefabs/Walls/WallCorner2,5.prefab	(2.923, 3.050, 19.500)	(3.173, 5.550, 19.750)	(0.0, 0.0, 0.0)
annex building/Level 1/Walls/Wall 2x2,5	Assets/Modern Villa/Prefabs/Walls/Wall2x2,5.prefab	(3.171, 3.050, 10.500)	(3.421, 5.550, 12.500)	(0.0, 90.0, 0.0)
annex building/Level 1/Walls/Wall corner 2,5	Assets/Modern Villa/Prefabs/Walls/WallCorner2,5.prefab	(3.171, 3.050, 10.250)	(3.421, 5.550, 10.500)	(0.0, 270.0, 0.0)
annex building/Level 1/Walls/Wall 2x2,5 (1)	Assets/Modern Villa/Prefabs/Walls/Wall2x2,5.prefab	(9.290, 3.050, 10.500)	(9.540, 5.550, 12.500)	(0.0, 90.0, 0.0)
annex building/Level 1/Walls/Wall corner 2,5 (1)	Assets/Modern Villa/Prefabs/Walls/WallCorner2,5.prefab	(9.290, 3.050, 10.250)	(9.540, 5.550, 10.500)	(0.0, 180.0, 0.0)
annex building/Level 1/Walls/Window straight (2)	Assets/Modern Villa/Prefabs/Windows/WindowStraight.prefab	(9.293, 3.050, 14.500)	(9.433, 5.550, 16.500)	(0.0, 90.0, 0.0)
annex building/Level 1/Walls/Wall 2x2,5 (2)	Assets/Modern Villa/Prefabs/Walls/Wall2x2,5.prefab	(3.171, 3.050, 12.500)	(3.421, 5.550, 14.500)	(0.0, 90.0, 0.0)
annex building/Level 1/Walls/Wall 2x2,5 (3)	Assets/Modern Villa/Prefabs/Walls/Wall2x2,5.prefab	(3.171, 3.050, 14.500)	(3.421, 5.550, 16.500)	(0.0, 90.0, 0.0)
annex building/Level 1/Walls/Wall 2x2,5 (4)	Assets/Modern Villa/Prefabs/Walls/Wall2x2,5.prefab	(3.171, 3.050, 16.500)	(3.421, 5.550, 18.500)	(0.0, 90.0, 0.0)
annex building/Level 1/Walls/Window straight (5)	Assets/Modern Villa/Prefabs/Windows/WindowStraight.prefab	(9.293, 3.050, 18.500)	(9.433, 5.550, 20.500)	(0.0, 90.0, 0.0)
annex building/Level 1/Walls/Window straight (4)	Assets/Modern Villa/Prefabs/Windows/WindowStraight.prefab	(9.293, 3.050, 12.500)	(9.433, 5.550, 14.500)	(0.0, 90.0, 0.0)
annex building/Level 1/Walls/Wall 2x2,5 (5)	Assets/Modern Villa/Prefabs/Walls/Wall2x2,5.prefab	(3.171, 3.050, 18.500)	(3.421, 5.550, 20.500)	(0.0, 90.0, 0.0)
annex building/Level 1/Walls/Window Door	Assets/Modern Villa/Prefabs/Windows/WindowDoor.prefab	(3.500, 3.050, 10.249)	(7.500, 5.550, 10.393)	(0.0, 180.0, 0.0)
annex building/Level 1/Walls/Window straight (3)	Assets/Modern Villa/Prefabs/Windows/WindowStraight.prefab	(7.250, 3.050, 10.250)	(9.250, 5.550, 10.390)	(0.0, 0.0, 0.0)
annex building/Level 1/Walls/Wall 2x2,5 (8)	Assets/Modern Villa/Prefabs/Walls/Wall2x2,5.prefab	(7.250, 3.050, 20.500)	(9.250, 5.550, 20.750)	(0.0, 0.0, 0.0)
annex building/Level 1/Walls/Wall inner 1x2,5	Assets/Modern Villa/Prefabs/Walls/WallInner1x2,5.prefab	(3.250, 3.050, 16.750)	(4.250, 5.550, 16.900)	(0.0, 0.0, 0.0)
annex building/Level 1/Walls/Wall inner 1x2,5 (1)	Assets/Modern Villa/Prefabs/Walls/WallInner1x2,5.prefab	(3.750, 3.050, 16.750)	(4.750, 5.550, 16.900)	(0.0, 0.0, 0.0)
annex building/Level 1/Walls/Wall inner 1x2,5 (4)	Assets/Modern Villa/Prefabs/Walls/WallInner1x2,5.prefab	(8.250, 3.050, 16.750)	(9.250, 5.550, 16.900)	(0.0, 0.0, 0.0)
annex building/Level 1/Walls/Wall inner 1x2,5 (2)	Assets/Modern Villa/Prefabs/Walls/WallInner1x2,5.prefab	(4.250, 3.050, 16.750)	(5.250, 5.550, 16.900)	(0.0, 0.0, 0.0)
annex building/Level 1/Walls/Window Door (1)	Assets/Modern Villa/Prefabs/Windows/WindowDoor.prefab	(3.250, 3.048, 20.303)	(7.250, 5.552, 20.751)	(0.0, 0.0, 0.0)
annex building/Level 1/Walls/Window Door (1)/Curtain	Assets/Modern Villa/Prefabs/Props/CurtainA.prefab	(3.291, 3.048, 20.303)	(4.539, 5.552, 20.664)	(0.0, 0.0, 0.0)
annex building/Level 1/Walls/Window Door (1)/Curtain (1)	Assets/Modern Villa/Prefabs/Props/CurtainA.prefab	(4.541, 3.048, 20.303)	(5.789, 5.552, 20.664)	(0.0, 0.0, 0.0)
annex building/Level 1/Walls/Wall inner 1x2,5 (3)	Assets/Modern Villa/Prefabs/Walls/WallInner1x2,5.prefab	(7.250, 3.050, 16.750)	(8.250, 5.550, 16.900)	(0.0, 0.0, 0.0)
annex building/Level 1/Walls/Wall 2x2,5 (9)	Assets/Modern Villa/Prefabs/Walls/Wall2x2,5.prefab	(9.250, 3.050, 16.500)	(9.500, 5.550, 18.500)	(0.0, 90.0, 0.0)
annex building/Level 1/Walls/Wall inner 1x2,5 door	Assets/Modern Villa/Prefabs/Walls/WallInner1x2,5Door.prefab	(5.250, 3.050, 16.684)	(6.250, 5.550, 16.915)	(0.0, 0.0, 0.0)
annex building/Level 1/Walls/Wall inner 1x2,5 door/interior door	Assets/Modern Villa/Prefabs/Walls/InteriorDoor.prefab	(5.428, 3.051, 16.684)	(6.068, 5.041, 16.841)	(0.0, 0.0, 0.0)
annex building/Level 1/Walls/Wall inner 1x2,5 (5)	Assets/Modern Villa/Prefabs/Walls/WallInner1x2,5.prefab	(6.250, 3.050, 16.750)	(7.250, 5.550, 16.900)	(0.0, 0.0, 0.0)
annex building/Level 1/Objects/Curtains/Curtain	Assets/Modern Villa/Prefabs/Props/CurtainA.prefab	(3.301, 3.048, 10.383)	(4.549, 5.552, 10.744)	(0.0, 0.0, 0.0)
annex building/Level 1/Objects/Curtains/Curtain (1)	Assets/Modern Villa/Prefabs/Props/CurtainA.prefab	(7.981, 3.048, 10.353)	(9.229, 5.552, 10.714)	(0.0, 0.0, 0.0)
annex building/Level 1/Objects/Curtains/Curtain (2)	Assets/Modern Villa/Prefabs/Props/CurtainA.prefab	(10.733, 3.048, 8.901)	(11.094, 5.552, 10.149)	(0.0, 90.0, 0.0)
annex building/Level 1/Objects/Curtains/Curtain (3)	Assets/Modern Villa/Prefabs/Props/CurtainA.prefab	(10.733, 3.048, 10.151)	(11.094, 5.552, 11.399)	(0.0, 90.0, 0.0)
annex building/Level 1/Objects/Curtains/Curtain (4)	Assets/Modern Villa/Prefabs/Props/CurtainA.prefab	(10.733, 3.048, 11.401)	(11.094, 5.552, 12.649)	(0.0, 90.0, 0.0)
annex building/Level 1/Objects/Curtains/Curtain (5)	Assets/Modern Villa/Prefabs/Props/CurtainA.prefab	(10.733, 3.048, 12.651)	(11.094, 5.552, 13.899)	(0.0, 90.0, 0.0)
annex building/Level 1/Objects/Curtains/Curtain (6)	Assets/Modern Villa/Prefabs/Props/CurtainA.prefab	(10.733, 3.048, 13.901)	(11.094, 5.552, 15.149)	(0.0, 90.0, 0.0)
annex building/Level 1/Objects/Curtains/Curtain (7)	Assets/Modern Villa/Prefabs/Props/CurtainA.prefab	(10.733, 3.048, 15.151)	(11.094, 5.552, 16.399)	(0.0, 90.0, 0.0)
annex building/Level 1/Objects/Curtains/Curtain (8)	Assets/Modern Villa/Prefabs/Props/CurtainA.prefab	(10.733, 3.048, 16.401)	(11.094, 5.552, 17.649)	(0.0, 90.0, 0.0)
annex building/Level 1/Objects/Curtains/Curtain (9)	Assets/Modern Villa/Prefabs/Props/CurtainA.prefab	(10.733, 3.048, 17.651)	(11.094, 5.552, 18.899)	(0.0, 90.0, 0.0)
annex building/Level 1/Objects/Table/dining table	Assets/Modern Villa/Prefabs/furniture/DiningTable.prefab	(6.395, 3.042, 21.097)	(8.606, 4.071, 22.905)	(0.0, 0.0, 0.0)
annex building/Level 1/Objects/Table/dining table/dining chair	Assets/Modern Villa/Prefabs/furniture/DiningChair.prefab	(7.865, 3.042, 21.097)	(8.437, 3.953, 21.595)	(0.0, 0.0, 0.0)
annex building/Level 1/Objects/Table/dining table/dining chair (1)	Assets/Modern Villa/Prefabs/furniture/DiningChair.prefab	(7.236, 3.042, 21.097)	(7.808, 3.953, 21.595)	(0.0, 0.0, 0.0)
annex building/Level 1/Objects/Table/dining table/dining chair (2)	Assets/Modern Villa/Prefabs/furniture/DiningChair.prefab	(6.589, 3.042, 21.097)	(7.161, 3.953, 21.595)	(0.0, 0.0, 0.0)
annex building/Level 1/Objects/Table/dining table/dining chair (3)	Assets/Modern Villa/Prefabs/furniture/DiningChair.prefab	(7.865, 3.042, 22.407)	(8.437, 3.953, 22.905)	(0.0, 180.0, 0.0)
annex building/Level 1/Objects/Table/dining table/dining chair (4)	Assets/Modern Villa/Prefabs/furniture/DiningChair.prefab	(7.236, 3.042, 22.407)	(7.808, 3.953, 22.905)	(0.0, 180.0, 0.0)
annex building/Level 1/Objects/Table/dining table/dining chair (5)	Assets/Modern Villa/Prefabs/furniture/DiningChair.prefab	(6.589, 3.042, 22.407)	(7.161, 3.953, 22.905)	(0.0, 180.0, 0.0)
annex building/Level 1/Objects/Table/dining table/Placeholder/fork	Assets/Modern Villa/Prefabs/Props/Fork.prefab	(7.924, 3.831, 21.518)	(7.957, 3.854, 21.714)	(0.0, 180.0, 0.0)
annex building/Level 1/Objects/Table/dining table/Placeholder/fork (1)	Assets/Modern Villa/Prefabs/Props/Fork.prefab	(7.883, 3.831, 21.550)	(7.917, 3.854, 21.745)	(0.0, 180.0, 0.0)
annex building/Level 1/Objects/Table/dining table/Placeholder/knife	Assets/Modern Villa/Prefabs/Props/Knife.prefab	(8.331, 3.835, 21.522)	(8.350, 3.841, 21.753)	(0.0, 180.0, 0.0)
annex building/Level 1/Objects/Table/dining table/Placeholder/Spoon	Assets/Modern Villa/Prefabs/Props/Spoon.prefab	(8.368, 3.836, 21.553)	(8.425, 3.855, 21.787)	(0.0, 180.0, 0.0)
annex building/Level 1/Objects/Table/dining table/Placeholder/red wine glas	Assets/Modern Villa/Prefabs/Props/RedWineGlas.prefab	(8.230, 3.835, 21.832)	(8.330, 4.060, 21.931)	(0.0, 0.0, 0.0)
annex building/Level 1/Objects/Table/dining table/Placeholder/white wine glas	Assets/Modern Villa/Prefabs/Props/WhiteWineGlas.prefab	(8.346, 3.835, 21.780)	(8.432, 4.035, 21.866)	(0.0, 0.0, 0.0)
annex building/Level 1/Objects/Table/dining table/Placeholder/Placeholder	Assets/Modern Villa/Prefabs/Props/Placeholder.prefab	(7.867, 3.833, 21.511)	(8.431, 3.838, 21.955)	(0.0, 0.0, 0.0)
annex building/Level 1/Objects/Table/dining table/Placeholder/LargeAntipastiPlate	Assets/Modern Villa/Prefabs/Props/LargeAntipastiPlate.prefab	(7.990, 3.835, 21.518)	(8.308, 3.907, 21.837)	(0.0, 0.0, 0.0)
annex building/Level 1/Objects/Table/dining table/Placeholder/LargeAntipastiPlate/LargePlate	Assets/Modern Villa/Prefabs/Props/LargePlate.prefab	(7.990, 3.848, 21.519)	(8.308, 3.860, 21.837)	(0.0, 0.0, 0.0)
annex building/Level 1/Objects/Table/dining table/Placeholder/LargeAntipastiPlate/SoupBowl	Assets/Modern Villa/Prefabs/Props/SoupBowl.prefab	(8.027, 3.852, 21.556)	(8.271, 3.907, 21.800)	(0.0, 0.0, 0.0)
annex building/Level 1/Objects/Table/dining table/Placeholder/LargeAntipastiPlate/SoupBowl/SoupBowl	Assets/Modern Villa/Meshes/props/mv_SoupBowl.fbx	(8.027, 3.852, 21.556)	(8.271, 3.907, 21.800)	(0.0, 0.0, 0.0)
annex building/Level 1/Objects/Table/dining table/mv_lantern	Assets/Modern Villa/Prefabs/Props/Lantern.prefab	(7.769, 3.832, 21.903)	(7.963, 4.071, 22.097)	(0.0, 339.4, 0.0)
annex building/Level 1/Objects/Table/dining table/mv_lantern/candle	Assets/Modern Villa/Prefabs/lighting/Candle.prefab	(7.837, 3.846, 21.971)	(7.895, 3.906, 22.029)	(0.0, 339.4, 0.0)
annex building/Level 1/Objects/Table/dining table/mv_lantern (1)	Assets/Modern Villa/Prefabs/Props/Lantern.prefab	(7.107, 3.832, 21.898)	(7.311, 4.071, 22.102)	(0.0, 28.3, 0.0)
annex building/Level 1/Objects/Table/dining table/mv_lantern (1)/candle	Assets/Modern Villa/Prefabs/lighting/Candle.prefab	(7.179, 3.845, 21.970)	(7.239, 3.905, 22.030)	(0.0, 28.3, 0.0)
annex building/Level 1/Objects/Table/dining table/Placeholder (1)/fork	Assets/Modern Villa/Prefabs/Props/Fork.prefab	(7.288, 3.831, 21.518)	(7.321, 3.854, 21.714)	(0.0, 180.0, 0.0)
annex building/Level 1/Objects/Table/dining table/Placeholder (1)/fork (1)	Assets/Modern Villa/Prefabs/Props/Fork.prefab	(7.247, 3.831, 21.550)	(7.281, 3.854, 21.745)	(0.0, 180.0, 0.0)
annex building/Level 1/Objects/Table/dining table/Placeholder (1)/knife	Assets/Modern Villa/Prefabs/Props/Knife.prefab	(7.695, 3.835, 21.522)	(7.714, 3.841, 21.753)	(0.0, 180.0, 0.0)
annex building/Level 1/Objects/Table/dining table/Placeholder (1)/Spoon	Assets/Modern Villa/Prefabs/Props/Spoon.prefab	(7.732, 3.836, 21.553)	(7.789, 3.855, 21.787)	(0.0, 180.0, 0.0)
annex building/Level 1/Objects/Table/dining table/Placeholder (1)/red wine glas	Assets/Modern Villa/Prefabs/Props/RedWineGlas.prefab	(7.594, 3.835, 21.832)	(7.694, 4.060, 21.931)	(0.0, 0.0, 0.0)
annex building/Level 1/Objects/Table/dining table/Placeholder (1)/white wine glas	Assets/Modern Villa/Prefabs/Props/WhiteWineGlas.prefab	(7.710, 3.835, 21.780)	(7.796, 4.035, 21.866)	(0.0, 0.0, 0.0)
annex building/Level 1/Objects/Table/dining table/Placeholder (1)/Placeholder	Assets/Modern Villa/Prefabs/Props/Placeholder.prefab	(7.231, 3.833, 21.511)	(7.795, 3.838, 21.955)	(0.0, 0.0, 0.0)
annex building/Level 1/Objects/Table/dining table/Placeholder (1)/LargeAntipastiPlate	Assets/Modern Villa/Prefabs/Props/LargeAntipastiPlate.prefab	(7.354, 3.835, 21.518)	(7.672, 3.907, 21.837)	(0.0, 0.0, 0.0)
annex building/Level 1/Objects/Table/dining table/Placeholder (1)/LargeAntipastiPlate/LargePlate	Assets/Modern Villa/Prefabs/Props/LargePlate.prefab	(7.354, 3.848, 21.519)	(7.672, 3.860, 21.837)	(0.0, 0.0, 0.0)
annex building/Level 1/Objects/Table/dining table/Placeholder (1)/LargeAntipastiPlate/SoupBowl	Assets/Modern Villa/Prefabs/Props/SoupBowl.prefab	(7.391, 3.852, 21.556)	(7.635, 3.907, 21.800)	(0.0, 0.0, 0.0)
annex building/Level 1/Objects/Table/dining table/Placeholder (1)/LargeAntipastiPlate/SoupBowl/SoupBowl	Assets/Modern Villa/Meshes/props/mv_SoupBowl.fbx	(7.391, 3.852, 21.556)	(7.635, 3.907, 21.800)	(0.0, 0.0, 0.0)
annex building/Level 1/Objects/Table/dining table/Placeholder (2)/fork	Assets/Modern Villa/Prefabs/Props/Fork.prefab	(6.674, 3.831, 21.518)	(6.707, 3.854, 21.714)	(0.0, 180.0, 0.0)
annex building/Level 1/Objects/Table/dining table/Placeholder (2)/fork (1)	Assets/Modern Villa/Prefabs/Props/Fork.prefab	(6.633, 3.831, 21.550)	(6.667, 3.854, 21.745)	(0.0, 180.0, 0.0)
annex building/Level 1/Objects/Table/dining table/Placeholder (2)/knife	Assets/Modern Villa/Prefabs/Props/Knife.prefab	(7.081, 3.835, 21.522)	(7.100, 3.841, 21.753)	(0.0, 180.0, 0.0)
annex building/Level 1/Objects/Table/dining table/Placeholder (2)/Spoon	Assets/Modern Villa/Prefabs/Props/Spoon.prefab	(7.118, 3.836, 21.553)	(7.175, 3.855, 21.787)	(0.0, 180.0, 0.0)
annex building/Level 1/Objects/Table/dining table/Placeholder (2)/red wine glas	Assets/Modern Villa/Prefabs/Props/RedWineGlas.prefab	(6.980, 3.835, 21.832)	(7.080, 4.060, 21.931)	(0.0, 0.0, 0.0)
annex building/Level 1/Objects/Table/dining table/Placeholder (2)/white wine glas	Assets/Modern Villa/Prefabs/Props/WhiteWineGlas.prefab	(7.096, 3.835, 21.780)	(7.182, 4.035, 21.866)	(0.0, 0.0, 0.0)
annex building/Level 1/Objects/Table/dining table/Placeholder (2)/Placeholder	Assets/Modern Villa/Prefabs/Props/Placeholder.prefab	(6.617, 3.833, 21.511)	(7.181, 3.838, 21.955)	(0.0, 0.0, 0.0)
annex building/Level 1/Objects/Table/dining table/Placeholder (2)/LargeAntipastiPlate	Assets/Modern Villa/Prefabs/Props/LargeAntipastiPlate.prefab	(6.740, 3.835, 21.518)	(7.058, 3.907, 21.837)	(0.0, 0.0, 0.0)
annex building/Level 1/Objects/Table/dining table/Placeholder (2)/LargeAntipastiPlate/LargePlate	Assets/Modern Villa/Prefabs/Props/LargePlate.prefab	(6.740, 3.848, 21.519)	(7.058, 3.860, 21.837)	(0.0, 0.0, 0.0)
annex building/Level 1/Objects/Table/dining table/Placeholder (2)/LargeAntipastiPlate/SoupBowl	Assets/Modern Villa/Prefabs/Props/SoupBowl.prefab	(6.777, 3.852, 21.556)	(7.021, 3.907, 21.800)	(0.0, 0.0, 0.0)
annex building/Level 1/Objects/Table/dining table/Placeholder (2)/LargeAntipastiPlate/SoupBowl/SoupBowl	Assets/Modern Villa/Meshes/props/mv_SoupBowl.fbx	(6.777, 3.852, 21.556)	(7.021, 3.907, 21.800)	(0.0, 0.0, 0.0)
annex building/Level 1/Objects/Table/dining table/Placeholder (3)/fork	Assets/Modern Villa/Prefabs/Props/Fork.prefab	(7.705, 3.831, 22.300)	(7.738, 3.854, 22.496)	(0.0, 0.0, 0.0)
annex building/Level 1/Objects/Table/dining table/Placeholder (3)/fork (1)	Assets/Modern Villa/Prefabs/Props/Fork.prefab	(7.745, 3.831, 22.269)	(7.779, 3.854, 22.464)	(0.0, 0.0, 0.0)
annex building/Level 1/Objects/Table/dining table/Placeholder (3)/knife	Assets/Modern Villa/Prefabs/Props/Knife.prefab	(7.312, 3.835, 22.261)	(7.331, 3.841, 22.492)	(0.0, 0.0, 0.0)
annex building/Level 1/Objects/Table/dining table/Placeholder (3)/Spoon	Assets/Modern Villa/Prefabs/Props/Spoon.prefab	(7.237, 3.836, 22.227)	(7.294, 3.855, 22.461)	(0.0, 0.0, 0.0)
annex building/Level 1/Objects/Table/dining table/Placeholder (3)/red wine glas	Assets/Modern Villa/Prefabs/Props/RedWineGlas.prefab	(7.332, 3.835, 22.083)	(7.432, 4.060, 22.182)	(0.0, 180.0, 0.0)
annex building/Level 1/Objects/Table/dining table/Placeholder (3)/white wine glas	Assets/Modern Villa/Prefabs/Props/WhiteWineGlas.prefab	(7.230, 3.835, 22.148)	(7.316, 4.035, 22.234)	(0.0, 180.0, 0.0)
annex building/Level 1/Objects/Table/dining table/Placeholder (3)/Placeholder	Assets/Modern Villa/Prefabs/Props/Placeholder.prefab	(7.231, 3.833, 22.059)	(7.795, 3.838, 22.503)	(0.0, 180.0, 0.0)
annex building/Level 1/Objects/Table/dining table/Placeholder (3)/LargeAntipastiPlate	Assets/Modern Villa/Prefabs/Props/LargeAntipastiPlate.prefab	(7.354, 3.835, 22.177)	(7.672, 3.907, 22.496)	(0.0, 180.0, 0.0)
annex building/Level 1/Objects/Table/dining table/Placeholder (3)/LargeAntipastiPlate/LargePlate	Assets/Modern Villa/Prefabs/Props/LargePlate.prefab	(7.354, 3.848, 22.177)	(7.672, 3.860, 22.495)	(0.0, 180.0, 0.0)
annex building/Level 1/Objects/Table/dining table/Placeholder (3)/LargeAntipastiPlate/SoupBowl	Assets/Modern Villa/Prefabs/Props/SoupBowl.prefab	(7.391, 3.852, 22.214)	(7.635, 3.907, 22.458)	(0.0, 180.0, 0.0)
annex building/Level 1/Objects/Table/dining table/Placeholder (3)/LargeAntipastiPlate/SoupBowl/SoupBowl	Assets/Modern Villa/Meshes/props/mv_SoupBowl.fbx	(7.391, 3.852, 22.214)	(7.635, 3.907, 22.458)	(0.0, 180.0, 0.0)
annex building/Level 1/Objects/Table/dining table/Placeholder (4)/fork	Assets/Modern Villa/Prefabs/Props/Fork.prefab	(8.341, 3.831, 22.300)	(8.374, 3.854, 22.496)	(0.0, 0.0, 0.0)
annex building/Level 1/Objects/Table/dining table/Placeholder (4)/fork (1)	Assets/Modern Villa/Prefabs/Props/Fork.prefab	(8.381, 3.831, 22.269)	(8.415, 3.854, 22.464)	(0.0, 0.0, 0.0)
annex building/Level 1/Objects/Table/dining table/Placeholder (4)/knife	Assets/Modern Villa/Prefabs/Props/Knife.prefab	(7.948, 3.835, 22.261)	(7.967, 3.841, 22.492)	(0.0, 0.0, 0.0)
annex building/Level 1/Objects/Table/dining table/Placeholder (4)/Spoon	Assets/Modern Villa/Prefabs/Props/Spoon.prefab	(7.873, 3.836, 22.227)	(7.930, 3.855, 22.461)	(0.0, 0.0, 0.0)
annex building/Level 1/Objects/Table/dining table/Placeholder (4)/red wine glas	Assets/Modern Villa/Prefabs/Props/RedWineGlas.prefab	(7.968, 3.835, 22.083)	(8.068, 4.060, 22.182)	(0.0, 180.0, 0.0)
annex building/Level 1/Objects/Table/dining table/Placeholder (4)/white wine glas	Assets/Modern Villa/Prefabs/Props/WhiteWineGlas.prefab	(7.866, 3.835, 22.148)	(7.952, 4.035, 22.234)	(0.0, 180.0, 0.0)
annex building/Level 1/Objects/Table/dining table/Placeholder (4)/Placeholder	Assets/Modern Villa/Prefabs/Props/Placeholder.prefab	(7.867, 3.833, 22.059)	(8.431, 3.838, 22.503)	(0.0, 180.0, 0.0)
annex building/Level 1/Objects/Table/dining table/Placeholder (4)/LargeAntipastiPlate	Assets/Modern Villa/Prefabs/Props/LargeAntipastiPlate.prefab	(7.990, 3.835, 22.177)	(8.308, 3.907, 22.496)	(0.0, 180.0, 0.0)
annex building/Level 1/Objects/Table/dining table/Placeholder (4)/LargeAntipastiPlate/LargePlate	Assets/Modern Villa/Prefabs/Props/LargePlate.prefab	(7.990, 3.848, 22.177)	(8.308, 3.860, 22.495)	(0.0, 180.0, 0.0)
annex building/Level 1/Objects/Table/dining table/Placeholder (4)/LargeAntipastiPlate/SoupBowl	Assets/Modern Villa/Prefabs/Props/SoupBowl.prefab	(8.027, 3.852, 22.214)	(8.271, 3.907, 22.458)	(0.0, 180.0, 0.0)
annex building/Level 1/Objects/Table/dining table/Placeholder (4)/LargeAntipastiPlate/SoupBowl/SoupBowl	Assets/Modern Villa/Meshes/props/mv_SoupBowl.fbx	(8.027, 3.852, 22.214)	(8.271, 3.907, 22.458)	(0.0, 180.0, 0.0)
annex building/Level 1/Objects/Table/dining table/Placeholder (5)/fork	Assets/Modern Villa/Prefabs/Props/Fork.prefab	(7.091, 3.831, 22.300)	(7.124, 3.854, 22.496)	(0.0, 0.0, 0.0)
annex building/Level 1/Objects/Table/dining table/Placeholder (5)/fork (1)	Assets/Modern Villa/Prefabs/Props/Fork.prefab	(7.131, 3.831, 22.269)	(7.165, 3.854, 22.464)	(0.0, 0.0, 0.0)
annex building/Level 1/Objects/Table/dining table/Placeholder (5)/knife	Assets/Modern Villa/Prefabs/Props/Knife.prefab	(6.698, 3.835, 22.261)	(6.717, 3.841, 22.492)	(0.0, 0.0, 0.0)
annex building/Level 1/Objects/Table/dining table/Placeholder (5)/Spoon	Assets/Modern Villa/Prefabs/Props/Spoon.prefab	(6.623, 3.836, 22.227)	(6.680, 3.855, 22.461)	(0.0, 0.0, 0.0)
annex building/Level 1/Objects/Table/dining table/Placeholder (5)/red wine glas	Assets/Modern Villa/Prefabs/Props/RedWineGlas.prefab	(6.718, 3.835, 22.083)	(6.818, 4.060, 22.182)	(0.0, 180.0, 0.0)
annex building/Level 1/Objects/Table/dining table/Placeholder (5)/white wine glas	Assets/Modern Villa/Prefabs/Props/WhiteWineGlas.prefab	(6.616, 3.835, 22.148)	(6.702, 4.035, 22.234)	(0.0, 180.0, 0.0)
annex building/Level 1/Objects/Table/dining table/Placeholder (5)/Placeholder	Assets/Modern Villa/Prefabs/Props/Placeholder.prefab	(6.617, 3.833, 22.059)	(7.181, 3.838, 22.503)	(0.0, 180.0, 0.0)
annex building/Level 1/Objects/Table/dining table/Placeholder (5)/LargeAntipastiPlate	Assets/Modern Villa/Prefabs/Props/LargeAntipastiPlate.prefab	(6.740, 3.835, 22.177)	(7.058, 3.907, 22.496)	(0.0, 180.0, 0.0)
annex building/Level 1/Objects/Table/dining table/Placeholder (5)/LargeAntipastiPlate/LargePlate	Assets/Modern Villa/Prefabs/Props/LargePlate.prefab	(6.740, 3.848, 22.177)	(7.058, 3.860, 22.495)	(0.0, 180.0, 0.0)
annex building/Level 1/Objects/Table/dining table/Placeholder (5)/LargeAntipastiPlate/SoupBowl	Assets/Modern Villa/Prefabs/Props/SoupBowl.prefab	(6.777, 3.852, 22.214)	(7.021, 3.907, 22.458)	(0.0, 180.0, 0.0)
annex building/Level 1/Objects/Table/dining table/Placeholder (5)/LargeAntipastiPlate/SoupBowl/SoupBowl	Assets/Modern Villa/Meshes/props/mv_SoupBowl.fbx	(6.777, 3.852, 22.214)	(7.021, 3.907, 22.458)	(0.0, 180.0, 0.0)
annex building/Level 1/Objects/Bench/bench corner	Assets/Modern Villa/Prefabs/furniture/BenchCorner.prefab	(8.214, 3.050, 23.306)	(11.214, 4.904, 24.810)	(0.0, 270.0, 0.0)
annex building/Level 1/Objects/Bench/bench corner/bench straight	Assets/Modern Villa/Prefabs/furniture/BenchStraight.prefab	(10.564, 3.050, 23.306)	(11.214, 4.900, 24.056)	(0.0, 270.0, 0.0)
annex building/Level 1/Objects/Bench/bench corner/bench straight/mv_pillow_seat (3)	Assets/Modern Villa/Prefabs/Props/PillowSeat.prefab	(10.627, 3.697, 23.517)	(10.996, 3.762, 23.886)	(0.0, 270.0, 0.0)
annex building/Level 1/Objects/Bench/bench corner/bench straight/glas railing .75m	Assets/Modern Villa/Prefabs/railing/GlasRailing.75m.prefab	(11.148, 3.702, 23.306)	(11.198, 4.900, 24.056)	(0.0, 270.0, 0.0)
annex building/Level 1/Objects/Bench/bench corner/bench straight (3)	Assets/Modern Villa/Prefabs/furniture/BenchStraight.prefab	(9.714, 3.050, 24.156)	(10.464, 4.898, 24.806)	(0.0, 180.0, 0.0)
annex building/Level 1/Objects/Bench/bench corner/bench straight (3)/mv_pillow_seat (3)	Assets/Modern Villa/Prefabs/Props/PillowSeat.prefab	(9.884, 3.697, 24.219)	(10.253, 3.762, 24.588)	(0.0, 180.0, 0.0)
annex building/Level 1/Objects/Bench/bench corner/bench straight (3)/glas railing .75m (1)	Assets/Modern Villa/Prefabs/railing/GlasRailing.75m.prefab	(9.714, 3.700, 24.752)	(10.464, 4.898, 24.802)	(0.0, 0.0, 0.0)
annex building/Level 1/Objects/Bench/bench corner/bench straight (4)	Assets/Modern Villa/Prefabs/furniture/BenchStraight.prefab	(8.964, 3.050, 24.156)	(9.714, 4.898, 24.806)	(0.0, 180.0, 0.0)
annex building/Level 1/Objects/Bench/bench corner/bench straight (4)/mv_pillow_seat (3)	Assets/Modern Villa/Prefabs/Props/PillowSeat.prefab	(9.134, 3.697, 24.219)	(9.503, 3.762, 24.588)	(0.0, 180.0, 0.0)
annex building/Level 1/Objects/Bench/bench corner/bench straight (4)/glas railing .75m (1)	Assets/Modern Villa/Prefabs/railing/GlasRailing.75m.prefab	(8.964, 3.700, 24.752)	(9.714, 4.898, 24.802)	(0.0, 0.0, 0.0)
annex building/Level 1/Objects/Bench/bench corner/mv_pillow_seat (2)	Assets/Modern Villa/Prefabs/Props/PillowSeat.prefab	(10.551, 3.697, 24.194)	(10.920, 3.762, 24.563)	(0.0, 270.0, 0.0)
annex building/Level 1/Objects/Bench/bench corner/bench straight (5)	Assets/Modern Villa/Prefabs/furniture/BenchStraight.prefab	(8.214, 3.050, 24.156)	(8.964, 4.898, 24.806)	(0.0, 180.0, 0.0)
annex building/Level 1/Objects/Bench/bench corner/bench straight (5)/mv_pillow_seat (3)	Assets/Modern Villa/Prefabs/Props/PillowSeat.prefab	(8.384, 3.697, 24.219)	(8.753, 3.762, 24.588)	(0.0, 180.0, 0.0)
annex building/Level 1/Objects/Bench/bench corner/bench straight (5)/glas railing .75m (1)	Assets/Modern Villa/Prefabs/railing/GlasRailing.75m.prefab	(8.214, 3.700, 24.752)	(8.964, 4.898, 24.802)	(0.0, 0.0, 0.0)
annex building/Level 1/Objects/Bench/bench corner/glas railing .75m corner	Assets/Modern Villa/Prefabs/railing/GlasRailing.75mCorner.prefab	(10.451, 3.704, 24.057)	(11.201, 4.904, 24.810)	(0.0, 90.0, 0.0)
annex building/Level 1/Objects/Bench/glas railing 2m	Assets/Modern Villa/Prefabs/railing/GlasRailing2m.prefab	(6.209, 3.050, 24.673)	(8.209, 4.248, 24.723)	(0.0, 0.0, 0.0)
annex building/Level 1/Objects/Bench/glas railing 2m (1)	Assets/Modern Villa/Prefabs/railing/GlasRailing2m.prefab	(4.209, 3.050, 24.673)	(6.209, 4.248, 24.723)	(0.0, 0.0, 0.0)
annex building/Level 1/Objects/Bench/glas railing 1m	Assets/Modern Villa/Prefabs/railing/GlasRailing1m.prefab	(3.209, 3.050, 24.668)	(4.209, 4.248, 24.718)	(0.0, 0.0, 0.0)
annex building/Level 1/Objects/Bench/glas railing 1m (1)	Assets/Modern Villa/Prefabs/railing/GlasRailing1m.prefab	(3.100, 3.050, 23.693)	(3.150, 4.248, 24.693)	(0.0, 90.0, 0.0)
annex building/Level 1/Objects/Bench/glas railing 2m (2)	Assets/Modern Villa/Prefabs/railing/GlasRailing2m.prefab	(3.099, 3.050, 21.681)	(3.149, 4.248, 23.681)	(0.0, 90.0, 0.0)
annex building/Level 1/Objects/Bench/glas railing 1m (2)	Assets/Modern Villa/Prefabs/railing/GlasRailing1m.prefab	(3.100, 3.050, 20.693)	(3.150, 4.248, 21.693)	(0.0, 90.0, 0.0)
annex building/Level 1/Objects/Bench/glas railing .75m	Assets/Modern Villa/Prefabs/railing/GlasRailing.75m.prefab	(3.099, 3.050, 19.942)	(3.149, 4.248, 20.692)	(0.0, 90.0, 0.0)
annex building/Level 1/Objects/mv_roof_lamp	Assets/Modern Villa/Prefabs/lighting/RoofLamp.prefab	(6.045, 4.916, 11.545)	(6.455, 5.819, 11.955)	(0.0, 0.0, 0.0)
annex building/Level 1/Objects/Painting 4	Assets/Modern Villa/Prefabs/Props/PaintingD.prefab	(3.328, 4.114, 18.279)	(3.348, 5.114, 19.779)	(0.0, 90.0, 0.0)
annex building/Level 1/Objects/lights/mv_wall_light	Assets/Modern Villa/Prefabs/lighting/WallLight.prefab	(8.898, 4.904, 20.748)	(9.002, 5.112, 20.878)	(0.0, 0.0, 0.0)
annex building/Level 1/Objects/lights/mv_wall_light (1)	Assets/Modern Villa/Prefabs/lighting/WallLight.prefab	(7.398, 4.904, 20.748)	(7.502, 5.112, 20.878)	(0.0, 0.0, 0.0)
annex building/Level 1/Objects/lights/mv_wall_light (2)	Assets/Modern Villa/Prefabs/lighting/WallLight.prefab	(3.143, 4.904, 20.047)	(3.273, 5.112, 20.151)	(0.0, 90.0, 0.0)
annex building/roof 1		(3.040, 2.750, 8.650)	(11.256, 3.873, 24.850)	(0.0, 0.0, 0.0)
annex building/roof 1/Roof 2x2	Assets/Modern Villa/Prefabs/roof/Roof2x2.prefab	(5.140, 2.750, 10.750)	(7.140, 3.050, 12.750)	(0.0, 0.0, 0.0)
annex building/roof 1/Roof 2x2 side	Assets/Modern Villa/Prefabs/roof/Roof2x2Side.prefab	(3.040, 2.750, 10.750)	(5.140, 3.050, 12.750)	(0.0, 0.0, 0.0)
annex building/roof 1/Roof 2x2 side (1)	Assets/Modern Villa/Prefabs/roof/Roof2x2Side.prefab	(9.140, 2.750, 10.750)	(11.240, 3.050, 12.750)	(0.0, 180.0, 0.0)
annex building/roof 1/Roof 2x2 side (2)	Assets/Modern Villa/Prefabs/roof/Roof2x2Side.prefab	(5.140, 2.750, 8.650)	(7.140, 3.050, 10.750)	(0.0, 270.0, 0.0)
annex building/roof 1/Roof 2x2 corner	Assets/Modern Villa/Prefabs/roof/Roof2x2corner.prefab	(3.040, 2.750, 8.650)	(5.140, 3.050, 10.750)	(0.0, 270.0, 0.0)
annex building/roof 1/Roof 2x2 corner (1)	Assets/Modern Villa/Prefabs/roof/Roof2x2corner.prefab	(9.140, 2.750, 8.650)	(11.240, 3.050, 10.750)	(0.0, 180.0, 0.0)
annex building/roof 1/Roof 2x2 (1)	Assets/Modern Villa/Prefabs/roof/Roof2x2.prefab	(5.140, 2.750, 12.750)	(7.140, 3.050, 14.750)	(0.0, 0.0, 0.0)
annex building/roof 1/Roof 2x2 side (4)	Assets/Modern Villa/Prefabs/roof/Roof2x2Side.prefab	(9.140, 2.750, 12.750)	(11.240, 3.050, 14.750)	(0.0, 180.0, 0.0)
annex building/roof 1/Railing/railing corner 1m	Assets/Modern Villa/Prefabs/railing/RailingCorner1m.prefab	(3.094, 3.046, 8.712)	(4.110, 3.873, 9.732)	(0.0, 180.0, 0.0)
annex building/roof 1/Railing/railing .5m	Assets/Modern Villa/Prefabs/railing/Railing.5m.prefab	(3.105, 3.046, 9.720)	(3.175, 3.873, 10.220)	(0.0, 90.0, 0.0)
annex building/roof 1/Railing/railing 1m	Assets/Modern Villa/Prefabs/railing/Railing1m.prefab	(4.110, 3.046, 8.715)	(5.110, 3.873, 8.785)	(0.0, 180.0, 0.0)
annex building/roof 1/Railing/railing 1m (1)	Assets/Modern Villa/Prefabs/railing/Railing1m.prefab	(5.110, 3.046, 8.715)	(6.110, 3.873, 8.785)	(0.0, 180.0, 0.0)
annex building/roof 1/Railing/railing 1m (2)	Assets/Modern Villa/Prefabs/railing/Railing1m.prefab	(6.110, 3.046, 8.715)	(7.110, 3.873, 8.785)	(0.0, 180.0, 0.0)
annex building/roof 1/Railing/railing 1m (3)	Assets/Modern Villa/Prefabs/railing/Railing1m.prefab	(7.110, 3.046, 8.715)	(8.110, 3.873, 8.785)	(0.0, 180.0, 0.0)
annex building/roof 1/Railing/railing 1m (4)	Assets/Modern Villa/Prefabs/railing/Railing1m.prefab	(8.110, 3.046, 8.715)	(9.110, 3.873, 8.785)	(0.0, 180.0, 0.0)
annex building/roof 1/Railing/railing 1m (5)	Assets/Modern Villa/Prefabs/railing/Railing1m.prefab	(9.110, 3.046, 8.715)	(10.110, 3.873, 8.785)	(0.0, 180.0, 0.0)
annex building/roof 1/Railing/railing corner 1m (1)	Assets/Modern Villa/Prefabs/railing/RailingCorner1m.prefab	(10.158, 3.046, 8.704)	(11.178, 3.873, 9.720)	(0.0, 90.0, 0.0)
annex building/roof 1/Railing/railing  post	Assets/Modern Villa/Prefabs/railing/RailingPost.prefab	(10.110, 3.046, 8.715)	(10.170, 3.873, 8.785)	(0.0, 0.0, 0.0)
annex building/roof 1/Railing/railing 1m (6)	Assets/Modern Villa/Prefabs/railing/Railing1m.prefab	(11.105, 3.046, 9.720)	(11.175, 3.873, 10.720)	(0.0, 90.0, 0.0)
annex building/roof 1/Railing/railing 1m (7)	Assets/Modern Villa/Prefabs/railing/Railing1m.prefab	(11.105, 3.046, 10.720)	(11.175, 3.873, 11.720)	(0.0, 90.0, 0.0)
annex building/roof 1/Railing/railing 1m (8)	Assets/Modern Villa/Prefabs/railing/Railing1m.prefab	(11.105, 3.046, 11.720)	(11.175, 3.873, 12.720)	(0.0, 90.0, 0.0)
annex building/roof 1/Railing/railing 1m (9)	Assets/Modern Villa/Prefabs/railing/Railing1m.prefab	(11.105, 3.046, 12.720)	(11.175, 3.873, 13.720)	(0.0, 90.0, 0.0)
annex building/roof 1/Railing/railing 1m (10)	Assets/Modern Villa/Prefabs/railing/Railing1m.prefab	(11.105, 3.046, 13.720)	(11.175, 3.873, 14.720)	(0.0, 90.0, 0.0)
annex building/roof 1/Railing/railing 1m (11)	Assets/Modern Villa/Prefabs/railing/Railing1m.prefab	(11.105, 3.046, 14.720)	(11.175, 3.873, 15.720)	(0.0, 90.0, 0.0)
annex building/roof 1/Railing/railing 1m (12)	Assets/Modern Villa/Prefabs/railing/Railing1m.prefab	(11.105, 3.046, 15.720)	(11.175, 3.873, 16.720)	(0.0, 90.0, 0.0)
annex building/roof 1/Railing/railing 1m (13)	Assets/Modern Villa/Prefabs/railing/Railing1m.prefab	(11.105, 3.046, 16.720)	(11.175, 3.873, 17.720)	(0.0, 90.0, 0.0)
annex building/roof 1/Railing/railing 1m (14)	Assets/Modern Villa/Prefabs/railing/Railing1m.prefab	(11.105, 3.046, 17.720)	(11.175, 3.873, 18.720)	(0.0, 90.0, 0.0)
annex building/roof 1/Railing/railing 1m (15)	Assets/Modern Villa/Prefabs/railing/Railing1m.prefab	(11.105, 3.046, 18.720)	(11.175, 3.873, 19.720)	(0.0, 90.0, 0.0)
annex building/roof 1/Railing/railing 1m (16)	Assets/Modern Villa/Prefabs/railing/Railing1m.prefab	(11.105, 3.046, 19.720)	(11.175, 3.873, 20.720)	(0.0, 90.0, 0.0)
annex building/roof 1/Railing/railing 1m (17)	Assets/Modern Villa/Prefabs/railing/Railing1m.prefab	(11.105, 3.046, 20.720)	(11.175, 3.873, 21.720)	(0.0, 90.0, 0.0)
annex building/roof 1/Railing/railing 1m (18)	Assets/Modern Villa/Prefabs/railing/Railing1m.prefab	(11.105, 3.046, 21.720)	(11.175, 3.873, 22.720)	(0.0, 90.0, 0.0)
annex building/roof 1/Railing/railing .5m (1)	Assets/Modern Villa/Prefabs/railing/Railing.5m.prefab	(11.105, 3.046, 22.720)	(11.175, 3.873, 23.220)	(0.0, 90.0, 0.0)
annex building/roof 1/Railing/railing end short	Assets/Modern Villa/Prefabs/railing/RailingEndShort.prefab	(11.105, 3.046, 23.220)	(11.175, 3.873, 23.286)	(0.0, 270.0, 0.0)
annex building/roof 1/Roof 2x2 side (6)	Assets/Modern Villa/Prefabs/roof/Roof2x2Side.prefab	(9.140, 2.750, 14.750)	(11.240, 3.050, 16.750)	(0.0, 180.0, 0.0)
annex building/roof 1/Roof 2x2 (3)	Assets/Modern Villa/Prefabs/roof/Roof2x2.prefab	(5.140, 2.750, 16.750)	(7.140, 3.050, 18.750)	(0.0, 0.0, 0.0)
annex building/roof 1/Roof 2x2 side (7)	Assets/Modern Villa/Prefabs/roof/Roof2x2Side.prefab	(3.040, 2.750, 16.750)	(5.140, 3.050, 18.750)	(0.0, 0.0, 0.0)
annex building/roof 1/Roof 2x2 side (8)	Assets/Modern Villa/Prefabs/roof/Roof2x2Side.prefab	(9.140, 2.750, 16.750)	(11.240, 3.050, 18.750)	(0.0, 180.0, 0.0)
annex building/roof 1/Roof 2x2 (4)	Assets/Modern Villa/Prefabs/roof/Roof2x2.prefab	(5.140, 2.750, 18.750)	(7.140, 3.050, 20.750)	(0.0, 0.0, 0.0)
annex building/roof 1/Roof 2x2 side (9)	Assets/Modern Villa/Prefabs/roof/Roof2x2Side.prefab	(3.040, 2.750, 18.750)	(5.140, 3.050, 20.750)	(0.0, 0.0, 0.0)
annex building/roof 1/Roof 2x2 side (10)	Assets/Modern Villa/Prefabs/roof/Roof2x2Side.prefab	(9.156, 2.765, 18.750)	(11.256, 3.065, 20.750)	(0.0, 180.0, 0.0)
annex building/roof 1/Roof 2x2 side (11)	Assets/Modern Villa/Prefabs/roof/Roof2x2Side.prefab	(5.140, 2.750, 22.750)	(7.140, 3.050, 24.850)	(0.0, 90.0, 0.0)
annex building/roof 1/Roof 2x2 corner (2)	Assets/Modern Villa/Prefabs/roof/Roof2x2corner.prefab	(3.040, 2.750, 22.750)	(5.140, 3.050, 24.850)	(0.0, 0.0, 0.0)
annex building/roof 1/Roof 2x2 corner (3)	Assets/Modern Villa/Prefabs/roof/Roof2x2corner.prefab	(9.140, 2.750, 22.750)	(11.240, 3.050, 24.850)	(0.0, 90.0, 0.0)
annex building/roof 1/Roof 2x2 (5)	Assets/Modern Villa/Prefabs/roof/Roof2x2.prefab	(7.140, 2.750, 10.750)	(9.140, 3.050, 12.750)	(0.0, 0.0, 0.0)
annex building/roof 1/Roof 2x2 side (12)	Assets/Modern Villa/Prefabs/roof/Roof2x2Side.prefab	(7.140, 2.750, 8.650)	(9.140, 3.050, 10.750)	(0.0, 270.0, 0.0)
annex building/roof 1/Roof 2x2 (6)	Assets/Modern Villa/Prefabs/roof/Roof2x2.prefab	(7.140, 2.750, 12.750)	(9.140, 3.050, 14.750)	(0.0, 0.0, 0.0)
annex building/roof 1/Roof 2x2 (7)	Assets/Modern Villa/Prefabs/roof/Roof2x2.prefab	(7.140, 2.750, 14.750)	(9.140, 3.050, 16.750)	(0.0, 0.0, 0.0)
annex building/roof 1/Roof 2x2 (8)	Assets/Modern Villa/Prefabs/roof/Roof2x2.prefab	(7.140, 2.750, 16.750)	(9.140, 3.050, 18.750)	(0.0, 0.0, 0.0)
annex building/roof 1/Roof 2x2 (9)	Assets/Modern Villa/Prefabs/roof/Roof2x2.prefab	(7.140, 2.750, 18.750)	(9.140, 3.050, 20.750)	(0.0, 0.0, 0.0)
annex building/roof 1/Roof 2x2 side (13)	Assets/Modern Villa/Prefabs/roof/Roof2x2Side.prefab	(7.140, 2.750, 22.750)	(9.140, 3.050, 24.850)	(0.0, 90.0, 0.0)
annex building/roof 1/Roof 2x2 (10)	Assets/Modern Villa/Prefabs/roof/Roof2x2.prefab	(5.140, 2.750, 20.750)	(7.140, 3.050, 22.750)	(0.0, 0.0, 0.0)
annex building/roof 1/Roof 2x2 side (14)	Assets/Modern Villa/Prefabs/roof/Roof2x2Side.prefab	(3.040, 2.750, 20.750)	(5.140, 3.050, 22.750)	(0.0, 0.0, 0.0)
annex building/roof 1/Roof 2x2 side (15)	Assets/Modern Villa/Prefabs/roof/Roof2x2Side.prefab	(9.140, 2.750, 20.750)	(11.240, 3.050, 22.750)	(0.0, 180.0, 0.0)
annex building/roof 1/Roof 2x2 (12)	Assets/Modern Villa/Prefabs/roof/Roof2x2.prefab	(5.140, 2.750, 14.750)	(7.140, 3.050, 16.750)	(0.0, 0.0, 0.0)
annex building/roof 1/Roof 2x2 (11)	Assets/Modern Villa/Prefabs/roof/Roof2x2.prefab	(7.140, 2.750, 20.750)	(9.140, 3.050, 22.750)	(0.0, 0.0, 0.0)
annex building/roof 1/Roof .2x.2	Assets/Modern Villa/Prefabs/roof/Roof.2x1.prefab	(3.160, 2.750, 12.750)	(3.390, 3.050, 13.750)	(0.0, 90.0, 0.0)
annex building/roof 1/Roof .2x.2 (1)	Assets/Modern Villa/Prefabs/roof/Roof.2x1.prefab	(3.160, 2.750, 13.750)	(3.390, 3.050, 14.750)	(0.0, 90.0, 0.0)
annex building/roof 1/Roof .2x.2 (2)	Assets/Modern Villa/Prefabs/roof/Roof.2x1.prefab	(3.160, 2.750, 14.750)	(3.390, 3.050, 15.750)	(0.0, 90.0, 0.0)
annex building/roof 1/Roof .2x.2 (3)	Assets/Modern Villa/Prefabs/roof/Roof.2x1.prefab	(3.160, 2.750, 15.750)	(3.390, 3.050, 16.750)	(0.0, 90.0, 0.0)
annex building/roof 2		(3.150, 5.500, 8.900)	(11.350, 5.800, 23.100)	(0.0, 0.0, 0.0)
annex building/roof 2/Roof 2x2	Assets/Modern Villa/Prefabs/roof/Roof2x2.prefab	(5.250, 5.500, 11.000)	(7.250, 5.800, 13.000)	(0.0, 0.0, 0.0)
annex building/roof 2/Roof 2x2 side	Assets/Modern Villa/Prefabs/roof/Roof2x2Side.prefab	(3.150, 5.500, 11.000)	(5.250, 5.800, 13.000)	(0.0, 0.0, 0.0)
annex building/roof 2/Roof 2x2 side (1)	Assets/Modern Villa/Prefabs/roof/Roof2x2Side.prefab	(9.250, 5.500, 11.000)	(11.350, 5.800, 13.000)	(0.0, 180.0, 0.0)
annex building/roof 2/Roof 2x2 side (2)	Assets/Modern Villa/Prefabs/roof/Roof2x2Side.prefab	(5.250, 5.500, 8.900)	(7.250, 5.800, 11.000)	(0.0, 270.0, 0.0)
annex building/roof 2/Roof 2x2 corner	Assets/Modern Villa/Prefabs/roof/Roof2x2corner.prefab	(3.150, 5.500, 8.900)	(5.250, 5.800, 11.000)	(0.0, 270.0, 0.0)
annex building/roof 2/Roof 2x2 corner (1)	Assets/Modern Villa/Prefabs/roof/Roof2x2corner.prefab	(9.250, 5.500, 8.900)	(11.350, 5.800, 11.000)	(0.0, 180.0, 0.0)
annex building/roof 2/Roof 2x2 (1)	Assets/Modern Villa/Prefabs/roof/Roof2x2.prefab	(5.250, 5.500, 13.000)	(7.250, 5.800, 15.000)	(0.0, 0.0, 0.0)
annex building/roof 2/Roof 2x2 side (3)	Assets/Modern Villa/Prefabs/roof/Roof2x2Side.prefab	(3.150, 5.500, 13.000)	(5.250, 5.800, 15.000)	(0.0, 0.0, 0.0)
annex building/roof 2/Roof 2x2 side (4)	Assets/Modern Villa/Prefabs/roof/Roof2x2Side.prefab	(9.250, 5.500, 13.000)	(11.350, 5.800, 15.000)	(0.0, 180.0, 0.0)
annex building/roof 2/Roof 2x2 (2)	Assets/Modern Villa/Prefabs/roof/Roof2x2.prefab	(5.250, 5.500, 15.000)	(7.250, 5.800, 17.000)	(0.0, 0.0, 0.0)
annex building/roof 2/Roof 2x2 side (5)	Assets/Modern Villa/Prefabs/roof/Roof2x2Side.prefab	(3.150, 5.500, 15.000)	(5.250, 5.800, 17.000)	(0.0, 0.0, 0.0)
annex building/roof 2/Roof 2x2 side (6)	Assets/Modern Villa/Prefabs/roof/Roof2x2Side.prefab	(9.250, 5.500, 15.000)	(11.350, 5.800, 17.000)	(0.0, 180.0, 0.0)
annex building/roof 2/Roof 2x2 (3)	Assets/Modern Villa/Prefabs/roof/Roof2x2.prefab	(5.250, 5.500, 17.000)	(7.250, 5.800, 19.000)	(0.0, 0.0, 0.0)
annex building/roof 2/Roof 2x2 side (7)	Assets/Modern Villa/Prefabs/roof/Roof2x2Side.prefab	(3.150, 5.500, 17.000)	(5.250, 5.800, 19.000)	(0.0, 0.0, 0.0)
annex building/roof 2/Roof 2x2 side (8)	Assets/Modern Villa/Prefabs/roof/Roof2x2Side.prefab	(9.250, 5.500, 17.000)	(11.350, 5.800, 19.000)	(0.0, 180.0, 0.0)
annex building/roof 2/Roof 2x2 (4)	Assets/Modern Villa/Prefabs/roof/Roof2x2.prefab	(5.250, 5.500, 19.000)	(7.250, 5.800, 21.000)	(0.0, 0.0, 0.0)
annex building/roof 2/Roof 2x2 side (9)	Assets/Modern Villa/Prefabs/roof/Roof2x2Side.prefab	(3.150, 5.500, 19.000)	(5.250, 5.800, 21.000)	(0.0, 0.0, 0.0)
annex building/roof 2/Roof 2x2 side (10)	Assets/Modern Villa/Prefabs/roof/Roof2x2Side.prefab	(9.250, 5.500, 19.000)	(11.350, 5.800, 21.000)	(0.0, 180.0, 0.0)
annex building/roof 2/Roof 2x2 side (11)	Assets/Modern Villa/Prefabs/roof/Roof2x2Side.prefab	(5.250, 5.500, 21.000)	(7.250, 5.800, 23.100)	(0.0, 90.0, 0.0)
annex building/roof 2/Roof 2x2 corner (2)	Assets/Modern Villa/Prefabs/roof/Roof2x2corner.prefab	(3.150, 5.500, 21.000)	(5.250, 5.800, 23.100)	(0.0, 0.0, 0.0)
annex building/roof 2/Roof 2x2 corner (3)	Assets/Modern Villa/Prefabs/roof/Roof2x2corner.prefab	(9.250, 5.500, 21.000)	(11.350, 5.800, 23.100)	(0.0, 90.0, 0.0)
annex building/roof 2/Roof 2x2 (5)	Assets/Modern Villa/Prefabs/roof/Roof2x2.prefab	(7.250, 5.500, 11.000)	(9.250, 5.800, 13.000)	(0.0, 0.0, 0.0)
annex building/roof 2/Roof 2x2 side (12)	Assets/Modern Villa/Prefabs/roof/Roof2x2Side.prefab	(7.250, 5.500, 8.900)	(9.250, 5.800, 11.000)	(0.0, 270.0, 0.0)
annex building/roof 2/Roof 2x2 (6)	Assets/Modern Villa/Prefabs/roof/Roof2x2.prefab	(7.250, 5.500, 13.000)	(9.250, 5.800, 15.000)	(0.0, 0.0, 0.0)
annex building/roof 2/Roof 2x2 (7)	Assets/Modern Villa/Prefabs/roof/Roof2x2.prefab	(7.250, 5.500, 15.000)	(9.250, 5.800, 17.000)	(0.0, 0.0, 0.0)
annex building/roof 2/Roof 2x2 (8)	Assets/Modern Villa/Prefabs/roof/Roof2x2.prefab	(7.250, 5.500, 17.000)	(9.250, 5.800, 19.000)	(0.0, 0.0, 0.0)
annex building/roof 2/Roof 2x2 (9)	Assets/Modern Villa/Prefabs/roof/Roof2x2.prefab	(7.250, 5.500, 19.000)	(9.250, 5.800, 21.000)	(0.0, 0.0, 0.0)
annex building/roof 2/Roof 2x2 side (13)	Assets/Modern Villa/Prefabs/roof/Roof2x2Side.prefab	(7.250, 5.500, 21.000)	(9.250, 5.800, 23.100)	(0.0, 90.0, 0.0)
Backyard		(-18.211, -1.887, 10.664)	(12.000, 3.743, 31.750)	(0.0, 0.0, 0.0)
Backyard/Pool back	Assets/Modern Villa/Prefabs/buildings/PoolB.prefab	(-15.001, -1.887, 20.500)	(1.498, 2.079, 30.510)	(0.0, 0.0, 0.0)
Backyard/Pool back/Pool2/Bottom/Pool Bottom (1)	Assets/Modern Villa/Prefabs/Pool/PoolBottom.prefab	(-11.000, -1.887, 27.500)	(-10.000, -1.787, 28.500)	(0.0, 270.0, 0.0)
Backyard/Pool back/Pool2/Bottom/Pool Bottom (2)	Assets/Modern Villa/Prefabs/Pool/PoolBottom.prefab	(-11.000, -1.887, 26.500)	(-10.000, -1.787, 27.500)	(0.0, 270.0, 0.0)
Backyard/Pool back/Pool2/Bottom/Pool Bottom (3)	Assets/Modern Villa/Prefabs/Pool/PoolBottom.prefab	(-11.000, -1.887, 25.500)	(-10.000, -1.787, 26.500)	(0.0, 270.0, 0.0)
Backyard/Pool back/Pool2/Bottom/Pool Bottom (4)	Assets/Modern Villa/Prefabs/Pool/PoolBottom.prefab	(-11.000, -1.887, 24.500)	(-10.000, -1.787, 25.500)	(0.0, 270.0, 0.0)
Backyard/Pool back/Pool2/Bottom/Pool Bottom (5)	Assets/Modern Villa/Prefabs/Pool/PoolBottom.prefab	(-11.000, -1.887, 23.500)	(-10.000, -1.787, 24.500)	(0.0, 270.0, 0.0)
Backyard/Pool back/Pool2/Bottom/Pool Bottom (6)	Assets/Modern Villa/Prefabs/Pool/PoolBottom.prefab	(-10.000, -1.887, 27.500)	(-9.000, -1.787, 28.500)	(0.0, 270.0, 0.0)
Backyard/Pool back/Pool2/Bottom/Pool Bottom (7)	Assets/Modern Villa/Prefabs/Pool/PoolBottom.prefab	(-10.000, -1.887, 26.500)	(-9.000, -1.787, 27.500)	(0.0, 270.0, 0.0)
Backyard/Pool back/Pool2/Bottom/Pool Bottom (8)	Assets/Modern Villa/Prefabs/Pool/PoolBottom.prefab	(-10.000, -1.887, 25.500)	(-9.000, -1.787, 26.500)	(0.0, 270.0, 0.0)
Backyard/Pool back/Pool2/Bottom/Pool Bottom (9)	Assets/Modern Villa/Prefabs/Pool/PoolBottom.prefab	(-10.000, -1.887, 24.500)	(-9.000, -1.787, 25.500)	(0.0, 270.0, 0.0)
Backyard/Pool back/Pool2/Bottom/Pool Bottom (10)	Assets/Modern Villa/Prefabs/Pool/PoolBottom.prefab	(-10.000, -1.887, 23.500)	(-9.000, -1.787, 24.500)	(0.0, 270.0, 0.0)
Backyard/Pool back/Pool2/Bottom/Pool Bottom (11)	Assets/Modern Villa/Prefabs/Pool/PoolBottom.prefab	(-9.000, -1.887, 27.500)	(-8.000, -1.787, 28.500)	(0.0, 270.0, 0.0)
Backyard/Pool back/Pool2/Bottom/Pool Bottom (12)	Assets/Modern Villa/Prefabs/Pool/PoolBottom.prefab	(-9.000, -1.887, 26.500)	(-8.000, -1.787, 27.500)	(0.0, 270.0, 0.0)
Backyard/Pool back/Pool2/Bottom/Pool Bottom (13)	Assets/Modern Villa/Prefabs/Pool/PoolBottom.prefab	(-9.000, -1.887, 25.500)	(-8.000, -1.787, 26.500)	(0.0, 270.0, 0.0)
Backyard/Pool back/Pool2/Bottom/Pool Bottom (14)	Assets/Modern Villa/Prefabs/Pool/PoolBottom.prefab	(-9.000, -1.887, 24.500)	(-8.000, -1.787, 25.500)	(0.0, 270.0, 0.0)
Backyard/Pool back/Pool2/Bottom/Pool Bottom (15)	Assets/Modern Villa/Prefabs/Pool/PoolBottom.prefab	(-9.000, -1.887, 23.500)	(-8.000, -1.787, 24.500)	(0.0, 270.0, 0.0)
Backyard/Pool back/Pool2/Bottom/Pool Bottom (16)	Assets/Modern Villa/Prefabs/Pool/PoolBottom.prefab	(-8.000, -1.887, 27.500)	(-7.000, -1.787, 28.500)	(0.0, 270.0, 0.0)
Backyard/Pool back/Pool2/Bottom/Pool Bottom (17)	Assets/Modern Villa/Prefabs/Pool/PoolBottom.prefab	(-8.000, -1.887, 26.500)	(-7.000, -1.787, 27.500)	(0.0, 270.0, 0.0)
Backyard/Pool back/Pool2/Bottom/Pool Bottom (18)	Assets/Modern Villa/Prefabs/Pool/PoolBottom.prefab	(-8.000, -1.887, 25.500)	(-7.000, -1.787, 26.500)	(0.0, 270.0, 0.0)
Backyard/Pool back/Pool2/Bottom/Pool Bottom (19)	Assets/Modern Villa/Prefabs/Pool/PoolBottom.prefab	(-8.000, -1.887, 24.500)	(-7.000, -1.787, 25.500)	(0.0, 270.0, 0.0)
Backyard/Pool back/Pool2/Bottom/Pool Bottom (20)	Assets/Modern Villa/Prefabs/Pool/PoolBottom.prefab	(-8.000, -1.887, 23.500)	(-7.000, -1.787, 24.500)	(0.0, 270.0, 0.0)
Backyard/Pool back/Pool2/Bottom/Pool Bottom (21)	Assets/Modern Villa/Prefabs/Pool/PoolBottom.prefab	(-7.000, -1.887, 27.500)	(-6.000, -1.787, 28.500)	(0.0, 270.0, 0.0)
Backyard/Pool back/Pool2/Bottom/Pool Bottom (22)	Assets/Modern Villa/Prefabs/Pool/PoolBottom.prefab	(-7.000, -1.887, 26.500)	(-6.000, -1.787, 27.500)	(0.0, 270.0, 0.0)
Backyard/Pool back/Pool2/Bottom/Pool Bottom (23)	Assets/Modern Villa/Prefabs/Pool/PoolBottom.prefab	(-7.000, -1.887, 25.500)	(-6.000, -1.787, 26.500)	(0.0, 270.0, 0.0)
Backyard/Pool back/Pool2/Bottom/Pool Bottom (24)	Assets/Modern Villa/Prefabs/Pool/PoolBottom.prefab	(-7.000, -1.887, 24.500)	(-6.000, -1.787, 25.500)	(0.0, 270.0, 0.0)
Backyard/Pool back/Pool2/Bottom/Pool Bottom (25)	Assets/Modern Villa/Prefabs/Pool/PoolBottom.prefab	(-7.000, -1.887, 23.500)	(-6.000, -1.787, 24.500)	(0.0, 270.0, 0.0)
Backyard/Pool back/Pool2/Bottom/Pool Bottom (26)	Assets/Modern Villa/Prefabs/Pool/PoolBottom.prefab	(-6.000, -1.887, 27.500)	(-5.000, -1.787, 28.500)	(0.0, 270.0, 0.0)
Backyard/Pool back/Pool2/Bottom/Pool Bottom (27)	Assets/Modern Villa/Prefabs/Pool/PoolBottom.prefab	(-6.000, -1.887, 26.500)	(-5.000, -1.787, 27.500)	(0.0, 270.0, 0.0)
Backyard/Pool back/Pool2/Bottom/Pool Bottom (28)	Assets/Modern Villa/Prefabs/Pool/PoolBottom.prefab	(-6.000, -1.887, 25.500)	(-5.000, -1.787, 26.500)	(0.0, 270.0, 0.0)
Backyard/Pool back/Pool2/Bottom/Pool Bottom (29)	Assets/Modern Villa/Prefabs/Pool/PoolBottom.prefab	(-6.000, -1.887, 24.500)	(-5.000, -1.787, 25.500)	(0.0, 270.0, 0.0)
Backyard/Pool back/Pool2/Bottom/Pool Bottom (30)	Assets/Modern Villa/Prefabs/Pool/PoolBottom.prefab	(-6.000, -1.887, 23.500)	(-5.000, -1.787, 24.500)	(0.0, 270.0, 0.0)
Backyard/Pool back/Pool2/Bottom/Pool Bottom (31)	Assets/Modern Villa/Prefabs/Pool/PoolBottom.prefab	(-5.000, -1.887, 27.500)	(-4.000, -1.787, 28.500)	(0.0, 270.0, 0.0)
Backyard/Pool back/Pool2/Bottom/Pool Bottom (32)	Assets/Modern Villa/Prefabs/Pool/PoolBottom.prefab	(-5.000, -1.887, 26.500)	(-4.000, -1.787, 27.500)	(0.0, 270.0, 0.0)
Backyard/Pool back/Pool2/Bottom/Pool Bottom (33)	Assets/Modern Villa/Prefabs/Pool/PoolBottom.prefab	(-5.000, -1.887, 25.500)	(-4.000, -1.787, 26.500)	(0.0, 270.0, 0.0)
Backyard/Pool back/Pool2/Bottom/Pool Bottom (34)	Assets/Modern Villa/Prefabs/Pool/PoolBottom.prefab	(-5.000, -1.887, 24.500)	(-4.000, -1.787, 25.500)	(0.0, 270.0, 0.0)
Backyard/Pool back/Pool2/Bottom/Pool Bottom (35)	Assets/Modern Villa/Prefabs/Pool/PoolBottom.prefab	(-5.000, -1.887, 23.500)	(-4.000, -1.787, 24.500)	(0.0, 270.0, 0.0)
Backyard/Pool back/Pool2/Bottom/Pool Bottom (36)	Assets/Modern Villa/Prefabs/Pool/PoolBottom.prefab	(-4.000, -1.887, 27.500)	(-3.000, -1.787, 28.500)	(0.0, 270.0, 0.0)
Backyard/Pool back/Pool2/Bottom/Pool Bottom (37)	Assets/Modern Villa/Prefabs/Pool/PoolBottom.prefab	(-4.000, -1.887, 26.500)	(-3.000, -1.787, 27.500)	(0.0, 270.0, 0.0)
Backyard/Pool back/Pool2/Bottom/Pool Bottom (38)	Assets/Modern Villa/Prefabs/Pool/PoolBottom.prefab	(-4.000, -1.887, 25.500)	(-3.000, -1.787, 26.500)	(0.0, 270.0, 0.0)
Backyard/Pool back/Pool2/Bottom/Pool Bottom (39)	Assets/Modern Villa/Prefabs/Pool/PoolBottom.prefab	(-4.000, -1.887, 24.500)	(-3.000, -1.787, 25.500)	(0.0, 270.0, 0.0)
Backyard/Pool back/Pool2/Bottom/Pool Bottom (40)	Assets/Modern Villa/Prefabs/Pool/PoolBottom.prefab	(-4.000, -1.887, 23.500)	(-3.000, -1.787, 24.500)	(0.0, 270.0, 0.0)
Backyard/Pool back/Pool2/Bottom/Pool Bottom (41)	Assets/Modern Villa/Prefabs/Pool/PoolBottom.prefab	(-3.000, -1.887, 27.500)	(-2.000, -1.787, 28.500)	(0.0, 270.0, 0.0)
Backyard/Pool back/Pool2/Bottom/Pool Bottom (42)	Assets/Modern Villa/Prefabs/Pool/PoolBottom.prefab	(-3.000, -1.887, 26.500)	(-2.000, -1.787, 27.500)	(0.0, 270.0, 0.0)
Backyard/Pool back/Pool2/Bottom/Pool Bottom (43)	Assets/Modern Villa/Prefabs/Pool/PoolBottom.prefab	(-3.000, -1.887, 25.500)	(-2.000, -1.787, 26.500)	(0.0, 270.0, 0.0)
Backyard/Pool back/Pool2/Bottom/Pool Bottom (44)	Assets/Modern Villa/Prefabs/Pool/PoolBottom.prefab	(-3.000, -1.887, 24.500)	(-2.000, -1.787, 25.500)	(0.0, 270.0, 0.0)
Backyard/Pool back/Pool2/Bottom/Pool Bottom (51)	Assets/Modern Villa/Prefabs/Pool/PoolBottom.prefab	(-12.000, -1.887, 25.500)	(-11.000, -1.787, 26.500)	(0.0, 270.0, 0.0)
Backyard/Pool back/Pool2/Bottom/Pool Bottom (52)	Assets/Modern Villa/Prefabs/Pool/PoolBottom.prefab	(-13.000, -1.887, 25.500)	(-12.000, -1.787, 26.500)	(0.0, 270.0, 0.0)
Backyard/Pool back/Pool2/Bottom/Pool Bottom (53)	Assets/Modern Villa/Prefabs/Pool/PoolBottom.prefab	(-12.000, -1.887, 26.500)	(-11.000, -1.787, 27.500)	(0.0, 270.0, 0.0)
Backyard/Pool back/Pool2/Bottom/Pool Bottom (54)	Assets/Modern Villa/Prefabs/Pool/PoolBottom.prefab	(-13.000, -1.887, 26.500)	(-12.000, -1.787, 27.500)	(0.0, 270.0, 0.0)
Backyard/Pool back/Pool2/Bottom/Pool Bottom (55)	Assets/Modern Villa/Prefabs/Pool/PoolBottom.prefab	(-11.000, -1.887, 28.500)	(-10.000, -1.787, 29.500)	(0.0, 270.0, 0.0)
Backyard/Pool back/Pool2/Bottom/Pool Bottom (56)	Assets/Modern Villa/Prefabs/Pool/PoolBottom.prefab	(-10.000, -1.887, 28.500)	(-9.000, -1.787, 29.500)	(0.0, 270.0, 0.0)
Backyard/Pool back/Pool2/Bottom/Pool Bottom (57)	Assets/Modern Villa/Prefabs/Pool/PoolBottom.prefab	(-9.000, -1.887, 28.500)	(-8.000, -1.787, 29.500)	(0.0, 270.0, 0.0)
Backyard/Pool back/Pool2/Bottom/Pool Bottom (58)	Assets/Modern Villa/Prefabs/Pool/PoolBottom.prefab	(-8.000, -1.887, 28.500)	(-7.000, -1.787, 29.500)	(0.0, 270.0, 0.0)
Backyard/Pool back/Pool2/Bottom/Pool Bottom (59)	Assets/Modern Villa/Prefabs/Pool/PoolBottom.prefab	(-7.000, -1.887, 28.500)	(-6.000, -1.787, 29.500)	(0.0, 270.0, 0.0)
Backyard/Pool back/Pool2/Bottom/Pool Bottom (60)	Assets/Modern Villa/Prefabs/Pool/PoolBottom.prefab	(-6.000, -1.887, 28.500)	(-5.000, -1.787, 29.500)	(0.0, 270.0, 0.0)
Backyard/Pool back/Pool2/Bottom/Pool Bottom (61)	Assets/Modern Villa/Prefabs/Pool/PoolBottom.prefab	(-5.000, -1.887, 28.500)	(-4.000, -1.787, 29.500)	(0.0, 270.0, 0.0)
Backyard/Pool back/Pool2/Bottom/Pool Bottom (62)	Assets/Modern Villa/Prefabs/Pool/PoolBottom.prefab	(-4.000, -1.887, 28.500)	(-3.000, -1.787, 29.500)	(0.0, 270.0, 0.0)
Backyard/Pool back/Pool2/Floor/Floor 2x2	Assets/Modern Villa/Prefabs/floors/Floor2x2.prefab	(-1.000, -0.750, 20.500)	(1.000, 0.250, 22.500)	(0.0, 0.0, 0.0)
Backyard/Pool back/Pool2/Floor/Floor 2x2 (1)	Assets/Modern Villa/Prefabs/floors/Floor2x2.prefab	(-1.000, -0.750, 28.500)	(1.000, 0.250, 30.500)	(0.0, 0.0, 0.0)
Backyard/Pool back/Pool2/Floor/Floor 2x2 (2)	Assets/Modern Villa/Prefabs/floors/Floor2x2.prefab	(-1.000, -0.750, 22.500)	(1.000, 0.250, 24.500)	(0.0, 0.0, 0.0)
Backyard/Pool back/Pool2/Floor/Floor 2x2 (3)	Assets/Modern Villa/Prefabs/floors/Floor2x2.prefab	(-3.000, -0.750, 20.500)	(-1.000, 0.250, 22.500)	(0.0, 0.0, 0.0)
Backyard/Pool back/Pool2/Floor/Floor 2x2 (4)	Assets/Modern Villa/Prefabs/floors/Floor2x2.prefab	(-5.000, -0.750, 20.500)	(-3.000, 0.250, 22.500)	(0.0, 0.0, 0.0)
Backyard/Pool back/Pool2/Floor/Floor 2x2 (5)	Assets/Modern Villa/Prefabs/floors/Floor2x2.prefab	(-7.000, -0.750, 20.500)	(-5.000, 0.250, 22.500)	(0.0, 0.0, 0.0)
Backyard/Pool back/Pool2/Floor/Floor 2x2 (6)	Assets/Modern Villa/Prefabs/floors/Floor2x2.prefab	(-9.000, -0.750, 20.500)	(-7.000, 0.250, 22.500)	(0.0, 0.0, 0.0)
Backyard/Pool back/Pool2/Floor/Floor 2x2 (7)	Assets/Modern Villa/Prefabs/floors/Floor2x2.prefab	(-11.000, -0.750, 20.500)	(-9.000, 0.250, 22.500)	(0.0, 0.0, 0.0)
Backyard/Pool back/Pool2/Floor/Floor 2x2 (8)	Assets/Modern Villa/Prefabs/floors/Floor2x2.prefab	(-13.000, -0.750, 20.500)	(-11.000, 0.250, 22.500)	(0.0, 0.0, 0.0)
Backyard/Pool back/Pool2/Floor/Floor 2x2 side	Assets/Modern Villa/Prefabs/floors/Floor2x2Side.prefab	(-14.500, -0.750, 20.500)	(-12.500, 0.250, 22.500)	(0.0, 0.0, 0.0)
Backyard/Pool back/Pool2/Floor/Floor 1x1 side	Assets/Modern Villa/Prefabs/floors/Floor1x1Side.prefab	(-15.001, -0.750, 22.500)	(-14.001, 0.250, 23.500)	(0.0, 0.0, 0.0)
Backyard/Pool back/Pool2/Floor/Floor 1x1 side (1)	Assets/Modern Villa/Prefabs/floors/Floor1x1Side.prefab	(-15.001, -0.750, 23.500)	(-14.001, 0.250, 24.500)	(0.0, 0.0, 0.0)
Backyard/Pool back/Pool2/Floor/Floor 1x1 side (2)	Assets/Modern Villa/Prefabs/floors/Floor1x1Side.prefab	(-15.001, -0.750, 24.500)	(-14.001, 0.250, 25.500)	(0.0, 0.0, 0.0)
Backyard/Pool back/Pool2/Floor/Floor 1x1 side (3)	Assets/Modern Villa/Prefabs/floors/Floor1x1Side.prefab	(-15.001, -0.750, 25.500)	(-14.001, 0.250, 26.500)	(0.0, 0.0, 0.0)
Backyard/Pool back/Pool2/Floor/Floor 1x1 side (4)	Assets/Modern Villa/Prefabs/floors/Floor1x1Side.prefab	(-15.001, -0.750, 26.500)	(-14.001, 0.250, 27.500)	(0.0, 0.0, 0.0)
Backyard/Pool back/Pool2/Floor/Floor 1x1 side (5)	Assets/Modern Villa/Prefabs/floors/Floor1x1Side.prefab	(-15.001, -0.750, 27.500)	(-14.001, 0.250, 28.500)	(0.0, 0.0, 0.0)
Backyard/Pool back/Pool2/Floor/Floor 1x1 side (6)	Assets/Modern Villa/Prefabs/floors/Floor1x1Side.prefab	(-15.001, -0.750, 28.500)	(-14.001, 0.250, 29.500)	(0.0, 0.0, 0.0)
Backyard/Pool back/Pool2/Floor/Floor 1x1 side (7)	Assets/Modern Villa/Prefabs/floors/Floor1x1Side.prefab	(-15.001, -0.750, 29.500)	(-14.001, 0.250, 30.500)	(0.0, 0.0, 0.0)
Backyard/Pool back/Pool2/Swimming Pool Steps	Assets/Modern Villa/Prefabs/Pool/SwimmingPoolSteps.prefab	(-1.502, -1.750, 24.500)	(1.498, 0.270, 28.500)	(0.0, 0.0, 0.0)
Backyard/Pool back/Pool2/Swimming Pool Steps/pool straight side	Assets/Modern Villa/Prefabs/Pool/PoolStraightSide.prefab	(-1.500, -1.750, 25.500)	(-1.490, -0.750, 26.500)	(0.0, 270.0, 0.0)
Backyard/Pool back/Pool2/Swimming Pool Steps/pool straight side (1)	Assets/Modern Villa/Prefabs/Pool/PoolStraightSide.prefab	(-1.500, -1.750, 24.500)	(-1.490, -0.750, 25.500)	(0.0, 270.0, 0.0)
Backyard/Pool back/Pool2/Swimming Pool Steps/pool straight side (2)	Assets/Modern Villa/Prefabs/Pool/PoolStraightSide.prefab	(-1.500, -1.750, 26.500)	(-1.490, -0.750, 27.500)	(0.0, 270.0, 0.0)
Backyard/Pool back/Pool2/Swimming Pool Steps/pool straight side (3)	Assets/Modern Villa/Prefabs/Pool/PoolStraightSide.prefab	(-1.500, -1.750, 27.500)	(-1.490, -0.750, 28.500)	(0.0, 270.0, 0.0)
Backyard/Pool back/Pool2/pool straight top	Assets/Modern Villa/Prefabs/Pool/PoolStraightTop.prefab	(-14.000, -1.880, 26.500)	(-12.990, 0.270, 27.500)	(0.0, 90.0, 0.0)
Backyard/Pool back/Pool2/pool straight top/pool straight side	Assets/Modern Villa/Prefabs/Pool/PoolStraightSide.prefab	(-13.510, -1.750, 26.500)	(-13.500, -0.750, 27.500)	(0.0, 90.0, 0.0)
Backyard/Pool back/Pool2/pool straight top/Pool Bottom side	Assets/Modern Villa/Prefabs/Pool/PoolBottomSide.prefab	(-13.500, -1.880, 26.500)	(-12.990, -1.750, 27.500)	(0.0, 90.0, 0.0)
Backyard/Pool back/Pool2/pool straight top (6)	Assets/Modern Villa/Prefabs/Pool/PoolStraightTop.prefab	(-11.000, -1.880, 29.490)	(-10.000, 0.270, 30.500)	(0.0, 180.0, 0.0)
Backyard/Pool back/Pool2/pool straight top (6)/Pool Bottom side	Assets/Modern Villa/Prefabs/Pool/PoolBottomSide.prefab	(-11.000, -1.880, 29.490)	(-10.000, -1.750, 30.000)	(0.0, 180.0, 0.0)
Backyard/Pool back/Pool2/pool straight top (6)/pool straight side	Assets/Modern Villa/Prefabs/Pool/PoolStraightSide.prefab	(-11.000, -1.750, 30.000)	(-10.000, -0.750, 30.010)	(0.0, 180.0, 0.0)
Backyard/Pool back/Pool2/pool corner top 3x3	Assets/Modern Villa/Prefabs/Pool/PoolCornerTop3x3.prefab	(-14.000, -1.854, 27.500)	(-11.000, 0.270, 30.502)	(0.0, 180.0, 0.0)
Backyard/Pool back/Pool2/pool corner top 3x3/pool corner side 3x3	Assets/Modern Villa/Prefabs/Pool/PoolCornerSide3x3.prefab	(-13.510, -1.750, 27.500)	(-11.000, -0.750, 30.010)	(0.0, 180.0, 0.0)
Backyard/Pool back/Pool2/pool corner top 3x3/pool corner bottom 3x3	Assets/Modern Villa/Prefabs/Pool/PoolCornerBottom3x3.prefab	(-13.510, -1.854, 27.500)	(-11.000, -1.734, 30.010)	(0.0, 180.0, 0.0)
Backyard/Pool back/Pool2/pool corner top 2x2	Assets/Modern Villa/Prefabs/Pool/PoolCornerTop2x2.prefab	(-3.000, -1.870, 22.507)	(-1.000, 0.277, 24.507)	(0.0, 0.0, 0.0)
Backyard/Pool back/Pool2/pool corner top 2x2/pool corner side 2x2	Assets/Modern Villa/Prefabs/Pool/PoolCornerSide2x2.prefab	(-3.000, -1.750, 22.997)	(-1.490, -0.750, 24.500)	(0.0, 0.0, 0.0)
Backyard/Pool back/Pool2/pool corner top 2x2/pool corner bottom 2x2	Assets/Modern Villa/Prefabs/Pool/PoolCornerBottom2x2.prefab	(-3.000, -1.870, 22.997)	(-1.490, -1.750, 24.500)	(0.0, 0.0, 0.0)
Backyard/Pool back/Pool2/pool straight top (18)	Assets/Modern Villa/Prefabs/Pool/PoolStraightTop.prefab	(-14.000, -1.880, 25.500)	(-12.990, 0.270, 26.500)	(0.0, 90.0, 0.0)
Backyard/Pool back/Pool2/pool straight top (18)/pool straight side	Assets/Modern Villa/Prefabs/Pool/PoolStraightSide.prefab	(-13.510, -1.750, 25.500)	(-13.500, -0.750, 26.500)	(0.0, 90.0, 0.0)
Backyard/Pool back/Pool2/pool straight top (18)/Pool Bottom side (1)	Assets/Modern Villa/Prefabs/Pool/PoolBottomSide.prefab	(-13.500, -1.880, 25.500)	(-12.990, -1.750, 26.500)	(0.0, 90.0, 0.0)
Backyard/Pool back/Pool2/pool corner top 3x3 (1)	Assets/Modern Villa/Prefabs/Pool/PoolCornerTop3x3.prefab	(-14.002, -1.864, 22.500)	(-11.000, 0.279, 25.500)	(0.0, 90.0, 0.0)
Backyard/Pool back/Pool2/pool corner top 3x3 (1)/pool corner side 3x3	Assets/Modern Villa/Prefabs/Pool/PoolCornerSide3x3.prefab	(-13.510, -1.741, 22.990)	(-11.000, -0.741, 25.500)	(0.0, 90.0, 0.0)
Backyard/Pool back/Pool2/pool corner top 3x3 (1)/pool corner bottom 3x3	Assets/Modern Villa/Prefabs/Pool/PoolCornerBottom3x3.prefab	(-13.510, -1.864, 22.990)	(-11.000, -1.744, 25.500)	(0.0, 90.0, 0.0)
Backyard/Pool back/Pool2/pool corner top 2x2 (1)	Assets/Modern Villa/Prefabs/Pool/PoolCornerTop2x2.prefab	(-3.007, -1.876, 28.500)	(-1.007, 0.277, 30.500)	(0.0, 270.0, 0.0)
Backyard/Pool back/Pool2/pool corner top 2x2 (1)/pool corner side 2x2	Assets/Modern Villa/Prefabs/Pool/PoolCornerSide2x2.prefab	(-3.000, -1.750, 28.500)	(-1.497, -0.750, 30.010)	(0.0, 270.0, 0.0)
Backyard/Pool back/Pool2/pool corner top 2x2 (1)/pool corner bottom 2x2	Assets/Modern Villa/Prefabs/Pool/PoolCornerBottom2x2.prefab	(-3.000, -1.876, 28.500)	(-1.497, -1.756, 30.010)	(0.0, 270.0, 0.0)
Backyard/Pool back/Pool2/mv_pool_ladder	Assets/Modern Villa/Prefabs/Pool/PoolLadder.prefab	(-6.288, -0.652, 22.836)	(-5.712, 0.850, 23.192)	(0.0, 0.0, 0.0)
Backyard/Pool back/Pool2/mv_pool_shower	Assets/Modern Villa/Prefabs/Pool/PoolShower.prefab	(-8.810, 0.245, 22.076)	(-8.190, 2.079, 24.009)	(0.0, 90.0, 0.0)
Backyard/Pool back/Pool2/pool slide	Assets/Modern Villa/Prefabs/Pool/PoolSlide.prefab	(-2.500, -1.813, 25.500)	(-1.500, -1.483, 26.500)	(0.0, 0.0, 0.0)
Backyard/Pool back/Pool2/pool slide (1)	Assets/Modern Villa/Prefabs/Pool/PoolSlide.prefab	(-2.500, -1.813, 26.500)	(-1.500, -1.483, 27.500)	(0.0, 0.0, 0.0)
Backyard/Pool back/Pool2/pool slide (2)	Assets/Modern Villa/Prefabs/Pool/PoolSlide.prefab	(-2.500, -1.813, 27.500)	(-1.500, -1.483, 28.500)	(0.0, 0.0, 0.0)
Backyard/Pool back/Pool2/pool slide (3)	Assets/Modern Villa/Prefabs/Pool/PoolSlide.prefab	(-2.500, -1.813, 24.500)	(-1.500, -1.483, 25.500)	(0.0, 0.0, 0.0)
Backyard/Pool back/Pool2/mv_pool_light	Assets/Modern Villa/Prefabs/lighting/PoolLight.prefab	(-3.065, -1.832, 27.935)	(-2.935, -1.782, 28.065)	(0.0, 0.0, 0.0)
Backyard/Pool back/Pool2/mv_pool_light (1)	Assets/Modern Villa/Prefabs/lighting/PoolLight.prefab	(-3.065, -1.832, 24.685)	(-2.935, -1.782, 24.815)	(0.0, 0.0, 0.0)
Backyard/Pool back/Pool2/mv_pool_light (2)	Assets/Modern Villa/Prefabs/lighting/PoolLight.prefab	(-7.565, -1.832, 27.935)	(-7.435, -1.782, 28.065)	(0.0, 0.0, 0.0)
Backyard/Pool back/Pool2/mv_pool_light (3)	Assets/Modern Villa/Prefabs/lighting/PoolLight.prefab	(-7.565, -1.832, 24.685)	(-7.435, -1.782, 24.815)	(0.0, 0.0, 0.0)
Backyard/Pool back/Pool2/mv_pool_light (4)	Assets/Modern Villa/Prefabs/lighting/PoolLight.prefab	(-12.315, -1.838, 27.935)	(-12.185, -1.788, 28.065)	(0.0, 0.0, 0.0)
Backyard/Pool back/Pool2/mv_pool_light (5)	Assets/Modern Villa/Prefabs/lighting/PoolLight.prefab	(-12.315, -1.843, 24.685)	(-12.185, -1.793, 24.815)	(0.0, 0.0, 0.0)
Backyard/Pool back/Pool2/pool straight top (7)	Assets/Modern Villa/Prefabs/Pool/PoolStraightTop.prefab	(-10.000, -1.880, 29.490)	(-9.000, 0.270, 30.500)	(0.0, 180.0, 0.0)
Backyard/Pool back/Pool2/pool straight top (7)/Pool Bottom side	Assets/Modern Villa/Prefabs/Pool/PoolBottomSide.prefab	(-10.000, -1.880, 29.490)	(-9.000, -1.750, 30.000)	(0.0, 180.0, 0.0)
Backyard/Pool back/Pool2/pool straight top (7)/pool straight side	Assets/Modern Villa/Prefabs/Pool/PoolStraightSide.prefab	(-10.000, -1.750, 30.000)	(-9.000, -0.750, 30.010)	(0.0, 180.0, 0.0)
Backyard/Pool back/Pool2/pool straight top (8)	Assets/Modern Villa/Prefabs/Pool/PoolStraightTop.prefab	(-9.010, -1.880, 29.500)	(-8.010, 0.270, 30.510)	(0.0, 180.0, 0.0)
Backyard/Pool back/Pool2/pool straight top (8)/Pool Bottom side	Assets/Modern Villa/Prefabs/Pool/PoolBottomSide.prefab	(-9.010, -1.880, 29.500)	(-8.010, -1.750, 30.010)	(0.0, 180.0, 0.0)
Backyard/Pool back/Pool2/pool straight top (8)/pool straight side	Assets/Modern Villa/Prefabs/Pool/PoolStraightSide.prefab	(-9.010, -1.750, 30.010)	(-8.010, -0.750, 30.020)	(0.0, 180.0, 0.0)
Backyard/Pool back/Pool2/pool straight top (9)	Assets/Modern Villa/Prefabs/Pool/PoolStraightTop.prefab	(-8.010, -1.880, 29.500)	(-7.010, 0.270, 30.510)	(0.0, 180.0, 0.0)
Backyard/Pool back/Pool2/pool straight top (9)/Pool Bottom side	Assets/Modern Villa/Prefabs/Pool/PoolBottomSide.prefab	(-8.010, -1.880, 29.500)	(-7.010, -1.750, 30.010)	(0.0, 180.0, 0.0)
Backyard/Pool back/Pool2/pool straight top (9)/pool straight side	Assets/Modern Villa/Prefabs/Pool/PoolStraightSide.prefab	(-8.010, -1.750, 30.010)	(-7.010, -0.750, 30.020)	(0.0, 180.0, 0.0)
Backyard/Pool back/Pool2/pool straight top (10)	Assets/Modern Villa/Prefabs/Pool/PoolStraightTop.prefab	(-7.010, -1.880, 29.500)	(-6.010, 0.270, 30.510)	(0.0, 180.0, 0.0)
Backyard/Pool back/Pool2/pool straight top (10)/Pool Bottom side	Assets/Modern Villa/Prefabs/Pool/PoolBottomSide.prefab	(-7.010, -1.880, 29.500)	(-6.010, -1.750, 30.010)	(0.0, 180.0, 0.0)
Backyard/Pool back/Pool2/pool straight top (10)/pool straight side	Assets/Modern Villa/Prefabs/Pool/PoolStraightSide.prefab	(-7.010, -1.750, 30.010)	(-6.010, -0.750, 30.020)	(0.0, 180.0, 0.0)
Backyard/Pool back/Pool2/pool straight top (11)	Assets/Modern Villa/Prefabs/Pool/PoolStraightTop.prefab	(-6.010, -1.880, 29.500)	(-5.010, 0.270, 30.510)	(0.0, 180.0, 0.0)
Backyard/Pool back/Pool2/pool straight top (11)/Pool Bottom side	Assets/Modern Villa/Prefabs/Pool/PoolBottomSide.prefab	(-6.010, -1.880, 29.500)	(-5.010, -1.750, 30.010)	(0.0, 180.0, 0.0)
Backyard/Pool back/Pool2/pool straight top (11)/pool straight side	Assets/Modern Villa/Prefabs/Pool/PoolStraightSide.prefab	(-6.010, -1.750, 30.010)	(-5.010, -0.750, 30.020)	(0.0, 180.0, 0.0)
Backyard/Pool back/Pool2/pool straight top (12)	Assets/Modern Villa/Prefabs/Pool/PoolStraightTop.prefab	(-5.010, -1.880, 29.500)	(-4.010, 0.270, 30.510)	(0.0, 180.0, 0.0)
Backyard/Pool back/Pool2/pool straight top (12)/Pool Bottom side	Assets/Modern Villa/Prefabs/Pool/PoolBottomSide.prefab	(-5.010, -1.880, 29.500)	(-4.010, -1.750, 30.010)	(0.0, 180.0, 0.0)
Backyard/Pool back/Pool2/pool straight top (12)/pool straight side	Assets/Modern Villa/Prefabs/Pool/PoolStraightSide.prefab	(-5.010, -1.750, 30.010)	(-4.010, -0.750, 30.020)	(0.0, 180.0, 0.0)
Backyard/Pool back/Pool2/pool straight top (13)	Assets/Modern Villa/Prefabs/Pool/PoolStraightTop.prefab	(-4.010, -1.880, 29.500)	(-3.010, 0.270, 30.510)	(0.0, 180.0, 0.0)
Backyard/Pool back/Pool2/pool straight top (13)/Pool Bottom side	Assets/Modern Villa/Prefabs/Pool/PoolBottomSide.prefab	(-4.010, -1.880, 29.500)	(-3.010, -1.750, 30.010)	(0.0, 180.0, 0.0)
Backyard/Pool back/Pool2/pool straight top (13)/pool straight side	Assets/Modern Villa/Prefabs/Pool/PoolStraightSide.prefab	(-4.010, -1.750, 30.010)	(-3.010, -0.750, 30.020)	(0.0, 180.0, 0.0)
Backyard/Pool back/Pool2/pool straight top (14)	Assets/Modern Villa/Prefabs/Pool/PoolStraightTop.prefab	(-10.990, -1.880, 22.500)	(-9.990, 0.270, 23.510)	(0.0, 0.0, 0.0)
Backyard/Pool back/Pool2/pool straight top (14)/Pool Bottom side	Assets/Modern Villa/Prefabs/Pool/PoolBottomSide.prefab	(-10.990, -1.880, 23.000)	(-9.990, -1.750, 23.510)	(0.0, 0.0, 0.0)
Backyard/Pool back/Pool2/pool straight top (14)/pool straight side	Assets/Modern Villa/Prefabs/Pool/PoolStraightSide.prefab	(-10.990, -1.750, 22.990)	(-9.990, -0.750, 23.000)	(0.0, 0.0, 0.0)
Backyard/Pool back/Pool2/pool straight top (15)	Assets/Modern Villa/Prefabs/Pool/PoolStraightTop.prefab	(-9.990, -1.880, 22.500)	(-8.990, 0.270, 23.510)	(0.0, 0.0, 0.0)
Backyard/Pool back/Pool2/pool straight top (15)/Pool Bottom side	Assets/Modern Villa/Prefabs/Pool/PoolBottomSide.prefab	(-9.990, -1.880, 23.000)	(-8.990, -1.750, 23.510)	(0.0, 0.0, 0.0)
Backyard/Pool back/Pool2/pool straight top (15)/pool straight side	Assets/Modern Villa/Prefabs/Pool/PoolStraightSide.prefab	(-9.990, -1.750, 22.990)	(-8.990, -0.750, 23.000)	(0.0, 0.0, 0.0)
Backyard/Pool back/Pool2/pool straight top (16)	Assets/Modern Villa/Prefabs/Pool/PoolStraightTop.prefab	(-9.000, -1.880, 22.500)	(-8.000, 0.270, 23.510)	(0.0, 0.0, 0.0)
Backyard/Pool back/Pool2/pool straight top (16)/Pool Bottom side	Assets/Modern Villa/Prefabs/Pool/PoolBottomSide.prefab	(-9.000, -1.880, 23.000)	(-8.000, -1.750, 23.510)	(0.0, 0.0, 0.0)
Backyard/Pool back/Pool2/pool straight top (16)/pool straight side	Assets/Modern Villa/Prefabs/Pool/PoolStraightSide.prefab	(-9.000, -1.750, 22.990)	(-8.000, -0.750, 23.000)	(0.0, 0.0, 0.0)
Backyard/Pool back/Pool2/pool straight top (17)	Assets/Modern Villa/Prefabs/Pool/PoolStraightTop.prefab	(-8.000, -1.880, 22.500)	(-7.000, 0.270, 23.510)	(0.0, 0.0, 0.0)
Backyard/Pool back/Pool2/pool straight top (17)/Pool Bottom side	Assets/Modern Villa/Prefabs/Pool/PoolBottomSide.prefab	(-8.000, -1.880, 23.000)	(-7.000, -1.750, 23.510)	(0.0, 0.0, 0.0)
Backyard/Pool back/Pool2/pool straight top (17)/pool straight side	Assets/Modern Villa/Prefabs/Pool/PoolStraightSide.prefab	(-8.000, -1.750, 22.990)	(-7.000, -0.750, 23.000)	(0.0, 0.0, 0.0)
Backyard/Pool back/Pool2/pool straight top (19)	Assets/Modern Villa/Prefabs/Pool/PoolStraightTop.prefab	(-5.000, -1.880, 22.500)	(-4.000, 0.270, 23.510)	(0.0, 0.0, 0.0)
Backyard/Pool back/Pool2/pool straight top (19)/Pool Bottom side	Assets/Modern Villa/Prefabs/Pool/PoolBottomSide.prefab	(-5.000, -1.880, 23.000)	(-4.000, -1.750, 23.510)	(0.0, 0.0, 0.0)
Backyard/Pool back/Pool2/pool straight top (19)/pool straight side	Assets/Modern Villa/Prefabs/Pool/PoolStraightSide.prefab	(-5.000, -1.750, 22.990)	(-4.000, -0.750, 23.000)	(0.0, 0.0, 0.0)
Backyard/Pool back/Pool2/pool straight top (20)	Assets/Modern Villa/Prefabs/Pool/PoolStraightTop.prefab	(-7.000, -1.880, 22.500)	(-6.000, 0.270, 23.510)	(0.0, 0.0, 0.0)
Backyard/Pool back/Pool2/pool straight top (20)/Pool Bottom side	Assets/Modern Villa/Prefabs/Pool/PoolBottomSide.prefab	(-7.000, -1.880, 23.000)	(-6.000, -1.750, 23.510)	(0.0, 0.0, 0.0)
Backyard/Pool back/Pool2/pool straight top (20)/pool straight side	Assets/Modern Villa/Prefabs/Pool/PoolStraightSide.prefab	(-7.000, -1.750, 22.990)	(-6.000, -0.750, 23.000)	(0.0, 0.0, 0.0)
Backyard/Pool back/Pool2/pool straight top (21)	Assets/Modern Villa/Prefabs/Pool/PoolStraightTop.prefab	(-6.000, -1.880, 22.500)	(-5.000, 0.270, 23.510)	(0.0, 0.0, 0.0)
Backyard/Pool back/Pool2/pool straight top (21)/Pool Bottom side	Assets/Modern Villa/Prefabs/Pool/PoolBottomSide.prefab	(-6.000, -1.880, 23.000)	(-5.000, -1.750, 23.510)	(0.0, 0.0, 0.0)
Backyard/Pool back/Pool2/pool straight top (21)/pool straight side	Assets/Modern Villa/Prefabs/Pool/PoolStraightSide.prefab	(-6.000, -1.750, 22.990)	(-5.000, -0.750, 23.000)	(0.0, 0.0, 0.0)
Backyard/Pool back/Pool2/pool straight top (22)	Assets/Modern Villa/Prefabs/Pool/PoolStraightTop.prefab	(-4.000, -1.880, 22.500)	(-3.000, 0.270, 23.510)	(0.0, 0.0, 0.0)
Backyard/Pool back/Pool2/pool straight top (22)/Pool Bottom side	Assets/Modern Villa/Prefabs/Pool/PoolBottomSide.prefab	(-4.000, -1.880, 23.000)	(-3.000, -1.750, 23.510)	(0.0, 0.0, 0.0)
Backyard/Pool back/Pool2/pool straight top (22)/pool straight side	Assets/Modern Villa/Prefabs/Pool/PoolStraightSide.prefab	(-4.000, -1.750, 22.990)	(-3.000, -0.750, 23.000)	(0.0, 0.0, 0.0)
Backyard/Pool back/objects/mv_pool_light	Assets/Modern Villa/Prefabs/lighting/PoolLight.prefab	(-0.628, 0.113, 24.100)	(-0.498, 0.163, 24.230)	(0.0, 0.0, 0.0)
Backyard/Pool back/objects/mv_pool_light (1)	Assets/Modern Villa/Prefabs/lighting/PoolLight.prefab	(-0.628, 0.113, 28.543)	(-0.498, 0.163, 28.673)	(0.0, 0.0, 0.0)
Backyard/Pool back/objects/mv_pool_light (2)	Assets/Modern Villa/Prefabs/lighting/PoolLight.prefab	(-13.815, 0.113, 23.255)	(-13.685, 0.163, 23.385)	(0.0, 0.0, 0.0)
Backyard/Pool back/objects/mv_pool_light (3)	Assets/Modern Villa/Prefabs/lighting/PoolLight.prefab	(-13.498, 0.113, 29.376)	(-13.368, 0.163, 29.506)	(0.0, 0.0, 0.0)
Backyard/Floor 2		(-15.000, -0.750, 10.664)	(12.000, 3.252, 31.750)	(0.0, 0.0, 0.0)
Backyard/Floor 2/objects/mv_step_block	Assets/Modern Villa/Prefabs/floors/StepBlock.prefab	(1.571, 0.000, 11.481)	(2.571, 0.200, 11.781)	(0.0, 0.0, 0.0)
Backyard/Floor 2/objects/mv_step_block (1)	Assets/Modern Villa/Prefabs/floors/StepBlock.prefab	(1.571, 0.130, 11.205)	(2.571, 0.330, 11.505)	(0.0, 0.0, 0.0)
Backyard/Floor 2/objects/mv_step_block (2)	Assets/Modern Villa/Prefabs/floors/StepBlock.prefab	(1.571, 0.284, 10.955)	(2.571, 0.484, 11.255)	(0.0, 0.0, 0.0)
Backyard/Floor 2/objects/mv_step_block (3)	Assets/Modern Villa/Prefabs/floors/StepBlock.prefab	(1.571, 0.455, 10.731)	(2.571, 0.655, 11.031)	(0.0, 0.0, 0.0)
Backyard/Floor 2/objects/mv_step_block (4)	Assets/Modern Villa/Prefabs/floors/StepBlock.prefab	(0.571, 0.000, 11.481)	(1.571, 0.200, 11.781)	(0.0, 0.0, 0.0)
Backyard/Floor 2/objects/mv_step_block (5)	Assets/Modern Villa/Prefabs/floors/StepBlock.prefab	(0.571, 0.130, 11.205)	(1.571, 0.330, 11.505)	(0.0, 0.0, 0.0)
Backyard/Floor 2/objects/mv_step_block (6)	Assets/Modern Villa/Prefabs/floors/StepBlock.prefab	(0.571, 0.284, 10.955)	(1.571, 0.484, 11.255)	(0.0, 0.0, 0.0)
Backyard/Floor 2/objects/mv_step_block (7)	Assets/Modern Villa/Prefabs/floors/StepBlock.prefab	(0.571, 0.455, 10.731)	(1.571, 0.655, 11.031)	(0.0, 0.0, 0.0)
Backyard/Floor 2/objects/stonebox high	Assets/Modern Villa/Prefabs/Stoneboxes/StoneboxHigh.prefab	(-0.228, 0.250, 10.664)	(0.812, 1.234, 11.767)	(0.0, 90.0, 0.0)
Backyard/Floor 2/objects/stonebox high/Shrub	Assets/Modern Villa/Prefabs/Plants/Shrub.prefab	(-0.228, 0.750, 10.664)	(0.812, 1.234, 11.767)	(0.0, 0.0, 0.0)
Backyard/Floor 2/objects/stonebox large	Assets/Modern Villa/Prefabs/Stoneboxes/StoneboxLarge.prefab	(-1.753, 0.250, 14.519)	(3.000, 2.657, 17.920)	(0.0, 0.0, 0.0)
Backyard/Floor 2/objects/stonebox large/VasePalmSmall	Assets/Modern Villa/Prefabs/Plants/VasePalmSmall.prefab	(0.816, 0.250, 15.219)	(2.875, 2.337, 17.331)	(0.0, 0.0, 0.0)
Backyard/Floor 2/objects/stonebox large/VasePalmSmall (1)	Assets/Modern Villa/Prefabs/Plants/VasePalmSmall.prefab	(-1.753, 0.250, 14.519)	(1.646, 2.657, 17.920)	(0.0, 316.2, 0.0)
Backyard/Floor 2/objects/Seats/mv_couch_table	Assets/Modern Villa/Prefabs/furniture/CouchTable.prefab	(-6.784, 0.260, 21.222)	(-6.216, 0.798, 21.778)	(0.0, 0.0, 0.0)
Backyard/Floor 2/objects/Seats/mv_couch_table/tablet	Assets/Modern Villa/Prefabs/Props/TabletA.prefab	(-6.784, 0.660, 21.225)	(-6.216, 0.798, 21.775)	(0.0, 35.9, 0.0)
Backyard/Floor 2/objects/Seats/mv_couch_table/tablet/glas	Assets/Modern Villa/Prefabs/Props/Glas.prefab	(-6.514, 0.661, 21.273)	(-6.397, 0.798, 21.390)	(0.0, 35.9, 0.0)
Backyard/Floor 2/objects/Seats/mv_couch_table/tablet/napkin	Assets/Modern Villa/Prefabs/Props/Napkin.prefab	(-6.726, 0.671, 21.413)	(-6.528, 0.705, 21.633)	(0.0, 35.9, 0.0)
Backyard/Floor 2/objects/Seats/mv_couch_table/tablet/Small Plate	Assets/Modern Villa/Prefabs/Props/SmallPlate.prefab	(-6.560, 0.676, 21.404)	(-6.326, 0.737, 21.637)	(0.0, 35.9, 0.0)
Backyard/Floor 2/objects/Seats/mv_couch_table/tablet/Small Plate/SmallPlate	Assets/Modern Villa/Meshes/props/mv_SmallPlate.fbx	(-6.560, 0.676, 21.404)	(-6.326, 0.688, 21.637)	(0.0, 35.9, 0.0)
Backyard/Floor 2/objects/Seats/mv_couch_table/tablet/Small Plate/bowl	Assets/Modern Villa/Prefabs/Props/Bowl.prefab	(-6.555, 0.681, 21.409)	(-6.332, 0.737, 21.632)	(0.0, 35.9, 0.0)
Backyard/Floor 2/objects/Seats/mv_lounger	Assets/Modern Villa/Prefabs/furniture/Lounger.prefab	(-6.063, 0.260, 20.496)	(-5.355, 0.887, 22.676)	(0.0, 0.0, 0.0)
Backyard/Floor 2/objects/Seats/mv_grand_sunshade	Assets/Modern Villa/Prefabs/Props/GrandSunshade.prefab	(-7.997, 0.260, 19.491)	(-4.990, 2.502, 22.964)	(0.0, 0.0, 0.0)
Backyard/Floor 2/objects/Seats/mv_lounger (1)	Assets/Modern Villa/Prefabs/furniture/Lounger.prefab	(-7.763, 0.260, 20.496)	(-7.055, 0.887, 22.676)	(0.0, 0.0, 0.0)
Backyard/Floor 2/objects/Seats (1)/mv_lounger	Assets/Modern Villa/Prefabs/furniture/Lounger.prefab	(0.988, 0.260, 25.397)	(3.038, 0.887, 27.431)	(0.0, 225.4, 0.0)
Backyard/Floor 2/objects/Seats (1)/mv_lounger (1)	Assets/Modern Villa/Prefabs/furniture/Lounger.prefab	(2.040, 0.260, 24.329)	(4.090, 0.887, 26.362)	(0.0, 225.4, 0.0)
Backyard/Floor 2/objects/Seats (1)/mv_couch_table	Assets/Modern Villa/Prefabs/furniture/CouchTable.prefab	(2.206, 0.260, 25.546)	(2.994, 0.798, 26.334)	(0.0, 225.4, 0.0)
Backyard/Floor 2/objects/Seats (1)/mv_couch_table/tablet	Assets/Modern Villa/Prefabs/Props/TabletA.prefab	(2.389, 0.658, 25.695)	(2.811, 0.798, 26.185)	(0.0, 261.4, 0.0)
Backyard/Floor 2/objects/Seats (1)/mv_couch_table/tablet/glas	Assets/Modern Villa/Prefabs/Props/Glas.prefab	(2.641, 0.661, 26.042)	(2.736, 0.798, 26.138)	(0.0, 261.4, 0.0)
Backyard/Floor 2/objects/Seats (1)/mv_couch_table/tablet/napkin	Assets/Modern Villa/Prefabs/Props/Napkin.prefab	(2.566, 0.658, 25.769)	(2.779, 0.692, 25.897)	(0.0, 261.4, 0.0)
Backyard/Floor 2/objects/Seats (1)/mv_couch_table/tablet/Small Plate	Assets/Modern Villa/Prefabs/Props/SmallPlate.prefab	(2.450, 0.676, 25.871)	(2.641, 0.737, 26.061)	(0.0, 261.4, 0.0)
Backyard/Floor 2/objects/Seats (1)/mv_couch_table/tablet/Small Plate/SmallPlate	Assets/Modern Villa/Meshes/props/mv_SmallPlate.fbx	(2.450, 0.676, 25.871)	(2.641, 0.688, 26.061)	(0.0, 261.4, 0.0)
Backyard/Floor 2/objects/Seats (1)/mv_couch_table/tablet/Small Plate/bowl	Assets/Modern Villa/Prefabs/Props/Bowl.prefab	(2.455, 0.681, 25.875)	(2.636, 0.737, 26.057)	(0.0, 261.4, 0.0)
Backyard/Floor 2/objects/Seats (1)/mv_grand_sunshade	Assets/Modern Villa/Prefabs/Props/GrandSunshade.prefab	(0.498, 0.260, 23.846)	(4.751, 2.502, 28.099)	(0.0, 225.4, 0.0)
Backyard/Floor 2/objects/XL stonebox	Assets/Modern Villa/Prefabs/Stoneboxes/XLStonebox.prefab	(-9.000, 0.250, 14.225)	(-3.000, 3.252, 17.702)	(0.0, 0.0, 0.0)
Backyard/Floor 2/objects/XL stonebox/glas railing 2m	Assets/Modern Villa/Prefabs/railing/GlasRailing2m.prefab	(-5.050, 0.523, 17.105)	(-3.050, 1.721, 17.155)	(0.0, 0.0, 0.0)
Backyard/Floor 2/objects/XL stonebox/glas railing 2m (1)	Assets/Modern Villa/Prefabs/railing/GlasRailing2m.prefab	(-8.942, 0.523, 17.105)	(-6.942, 1.721, 17.155)	(0.0, 0.0, 0.0)
Backyard/Floor 2/objects/XL stonebox/glas railing 1m	Assets/Modern Villa/Prefabs/railing/GlasRailing1m.prefab	(-6.500, 0.523, 17.107)	(-5.500, 1.721, 17.157)	(0.0, 0.0, 0.0)
Backyard/Floor 2/objects/XL stonebox/VasePalmLarge	Assets/Modern Villa/Prefabs/Plants/VasePalmLarge.prefab	(-8.005, 0.250, 14.225)	(-3.755, 3.252, 17.702)	(0.0, 0.0, 0.0)
Backyard/Floor 2/objects/XL stonebox/Shrub	Assets/Modern Villa/Prefabs/Plants/Shrub.prefab	(-4.184, 0.569, 15.679)	(-3.144, 1.053, 16.782)	(0.0, 0.0, 0.0)
Backyard/Floor 2/objects/XL stonebox/Shrub (2)	Assets/Modern Villa/Prefabs/Plants/Shrub.prefab	(-7.208, 0.569, 15.679)	(-6.168, 1.053, 16.782)	(0.0, 0.0, 0.0)
Backyard/Floor 2/objects/XL stonebox/Shrub (1)	Assets/Modern Villa/Prefabs/Plants/Shrub.prefab	(-5.565, 0.569, 15.679)	(-4.525, 1.053, 16.782)	(0.0, 0.0, 0.0)
Backyard/Floor 2/objects/XL stonebox/Shrub (3)	Assets/Modern Villa/Prefabs/Plants/Shrub.prefab	(-8.589, 0.569, 15.679)	(-7.549, 1.053, 16.782)	(0.0, 0.0, 0.0)
Backyard/Floor 2/objects/stonebox large (1)	Assets/Modern Villa/Prefabs/Stoneboxes/stonebox large Variant.prefab	(-15.000, 0.250, 14.932)	(-10.905, 2.337, 17.456)	(0.0, 0.0, 0.0)
Backyard/Floor 2/objects/stonebox large (1)/VasePalmSmall	Assets/Modern Villa/Prefabs/Plants/VasePalmSmall.prefab	(-12.964, 0.250, 15.219)	(-10.905, 2.337, 17.331)	(0.0, 0.0, 0.0)
Backyard/Floor 2/objects/stonebox large (1)/VasePalmSmall (1)	Assets/Modern Villa/Prefabs/Plants/VasePalmSmall.prefab	(-14.960, 0.250, 14.932)	(-12.398, 2.337, 17.456)	(0.0, 284.6, 0.0)
Backyard/Floor 2/objects/GameObject/mv_firebowl	Assets/Modern Villa/Prefabs/Props/Firebowl.prefab	(-0.397, 0.250, 18.983)	(0.397, 0.571, 19.777)	(0.0, 0.0, 0.0)
Backyard/Floor 2/objects/GameObject/mv_garden_chair	Assets/Modern Villa/Prefabs/furniture/GardenChair.prefab	(0.370, 0.250, 17.924)	(1.405, 1.138, 18.959)	(0.0, 314.3, 0.0)
Backyard/Floor 2/objects/GameObject/mv_garden_chair (1)	Assets/Modern Villa/Prefabs/furniture/GardenChair.prefab	(-1.382, 0.250, 17.924)	(-0.357, 1.138, 18.948)	(0.0, 36.8, 0.0)
Backyard/Floor 2/objects/VasePalmLarge	Assets/Modern Villa/Prefabs/Plants/VasePalmLarge.prefab	(-0.671, 0.250, 18.073)	(3.580, 3.252, 21.550)	(0.0, 0.0, 0.0)
Backyard/Floor 2/Floor 2x2	Assets/Modern Villa/Prefabs/floors/Floor2x2.prefab	(1.000, -0.750, 10.750)	(3.000, 0.250, 12.750)	(0.0, 0.0, 0.0)
Backyard/Floor 2/Floor 2x2 (1)	Assets/Modern Villa/Prefabs/floors/Floor2x2.prefab	(-1.000, -0.750, 10.750)	(1.000, 0.250, 12.750)	(0.0, 0.0, 0.0)
Backyard/Floor 2/Floor 2x2 (2)	Assets/Modern Villa/Prefabs/floors/Floor2x2.prefab	(-3.000, -0.750, 10.750)	(-1.000, 0.250, 12.750)	(0.0, 0.0, 0.0)
Backyard/Floor 2/Floor 2x2 (3)	Assets/Modern Villa/Prefabs/floors/Floor2x2.prefab	(-5.000, -0.750, 10.750)	(-3.000, 0.250, 12.750)	(0.0, 0.0, 0.0)
Backyard/Floor 2/Floor 2x2 (4)	Assets/Modern Villa/Prefabs/floors/Floor2x2.prefab	(1.000, -0.750, 12.500)	(3.000, 0.250, 14.500)	(0.0, 0.0, 0.0)
Backyard/Floor 2/Floor 2x2 (5)	Assets/Modern Villa/Prefabs/floors/Floor2x2.prefab	(-1.000, -0.750, 12.500)	(1.000, 0.250, 14.500)	(0.0, 0.0, 0.0)
Backyard/Floor 2/Floor 2x2 (6)	Assets/Modern Villa/Prefabs/floors/Floor2x2.prefab	(-3.000, -0.750, 12.500)	(-1.000, 0.250, 14.500)	(0.0, 0.0, 0.0)
Backyard/Floor 2/Floor 2x2 (7)	Assets/Modern Villa/Prefabs/floors/Floor2x2.prefab	(-5.000, -0.750, 12.500)	(-3.000, 0.250, 14.500)	(0.0, 0.0, 0.0)
Backyard/Floor 2/Floor 2x2 (8)	Assets/Modern Villa/Prefabs/floors/Floor2x2.prefab	(1.000, -0.750, 14.500)	(3.000, 0.250, 16.500)	(0.0, 0.0, 0.0)
Backyard/Floor 2/Floor 2x2 (9)	Assets/Modern Villa/Prefabs/floors/Floor2x2.prefab	(-1.000, -0.750, 14.500)	(1.000, 0.250, 16.500)	(0.0, 0.0, 0.0)
Backyard/Floor 2/Floor 2x2 (10)	Assets/Modern Villa/Prefabs/floors/Floor2x2.prefab	(-3.000, -0.750, 14.500)	(-1.000, 0.250, 16.500)	(0.0, 0.0, 0.0)
Backyard/Floor 2/Floor 2x2 (12)	Assets/Modern Villa/Prefabs/floors/Floor2x2.prefab	(1.000, -0.750, 16.500)	(3.000, 0.250, 18.500)	(0.0, 0.0, 0.0)
Backyard/Floor 2/Floor 2x2 (13)	Assets/Modern Villa/Prefabs/floors/Floor2x2.prefab	(-1.000, -0.750, 16.500)	(1.000, 0.250, 18.500)	(0.0, 0.0, 0.0)
Backyard/Floor 2/Floor 2x2 (14)	Assets/Modern Villa/Prefabs/floors/Floor2x2.prefab	(-3.000, -0.750, 16.500)	(-1.000, 0.250, 18.500)	(0.0, 0.0, 0.0)
Backyard/Floor 2/Floor 2x2 (15)	Assets/Modern Villa/Prefabs/floors/Floor2x2.prefab	(-5.000, -0.750, 16.500)	(-3.000, 0.250, 18.500)	(0.0, 0.0, 0.0)
Backyard/Floor 2/Floor 2x2 (16)	Assets/Modern Villa/Prefabs/floors/Floor2x2.prefab	(1.000, -0.750, 18.500)	(3.000, 0.250, 20.500)	(0.0, 0.0, 0.0)
Backyard/Floor 2/Floor 2x2 (17)	Assets/Modern Villa/Prefabs/floors/Floor2x2.prefab	(-1.000, -0.750, 18.500)	(1.000, 0.250, 20.500)	(0.0, 0.0, 0.0)
Backyard/Floor 2/Floor 2x2 (18)	Assets/Modern Villa/Prefabs/floors/Floor2x2.prefab	(-3.000, -0.750, 18.500)	(-1.000, 0.250, 20.500)	(0.0, 0.0, 0.0)
Backyard/Floor 2/Floor 2x2 (19)	Assets/Modern Villa/Prefabs/floors/Floor2x2.prefab	(-5.000, -0.750, 18.500)	(-3.000, 0.250, 20.500)	(0.0, 0.0, 0.0)
Backyard/Floor 2/Floor 2x2 (20)	Assets/Modern Villa/Prefabs/floors/Floor2x2.prefab	(1.000, -0.750, 20.500)	(3.000, 0.250, 22.500)	(0.0, 0.0, 0.0)
Backyard/Floor 2/Floor 2x2 (21)	Assets/Modern Villa/Prefabs/floors/Floor2x2.prefab	(-7.000, -0.750, 10.750)	(-5.000, 0.250, 12.750)	(0.0, 0.0, 0.0)
Backyard/Floor 2/Floor 2x2 (22)	Assets/Modern Villa/Prefabs/floors/Floor2x2.prefab	(-7.000, -0.750, 12.500)	(-5.000, 0.250, 14.500)	(0.0, 0.0, 0.0)
Backyard/Floor 2/Floor 2x2 (23)	Assets/Modern Villa/Prefabs/floors/Floor2x2.prefab	(-7.000, -0.750, 14.500)	(-5.000, 0.250, 16.500)	(0.0, 0.0, 0.0)
Backyard/Floor 2/Floor 2x2 (24)	Assets/Modern Villa/Prefabs/floors/Floor2x2.prefab	(-7.000, -0.750, 16.500)	(-5.000, 0.250, 18.500)	(0.0, 0.0, 0.0)
Backyard/Floor 2/Floor 2x2 (25)	Assets/Modern Villa/Prefabs/floors/Floor2x2.prefab	(-7.000, -0.750, 18.500)	(-5.000, 0.250, 20.500)	(0.0, 0.0, 0.0)
Backyard/Floor 2/Floor 2x2 (26)	Assets/Modern Villa/Prefabs/floors/Floor2x2.prefab	(-9.000, -0.750, 10.750)	(-7.000, 0.250, 12.750)	(0.0, 0.0, 0.0)
Backyard/Floor 2/Floor 2x2 (27)	Assets/Modern Villa/Prefabs/floors/Floor2x2.prefab	(-9.000, -0.750, 12.500)	(-7.000, 0.250, 14.500)	(0.0, 0.0, 0.0)
Backyard/Floor 2/Floor 2x2 (28)	Assets/Modern Villa/Prefabs/floors/Floor2x2.prefab	(-9.000, -0.750, 14.500)	(-7.000, 0.250, 16.500)	(0.0, 0.0, 0.0)
Backyard/Floor 2/Floor 2x2 (29)	Assets/Modern Villa/Prefabs/floors/Floor2x2.prefab	(-9.000, -0.750, 16.500)	(-7.000, 0.250, 18.500)	(0.0, 0.0, 0.0)
Backyard/Floor 2/Floor 2x2 (30)	Assets/Modern Villa/Prefabs/floors/Floor2x2.prefab	(-9.000, -0.750, 18.500)	(-7.000, 0.250, 20.500)	(0.0, 0.0, 0.0)
Backyard/Floor 2/Floor 2x2 (31)	Assets/Modern Villa/Prefabs/floors/Floor2x2.prefab	(-11.000, -0.750, 10.750)	(-9.000, 0.250, 12.750)	(0.0, 0.0, 0.0)
Backyard/Floor 2/Floor 2x2 (32)	Assets/Modern Villa/Prefabs/floors/Floor2x2.prefab	(-11.000, -0.750, 12.500)	(-9.000, 0.250, 14.500)	(0.0, 0.0, 0.0)
Backyard/Floor 2/Floor 2x2 (33)	Assets/Modern Villa/Prefabs/floors/Floor2x2.prefab	(-11.000, -0.750, 14.500)	(-9.000, 0.250, 16.500)	(0.0, 0.0, 0.0)
Backyard/Floor 2/Floor 2x2 (34)	Assets/Modern Villa/Prefabs/floors/Floor2x2.prefab	(-11.000, -0.750, 16.500)	(-9.000, 0.250, 18.500)	(0.0, 0.0, 0.0)
Backyard/Floor 2/Floor 2x2 (35)	Assets/Modern Villa/Prefabs/floors/Floor2x2.prefab	(-11.000, -0.750, 18.500)	(-9.000, 0.250, 20.500)	(0.0, 0.0, 0.0)
Backyard/Floor 2/Floor 2x2 (36)	Assets/Modern Villa/Prefabs/floors/Floor2x2.prefab	(-13.000, -0.750, 10.750)	(-11.000, 0.250, 12.750)	(0.0, 0.0, 0.0)
Backyard/Floor 2/Floor 2x2 (37)	Assets/Modern Villa/Prefabs/floors/Floor2x2.prefab	(-13.000, -0.750, 12.500)	(-11.000, 0.250, 14.500)	(0.0, 0.0, 0.0)
Backyard/Floor 2/Floor 2x2 (38)	Assets/Modern Villa/Prefabs/floors/Floor2x2.prefab	(-13.000, -0.750, 14.500)	(-11.000, 0.250, 16.500)	(0.0, 0.0, 0.0)
Backyard/Floor 2/Floor 2x2 (39)	Assets/Modern Villa/Prefabs/floors/Floor2x2.prefab	(-13.000, -0.750, 16.500)	(-11.000, 0.250, 18.500)	(0.0, 0.0, 0.0)
Backyard/Floor 2/Floor 2x2 (40)	Assets/Modern Villa/Prefabs/floors/Floor2x2.prefab	(-13.000, -0.750, 18.500)	(-11.000, 0.250, 20.500)	(0.0, 0.0, 0.0)
Backyard/Floor 2/Floor 2x2 (41)	Assets/Modern Villa/Prefabs/floors/Floor2x2.prefab	(-15.000, -0.750, 10.750)	(-13.000, 0.250, 12.750)	(0.0, 0.0, 0.0)
Backyard/Floor 2/Floor 2x2 (42)	Assets/Modern Villa/Prefabs/floors/Floor2x2.prefab	(-15.000, -0.750, 12.500)	(-13.000, 0.250, 14.500)	(0.0, 0.0, 0.0)
Backyard/Floor 2/Floor 2x2 (43)	Assets/Modern Villa/Prefabs/floors/Floor2x2.prefab	(-15.000, -0.750, 14.500)	(-13.000, 0.250, 16.500)	(0.0, 0.0, 0.0)
Backyard/Floor 2/Floor 2x2 (44)	Assets/Modern Villa/Prefabs/floors/Floor2x2.prefab	(-15.000, -0.750, 16.500)	(-13.000, 0.250, 18.500)	(0.0, 0.0, 0.0)
Backyard/Floor 2/Floor 2x2 (45)	Assets/Modern Villa/Prefabs/floors/Floor2x2.prefab	(-15.000, -0.750, 18.500)	(-13.000, 0.250, 20.500)	(0.0, 0.0, 0.0)
Backyard/Floor 2/Floor 2x2 (46)	Assets/Modern Villa/Prefabs/floors/Floor2x2.prefab	(2.000, -0.750, 22.250)	(4.000, 0.250, 24.250)	(0.0, 0.0, 0.0)
Backyard/Floor 2/Floor 2x2 (47)	Assets/Modern Villa/Prefabs/floors/Floor2x2.prefab	(2.000, -0.750, 24.250)	(4.000, 0.250, 26.250)	(0.0, 0.0, 0.0)
Backyard/Floor 2/Floor 2x2 (48)	Assets/Modern Villa/Prefabs/floors/Floor2x2.prefab	(2.000, -0.750, 26.250)	(4.000, 0.250, 28.250)	(0.0, 0.0, 0.0)
Backyard/Floor 2/Floor 2x2 (49)	Assets/Modern Villa/Prefabs/floors/Floor2x2.prefab	(2.000, -0.750, 28.250)	(4.000, 0.250, 30.250)	(0.0, 0.0, 0.0)
Backyard/Floor 2/Floor 2x2 (50)	Assets/Modern Villa/Prefabs/floors/Floor2x2.prefab	(2.000, -0.750, 29.750)	(4.000, 0.250, 31.750)	(0.0, 0.0, 0.0)
Backyard/Floor 2/Floor 2x2 (51)	Assets/Modern Villa/Prefabs/floors/Floor2x2.prefab	(4.000, -0.750, 22.250)	(6.000, 0.250, 24.250)	(0.0, 0.0, 0.0)
Backyard/Floor 2/Floor 2x2 (52)	Assets/Modern Villa/Prefabs/floors/Floor2x2.prefab	(4.000, -0.750, 24.250)	(6.000, 0.250, 26.250)	(0.0, 0.0, 0.0)
Backyard/Floor 2/Floor 2x2 (53)	Assets/Modern Villa/Prefabs/floors/Floor2x2.prefab	(4.000, -0.750, 26.250)	(6.000, 0.250, 28.250)	(0.0, 0.0, 0.0)
Backyard/Floor 2/Floor 2x2 (54)	Assets/Modern Villa/Prefabs/floors/Floor2x2.prefab	(4.000, -0.750, 28.250)	(6.000, 0.250, 30.250)	(0.0, 0.0, 0.0)
Backyard/Floor 2/Floor 2x2 (55)	Assets/Modern Villa/Prefabs/floors/Floor2x2.prefab	(4.000, -0.750, 29.750)	(6.000, 0.250, 31.750)	(0.0, 0.0, 0.0)
Backyard/Floor 2/Floor 2x2 (56)	Assets/Modern Villa/Prefabs/floors/Floor2x2.prefab	(6.000, -0.750, 22.250)	(8.000, 0.250, 24.250)	(0.0, 0.0, 0.0)
Backyard/Floor 2/Floor 2x2 (57)	Assets/Modern Villa/Prefabs/floors/Floor2x2.prefab	(6.000, -0.750, 24.250)	(8.000, 0.250, 26.250)	(0.0, 0.0, 0.0)
Backyard/Floor 2/Floor 2x2 (58)	Assets/Modern Villa/Prefabs/floors/Floor2x2.prefab	(6.000, -0.750, 26.250)	(8.000, 0.250, 28.250)	(0.0, 0.0, 0.0)
Backyard/Floor 2/Floor 2x2 (59)	Assets/Modern Villa/Prefabs/floors/Floor2x2.prefab	(6.000, -0.750, 28.250)	(8.000, 0.250, 30.250)	(0.0, 0.0, 0.0)
Backyard/Floor 2/Floor 2x2 (60)	Assets/Modern Villa/Prefabs/floors/Floor2x2.prefab	(6.000, -0.750, 29.750)	(8.000, 0.250, 31.750)	(0.0, 0.0, 0.0)
Backyard/Floor 2/Floor 2x2 (61)	Assets/Modern Villa/Prefabs/floors/Floor2x2.prefab	(8.000, -0.750, 22.250)	(10.000, 0.250, 24.250)	(0.0, 0.0, 0.0)
Backyard/Floor 2/Floor 2x2 (62)	Assets/Modern Villa/Prefabs/floors/Floor2x2.prefab	(8.000, -0.750, 24.250)	(10.000, 0.250, 26.250)	(0.0, 0.0, 0.0)
Backyard/Floor 2/Floor 2x2 (63)	Assets/Modern Villa/Prefabs/floors/Floor2x2.prefab	(8.000, -0.750, 26.250)	(10.000, 0.250, 28.250)	(0.0, 0.0, 0.0)
Backyard/Floor 2/Floor 2x2 (64)	Assets/Modern Villa/Prefabs/floors/Floor2x2.prefab	(8.000, -0.750, 28.250)	(10.000, 0.250, 30.250)	(0.0, 0.0, 0.0)
Backyard/Floor 2/Floor 2x2 (65)	Assets/Modern Villa/Prefabs/floors/Floor2x2.prefab	(8.000, -0.750, 29.750)	(10.000, 0.250, 31.750)	(0.0, 0.0, 0.0)
Backyard/Floor 2/Floor 2x2 (66)	Assets/Modern Villa/Prefabs/floors/Floor2x2.prefab	(10.000, -0.750, 22.250)	(12.000, 0.250, 24.250)	(0.0, 0.0, 0.0)
Backyard/Floor 2/Floor 2x2 (67)	Assets/Modern Villa/Prefabs/floors/Floor2x2.prefab	(10.000, -0.750, 24.250)	(12.000, 0.250, 26.250)	(0.0, 0.0, 0.0)
Backyard/Floor 2/Floor 2x2 (68)	Assets/Modern Villa/Prefabs/floors/Floor2x2.prefab	(10.000, -0.750, 26.250)	(12.000, 0.250, 28.250)	(0.0, 0.0, 0.0)
Backyard/Floor 2/Floor 2x2 (69)	Assets/Modern Villa/Prefabs/floors/Floor2x2.prefab	(10.000, -0.750, 28.250)	(12.000, 0.250, 30.250)	(0.0, 0.0, 0.0)
Backyard/Floor 2/Floor 2x2 (70)	Assets/Modern Villa/Prefabs/floors/Floor2x2.prefab	(10.000, -0.750, 29.750)	(12.000, 0.250, 31.750)	(0.0, 0.0, 0.0)
Backyard/Floor 2/Floor 1x1	Assets/Modern Villa/Prefabs/floors/Floor1x1.prefab	(1.000, -0.750, 22.500)	(2.000, 0.250, 23.500)	(0.0, 0.0, 0.0)
Backyard/Floor 2/Floor 1x1 (1)	Assets/Modern Villa/Prefabs/floors/Floor1x1.prefab	(1.000, -0.750, 23.500)	(2.000, 0.250, 24.500)	(0.0, 0.0, 0.0)
Backyard/Floor 2/Floor 1x1 (2)	Assets/Modern Villa/Prefabs/floors/Floor1x1.prefab	(1.000, -0.750, 24.500)	(2.000, 0.250, 25.500)	(0.0, 0.0, 0.0)
Backyard/Floor 2/Floor 1x1 (3)	Assets/Modern Villa/Prefabs/floors/Floor1x1.prefab	(1.000, -0.750, 25.500)	(2.000, 0.250, 26.500)	(0.0, 0.0, 0.0)
Backyard/Floor 2/Floor 1x1 (4)	Assets/Modern Villa/Prefabs/floors/Floor1x1.prefab	(1.000, -0.750, 26.500)	(2.000, 0.250, 27.500)	(0.0, 0.0, 0.0)
Backyard/Floor 2/Floor 1x1 (5)	Assets/Modern Villa/Prefabs/floors/Floor1x1.prefab	(1.000, -0.750, 27.500)	(2.000, 0.250, 28.500)	(0.0, 0.0, 0.0)
Backyard/Floor 2/Floor 1x1 (6)	Assets/Modern Villa/Prefabs/floors/Floor1x1.prefab	(1.000, -0.750, 28.500)	(2.000, 0.250, 29.500)	(0.0, 0.0, 0.0)
Backyard/Floor 2/Floor 1x1 (7)	Assets/Modern Villa/Prefabs/floors/Floor1x1.prefab	(1.000, -0.750, 29.500)	(2.000, 0.250, 30.500)	(0.0, 0.0, 0.0)
Backyard/Floor 2/Floor 2x2 (11)	Assets/Modern Villa/Prefabs/floors/Floor2x2.prefab	(-5.000, -0.750, 14.500)	(-3.000, 0.250, 16.500)	(0.0, 0.0, 0.0)
Backyard/Pavillon		(-18.211, 0.260, 23.939)	(-14.589, 3.743, 27.561)	(0.0, 0.0, 0.0)
Backyard/Pavillon/Pavillon 3	Assets/Modern Villa/Prefabs/Props/PavillonC.prefab	(-18.211, 0.260, 23.939)	(-14.589, 3.743, 27.561)	(0.0, 270.0, 0.0)
Backyard/Pavillon/Pavillon 3/pavillon_side_table	Assets/Modern Villa/Prefabs/furniture/PavillonSideTable.prefab	(-16.132, 0.363, 26.519)	(-15.706, 1.156, 26.945)	(0.0, 270.0, 0.0)
Backyard/Pavillon/Pavillon 3/pavillon_side_table/white wine glas	Assets/Modern Villa/Prefabs/Props/WhiteWineGlas.prefab	(-16.039, 0.956, 26.673)	(-15.953, 1.156, 26.759)	(0.0, 270.0, 0.0)
Backyard/Pavillon/Pavillon 3/pavillon_seat (1)	Assets/Modern Villa/Prefabs/furniture/PavillonSeat.prefab	(-17.511, 0.360, 25.737)	(-16.073, 1.315, 27.113)	(0.0, 120.7, 0.0)
Backyard/Pavillon/Pavillon 3/pavillon_seat	Assets/Modern Villa/Prefabs/furniture/PavillonSeat.prefab	(-16.387, 0.360, 24.277)	(-15.083, 1.315, 25.673)	(0.0, 336.6, 0.0)
Backyard/Benches		(-14.963, 0.250, 18.626)	(-12.625, 2.101, 24.216)	(0.0, 0.0, 0.0)
Backyard/Benches/bench corner	Assets/Modern Villa/Prefabs/furniture/BenchCorner.prefab	(-14.880, 0.250, 18.626)	(-14.125, 2.101, 19.387)	(0.0, 90.0, 0.0)
Backyard/Benches/bench corner/glas railing .75m corner	Assets/Modern Villa/Prefabs/railing/GlasRailing.75mCorner.prefab	(-14.880, 0.901, 18.626)	(-14.130, 2.101, 19.379)	(0.0, 270.0, 0.0)
Backyard/Benches/bench corner/mv_pillow_seat	Assets/Modern Villa/Prefabs/Props/PillowSeat.prefab	(-14.609, 0.895, 18.903)	(-14.240, 0.960, 19.272)	(0.0, 90.0, 0.0)
Backyard/Benches/bench straight (1)	Assets/Modern Villa/Prefabs/furniture/BenchStraight.prefab	(-14.125, 0.250, 18.631)	(-13.375, 2.097, 19.287)	(0.0, 0.0, 0.0)
Backyard/Benches/bench straight (1)/glas railing .75m	Assets/Modern Villa/Prefabs/railing/GlasRailing.75m.prefab	(-14.125, 0.899, 18.631)	(-13.375, 2.097, 18.681)	(0.0, 0.0, 0.0)
Backyard/Benches/bench straight (1)/mv_lantern	Assets/Modern Villa/Prefabs/Props/Lantern.prefab	(-13.999, 0.908, 18.793)	(-13.804, 1.218, 18.988)	(0.0, 0.0, 0.0)
Backyard/Benches/bench straight (1)/mv_lantern/candle	Assets/Modern Villa/Prefabs/lighting/Candle.prefab	(-13.930, 0.934, 18.861)	(-13.872, 1.012, 18.919)	(0.0, 0.0, 0.0)
Backyard/Benches/bench straight (1)/mv_lantern (1)	Assets/Modern Villa/Prefabs/Props/Lantern.prefab	(-13.871, 0.908, 19.040)	(-13.721, 1.147, 19.190)	(0.0, 0.0, 0.0)
Backyard/Benches/bench straight (1)/mv_lantern (2)	Assets/Modern Villa/Prefabs/Props/Lantern.prefab	(-13.639, 0.908, 18.810)	(-13.533, 1.027, 18.916)	(0.0, 316.1, 0.0)
Backyard/Benches/bench straight (1)/Couch Clip outdoor	Assets/Modern Villa/Prefabs/lighting/CouchClipOutdoor.prefab	(-13.800, 0.496, 19.247)	(-13.700, 0.596, 19.262)	(0.0, 0.0, 0.0)
Backyard/Benches/bench straight (2)	Assets/Modern Villa/Prefabs/furniture/BenchStraight.prefab	(-13.375, 0.250, 18.631)	(-12.625, 2.097, 19.287)	(0.0, 0.0, 0.0)
Backyard/Benches/bench straight (2)/glas railing .75m	Assets/Modern Villa/Prefabs/railing/GlasRailing.75m.prefab	(-13.375, 0.899, 18.631)	(-12.625, 2.097, 18.681)	(0.0, 0.0, 0.0)
Backyard/Benches/bench straight (2)/mv_pillow_seat	Assets/Modern Villa/Prefabs/Props/PillowSeat.prefab	(-13.184, 0.892, 18.904)	(-12.815, 0.957, 19.273)	(0.0, 0.0, 0.0)
Backyard/Benches/bench straight (4)	Assets/Modern Villa/Prefabs/furniture/BenchStraight.prefab	(-14.877, 0.250, 20.137)	(-14.225, 2.094, 20.887)	(0.0, 90.0, 0.0)
Backyard/Benches/bench straight (4)/glas railing .75m	Assets/Modern Villa/Prefabs/railing/GlasRailing.75m.prefab	(-14.877, 0.896, 20.137)	(-14.827, 2.094, 20.887)	(0.0, 90.0, 0.0)
Backyard/Benches/bench straight (3)	Assets/Modern Villa/Prefabs/furniture/BenchStraight.prefab	(-14.877, 0.250, 19.387)	(-14.225, 2.094, 20.137)	(0.0, 90.0, 0.0)
Backyard/Benches/bench straight (3)/glas railing .75m	Assets/Modern Villa/Prefabs/railing/GlasRailing.75m.prefab	(-14.877, 0.896, 19.387)	(-14.827, 2.094, 20.137)	(0.0, 90.0, 0.0)
Backyard/Benches/bench straight (3)/mv_pillow_seat	Assets/Modern Villa/Prefabs/Props/PillowSeat.prefab	(-14.630, 0.893, 19.715)	(-14.261, 0.958, 20.084)	(0.0, 90.0, 0.0)
Backyard/Benches/bench straight (3)/Couch Clip outdoor	Assets/Modern Villa/Prefabs/lighting/CouchClipOutdoor.prefab	(-14.267, 0.522, 19.712)	(-14.252, 0.622, 19.812)	(0.0, 90.0, 0.0)
Backyard/Benches/bench straight (5)	Assets/Modern Villa/Prefabs/furniture/BenchStraight.prefab	(-14.963, 0.250, 19.773)	(-14.225, 2.094, 21.637)	(0.0, 90.0, 0.0)
Backyard/Benches/bench straight (5)/glas railing .75m	Assets/Modern Villa/Prefabs/railing/GlasRailing.75m.prefab	(-14.877, 0.896, 20.887)	(-14.827, 2.094, 21.637)	(0.0, 90.0, 0.0)
Backyard/Benches/bench straight (5)/mv_pillow_seat	Assets/Modern Villa/Prefabs/Props/PillowSeat.prefab	(-14.884, 0.890, 21.041)	(-14.549, 1.164, 21.410)	(36.7, 90.0, 0.0)
Backyard/Benches/bench straight (5)/mv_pillow_seat (1)	Assets/Modern Villa/Prefabs/Props/PillowSeat.prefab	(-14.871, 0.911, 19.773)	(-14.582, 1.235, 20.142)	(49.6, 90.0, 0.0)
Backyard/Benches/bench straight (5)/mv_pillow_seat (2)	Assets/Modern Villa/Prefabs/Props/PillowSeat.prefab	(-14.893, 0.870, 21.142)	(-14.399, 1.139, 21.631)	(31.3, 60.9, 3.8)
Backyard/Benches/bench straight (5)/mv_pillow_seat (3)	Assets/Modern Villa/Prefabs/Props/PillowSeat.prefab	(-14.963, 0.911, 19.962)	(-14.501, 1.235, 20.430)	(49.6, 48.0, 0.0)
Backyard/Benches/bench straight (5)/mv_pillow_seat (4)	Assets/Modern Villa/Prefabs/Props/PillowSeat.prefab	(-14.873, 0.866, 20.673)	(-14.292, 1.105, 21.249)	(19.4, 111.8, 357.7)
Backyard/Benches/railing 1m	Assets/Modern Villa/Prefabs/railing/Railing1m.prefab	(-14.956, 0.250, 23.216)	(-14.886, 1.077, 24.216)	(0.0, 270.0, 0.0)
Backyard/Benches/railing end short	Assets/Modern Villa/Prefabs/railing/RailingEndShort.prefab	(-14.956, 0.250, 23.153)	(-14.886, 1.077, 23.219)	(0.0, 90.0, 0.0)
Backyard/Benches/bench straight (6)	Assets/Modern Villa/Prefabs/furniture/BenchStraight.prefab	(-14.877, 0.250, 21.637)	(-14.225, 2.094, 22.387)	(0.0, 90.0, 0.0)
Backyard/Benches/bench straight (6)/glas railing .75m	Assets/Modern Villa/Prefabs/railing/GlasRailing.75m.prefab	(-14.877, 0.896, 21.637)	(-14.827, 2.094, 22.387)	(0.0, 90.0, 0.0)
Backyard/Benches/bench straight (6)/Couch Clip outdoor	Assets/Modern Villa/Prefabs/lighting/CouchClipOutdoor.prefab	(-14.278, 0.488, 21.962)	(-14.263, 0.588, 22.062)	(0.0, 90.0, 0.0)
Backyard/Benches/bench straight (6)/tablet	Assets/Modern Villa/Prefabs/Props/TabletA.prefab	(-14.750, 0.892, 21.740)	(-14.250, 1.134, 22.284)	(0.0, 67.5, 0.0)
Backyard/Benches/bench straight (6)/tablet/red wine glas	Assets/Modern Villa/Prefabs/Props/RedWineGlas.prefab	(-14.605, 0.909, 21.814)	(-14.475, 1.134, 21.943)	(0.0, 67.5, 0.0)
Backyard/Benches/bench straight (6)/tablet/napkin	Assets/Modern Villa/Prefabs/Props/Napkin.prefab	(-14.745, 0.893, 22.033)	(-14.538, 0.974, 22.150)	(10.3, 85.8, 352.0)
Backyard/Benches/bench straight (6)/tablet/bowl	Assets/Modern Villa/Prefabs/Props/Bowl.prefab	(-14.643, 0.892, 21.874)	(-14.435, 0.949, 22.083)	(0.0, 67.5, 0.0)
Backyard/Benches/bench straight (6)/tablet/glas	Assets/Modern Villa/Prefabs/Props/Glas.prefab	(-14.515, 0.893, 21.790)	(-14.405, 1.030, 21.899)	(0.0, 67.5, 0.0)
Backyard/Benches/bench straight (7)	Assets/Modern Villa/Prefabs/furniture/BenchStraight.prefab	(-14.877, 0.250, 22.387)	(-14.225, 2.094, 23.137)	(0.0, 90.0, 0.0)
Backyard/Benches/bench straight (7)/glas railing .75m	Assets/Modern Villa/Prefabs/railing/GlasRailing.75m.prefab	(-14.877, 0.896, 22.387)	(-14.827, 2.094, 23.137)	(0.0, 90.0, 0.0)
Backyard/Benches/bench straight (7)/mv_pillow_seat	Assets/Modern Villa/Prefabs/Props/PillowSeat.prefab	(-14.715, 0.876, 22.547)	(-14.285, 0.941, 22.977)	(0.0, 79.5, 0.0)
Backyard/Benches/fire box	Assets/Modern Villa/Prefabs/Props/FireBox.prefab	(-13.549, 0.250, 20.005)	(-12.825, 0.608, 20.751)	(0.0, 46.8, 0.0)
Terrain		(0.000, 0.000, 0.000)	(0.000, 0.000, 0.000)	(0.0, 0.0, 0.0)
Terrain/Terrain (1)		(-54.800, -2.100, -31.100)	(-54.800, -2.100, -31.100)	(0.0, 0.0, 0.0)
Lighting		(1.020, 1.850, -7.120)	(1.020, 1.850, -7.120)	(350.7, 331.5, 0.0)
Lighting/Reflection Probes		(0.000, 0.000, 0.000)	(0.000, 0.000, 0.000)	(0.0, 0.0, 0.0)
Lighting/Directional Light		(5.064, 8.192, -2.378)	(5.064, 8.192, -2.378)	(50.0, 330.0, 0.0)
StaticLightingSky		(0.000, 0.000, 0.000)	(0.000, 0.000, 0.000)	(0.0, 0.0, 0.0)
SceneIDMap		(0.000, 0.000, 0.000)	(0.000, 0.000, 0.000)	(0.0, 0.0, 0.0)
SceneIDMap		(0.000, 0.000, 0.000)	(0.000, 0.000, 0.000)	(0.0, 0.0, 0.0)
Point Light		(5.735, 2.669, 15.481)	(5.735, 2.669, 15.481)	(0.0, 0.0, 0.0)
