Floor/Floor2x2	BoxCollider	enabled=True	trigger=False	center=(0.000, 0.500, 0.000)	size=(2.000, 1.000, 2.000)
Floor/Floor2x2 (64)	BoxCollider	enabled=True	trigger=False	center=(8.000, 0.500, 0.000)	size=(2.000, 1.000, 2.000)
Floor/Floor2x2 (32)	BoxCollider	enabled=True	trigger=False	center=(4.000, 0.500, 0.000)	size=(2.000, 1.000, 2.000)
Floor/Floor2x2 (65)	BoxCollider	enabled=True	trigger=False	center=(12.000, 0.500, 0.000)	size=(2.000, 1.000, 2.000)
Floor/Floor2x2 (16)	BoxCollider	enabled=True	trigger=False	center=(2.000, 0.500, 0.000)	size=(2.000, 1.000, 2.000)
Floor/Floor2x2 (66)	BoxCollider	enabled=True	trigger=False	center=(10.000, 0.500, 0.000)	size=(2.000, 1.000, 2.000)
Floor/Floor2x2 (33)	BoxCollider	enabled=True	trigger=False	center=(6.000, 0.500, 0.000)	size=(2.000, 1.000, 2.000)
Floor/Floor2x2 (67)	BoxCollider	enabled=True	trigger=False	center=(14.000, 0.500, 0.000)	size=(2.000, 1.000, 2.000)
Floor/Floor2x2 (8)	BoxCollider	enabled=True	trigger=False	center=(0.000, 0.500, 16.000)	size=(2.000, 1.000, 2.000)
Floor/Floor2x2 (68)	BoxCollider	enabled=True	trigger=False	center=(8.000, 0.500, 16.000)	size=(2.000, 1.000, 2.000)
Floor/Floor2x2 (34)	BoxCollider	enabled=True	trigger=False	center=(4.000, 0.500, 16.000)	size=(2.000, 1.000, 2.000)
Floor/Floor2x2 (69)	BoxCollider	enabled=True	trigger=False	center=(12.000, 0.500, 16.000)	size=(2.000, 1.000, 2.000)
Floor/Floor2x2 (17)	BoxCollider	enabled=True	trigger=False	center=(2.000, 0.500, 16.000)	size=(2.000, 1.000, 2.000)
Floor/Floor2x2 (70)	BoxCollider	enabled=True	trigger=False	center=(10.000, 0.500, 16.000)	size=(2.000, 1.000, 2.000)
Floor/Floor2x2 (35)	BoxCollider	enabled=True	trigger=False	center=(6.000, 0.500, 16.000)	size=(2.000, 1.000, 2.000)
Floor/Floor2x2 (71)	BoxCollider	enabled=True	trigger=False	center=(14.000, 0.500, 16.000)	size=(2.000, 1.000, 2.000)
Floor/Floor2x2 (4)	BoxCollider	enabled=True	trigger=False	center=(0.000, 0.500, 8.000)	size=(2.000, 1.000, 2.000)
Floor/Floor2x2 (72)	BoxCollider	enabled=True	trigger=False	center=(8.000, 0.500, 8.000)	size=(2.000, 1.000, 2.000)
Floor/Floor2x2 (36)	BoxCollider	enabled=True	trigger=False	center=(4.000, 0.500, 8.000)	size=(2.000, 1.000, 2.000)
Floor/Floor2x2 (73)	BoxCollider	enabled=True	trigger=False	center=(12.000, 0.500, 8.000)	size=(2.000, 1.000, 2.000)
Floor/Floor2x2 (18)	BoxCollider	enabled=True	trigger=False	center=(2.000, 0.500, 8.000)	size=(2.000, 1.000, 2.000)
Floor/Floor2x2 (74)	BoxCollider	enabled=True	trigger=False	center=(10.000, 0.500, 8.000)	size=(2.000, 1.000, 2.000)
Floor/Floor2x2 (37)	BoxCollider	enabled=True	trigger=False	center=(6.000, 0.500, 8.000)	size=(2.000, 1.000, 2.000)
Floor/Floor2x2 (75)	BoxCollider	enabled=True	trigger=False	center=(14.000, 0.500, 8.000)	size=(2.000, 1.000, 2.000)
Floor/Floor2x2 (9)	BoxCollider	enabled=True	trigger=False	center=(0.000, 0.500, 24.000)	size=(2.000, 1.000, 2.000)
Floor/Floor2x2 (38)	BoxCollider	enabled=True	trigger=False	center=(4.000, 0.500, 24.000)	size=(2.000, 1.000, 2.000)
Floor/Floor2x2 (77)	BoxCollider	enabled=True	trigger=False	center=(12.000, 0.500, 24.000)	size=(2.000, 1.000, 2.000)
Floor/Floor2x2 (19)	BoxCollider	enabled=True	trigger=False	center=(2.000, 0.500, 24.000)	size=(2.000, 1.000, 2.000)
Floor/Floor2x2 (78)	BoxCollider	enabled=True	trigger=False	center=(10.000, 0.500, 24.000)	size=(2.000, 1.000, 2.000)
Floor/Floor2x2 (79)	BoxCollider	enabled=True	trigger=False	center=(14.000, 0.500, 24.000)	size=(2.000, 1.000, 2.000)
Floor/Floor2x2 (2)	BoxCollider	enabled=True	trigger=False	center=(0.000, 0.500, 4.000)	size=(2.000, 1.000, 2.000)
Floor/Floor2x2 (80)	BoxCollider	enabled=True	trigger=False	center=(8.000, 0.500, 4.000)	size=(2.000, 1.000, 2.000)
Floor/Floor2x2 (40)	BoxCollider	enabled=True	trigger=False	center=(4.000, 0.500, 4.000)	size=(2.000, 1.000, 2.000)
Floor/Floor2x2 (81)	BoxCollider	enabled=True	trigger=False	center=(12.000, 0.500, 4.000)	size=(2.000, 1.000, 2.000)
Floor/Floor2x2 (20)	BoxCollider	enabled=True	trigger=False	center=(2.000, 0.500, 4.000)	size=(2.000, 1.000, 2.000)
Floor/Floor2x2 (82)	BoxCollider	enabled=True	trigger=False	center=(10.000, 0.500, 4.000)	size=(2.000, 1.000, 2.000)
Floor/Floor2x2 (41)	BoxCollider	enabled=True	trigger=False	center=(6.000, 0.500, 4.000)	size=(2.000, 1.000, 2.000)
Floor/Floor2x2 (83)	BoxCollider	enabled=True	trigger=False	center=(14.000, 0.500, 4.000)	size=(2.000, 1.000, 2.000)
Floor/Floor2x2 (10)	BoxCollider	enabled=True	trigger=False	center=(0.000, 0.500, 20.000)	size=(2.000, 1.000, 2.000)
Floor/Floor2x2 (84)	BoxCollider	enabled=True	trigger=False	center=(8.000, 0.500, 20.000)	size=(2.000, 1.000, 2.000)
Floor/Floor2x2 (42)	BoxCollider	enabled=True	trigger=False	center=(4.000, 0.500, 20.000)	size=(2.000, 1.000, 2.000)
Floor/Floor2x2 (85)	BoxCollider	enabled=True	trigger=False	center=(12.000, 0.500, 20.000)	size=(2.000, 1.000, 2.000)
Floor/Floor2x2 (21)	BoxCollider	enabled=True	trigger=False	center=(2.000, 0.500, 20.000)	size=(2.000, 1.000, 2.000)
Floor/Floor2x2 (86)	BoxCollider	enabled=True	trigger=False	center=(10.000, 0.500, 20.000)	size=(2.000, 1.000, 2.000)
Floor/Floor2x2 (43)	BoxCollider	enabled=True	trigger=False	center=(6.000, 0.500, 20.000)	size=(2.000, 1.000, 2.000)
Floor/Floor2x2 (87)	BoxCollider	enabled=True	trigger=False	center=(14.000, 0.500, 20.000)	size=(2.000, 1.000, 2.000)
Floor/Floor2x2 (5)	BoxCollider	enabled=True	trigger=False	center=(0.000, 0.500, 12.000)	size=(2.000, 1.000, 2.000)
Floor/Floor2x2 (88)	BoxCollider	enabled=True	trigger=False	center=(8.000, 0.500, 12.000)	size=(2.000, 1.000, 2.000)
Floor/Floor2x2 (44)	BoxCollider	enabled=True	trigger=False	center=(4.000, 0.500, 12.000)	size=(2.000, 1.000, 2.000)
Floor/Floor2x2 (89)	BoxCollider	enabled=True	trigger=False	center=(12.000, 0.500, 12.000)	size=(2.000, 1.000, 2.000)
Floor/Floor2x2 (22)	BoxCollider	enabled=True	trigger=False	center=(2.000, 0.500, 12.000)	size=(2.000, 1.000, 2.000)
Floor/Floor2x2 (90)	BoxCollider	enabled=True	trigger=False	center=(10.000, 0.500, 12.000)	size=(2.000, 1.000, 2.000)
Floor/Floor2x2 (45)	BoxCollider	enabled=True	trigger=False	center=(6.000, 0.500, 12.000)	size=(2.000, 1.000, 2.000)
Floor/Floor2x2 (91)	BoxCollider	enabled=True	trigger=False	center=(14.000, 0.500, 12.000)	size=(2.000, 1.000, 2.000)
Floor/Floor2x2 (11)	BoxCollider	enabled=True	trigger=False	center=(0.000, 0.500, 28.000)	size=(2.000, 1.000, 2.000)
Floor/Floor2x2 (46)	BoxCollider	enabled=True	trigger=False	center=(4.000, 0.500, 28.000)	size=(2.000, 1.000, 2.000)
Floor/Floor2x2 (93)	BoxCollider	enabled=True	trigger=False	center=(12.000, 0.500, 28.000)	size=(2.000, 1.000, 2.000)
Floor/Floor2x2 (23)	BoxCollider	enabled=True	trigger=False	center=(2.000, 0.500, 28.000)	size=(2.000, 1.000, 2.000)
Floor/Floor2x2 (94)	BoxCollider	enabled=True	trigger=False	center=(10.000, 0.500, 28.000)	size=(2.000, 1.000, 2.000)
Floor/Floor2x2 (95)	BoxCollider	enabled=True	trigger=False	center=(14.000, 0.500, 28.000)	size=(2.000, 1.000, 2.000)
Floor/Floor2x2 (1)	BoxCollider	enabled=True	trigger=False	center=(0.000, 0.500, 2.000)	size=(2.000, 1.000, 2.000)
Floor/Floor2x2 (96)	BoxCollider	enabled=True	trigger=False	center=(8.000, 0.500, 2.000)	size=(2.000, 1.000, 2.000)
Floor/Floor2x2 (48)	BoxCollider	enabled=True	trigger=False	center=(4.000, 0.500, 2.000)	size=(2.000, 1.000, 2.000)
Floor/Floor2x2 (97)	BoxCollider	enabled=True	trigger=False	center=(12.000, 0.500, 2.000)	size=(2.000, 1.000, 2.000)
Floor/Floor2x2 (24)	BoxCollider	enabled=True	trigger=False	center=(2.000, 0.500, 2.000)	size=(2.000, 1.000, 2.000)
Floor/Floor2x2 (98)	BoxCollider	enabled=True	trigger=False	center=(10.000, 0.500, 2.000)	size=(2.000, 1.000, 2.000)
Floor/Floor2x2 (49)	BoxCollider	enabled=True	trigger=False	center=(6.000, 0.500, 2.000)	size=(2.000, 1.000, 2.000)
Floor/Floor2x2 (99)	BoxCollider	enabled=True	trigger=False	center=(14.000, 0.500, 2.000)	size=(2.000, 1.000, 2.000)
Floor/Floor2x2 (12)	BoxCollider	enabled=True	trigger=False	center=(0.000, 0.500, 18.000)	size=(2.000, 1.000, 2.000)
Floor/Floor2x2 (100)	BoxCollider	enabled=True	trigger=False	center=(8.000, 0.500, 18.000)	size=(2.000, 1.000, 2.000)
Floor/Floor2x2 (50)	BoxCollider	enabled=True	trigger=False	center=(4.000, 0.500, 18.000)	size=(2.000, 1.000, 2.000)
Floor/Floor2x2 (101)	BoxCollider	enabled=True	trigger=False	center=(12.000, 0.500, 18.000)	size=(2.000, 1.000, 2.000)
Floor/Floor2x2 (25)	BoxCollider	enabled=True	trigger=False	center=(2.000, 0.500, 18.000)	size=(2.000, 1.000, 2.000)
Floor/Floor2x2 (102)	BoxCollider	enabled=True	trigger=False	center=(10.000, 0.500, 18.000)	size=(2.000, 1.000, 2.000)
Floor/Floor2x2 (51)	BoxCollider	enabled=True	trigger=False	center=(6.000, 0.500, 18.000)	size=(2.000, 1.000, 2.000)
Floor/Floor2x2 (103)	BoxCollider	enabled=True	trigger=False	center=(14.000, 0.500, 18.000)	size=(2.000, 1.000, 2.000)
Floor/Floor2x2 (6)	BoxCollider	enabled=True	trigger=False	center=(0.000, 0.500, 10.000)	size=(2.000, 1.000, 2.000)
Floor/Floor2x2 (104)	BoxCollider	enabled=True	trigger=False	center=(8.000, 0.500, 10.000)	size=(2.000, 1.000, 2.000)
Floor/Floor2x2 (52)	BoxCollider	enabled=True	trigger=False	center=(4.000, 0.500, 10.000)	size=(2.000, 1.000, 2.000)
Floor/Floor2x2 (105)	BoxCollider	enabled=True	trigger=False	center=(12.000, 0.500, 10.000)	size=(2.000, 1.000, 2.000)
Floor/Floor2x2 (26)	BoxCollider	enabled=True	trigger=False	center=(2.000, 0.500, 10.000)	size=(2.000, 1.000, 2.000)
Floor/Floor2x2 (106)	BoxCollider	enabled=True	trigger=False	center=(10.000, 0.500, 10.000)	size=(2.000, 1.000, 2.000)
Floor/Floor2x2 (53)	BoxCollider	enabled=True	trigger=False	center=(6.000, 0.500, 10.000)	size=(2.000, 1.000, 2.000)
Floor/Floor2x2 (107)	BoxCollider	enabled=True	trigger=False	center=(14.000, 0.500, 10.000)	size=(2.000, 1.000, 2.000)
Floor/Floor2x2 (13)	BoxCollider	enabled=True	trigger=False	center=(0.000, 0.500, 26.000)	size=(2.000, 1.000, 2.000)
Floor/Floor2x2 (54)	BoxCollider	enabled=True	trigger=False	center=(4.000, 0.500, 26.000)	size=(2.000, 1.000, 2.000)
Floor/Floor2x2 (109)	BoxCollider	enabled=True	trigger=False	center=(12.000, 0.500, 26.000)	size=(2.000, 1.000, 2.000)
Floor/Floor2x2 (27)	BoxCollider	enabled=True	trigger=False	center=(2.000, 0.500, 26.000)	size=(2.000, 1.000, 2.000)
Floor/Floor2x2 (110)	BoxCollider	enabled=True	trigger=False	center=(10.000, 0.500, 26.000)	size=(2.000, 1.000, 2.000)
Floor/Floor2x2 (111)	BoxCollider	enabled=True	trigger=False	center=(14.000, 0.500, 26.000)	size=(2.000, 1.000, 2.000)
Floor/Floor2x2 (3)	BoxCollider	enabled=True	trigger=False	center=(0.000, 0.500, 6.000)	size=(2.000, 1.000, 2.000)
Floor/Floor2x2 (112)	BoxCollider	enabled=True	trigger=False	center=(8.000, 0.500, 6.000)	size=(2.000, 1.000, 2.000)
Floor/Floor2x2 (56)	BoxCollider	enabled=True	trigger=False	center=(4.000, 0.500, 6.000)	size=(2.000, 1.000, 2.000)
Floor/Floor2x2 (113)	BoxCollider	enabled=True	trigger=False	center=(12.000, 0.500, 6.000)	size=(2.000, 1.000, 2.000)
Floor/Floor2x2 (28)	BoxCollider	enabled=True	trigger=False	center=(2.000, 0.500, 6.000)	size=(2.000, 1.000, 2.000)
Floor/Floor2x2 (114)	BoxCollider	enabled=True	trigger=False	center=(10.000, 0.500, 6.000)	size=(2.000, 1.000, 2.000)
Floor/Floor2x2 (57)	BoxCollider	enabled=True	trigger=False	center=(6.000, 0.500, 6.000)	size=(2.000, 1.000, 2.000)
Floor/Floor2x2 (115)	BoxCollider	enabled=True	trigger=False	center=(14.000, 0.500, 6.000)	size=(2.000, 1.000, 2.000)
Floor/Floor2x2 (14)	BoxCollider	enabled=True	trigger=False	center=(0.000, 0.500, 22.000)	size=(2.000, 1.000, 2.000)
Floor/Floor2x2 (116)	BoxCollider	enabled=True	trigger=False	center=(8.000, 0.500, 22.000)	size=(2.000, 1.000, 2.000)
Floor/Floor2x2 (58)	BoxCollider	enabled=True	trigger=False	center=(4.000, 0.500, 22.000)	size=(2.000, 1.000, 2.000)
Floor/Floor2x2 (117)	BoxCollider	enabled=True	trigger=False	center=(12.000, 0.500, 22.000)	size=(2.000, 1.000, 2.000)
Floor/Floor2x2 (29)	BoxCollider	enabled=True	trigger=False	center=(2.000, 0.500, 22.000)	size=(2.000, 1.000, 2.000)
Floor/Floor2x2 (118)	BoxCollider	enabled=True	trigger=False	center=(10.000, 0.500, 22.000)	size=(2.000, 1.000, 2.000)
Floor/Floor2x2 (59)	BoxCollider	enabled=True	trigger=False	center=(6.000, 0.500, 22.000)	size=(2.000, 1.000, 2.000)
Floor/Floor2x2 (119)	BoxCollider	enabled=True	trigger=False	center=(14.000, 0.500, 22.003)	size=(2.000, 1.012, 2.006)
Floor/Floor2x2 (7)	BoxCollider	enabled=True	trigger=False	center=(0.000, 0.500, 14.000)	size=(2.000, 1.000, 2.000)
Floor/Floor2x2 (120)	BoxCollider	enabled=True	trigger=False	center=(8.000, 0.500, 14.000)	size=(2.000, 1.000, 2.000)
Floor/Floor2x2 (60)	BoxCollider	enabled=True	trigger=False	center=(4.000, 0.500, 14.000)	size=(2.000, 1.000, 2.000)
Floor/Floor2x2 (121)	BoxCollider	enabled=True	trigger=False	center=(12.000, 0.500, 14.000)	size=(2.000, 1.000, 2.000)
Floor/Floor2x2 (30)	BoxCollider	enabled=True	trigger=False	center=(2.000, 0.500, 14.000)	size=(2.000, 1.000, 2.000)
Floor/Floor2x2 (122)	BoxCollider	enabled=True	trigger=False	center=(10.000, 0.500, 14.000)	size=(2.000, 1.000, 2.000)
Floor/Floor2x2 (61)	BoxCollider	enabled=True	trigger=False	center=(6.000, 0.500, 14.000)	size=(2.000, 1.000, 2.000)
Floor/Floor2x2 (123)	BoxCollider	enabled=True	trigger=False	center=(14.000, 0.500, 14.000)	size=(2.000, 1.000, 2.000)
Floor/Floor2x2 (15)	BoxCollider	enabled=True	trigger=False	center=(0.000, 0.500, 30.000)	size=(2.000, 1.000, 2.000)
Floor/Floor2x2 (62)	BoxCollider	enabled=True	trigger=False	center=(4.000, 0.500, 30.000)	size=(2.000, 1.000, 2.000)
Floor/Floor2x2 (125)	BoxCollider	enabled=True	trigger=False	center=(12.000, 0.500, 30.000)	size=(2.000, 1.000, 2.000)
Floor/Floor2x2 (31)	BoxCollider	enabled=True	trigger=False	center=(2.000, 0.500, 30.000)	size=(2.000, 1.000, 2.000)
Floor/Floor2x2 (126)	BoxCollider	enabled=True	trigger=False	center=(10.000, 0.500, 30.000)	size=(2.000, 1.000, 2.000)
Floor/Floor2x2 (127)	BoxCollider	enabled=True	trigger=False	center=(14.000, 0.500, 30.000)	size=(2.000, 1.000, 2.000)
Floor/mv_WallSupportElement	MeshCollider	enabled=True	trigger=False	center=(14.744, -1.239, -0.393)	size=(0.375, 2.500, 0.675)
Floor/mv_WallSupportElement (7)	MeshCollider	enabled=True	trigger=False	center=(11.744, -1.239, -0.393)	size=(0.375, 2.500, 0.675)
Floor/mv_WallSupportElement (1)	MeshCollider	enabled=True	trigger=False	center=(14.744, -1.239, 3.607)	size=(0.375, 2.500, 0.675)
Floor/mv_WallSupportElement (2)	MeshCollider	enabled=True	trigger=False	center=(14.744, -1.239, 8.607)	size=(0.375, 2.500, 0.675)
Floor/mv_WallSupportElement (3)	MeshCollider	enabled=True	trigger=False	center=(14.744, -1.239, 13.607)	size=(0.375, 2.500, 0.675)
Floor/mv_WallSupportElement (4)	MeshCollider	enabled=True	trigger=False	center=(14.744, -1.239, 18.607)	size=(0.375, 2.500, 0.675)
Floor/mv_WallSupportElement (5)	MeshCollider	enabled=True	trigger=False	center=(14.744, -1.239, 23.607)	size=(0.375, 2.500, 0.675)
Floor/mv_WallSupportElement (6)	MeshCollider	enabled=True	trigger=False	center=(14.744, -1.239, 28.607)	size=(0.375, 2.500, 0.675)
Floor/mv_WallSupportElement (8)	MeshCollider	enabled=True	trigger=False	center=(17.318, -2.590, 26.483)	size=(0.375, 2.500, 0.675)
Floor/mv_WallSupportElement (10)	MeshCollider	enabled=True	trigger=False	center=(17.318, -2.590, 24.483)	size=(0.375, 2.500, 0.675)
Floor/mv_WallSupportElement (9)	MeshCollider	enabled=True	trigger=False	center=(17.318, -0.120, 26.483)	size=(0.375, 2.500, 0.675)
Floor/mv_WallSupportElement (11)	MeshCollider	enabled=True	trigger=False	center=(17.318, -0.120, 24.483)	size=(0.375, 2.500, 0.675)
BuildingD/Level0/WindowCorner/Window 2x2,5 window	MeshCollider	enabled=True	trigger=False	center=(3.098, 2.244, 4.961)	size=(2.084, 2.425, 2.077)
BuildingD/Level0/WindowCorner/Window 2x2,5 frame	MeshCollider	enabled=True	trigger=False	center=(3.070, 2.250, 4.930)	size=(2.140, 2.500, 2.140)
BuildingD/Level0/WindowCorner (1)/Window 2x2,5 window	MeshCollider	enabled=True	trigger=False	center=(3.101, 2.244, 21.042)	size=(2.077, 2.425, 2.084)
BuildingD/Level0/WindowCorner (1)/Window 2x2,5 frame	MeshCollider	enabled=True	trigger=False	center=(3.070, 2.250, 21.070)	size=(2.140, 2.500, 2.140)
BuildingD/Level0/WindowDoor/Window door frame	BoxCollider	enabled=True	trigger=False	center=(6.000, 2.250, 3.930)	size=(4.000, 2.500, 0.140)
BuildingD/Level0/WindowDoor (1)/Window door frame	BoxCollider	enabled=True	trigger=False	center=(8.000, 2.250, 22.070)	size=(4.000, 2.500, 0.140)
BuildingD/Level0/WindowStraightOnesided/Window straight onesided 2x2,5 frame	BoxCollider	enabled=True	trigger=False	center=(9.000, 2.250, 3.930)	size=(2.000, 2.500, 0.140)
BuildingD/Level0/WindowStraightOnesided (17)/Window straight onesided 2x2,5 frame	BoxCollider	enabled=True	trigger=False	center=(5.000, 2.250, 22.070)	size=(2.000, 2.500, 0.140)
BuildingD/Level0/WindowStraightOnesided (1)/Window straight onesided 2x2,5 frame	BoxCollider	enabled=True	trigger=False	center=(12.070, 2.250, 7.000)	size=(0.140, 2.500, 2.000)
BuildingD/Level0/WindowStraightOnesided (9)/Window straight onesided 2x2,5 frame	BoxCollider	enabled=True	trigger=False	center=(2.070, 2.250, 7.000)	size=(0.140, 2.500, 2.000)
BuildingD/Level0/WindowStraightOnesided (5)/Window straight onesided 2x2,5 frame	BoxCollider	enabled=True	trigger=False	center=(12.070, 2.250, 13.000)	size=(0.140, 2.500, 2.000)
BuildingD/Level0/WindowStraightOnesided (10)/Window straight onesided 2x2,5 frame	BoxCollider	enabled=True	trigger=False	center=(2.070, 2.250, 13.000)	size=(0.140, 2.500, 2.000)
BuildingD/Level0/WindowStraightOnesided (3)/Window straight onesided 2x2,5 frame	BoxCollider	enabled=True	trigger=False	center=(12.070, 2.250, 11.000)	size=(0.140, 2.500, 2.000)
BuildingD/Level0/WindowStraightOnesided (11)/Window straight onesided 2x2,5 frame	BoxCollider	enabled=True	trigger=False	center=(2.070, 2.250, 11.000)	size=(0.140, 2.500, 2.000)
BuildingD/Level0/WindowStraightOnesided (6)/Window straight onesided 2x2,5 frame	BoxCollider	enabled=True	trigger=False	center=(12.070, 2.250, 17.000)	size=(0.140, 2.500, 2.000)
BuildingD/Level0/WindowStraightOnesided (13)/Window straight onesided 2x2,5 frame	BoxCollider	enabled=True	trigger=False	center=(2.070, 2.250, 17.000)	size=(0.140, 2.500, 2.000)
BuildingD/Level0/WindowStraightOnesided (2)/Window straight onesided 2x2,5 frame	BoxCollider	enabled=True	trigger=False	center=(12.070, 2.250, 9.000)	size=(0.140, 2.500, 2.000)
BuildingD/Level0/WindowStraightOnesided (12)/Window straight onesided 2x2,5 frame	BoxCollider	enabled=True	trigger=False	center=(2.070, 2.250, 9.000)	size=(0.140, 2.500, 2.000)
BuildingD/Level0/WindowStraightOnesided (7)/Window straight onesided 2x2,5 frame	BoxCollider	enabled=True	trigger=False	center=(12.070, 2.250, 15.000)	size=(0.140, 2.500, 2.000)
BuildingD/Level0/WindowStraightOnesided (14)/Window straight onesided 2x2,5 frame	BoxCollider	enabled=True	trigger=False	center=(2.070, 2.250, 15.000)	size=(0.140, 2.500, 2.000)
BuildingD/Level0/WindowStraightOnesided (4)/Window straight onesided 2x2,5 frame	BoxCollider	enabled=True	trigger=False	center=(12.070, 2.250, 13.000)	size=(0.140, 2.500, 2.000)
BuildingD/Level0/WindowStraightOnesided (15)/Window straight onesided 2x2,5 frame	BoxCollider	enabled=True	trigger=False	center=(2.070, 2.250, 13.000)	size=(0.140, 2.500, 2.000)
BuildingD/Level0/WindowStraightOnesided (8)/Window straight onesided 2x2,5 frame	BoxCollider	enabled=True	trigger=False	center=(12.070, 2.250, 19.000)	size=(0.140, 2.500, 2.000)
BuildingD/Level0/WindowStraightOnesided (16)/Window straight onesided 2x2,5 frame	BoxCollider	enabled=True	trigger=False	center=(2.070, 2.250, 19.000)	size=(0.140, 2.500, 2.000)
BuildingD/Level0/WindowCornerLeft/Window 2x2,5 l frame	MeshCollider	enabled=True	trigger=False	center=(11.070, 2.250, 4.930)	size=(2.140, 2.500, 2.140)
BuildingD/Level0/WindowCornerLeft (1)/Window 2x2,5 l frame	MeshCollider	enabled=True	trigger=False	center=(11.070, 2.250, 21.070)	size=(2.140, 2.500, 2.140)
BuildingD/Level0/Stairs	MeshCollider	enabled=True	trigger=False	center=(2.805, 2.321, 17.667)	size=(1.000, 2.650, 3.500)
BuildingD/Level0/Stairs (1)	MeshCollider	enabled=True	trigger=False	center=(3.668, 2.321, 17.667)	size=(0.725, 2.650, 3.500)
BuildingD/Level0/Wall 1x2,5	BoxCollider	enabled=True	trigger=False	center=(9.500, 2.250, 9.625)	size=(1.000, 2.500, 0.250)
BuildingD/Level0/Wall 1x2,5 (1)	BoxCollider	enabled=True	trigger=False	center=(8.500, 2.250, 9.625)	size=(1.000, 2.500, 0.250)
BuildingD/Level0/Wall 1x2,5 (2)	BoxCollider	enabled=True	trigger=False	center=(10.500, 2.250, 9.625)	size=(1.000, 2.500, 0.250)
BuildingD/Level1/WindowCorner/Window 2x2,5 window	MeshCollider	enabled=True	trigger=False	center=(3.098, 5.034, 6.461)	size=(2.084, 2.425, 2.077)
BuildingD/Level1/WindowCorner/Window 2x2,5 frame	MeshCollider	enabled=True	trigger=False	center=(3.070, 5.040, 6.430)	size=(2.140, 2.500, 2.140)
BuildingD/Level1/WindowCorner (1)/Window 2x2,5 window	MeshCollider	enabled=True	trigger=False	center=(3.101, 5.034, 22.542)	size=(2.077, 2.425, 2.084)
BuildingD/Level1/WindowCorner (1)/Window 2x2,5 frame	MeshCollider	enabled=True	trigger=False	center=(3.070, 5.040, 22.570)	size=(2.140, 2.500, 2.140)
BuildingD/Level1/WindowDoor/Window door frame	BoxCollider	enabled=True	trigger=False	center=(6.000, 5.040, 5.430)	size=(4.000, 2.500, 0.140)
BuildingD/Level1/WindowDoor (1)/Window door frame	BoxCollider	enabled=True	trigger=False	center=(8.000, 5.040, 23.570)	size=(4.000, 2.500, 0.140)
BuildingD/Level1/WindowStraightOnesided/Window straight onesided 2x2,5 frame	BoxCollider	enabled=True	trigger=False	center=(9.000, 5.040, 5.430)	size=(2.000, 2.500, 0.140)
BuildingD/Level1/WindowStraightOnesided (17)/Window straight onesided 2x2,5 frame	BoxCollider	enabled=True	trigger=False	center=(5.000, 5.040, 23.570)	size=(2.000, 2.500, 0.140)
BuildingD/Level1/WindowStraightOnesided (1)/Window straight onesided 2x2,5 frame	BoxCollider	enabled=True	trigger=False	center=(12.070, 5.040, 8.500)	size=(0.140, 2.500, 2.000)
BuildingD/Level1/WindowStraightOnesided (9)/Window straight onesided 2x2,5 frame	BoxCollider	enabled=True	trigger=False	center=(2.070, 5.040, 8.500)	size=(0.140, 2.500, 2.000)
BuildingD/Level1/WindowStraightOnesided (5)/Window straight onesided 2x2,5 frame	BoxCollider	enabled=True	trigger=False	center=(12.070, 5.040, 14.500)	size=(0.140, 2.500, 2.000)
BuildingD/Level1/WindowStraightOnesided (10)/Window straight onesided 2x2,5 frame	BoxCollider	enabled=True	trigger=False	center=(2.070, 5.040, 14.500)	size=(0.140, 2.500, 2.000)
BuildingD/Level1/WindowStraightOnesided (3)/Window straight onesided 2x2,5 frame	BoxCollider	enabled=True	trigger=False	center=(12.070, 5.040, 12.500)	size=(0.140, 2.500, 2.000)
BuildingD/Level1/WindowStraightOnesided (11)/Window straight onesided 2x2,5 frame	BoxCollider	enabled=True	trigger=False	center=(2.070, 5.040, 12.500)	size=(0.140, 2.500, 2.000)
BuildingD/Level1/WindowStraightOnesided (6)/Window straight onesided 2x2,5 frame	BoxCollider	enabled=True	trigger=False	center=(12.070, 5.040, 18.500)	size=(0.140, 2.500, 2.000)
BuildingD/Level1/WindowStraightOnesided (13)/Window straight onesided 2x2,5 frame	BoxCollider	enabled=True	trigger=False	center=(2.070, 5.040, 18.500)	size=(0.140, 2.500, 2.000)
BuildingD/Level1/WindowStraightOnesided (2)/Window straight onesided 2x2,5 frame	BoxCollider	enabled=True	trigger=False	center=(12.070, 5.040, 10.500)	size=(0.140, 2.500, 2.000)
BuildingD/Level1/WindowStraightOnesided (12)/Window straight onesided 2x2,5 frame	BoxCollider	enabled=True	trigger=False	center=(2.070, 5.040, 10.500)	size=(0.140, 2.500, 2.000)
BuildingD/Level1/WindowStraightOnesided (7)/Window straight onesided 2x2,5 frame	BoxCollider	enabled=True	trigger=False	center=(12.070, 5.040, 16.500)	size=(0.140, 2.500, 2.000)
BuildingD/Level1/WindowStraightOnesided (14)/Window straight onesided 2x2,5 frame	BoxCollider	enabled=True	trigger=False	center=(2.070, 5.040, 16.500)	size=(0.140, 2.500, 2.000)
BuildingD/Level1/WindowStraightOnesided (4)/Window straight onesided 2x2,5 frame	BoxCollider	enabled=True	trigger=False	center=(12.070, 5.040, 14.500)	size=(0.140, 2.500, 2.000)
BuildingD/Level1/WindowStraightOnesided (15)/Window straight onesided 2x2,5 frame	BoxCollider	enabled=True	trigger=False	center=(2.070, 5.040, 14.500)	size=(0.140, 2.500, 2.000)
BuildingD/Level1/WindowStraightOnesided (8)/Window straight onesided 2x2,5 frame	BoxCollider	enabled=True	trigger=False	center=(12.070, 5.040, 20.500)	size=(0.140, 2.500, 2.000)
BuildingD/Level1/WindowStraightOnesided (16)/Window straight onesided 2x2,5 frame	BoxCollider	enabled=True	trigger=False	center=(2.070, 5.040, 20.500)	size=(0.140, 2.500, 2.000)
BuildingD/Level1/WindowCornerLeft/Window 2x2,5 l frame	MeshCollider	enabled=True	trigger=False	center=(11.070, 5.040, 6.430)	size=(2.140, 2.500, 2.140)
BuildingD/Level1/WindowCornerLeft (1)/Window 2x2,5 l frame	MeshCollider	enabled=True	trigger=False	center=(11.070, 5.040, 22.570)	size=(2.140, 2.500, 2.140)
BuildingD/Level1/GlasRailing.75mCorner	MeshCollider	enabled=True	trigger=False	center=(0.355, 3.850, 2.354)	size=(0.750, 0.120, 0.750)
BuildingD/Level1/GlasRailing2m	BoxCollider	enabled=True	trigger=False	center=(1.724, 3.850, 2.000)	size=(2.000, 0.120, 0.050)
BuildingD/Level1/GlasRailing2m (6)	BoxCollider	enabled=True	trigger=False	center=(-0.031, 3.850, 5.635)	size=(0.050, 0.120, 2.000)
BuildingD/Level1/GlasRailing2m (9)	BoxCollider	enabled=True	trigger=False	center=(-0.031, 3.850, 12.135)	size=(0.050, 0.120, 2.000)
BuildingD/Level1/GlasRailing2m (12)	BoxCollider	enabled=True	trigger=False	center=(-0.031, 3.850, 18.135)	size=(0.050, 0.120, 2.000)
BuildingD/Level1/GlasRailing2m (7)	BoxCollider	enabled=True	trigger=False	center=(-0.031, 3.850, 7.635)	size=(0.050, 0.120, 2.000)
BuildingD/Level1/GlasRailing2m (10)	BoxCollider	enabled=True	trigger=False	center=(-0.031, 3.850, 14.135)	size=(0.050, 0.120, 2.000)
BuildingD/Level1/GlasRailing2m (13)	BoxCollider	enabled=True	trigger=False	center=(-0.031, 3.850, 20.135)	size=(0.050, 0.120, 2.000)
BuildingD/Level1/GlasRailing2m (8)	BoxCollider	enabled=True	trigger=False	center=(-0.031, 3.850, 9.635)	size=(0.050, 0.120, 2.000)
BuildingD/Level1/GlasRailing2m (11)	BoxCollider	enabled=True	trigger=False	center=(-0.031, 3.850, 16.135)	size=(0.050, 0.120, 2.000)
BuildingD/Level1/GlasRailing2m (14)	BoxCollider	enabled=True	trigger=False	center=(-0.031, 3.850, 22.430)	size=(0.050, 0.120, 2.531)
BuildingD/Level1/GlasRailing2m (1)	BoxCollider	enabled=True	trigger=False	center=(3.724, 3.850, 2.000)	size=(2.000, 0.120, 0.050)
BuildingD/Level1/GlasRailing2m (2)	BoxCollider	enabled=True	trigger=False	center=(5.724, 3.850, 2.000)	size=(2.000, 0.120, 0.050)
BuildingD/Level1/GlasRailing2m (3)	BoxCollider	enabled=True	trigger=False	center=(7.724, 3.850, 2.000)	size=(2.000, 0.120, 0.050)
BuildingD/Level1/GlasRailing2m (4)	BoxCollider	enabled=True	trigger=False	center=(9.724, 3.850, 2.000)	size=(2.000, 0.120, 0.050)
BuildingD/Level1/GlasRailing2m (5)	BoxCollider	enabled=True	trigger=False	center=(11.724, 3.850, 2.000)	size=(2.000, 0.120, 0.050)
BuildingD/Level1/GlasRailing1m	BoxCollider	enabled=True	trigger=False	center=(0.000, 3.850, 3.191)	size=(0.050, 0.120, 1.000)
BuildingD/Level1/GlasRailing1m/window 1m	BoxCollider	enabled=True	trigger=False	center=(0.000, 4.447, 3.191)	size=(0.018, 1.082, 0.990)
BuildingD/Level1/Wall2x2,5	BoxCollider	enabled=True	trigger=False	center=(12.856, 5.040, 3.000)	size=(0.200, 2.500, 2.000)
BuildingD/Level1/Wall2x2,5 (1)	BoxCollider	enabled=True	trigger=False	center=(0.942, 5.040, 10.720)	size=(2.000, 2.500, 0.200)
BuildingD/Level1/Wall2x2,5 (4)	BoxCollider	enabled=True	trigger=False	center=(0.942, 5.040, 23.830)	size=(2.000, 2.500, 0.200)
BuildingD/Level1/Wall 1x2,5	BoxCollider	enabled=True	trigger=False	center=(0.047, 5.040, 4.158)	size=(0.250, 2.500, 1.000)
BuildingD/Level1/Railing2m	BoxCollider	enabled=True	trigger=False	center=(12.896, 4.228, 4.990)	size=(0.071, 0.827, 2.000)
BuildingD/Level1/Railing2m (1)	BoxCollider	enabled=True	trigger=False	center=(12.896, 4.228, 6.990)	size=(0.071, 0.827, 2.000)
BuildingD/Level1/Railing2m (2)	BoxCollider	enabled=True	trigger=False	center=(12.896, 4.228, 8.990)	size=(0.071, 0.827, 2.000)
BuildingD/Level1/Railing2m (3)	BoxCollider	enabled=True	trigger=False	center=(12.896, 4.228, 10.990)	size=(0.071, 0.827, 2.000)
BuildingD/Level1/Railing2m (4)	BoxCollider	enabled=True	trigger=False	center=(12.896, 4.228, 12.990)	size=(0.071, 0.827, 2.000)
BuildingD/Level1/Railing2m (5)	BoxCollider	enabled=True	trigger=False	center=(12.896, 4.228, 14.990)	size=(0.071, 0.827, 2.000)
BuildingD/Level1/Railing2m (6)	BoxCollider	enabled=True	trigger=False	center=(12.896, 4.228, 16.990)	size=(0.071, 0.827, 2.000)
BuildingD/Level1/Railing2m (8)	BoxCollider	enabled=True	trigger=False	center=(12.896, 4.228, 20.990)	size=(0.071, 0.827, 2.000)
BuildingD/Level1/Railing2m (7)	BoxCollider	enabled=True	trigger=False	center=(12.896, 4.228, 18.990)	size=(0.071, 0.827, 2.000)
BuildingD/Level1/RailingCorner1m	MeshCollider	enabled=True	trigger=False	center=(12.436, 4.226, 23.458)	size=(1.016, 0.827, 1.020)
BuildingD/Level1/Railing1m	BoxCollider	enabled=True	trigger=False	center=(12.895, 4.225, 22.453)	size=(0.071, 0.827, 1.000)
BuildingD/Level1/mv_WallSupportElement	MeshCollider	enabled=True	trigger=False	center=(11.589, 5.050, 23.808)	size=(0.675, 2.500, 0.375)
BuildingD/Level1/PoolLight	MeshCollider	enabled=True	trigger=False	center=(10.939, 3.492, 23.787)	size=(0.130, 0.050, 0.130)
BuildingD/Level1/PoolLight (4)	MeshCollider	enabled=True	trigger=False	center=(5.439, 3.492, 23.787)	size=(0.130, 0.050, 0.130)
BuildingD/Level1/PoolLight (2)	MeshCollider	enabled=True	trigger=False	center=(7.939, 3.492, 23.787)	size=(0.130, 0.050, 0.130)
BuildingD/Level1/PoolLight (5)	MeshCollider	enabled=True	trigger=False	center=(2.439, 3.492, 23.787)	size=(0.130, 0.050, 0.130)
BuildingD/Level1/PoolLight (1)	MeshCollider	enabled=True	trigger=False	center=(9.439, 3.492, 23.787)	size=(0.130, 0.050, 0.130)
BuildingD/Level1/PoolLight (6)	MeshCollider	enabled=True	trigger=False	center=(3.939, 3.492, 23.787)	size=(0.130, 0.050, 0.130)
BuildingD/Level1/PoolLight (3)	MeshCollider	enabled=True	trigger=False	center=(6.939, 3.492, 23.787)	size=(0.130, 0.050, 0.130)
BuildingD/Level1/PoolLight (7)	MeshCollider	enabled=True	trigger=False	center=(0.939, 3.492, 23.787)	size=(0.130, 0.050, 0.130)
BuildingD/Level1/Railing2m (9)	BoxCollider	enabled=True	trigger=False	center=(10.267, 4.213, 23.818)	size=(2.000, 0.827, 0.071)
BuildingD/Level1/Railing2m (10)	BoxCollider	enabled=True	trigger=False	center=(8.267, 4.213, 23.818)	size=(2.000, 0.827, 0.071)
BuildingD/Level1/Railing2m (11)	BoxCollider	enabled=True	trigger=False	center=(6.267, 4.213, 23.818)	size=(2.000, 0.827, 0.071)
BuildingD/Level1/Railing2m (12)	BoxCollider	enabled=True	trigger=False	center=(4.267, 4.213, 23.818)	size=(2.000, 0.827, 0.071)
BuildingD/Level1/Railing2m (13)	BoxCollider	enabled=True	trigger=False	center=(2.267, 4.213, 23.818)	size=(2.000, 0.827, 0.071)
BuildingD/Level1 Floor/Roof2x2corner	BoxCollider	enabled=True	trigger=False	center=(0.950, 3.650, 2.950)	size=(2.100, 0.300, 2.100)
BuildingD/Level1 Floor/Roof2x2corner (1)	BoxCollider	enabled=True	trigger=False	center=(12.050, 3.650, 2.950)	size=(2.100, 0.300, 2.100)
BuildingD/Level1 Floor/Roof2x2Side	BoxCollider	enabled=True	trigger=False	center=(3.000, 3.650, 2.950)	size=(2.000, 0.300, 2.100)
BuildingD/Level1 Floor/Roof2x2Side (4)	BoxCollider	enabled=True	trigger=False	center=(0.950, 3.650, 5.000)	size=(2.100, 0.300, 2.000)
BuildingD/Level1 Floor/Roof2x2Side (8)	BoxCollider	enabled=True	trigger=False	center=(0.950, 3.650, 9.000)	size=(2.100, 0.300, 2.000)
BuildingD/Level1 Floor/Roof2x2Side (12)	BoxCollider	enabled=True	trigger=False	center=(0.950, 3.650, 13.000)	size=(2.100, 0.300, 2.000)
BuildingD/Level1 Floor/Roof2x2Side (16)	BoxCollider	enabled=True	trigger=False	center=(0.950, 3.650, 17.000)	size=(2.100, 0.300, 2.000)
BuildingD/Level1 Floor/Roof2x2Side (20)	BoxCollider	enabled=True	trigger=False	center=(0.950, 3.650, 21.000)	size=(2.100, 0.300, 2.000)
BuildingD/Level1 Floor/Roof2x2Side (6)	BoxCollider	enabled=True	trigger=False	center=(0.950, 3.650, 7.000)	size=(2.100, 0.300, 2.000)
BuildingD/Level1 Floor/Roof2x2Side (9)	BoxCollider	enabled=True	trigger=False	center=(0.950, 3.650, 11.000)	size=(2.100, 0.300, 2.000)
BuildingD/Level1 Floor/Roof2x2Side (13)	BoxCollider	enabled=True	trigger=False	center=(0.950, 3.650, 15.000)	size=(2.100, 0.300, 2.000)
BuildingD/Level1 Floor/Roof2x2Side (17)	BoxCollider	enabled=True	trigger=False	center=(0.950, 3.650, 19.000)	size=(2.100, 0.300, 2.000)
BuildingD/Level1 Floor/Roof2x2Side (21)	BoxCollider	enabled=True	trigger=False	center=(0.950, 3.650, 23.000)	size=(2.100, 0.300, 2.000)
BuildingD/Level1 Floor/Roof2x2Side (5)	BoxCollider	enabled=True	trigger=False	center=(12.050, 3.650, 5.000)	size=(2.100, 0.300, 2.000)
BuildingD/Level1 Floor/Roof2x2Side (10)	BoxCollider	enabled=True	trigger=False	center=(12.050, 3.650, 9.000)	size=(2.100, 0.300, 2.000)
BuildingD/Level1 Floor/Roof2x2Side (14)	BoxCollider	enabled=True	trigger=False	center=(12.050, 3.650, 13.000)	size=(2.100, 0.300, 2.000)
BuildingD/Level1 Floor/Roof2x2Side (18)	BoxCollider	enabled=True	trigger=False	center=(12.050, 3.650, 17.000)	size=(2.100, 0.300, 2.000)
BuildingD/Level1 Floor/Roof2x2Side (22)	BoxCollider	enabled=True	trigger=False	center=(12.050, 3.650, 21.000)	size=(2.100, 0.300, 2.000)
BuildingD/Level1 Floor/Roof2x2Side (7)	BoxCollider	enabled=True	trigger=False	center=(12.050, 3.650, 7.000)	size=(2.100, 0.300, 2.000)
BuildingD/Level1 Floor/Roof2x2Side (11)	BoxCollider	enabled=True	trigger=False	center=(12.050, 3.650, 11.000)	size=(2.100, 0.300, 2.000)
BuildingD/Level1 Floor/Roof2x2Side (15)	BoxCollider	enabled=True	trigger=False	center=(12.050, 3.650, 15.000)	size=(2.100, 0.300, 2.000)
BuildingD/Level1 Floor/Roof2x2Side (19)	BoxCollider	enabled=True	trigger=False	center=(12.050, 3.650, 19.000)	size=(2.100, 0.300, 2.000)
BuildingD/Level1 Floor/Roof2x2Side (23)	BoxCollider	enabled=True	trigger=False	center=(12.050, 3.650, 23.000)	size=(2.100, 0.300, 2.000)
BuildingD/Level1 Floor/Roof2x2Side (2)	BoxCollider	enabled=True	trigger=False	center=(7.000, 3.650, 2.950)	size=(2.000, 0.300, 2.100)
BuildingD/Level1 Floor/Roof2x2Side (1)	BoxCollider	enabled=True	trigger=False	center=(5.000, 3.650, 2.950)	size=(2.000, 0.300, 2.100)
BuildingD/Level1 Floor/Roof2x2Side (3)	BoxCollider	enabled=True	trigger=False	center=(9.000, 3.650, 2.950)	size=(2.000, 0.300, 2.100)
BuildingD/Level1 Floor/Roof1x1Side	BoxCollider	enabled=True	trigger=False	center=(10.500, 3.650, 2.450)	size=(1.000, 0.300, 1.100)
BuildingD/Level1 Floor/Roof1x1	BoxCollider	enabled=True	trigger=False	center=(10.500, 3.650, 3.500)	size=(1.000, 0.300, 1.000)
BuildingD/Level1 Floor/Roof1x1 (1)	BoxCollider	enabled=True	trigger=False	center=(10.500, 3.650, 4.500)	size=(1.000, 0.300, 1.000)
BuildingD/Level1 Floor/Roof1x1 (5)	BoxCollider	enabled=True	trigger=False	center=(10.500, 3.650, 8.500)	size=(1.000, 0.300, 1.000)
BuildingD/Level1 Floor/Roof1x1 (9)	BoxCollider	enabled=True	trigger=False	center=(10.500, 3.650, 12.500)	size=(1.000, 0.300, 1.000)
BuildingD/Level1 Floor/Roof1x1 (13)	BoxCollider	enabled=True	trigger=False	center=(10.500, 3.650, 16.500)	size=(1.000, 0.300, 1.000)
BuildingD/Level1 Floor/Roof1x1 (17)	BoxCollider	enabled=True	trigger=False	center=(10.500, 3.650, 20.500)	size=(1.000, 0.300, 1.000)
BuildingD/Level1 Floor/Roof1x1 (3)	BoxCollider	enabled=True	trigger=False	center=(10.500, 3.650, 6.500)	size=(1.000, 0.300, 1.000)
BuildingD/Level1 Floor/Roof1x1 (6)	BoxCollider	enabled=True	trigger=False	center=(10.500, 3.650, 10.500)	size=(1.000, 0.300, 1.000)
BuildingD/Level1 Floor/Roof1x1 (10)	BoxCollider	enabled=True	trigger=False	center=(10.500, 3.650, 14.500)	size=(1.000, 0.300, 1.000)
BuildingD/Level1 Floor/Roof1x1 (14)	BoxCollider	enabled=True	trigger=False	center=(10.500, 3.650, 18.500)	size=(1.000, 0.300, 1.000)
BuildingD/Level1 Floor/Roof1x1 (18)	BoxCollider	enabled=True	trigger=False	center=(10.500, 3.650, 22.500)	size=(1.000, 0.300, 1.000)
BuildingD/Level1 Floor/Roof1x1 (2)	BoxCollider	enabled=True	trigger=False	center=(10.500, 3.650, 5.500)	size=(1.000, 0.300, 1.000)
BuildingD/Level1 Floor/Roof1x1 (7)	BoxCollider	enabled=True	trigger=False	center=(10.500, 3.650, 9.500)	size=(1.000, 0.300, 1.000)
BuildingD/Level1 Floor/Roof1x1 (11)	BoxCollider	enabled=True	trigger=False	center=(10.500, 3.650, 13.500)	size=(1.000, 0.300, 1.000)
BuildingD/Level1 Floor/Roof1x1 (15)	BoxCollider	enabled=True	trigger=False	center=(10.500, 3.650, 17.500)	size=(1.000, 0.300, 1.000)
BuildingD/Level1 Floor/Roof1x1 (19)	BoxCollider	enabled=True	trigger=False	center=(10.500, 3.650, 21.500)	size=(1.000, 0.300, 1.000)
BuildingD/Level1 Floor/Roof1x1 (4)	BoxCollider	enabled=True	trigger=False	center=(10.500, 3.650, 7.500)	size=(1.000, 0.300, 1.000)
BuildingD/Level1 Floor/Roof1x1 (8)	BoxCollider	enabled=True	trigger=False	center=(10.500, 3.650, 11.500)	size=(1.000, 0.300, 1.000)
BuildingD/Level1 Floor/Roof1x1 (12)	BoxCollider	enabled=True	trigger=False	center=(10.500, 3.650, 15.500)	size=(1.000, 0.300, 1.000)
BuildingD/Level1 Floor/Roof1x1 (16)	BoxCollider	enabled=True	trigger=False	center=(10.500, 3.650, 19.500)	size=(1.000, 0.300, 1.000)
BuildingD/Level1 Floor/Roof1x1 (20)	BoxCollider	enabled=True	trigger=False	center=(10.500, 3.650, 23.500)	size=(1.000, 0.300, 1.000)
BuildingD/Level1 Floor/Roof2x2	BoxCollider	enabled=True	trigger=False	center=(3.000, 3.650, 5.000)	size=(2.000, 0.300, 2.000)
BuildingD/Level1 Floor/Roof2x2 (8)	BoxCollider	enabled=True	trigger=False	center=(3.000, 3.650, 9.000)	size=(2.000, 0.300, 2.000)
BuildingD/Level1 Floor/Roof2x2 (16)	BoxCollider	enabled=True	trigger=False	center=(3.000, 3.650, 13.000)	size=(2.000, 0.300, 2.000)
BuildingD/Level1 Floor/Roof2x2 (32)	BoxCollider	enabled=True	trigger=False	center=(3.000, 3.650, 21.000)	size=(2.000, 0.300, 2.000)
BuildingD/Level1 Floor/Roof2x2 (4)	BoxCollider	enabled=True	trigger=False	center=(3.000, 3.650, 7.000)	size=(2.000, 0.300, 2.000)
BuildingD/Level1 Floor/Roof2x2 (9)	BoxCollider	enabled=True	trigger=False	center=(3.000, 3.650, 11.000)	size=(2.000, 0.300, 2.000)
BuildingD/Level1 Floor/Roof2x2 (17)	BoxCollider	enabled=True	trigger=False	center=(3.000, 3.650, 15.000)	size=(2.000, 0.300, 2.000)
BuildingD/Level1 Floor/Roof2x2 (33)	BoxCollider	enabled=True	trigger=False	center=(3.000, 3.650, 23.000)	size=(2.000, 0.300, 2.000)
BuildingD/Level1 Floor/Roof2x2 (2)	BoxCollider	enabled=True	trigger=False	center=(7.000, 3.650, 5.000)	size=(2.000, 0.300, 2.000)
BuildingD/Level1 Floor/Roof2x2 (10)	BoxCollider	enabled=True	trigger=False	center=(7.000, 3.650, 9.000)	size=(2.000, 0.300, 2.000)
BuildingD/Level1 Floor/Roof2x2 (18)	BoxCollider	enabled=True	trigger=False	center=(7.000, 3.650, 13.000)	size=(2.000, 0.300, 2.000)
BuildingD/Level1 Floor/Roof2x2 (26)	BoxCollider	enabled=True	trigger=False	center=(7.000, 3.650, 17.000)	size=(2.000, 0.300, 2.000)
BuildingD/Level1 Floor/Roof2x2 (34)	BoxCollider	enabled=True	trigger=False	center=(7.000, 3.650, 21.000)	size=(2.000, 0.300, 2.000)
BuildingD/Level1 Floor/Roof2x2 (5)	BoxCollider	enabled=True	trigger=False	center=(7.000, 3.650, 7.000)	size=(2.000, 0.300, 2.000)
BuildingD/Level1 Floor/Roof2x2 (11)	BoxCollider	enabled=True	trigger=False	center=(7.000, 3.650, 11.000)	size=(2.000, 0.300, 2.000)
BuildingD/Level1 Floor/Roof2x2 (19)	BoxCollider	enabled=True	trigger=False	center=(7.000, 3.650, 15.000)	size=(2.000, 0.300, 2.000)
BuildingD/Level1 Floor/Roof2x2 (27)	BoxCollider	enabled=True	trigger=False	center=(7.000, 3.650, 19.000)	size=(2.000, 0.300, 2.000)
BuildingD/Level1 Floor/Roof2x2 (35)	BoxCollider	enabled=True	trigger=False	center=(7.000, 3.650, 23.000)	size=(2.000, 0.300, 2.000)
BuildingD/Level1 Floor/Roof2x2 (1)	BoxCollider	enabled=True	trigger=False	center=(5.000, 3.650, 5.000)	size=(2.000, 0.300, 2.000)
BuildingD/Level1 Floor/Roof2x2 (12)	BoxCollider	enabled=True	trigger=False	center=(5.000, 3.650, 9.000)	size=(2.000, 0.300, 2.000)
BuildingD/Level1 Floor/Roof2x2 (20)	BoxCollider	enabled=True	trigger=False	center=(5.000, 3.650, 13.000)	size=(2.000, 0.300, 2.000)
BuildingD/Level1 Floor/Roof2x2 (28)	BoxCollider	enabled=True	trigger=False	center=(5.000, 3.650, 17.000)	size=(2.000, 0.300, 2.000)
BuildingD/Level1 Floor/Roof2x2 (36)	BoxCollider	enabled=True	trigger=False	center=(5.000, 3.650, 21.000)	size=(2.000, 0.300, 2.000)
BuildingD/Level1 Floor/Roof2x2 (6)	BoxCollider	enabled=True	trigger=False	center=(5.000, 3.650, 7.000)	size=(2.000, 0.300, 2.000)
BuildingD/Level1 Floor/Roof2x2 (13)	BoxCollider	enabled=True	trigger=False	center=(5.000, 3.650, 11.000)	size=(2.000, 0.300, 2.000)
BuildingD/Level1 Floor/Roof2x2 (21)	BoxCollider	enabled=True	trigger=False	center=(5.000, 3.650, 15.000)	size=(2.000, 0.300, 2.000)
BuildingD/Level1 Floor/Roof2x2 (29)	BoxCollider	enabled=True	trigger=False	center=(5.000, 3.650, 19.000)	size=(2.000, 0.300, 2.000)
BuildingD/Level1 Floor/Roof2x2 (37)	BoxCollider	enabled=True	trigger=False	center=(5.000, 3.650, 23.000)	size=(2.000, 0.300, 2.000)
BuildingD/Level1 Floor/Roof2x2 (3)	BoxCollider	enabled=True	trigger=False	center=(9.000, 3.650, 5.000)	size=(2.000, 0.300, 2.000)
BuildingD/Level1 Floor/Roof2x2 (14)	BoxCollider	enabled=True	trigger=False	center=(9.000, 3.650, 9.000)	size=(2.000, 0.300, 2.000)
BuildingD/Level1 Floor/Roof2x2 (22)	BoxCollider	enabled=True	trigger=False	center=(9.000, 3.650, 13.000)	size=(2.000, 0.300, 2.000)
BuildingD/Level1 Floor/Roof2x2 (30)	BoxCollider	enabled=True	trigger=False	center=(9.000, 3.650, 17.000)	size=(2.000, 0.300, 2.000)
BuildingD/Level1 Floor/Roof2x2 (38)	BoxCollider	enabled=True	trigger=False	center=(9.000, 3.650, 21.000)	size=(2.000, 0.300, 2.000)
BuildingD/Level1 Floor/Roof2x2 (7)	BoxCollider	enabled=True	trigger=False	center=(9.000, 3.650, 7.000)	size=(2.000, 0.300, 2.000)
BuildingD/Level1 Floor/Roof2x2 (15)	BoxCollider	enabled=True	trigger=False	center=(9.000, 3.650, 11.000)	size=(2.000, 0.300, 2.000)
BuildingD/Level1 Floor/Roof2x2 (23)	BoxCollider	enabled=True	trigger=False	center=(9.000, 3.650, 15.000)	size=(2.000, 0.300, 2.000)
BuildingD/Level1 Floor/Roof2x2 (31)	BoxCollider	enabled=True	trigger=False	center=(9.000, 3.650, 19.000)	size=(2.000, 0.300, 2.000)
BuildingD/Level1 Floor/Roof2x2 (39)	BoxCollider	enabled=True	trigger=False	center=(9.000, 3.650, 23.000)	size=(2.000, 0.300, 2.000)
BuildingD/Level2 Floor/Roof2x2corner	BoxCollider	enabled=True	trigger=False	center=(0.950, 6.440, 2.950)	size=(2.100, 0.300, 2.100)
BuildingD/Level2 Floor/Roof2x2corner (1)	BoxCollider	enabled=True	trigger=False	center=(12.050, 6.440, 2.950)	size=(2.100, 0.300, 2.100)
BuildingD/Level2 Floor/Roof2x2Side	BoxCollider	enabled=True	trigger=False	center=(3.000, 6.440, 2.950)	size=(2.000, 0.300, 2.100)
BuildingD/Level2 Floor/Roof2x2Side (4)	BoxCollider	enabled=True	trigger=False	center=(0.950, 6.440, 5.000)	size=(2.100, 0.300, 2.000)
BuildingD/Level2 Floor/Roof2x2Side (8)	BoxCollider	enabled=True	trigger=False	center=(0.950, 6.440, 9.000)	size=(2.100, 0.300, 2.000)
BuildingD/Level2 Floor/Roof2x2Side (12)	BoxCollider	enabled=True	trigger=False	center=(0.950, 6.440, 13.000)	size=(2.100, 0.300, 2.000)
BuildingD/Level2 Floor/Roof2x2Side (16)	BoxCollider	enabled=True	trigger=False	center=(0.950, 6.440, 17.000)	size=(2.100, 0.300, 2.000)
BuildingD/Level2 Floor/Roof2x2Side (20)	BoxCollider	enabled=True	trigger=False	center=(0.950, 6.440, 21.000)	size=(2.100, 0.300, 2.000)
BuildingD/Level2 Floor/Roof2x2Side (6)	BoxCollider	enabled=True	trigger=False	center=(0.950, 6.440, 7.000)	size=(2.100, 0.300, 2.000)
BuildingD/Level2 Floor/Roof2x2Side (9)	BoxCollider	enabled=True	trigger=False	center=(0.950, 6.440, 11.000)	size=(2.100, 0.300, 2.000)
BuildingD/Level2 Floor/Roof2x2Side (13)	BoxCollider	enabled=True	trigger=False	center=(0.950, 6.440, 15.000)	size=(2.100, 0.300, 2.000)
BuildingD/Level2 Floor/Roof2x2Side (17)	BoxCollider	enabled=True	trigger=False	center=(0.950, 6.440, 19.000)	size=(2.100, 0.300, 2.000)
BuildingD/Level2 Floor/Roof2x2Side (21)	BoxCollider	enabled=True	trigger=False	center=(0.950, 6.440, 23.000)	size=(2.100, 0.300, 2.000)
BuildingD/Level2 Floor/Roof2x2Side (5)	BoxCollider	enabled=True	trigger=False	center=(12.050, 6.440, 5.000)	size=(2.100, 0.300, 2.000)
BuildingD/Level2 Floor/Roof2x2Side (10)	BoxCollider	enabled=True	trigger=False	center=(12.050, 6.440, 9.000)	size=(2.100, 0.300, 2.000)
BuildingD/Level2 Floor/Roof2x2Side (14)	BoxCollider	enabled=True	trigger=False	center=(12.050, 6.440, 13.000)	size=(2.100, 0.300, 2.000)
BuildingD/Level2 Floor/Roof2x2Side (18)	BoxCollider	enabled=True	trigger=False	center=(12.050, 6.440, 17.000)	size=(2.100, 0.300, 2.000)
BuildingD/Level2 Floor/Roof2x2Side (22)	BoxCollider	enabled=True	trigger=False	center=(12.050, 6.440, 21.000)	size=(2.100, 0.300, 2.000)
BuildingD/Level2 Floor/Roof2x2Side (7)	BoxCollider	enabled=True	trigger=False	center=(12.050, 6.440, 7.000)	size=(2.100, 0.300, 2.000)
BuildingD/Level2 Floor/Roof2x2Side (11)	BoxCollider	enabled=True	trigger=False	center=(12.050, 6.440, 11.000)	size=(2.100, 0.300, 2.000)
BuildingD/Level2 Floor/Roof2x2Side (15)	BoxCollider	enabled=True	trigger=False	center=(12.050, 6.440, 15.000)	size=(2.100, 0.300, 2.000)
BuildingD/Level2 Floor/Roof2x2Side (19)	BoxCollider	enabled=True	trigger=False	center=(12.050, 6.440, 19.000)	size=(2.100, 0.300, 2.000)
BuildingD/Level2 Floor/Roof2x2Side (23)	BoxCollider	enabled=True	trigger=False	center=(12.050, 6.440, 23.000)	size=(2.100, 0.300, 2.000)
BuildingD/Level2 Floor/Roof2x2Side (2)	BoxCollider	enabled=True	trigger=False	center=(7.000, 6.440, 2.950)	size=(2.000, 0.300, 2.100)
BuildingD/Level2 Floor/Roof2x2Side (1)	BoxCollider	enabled=True	trigger=False	center=(5.000, 6.440, 2.950)	size=(2.000, 0.300, 2.100)
BuildingD/Level2 Floor/Roof2x2Side (3)	BoxCollider	enabled=True	trigger=False	center=(9.000, 6.440, 2.950)	size=(2.000, 0.300, 2.100)
BuildingD/Level2 Floor/Roof1x1Side	BoxCollider	enabled=True	trigger=False	center=(10.500, 6.440, 2.450)	size=(1.000, 0.300, 1.100)
BuildingD/Level2 Floor/Roof1x1	BoxCollider	enabled=True	trigger=False	center=(10.500, 6.440, 3.500)	size=(1.000, 0.300, 1.000)
BuildingD/Level2 Floor/Roof1x1 (1)	BoxCollider	enabled=True	trigger=False	center=(10.500, 6.440, 4.500)	size=(1.000, 0.300, 1.000)
BuildingD/Level2 Floor/Roof1x1 (5)	BoxCollider	enabled=True	trigger=False	center=(10.500, 6.440, 8.500)	size=(1.000, 0.300, 1.000)
BuildingD/Level2 Floor/Roof1x1 (9)	BoxCollider	enabled=True	trigger=False	center=(10.500, 6.440, 12.500)	size=(1.000, 0.300, 1.000)
BuildingD/Level2 Floor/Roof1x1 (13)	BoxCollider	enabled=True	trigger=False	center=(10.500, 6.440, 16.500)	size=(1.000, 0.300, 1.000)
BuildingD/Level2 Floor/Roof1x1 (17)	BoxCollider	enabled=True	trigger=False	center=(10.500, 6.440, 20.500)	size=(1.000, 0.300, 1.000)
BuildingD/Level2 Floor/Roof1x1 (3)	BoxCollider	enabled=True	trigger=False	center=(10.500, 6.440, 6.500)	size=(1.000, 0.300, 1.000)
BuildingD/Level2 Floor/Roof1x1 (6)	BoxCollider	enabled=True	trigger=False	center=(10.500, 6.440, 10.500)	size=(1.000, 0.300, 1.000)
BuildingD/Level2 Floor/Roof1x1 (10)	BoxCollider	enabled=True	trigger=False	center=(10.500, 6.440, 14.500)	size=(1.000, 0.300, 1.000)
BuildingD/Level2 Floor/Roof1x1 (14)	BoxCollider	enabled=True	trigger=False	center=(10.500, 6.440, 18.500)	size=(1.000, 0.300, 1.000)
BuildingD/Level2 Floor/Roof1x1 (18)	BoxCollider	enabled=True	trigger=False	center=(10.500, 6.440, 22.500)	size=(1.000, 0.300, 1.000)
BuildingD/Level2 Floor/Roof1x1 (2)	BoxCollider	enabled=True	trigger=False	center=(10.500, 6.440, 5.500)	size=(1.000, 0.300, 1.000)
BuildingD/Level2 Floor/Roof1x1 (7)	BoxCollider	enabled=True	trigger=False	center=(10.500, 6.440, 9.500)	size=(1.000, 0.300, 1.000)
BuildingD/Level2 Floor/Roof1x1 (11)	BoxCollider	enabled=True	trigger=False	center=(10.500, 6.440, 13.500)	size=(1.000, 0.300, 1.000)
BuildingD/Level2 Floor/Roof1x1 (15)	BoxCollider	enabled=True	trigger=False	center=(10.500, 6.440, 17.500)	size=(1.000, 0.300, 1.000)
BuildingD/Level2 Floor/Roof1x1 (19)	BoxCollider	enabled=True	trigger=False	center=(10.500, 6.440, 21.500)	size=(1.000, 0.300, 1.000)
BuildingD/Level2 Floor/Roof1x1 (4)	BoxCollider	enabled=True	trigger=False	center=(10.500, 6.440, 7.500)	size=(1.000, 0.300, 1.000)
BuildingD/Level2 Floor/Roof1x1 (8)	BoxCollider	enabled=True	trigger=False	center=(10.500, 6.440, 11.500)	size=(1.000, 0.300, 1.000)
BuildingD/Level2 Floor/Roof1x1 (12)	BoxCollider	enabled=True	trigger=False	center=(10.500, 6.440, 15.500)	size=(1.000, 0.300, 1.000)
BuildingD/Level2 Floor/Roof1x1 (16)	BoxCollider	enabled=True	trigger=False	center=(10.500, 6.440, 19.500)	size=(1.000, 0.300, 1.000)
BuildingD/Level2 Floor/Roof1x1 (20)	BoxCollider	enabled=True	trigger=False	center=(10.500, 6.440, 23.500)	size=(1.000, 0.300, 1.000)
BuildingD/Level2 Floor/Roof2x2	BoxCollider	enabled=True	trigger=False	center=(3.000, 6.440, 5.000)	size=(2.000, 0.300, 2.000)
BuildingD/Level2 Floor/Roof2x2 (8)	BoxCollider	enabled=True	trigger=False	center=(3.000, 6.440, 9.000)	size=(2.000, 0.300, 2.000)
BuildingD/Level2 Floor/Roof2x2 (16)	BoxCollider	enabled=True	trigger=False	center=(3.000, 6.440, 13.000)	size=(2.000, 0.300, 2.000)
BuildingD/Level2 Floor/Roof2x2 (24)	BoxCollider	enabled=True	trigger=False	center=(3.000, 6.440, 17.000)	size=(2.000, 0.300, 2.000)
BuildingD/Level2 Floor/Roof2x2 (32)	BoxCollider	enabled=True	trigger=False	center=(3.000, 6.440, 21.000)	size=(2.000, 0.300, 2.000)
BuildingD/Level2 Floor/Roof2x2 (4)	BoxCollider	enabled=True	trigger=False	center=(3.000, 6.440, 7.000)	size=(2.000, 0.300, 2.000)
BuildingD/Level2 Floor/Roof2x2 (9)	BoxCollider	enabled=True	trigger=False	center=(3.000, 6.440, 11.000)	size=(2.000, 0.300, 2.000)
BuildingD/Level2 Floor/Roof2x2 (17)	BoxCollider	enabled=True	trigger=False	center=(3.000, 6.440, 15.000)	size=(2.000, 0.300, 2.000)
BuildingD/Level2 Floor/Roof2x2 (25)	BoxCollider	enabled=True	trigger=False	center=(3.000, 6.440, 19.000)	size=(2.000, 0.300, 2.000)
BuildingD/Level2 Floor/Roof2x2 (33)	BoxCollider	enabled=True	trigger=False	center=(3.000, 6.440, 23.000)	size=(2.000, 0.300, 2.000)
BuildingD/Level2 Floor/Roof2x2 (2)	BoxCollider	enabled=True	trigger=False	center=(7.000, 6.440, 5.000)	size=(2.000, 0.300, 2.000)
BuildingD/Level2 Floor/Roof2x2 (10)	BoxCollider	enabled=True	trigger=False	center=(7.000, 6.440, 9.000)	size=(2.000, 0.300, 2.000)
BuildingD/Level2 Floor/Roof2x2 (18)	BoxCollider	enabled=True	trigger=False	center=(7.000, 6.440, 13.000)	size=(2.000, 0.300, 2.000)
BuildingD/Level2 Floor/Roof2x2 (26)	BoxCollider	enabled=True	trigger=False	center=(7.000, 6.440, 17.000)	size=(2.000, 0.300, 2.000)
BuildingD/Level2 Floor/Roof2x2 (34)	BoxCollider	enabled=True	trigger=False	center=(7.000, 6.440, 21.000)	size=(2.000, 0.300, 2.000)
BuildingD/Level2 Floor/Roof2x2 (5)	BoxCollider	enabled=True	trigger=False	center=(7.000, 6.440, 7.000)	size=(2.000, 0.300, 2.000)
BuildingD/Level2 Floor/Roof2x2 (11)	BoxCollider	enabled=True	trigger=False	center=(7.000, 6.440, 11.000)	size=(2.000, 0.300, 2.000)
BuildingD/Level2 Floor/Roof2x2 (19)	BoxCollider	enabled=True	trigger=False	center=(7.000, 6.440, 15.000)	size=(2.000, 0.300, 2.000)
BuildingD/Level2 Floor/Roof2x2 (27)	BoxCollider	enabled=True	trigger=False	center=(7.000, 6.440, 19.000)	size=(2.000, 0.300, 2.000)
BuildingD/Level2 Floor/Roof2x2 (35)	BoxCollider	enabled=True	trigger=False	center=(7.000, 6.440, 23.000)	size=(2.000, 0.300, 2.000)
BuildingD/Level2 Floor/Roof2x2 (1)	BoxCollider	enabled=True	trigger=False	center=(5.000, 6.440, 5.000)	size=(2.000, 0.300, 2.000)
BuildingD/Level2 Floor/Roof2x2 (12)	BoxCollider	enabled=True	trigger=False	center=(5.000, 6.440, 9.000)	size=(2.000, 0.300, 2.000)
BuildingD/Level2 Floor/Roof2x2 (20)	BoxCollider	enabled=True	trigger=False	center=(5.000, 6.440, 13.000)	size=(2.000, 0.300, 2.000)
BuildingD/Level2 Floor/Roof2x2 (28)	BoxCollider	enabled=True	trigger=False	center=(5.000, 6.440, 17.000)	size=(2.000, 0.300, 2.000)
BuildingD/Level2 Floor/Roof2x2 (36)	BoxCollider	enabled=True	trigger=False	center=(5.000, 6.440, 21.000)	size=(2.000, 0.300, 2.000)
BuildingD/Level2 Floor/Roof2x2 (6)	BoxCollider	enabled=True	trigger=False	center=(5.000, 6.440, 7.000)	size=(2.000, 0.300, 2.000)
BuildingD/Level2 Floor/Roof2x2 (13)	BoxCollider	enabled=True	trigger=False	center=(5.000, 6.440, 11.000)	size=(2.000, 0.300, 2.000)
BuildingD/Level2 Floor/Roof2x2 (21)	BoxCollider	enabled=True	trigger=False	center=(5.000, 6.440, 15.000)	size=(2.000, 0.300, 2.000)
BuildingD/Level2 Floor/Roof2x2 (29)	BoxCollider	enabled=True	trigger=False	center=(5.000, 6.440, 19.000)	size=(2.000, 0.300, 2.000)
BuildingD/Level2 Floor/Roof2x2 (37)	BoxCollider	enabled=True	trigger=False	center=(5.000, 6.440, 23.000)	size=(2.000, 0.300, 2.000)
BuildingD/Level2 Floor/Roof2x2 (3)	BoxCollider	enabled=True	trigger=False	center=(9.000, 6.440, 5.000)	size=(2.000, 0.300, 2.000)
BuildingD/Level2 Floor/Roof2x2 (14)	BoxCollider	enabled=True	trigger=False	center=(9.000, 6.440, 9.000)	size=(2.000, 0.300, 2.000)
BuildingD/Level2 Floor/Roof2x2 (22)	BoxCollider	enabled=True	trigger=False	center=(9.000, 6.440, 13.000)	size=(2.000, 0.300, 2.000)
BuildingD/Level2 Floor/Roof2x2 (30)	BoxCollider	enabled=True	trigger=False	center=(9.000, 6.440, 17.000)	size=(2.000, 0.300, 2.000)
BuildingD/Level2 Floor/Roof2x2 (38)	BoxCollider	enabled=True	trigger=False	center=(9.000, 6.440, 21.000)	size=(2.000, 0.300, 2.000)
BuildingD/Level2 Floor/Roof2x2 (7)	BoxCollider	enabled=True	trigger=False	center=(9.000, 6.440, 7.000)	size=(2.000, 0.300, 2.000)
BuildingD/Level2 Floor/Roof2x2 (15)	BoxCollider	enabled=True	trigger=False	center=(9.000, 6.440, 11.000)	size=(2.000, 0.300, 2.000)
BuildingD/Level2 Floor/Roof2x2 (23)	BoxCollider	enabled=True	trigger=False	center=(9.000, 6.440, 15.000)	size=(2.000, 0.300, 2.000)
BuildingD/Level2 Floor/Roof2x2 (31)	BoxCollider	enabled=True	trigger=False	center=(9.000, 6.440, 19.000)	size=(2.000, 0.300, 2.000)
BuildingD/Level2 Floor/Roof2x2 (39)	BoxCollider	enabled=True	trigger=False	center=(9.000, 6.440, 23.000)	size=(2.000, 0.300, 2.000)
BuildingD/mv_WallSupportElement	MeshCollider	enabled=True	trigger=False	center=(0.298, 2.277, 23.820)	size=(0.675, 2.500, 0.375)
BuildingD/mv_WallSupportElement (5)	MeshCollider	enabled=True	trigger=False	center=(12.298, 2.277, 23.820)	size=(0.675, 2.500, 0.375)
BuildingD/mv_WallSupportElement (1)	MeshCollider	enabled=True	trigger=False	center=(0.297, 2.277, 20.820)	size=(0.675, 2.500, 0.375)
BuildingD/mv_WallSupportElement (2)	MeshCollider	enabled=True	trigger=False	center=(0.297, 2.277, 15.820)	size=(0.675, 2.500, 0.375)
BuildingD/mv_WallSupportElement (3)	MeshCollider	enabled=True	trigger=False	center=(0.297, 2.277, 11.820)	size=(0.675, 2.500, 0.375)
BuildingD/mv_WallSupportElement (4)	MeshCollider	enabled=True	trigger=False	center=(0.297, 2.277, 7.820)	size=(0.675, 2.500, 0.375)
BuildingD/Level0 Objects/DiningTableB Variant (1)	MeshCollider	enabled=True	trigger=False	center=(5.150, 1.363, 13.000)	size=(2.986, 0.745, 0.990)
BuildingD/Level0 Objects/DiningTableB Variant (1)/DiningChairB Variant	MeshCollider	enabled=True	trigger=False	center=(4.167, 1.536, 12.196)	size=(0.549, 1.072, 0.653)
BuildingD/Level0 Objects/DiningTableB Variant (1)/DiningChairB Variant (3)	MeshCollider	enabled=True	trigger=False	center=(4.167, 1.536, 13.856)	size=(0.549, 1.072, 0.653)
BuildingD/Level0 Objects/DiningTableB Variant (1)/DiningChairB Variant (1)	MeshCollider	enabled=True	trigger=False	center=(5.167, 1.536, 12.195)	size=(0.549, 1.072, 0.653)
BuildingD/Level0 Objects/DiningTableB Variant (1)/DiningChairB Variant (4)	MeshCollider	enabled=True	trigger=False	center=(5.167, 1.536, 13.856)	size=(0.549, 1.072, 0.653)
BuildingD/Level0 Objects/DiningTableB Variant (1)/DiningChairB Variant (2)	MeshCollider	enabled=True	trigger=False	center=(6.167, 1.536, 12.195)	size=(0.549, 1.072, 0.653)
BuildingD/Level0 Objects/DiningTableB Variant (1)/DiningChairB Variant (5)	MeshCollider	enabled=True	trigger=False	center=(6.167, 1.536, 13.855)	size=(0.549, 1.072, 0.653)
BuildingD/Level0 Objects/DiningTableB Variant (1)/Objects/VaseA	MeshCollider	enabled=True	trigger=False	center=(4.710, 1.974, 12.994)	size=(0.230, 0.475, 0.292)
BuildingD/Level0 Objects/DiningTableB Variant (1)/Objects/Placeholder Deck	MeshCollider	enabled=True	trigger=False	center=(6.122, 1.738, 13.252)	size=(0.564, 0.004, 0.443)
BuildingD/Level0 Objects/DiningTableB Variant (1)/Objects/Placeholder Deck/LargeAntipastiPlate	MeshCollider	enabled=True	trigger=False	center=(6.122, 1.746, 13.252)	size=(0.318, 0.017, 0.318)
BuildingD/Level0 Objects/DiningTableB Variant (1)/Objects/Placeholder Deck/SmallPlate	MeshCollider	enabled=True	trigger=False	center=(6.122, 1.748, 13.252)	size=(0.235, 0.016, 0.235)
BuildingD/Level0 Objects/DiningTableB Variant (1)/Objects/Placeholder Deck/SoupBowl	MeshCollider	enabled=True	trigger=False	center=(6.122, 1.770, 13.252)	size=(0.245, 0.055, 0.245)
BuildingD/Level0 Objects/DiningTableB Variant (1)/Objects/Placeholder Deck/Fork	MeshCollider	enabled=True	trigger=False	center=(5.905, 1.741, 13.289)	size=(0.034, 0.044, 0.197)
BuildingD/Level0 Objects/DiningTableB Variant (1)/Objects/Placeholder Deck/Fork (1)	MeshCollider	enabled=True	trigger=False	center=(5.942, 1.741, 13.317)	size=(0.034, 0.044, 0.197)
BuildingD/Level0 Objects/DiningTableB Variant (1)/Objects/Placeholder Deck/Knife	MeshCollider	enabled=True	trigger=False	center=(6.317, 1.740, 13.294)	size=(0.019, 0.006, 0.231)
BuildingD/Level0 Objects/DiningTableB Variant (1)/Objects/Placeholder Deck/Spoon	MeshCollider	enabled=True	trigger=False	center=(6.355, 1.747, 13.233)	size=(0.057, 0.019, 0.234)
BuildingD/Level0 Objects/DiningTableB Variant (1)/Objects/Placeholder Deck/LongSpoon Variant	MeshCollider	enabled=True	trigger=False	center=(6.122, 1.738, 13.077)	size=(0.279, 0.036, 0.026)
BuildingD/Level0 Objects/DiningTableB Variant (1)/Objects/Placeholder Deck/RedWineGlas	MeshCollider	enabled=True	trigger=False	center=(6.313, 1.850, 13.089)	size=(0.099, 0.225, 0.099)
BuildingD/Level0 Objects/DiningTableB Variant (1)/Objects/Placeholder Deck (3)	MeshCollider	enabled=True	trigger=False	center=(6.122, 1.738, 12.737)	size=(0.564, 0.004, 0.443)
BuildingD/Level0 Objects/DiningTableB Variant (1)/Objects/Placeholder Deck (3)/LargeAntipastiPlate	MeshCollider	enabled=True	trigger=False	center=(6.122, 1.746, 12.737)	size=(0.318, 0.017, 0.318)
BuildingD/Level0 Objects/DiningTableB Variant (1)/Objects/Placeholder Deck (3)/SmallPlate	MeshCollider	enabled=True	trigger=False	center=(6.122, 1.748, 12.737)	size=(0.235, 0.016, 0.235)
BuildingD/Level0 Objects/DiningTableB Variant (1)/Objects/Placeholder Deck (3)/SoupBowl	MeshCollider	enabled=True	trigger=False	center=(6.122, 1.770, 12.737)	size=(0.245, 0.055, 0.245)
BuildingD/Level0 Objects/DiningTableB Variant (1)/Objects/Placeholder Deck (3)/Fork	MeshCollider	enabled=True	trigger=False	center=(6.339, 1.741, 12.700)	size=(0.034, 0.044, 0.197)
BuildingD/Level0 Objects/DiningTableB Variant (1)/Objects/Placeholder Deck (3)/Fork (1)	MeshCollider	enabled=True	trigger=False	center=(6.302, 1.741, 12.672)	size=(0.034, 0.044, 0.197)
BuildingD/Level0 Objects/DiningTableB Variant (1)/Objects/Placeholder Deck (3)/Knife	MeshCollider	enabled=True	trigger=False	center=(5.927, 1.740, 12.695)	size=(0.019, 0.006, 0.231)
BuildingD/Level0 Objects/DiningTableB Variant (1)/Objects/Placeholder Deck (3)/Spoon	MeshCollider	enabled=True	trigger=False	center=(5.889, 1.747, 12.756)	size=(0.057, 0.019, 0.234)
BuildingD/Level0 Objects/DiningTableB Variant (1)/Objects/Placeholder Deck (3)/LongSpoon Variant	MeshCollider	enabled=True	trigger=False	center=(6.122, 1.738, 12.912)	size=(0.279, 0.036, 0.026)
BuildingD/Level0 Objects/DiningTableB Variant (1)/Objects/Placeholder Deck (3)/RedWineGlas	MeshCollider	enabled=True	trigger=False	center=(5.931, 1.850, 12.900)	size=(0.099, 0.225, 0.099)
BuildingD/Level0 Objects/DiningTableB Variant (1)/Objects/Placeholder Deck (1)	MeshCollider	enabled=True	trigger=False	center=(5.161, 1.738, 13.252)	size=(0.564, 0.004, 0.443)
BuildingD/Level0 Objects/DiningTableB Variant (1)/Objects/Placeholder Deck (1)/LargeAntipastiPlate	MeshCollider	enabled=True	trigger=False	center=(5.161, 1.746, 13.252)	size=(0.318, 0.017, 0.318)
BuildingD/Level0 Objects/DiningTableB Variant (1)/Objects/Placeholder Deck (1)/SmallPlate	MeshCollider	enabled=True	trigger=False	center=(5.161, 1.748, 13.252)	size=(0.235, 0.016, 0.235)
BuildingD/Level0 Objects/DiningTableB Variant (1)/Objects/Placeholder Deck (1)/SoupBowl	MeshCollider	enabled=True	trigger=False	center=(5.161, 1.770, 13.252)	size=(0.245, 0.055, 0.245)
BuildingD/Level0 Objects/DiningTableB Variant (1)/Objects/Placeholder Deck (1)/Fork	MeshCollider	enabled=True	trigger=False	center=(4.944, 1.741, 13.289)	size=(0.034, 0.044, 0.197)
BuildingD/Level0 Objects/DiningTableB Variant (1)/Objects/Placeholder Deck (1)/Fork (1)	MeshCollider	enabled=True	trigger=False	center=(4.981, 1.741, 13.317)	size=(0.034, 0.044, 0.197)
BuildingD/Level0 Objects/DiningTableB Variant (1)/Objects/Placeholder Deck (1)/Knife	MeshCollider	enabled=True	trigger=False	center=(5.356, 1.740, 13.294)	size=(0.019, 0.006, 0.231)
BuildingD/Level0 Objects/DiningTableB Variant (1)/Objects/Placeholder Deck (1)/Spoon	MeshCollider	enabled=True	trigger=False	center=(5.394, 1.747, 13.233)	size=(0.057, 0.019, 0.234)
BuildingD/Level0 Objects/DiningTableB Variant (1)/Objects/Placeholder Deck (1)/LongSpoon Variant	MeshCollider	enabled=True	trigger=False	center=(5.161, 1.738, 13.077)	size=(0.279, 0.036, 0.026)
BuildingD/Level0 Objects/DiningTableB Variant (1)/Objects/Placeholder Deck (1)/RedWineGlas	MeshCollider	enabled=True	trigger=False	center=(5.352, 1.850, 13.089)	size=(0.099, 0.225, 0.099)
BuildingD/Level0 Objects/DiningTableB Variant (1)/Objects/Placeholder Deck (4)	MeshCollider	enabled=True	trigger=False	center=(5.161, 1.738, 12.737)	size=(0.564, 0.004, 0.443)
BuildingD/Level0 Objects/DiningTableB Variant (1)/Objects/Placeholder Deck (4)/LargeAntipastiPlate	MeshCollider	enabled=True	trigger=False	center=(5.161, 1.746, 12.737)	size=(0.318, 0.017, 0.318)
BuildingD/Level0 Objects/DiningTableB Variant (1)/Objects/Placeholder Deck (4)/SmallPlate	MeshCollider	enabled=True	trigger=False	center=(5.161, 1.748, 12.737)	size=(0.235, 0.016, 0.235)
BuildingD/Level0 Objects/DiningTableB Variant (1)/Objects/Placeholder Deck (4)/SoupBowl	MeshCollider	enabled=True	trigger=False	center=(5.161, 1.770, 12.737)	size=(0.245, 0.055, 0.245)
BuildingD/Level0 Objects/DiningTableB Variant (1)/Objects/Placeholder Deck (4)/Fork	MeshCollider	enabled=True	trigger=False	center=(5.378, 1.741, 12.700)	size=(0.034, 0.044, 0.197)
BuildingD/Level0 Objects/DiningTableB Variant (1)/Objects/Placeholder Deck (4)/Fork (1)	MeshCollider	enabled=True	trigger=False	center=(5.341, 1.741, 12.672)	size=(0.034, 0.044, 0.197)
BuildingD/Level0 Objects/DiningTableB Variant (1)/Objects/Placeholder Deck (4)/Knife	MeshCollider	enabled=True	trigger=False	center=(4.966, 1.740, 12.695)	size=(0.019, 0.006, 0.231)
BuildingD/Level0 Objects/DiningTableB Variant (1)/Objects/Placeholder Deck (4)/Spoon	MeshCollider	enabled=True	trigger=False	center=(4.928, 1.747, 12.756)	size=(0.057, 0.019, 0.234)
BuildingD/Level0 Objects/DiningTableB Variant (1)/Objects/Placeholder Deck (4)/LongSpoon Variant	MeshCollider	enabled=True	trigger=False	center=(5.161, 1.738, 12.912)	size=(0.279, 0.036, 0.026)
BuildingD/Level0 Objects/DiningTableB Variant (1)/Objects/Placeholder Deck (4)/RedWineGlas	MeshCollider	enabled=True	trigger=False	center=(4.970, 1.850, 12.900)	size=(0.099, 0.225, 0.099)
BuildingD/Level0 Objects/DiningTableB Variant (1)/Objects/Placeholder Deck (2)	MeshCollider	enabled=True	trigger=False	center=(4.184, 1.738, 13.252)	size=(0.564, 0.004, 0.443)
BuildingD/Level0 Objects/DiningTableB Variant (1)/Objects/Placeholder Deck (2)/LargeAntipastiPlate	MeshCollider	enabled=True	trigger=False	center=(4.184, 1.746, 13.252)	size=(0.318, 0.017, 0.318)
BuildingD/Level0 Objects/DiningTableB Variant (1)/Objects/Placeholder Deck (2)/SmallPlate	MeshCollider	enabled=True	trigger=False	center=(4.184, 1.748, 13.252)	size=(0.235, 0.016, 0.235)
BuildingD/Level0 Objects/DiningTableB Variant (1)/Objects/Placeholder Deck (2)/SoupBowl	MeshCollider	enabled=True	trigger=False	center=(4.184, 1.770, 13.252)	size=(0.245, 0.055, 0.245)
BuildingD/Level0 Objects/DiningTableB Variant (1)/Objects/Placeholder Deck (2)/Fork	MeshCollider	enabled=True	trigger=False	center=(3.967, 1.741, 13.290)	size=(0.034, 0.044, 0.197)
BuildingD/Level0 Objects/DiningTableB Variant (1)/Objects/Placeholder Deck (2)/Fork (1)	MeshCollider	enabled=True	trigger=False	center=(4.004, 1.741, 13.317)	size=(0.034, 0.044, 0.197)
BuildingD/Level0 Objects/DiningTableB Variant (1)/Objects/Placeholder Deck (2)/Knife	MeshCollider	enabled=True	trigger=False	center=(4.379, 1.740, 13.294)	size=(0.019, 0.006, 0.231)
BuildingD/Level0 Objects/DiningTableB Variant (1)/Objects/Placeholder Deck (2)/Spoon	MeshCollider	enabled=True	trigger=False	center=(4.417, 1.747, 13.233)	size=(0.057, 0.019, 0.234)
BuildingD/Level0 Objects/DiningTableB Variant (1)/Objects/Placeholder Deck (2)/LongSpoon Variant	MeshCollider	enabled=True	trigger=False	center=(4.184, 1.738, 13.077)	size=(0.279, 0.036, 0.026)
BuildingD/Level0 Objects/DiningTableB Variant (1)/Objects/Placeholder Deck (2)/RedWineGlas	MeshCollider	enabled=True	trigger=False	center=(4.375, 1.850, 13.089)	size=(0.099, 0.225, 0.099)
BuildingD/Level0 Objects/DiningTableB Variant (1)/Objects/Placeholder Deck (5)	MeshCollider	enabled=True	trigger=False	center=(4.184, 1.738, 12.737)	size=(0.564, 0.004, 0.443)
BuildingD/Level0 Objects/DiningTableB Variant (1)/Objects/Placeholder Deck (5)/LargeAntipastiPlate	MeshCollider	enabled=True	trigger=False	center=(4.184, 1.746, 12.737)	size=(0.318, 0.017, 0.318)
BuildingD/Level0 Objects/DiningTableB Variant (1)/Objects/Placeholder Deck (5)/SmallPlate	MeshCollider	enabled=True	trigger=False	center=(4.184, 1.748, 12.737)	size=(0.235, 0.016, 0.235)
BuildingD/Level0 Objects/DiningTableB Variant (1)/Objects/Placeholder Deck (5)/SoupBowl	MeshCollider	enabled=True	trigger=False	center=(4.184, 1.770, 12.737)	size=(0.245, 0.055, 0.245)
BuildingD/Level0 Objects/DiningTableB Variant (1)/Objects/Placeholder Deck (5)/Fork	MeshCollider	enabled=True	trigger=False	center=(4.401, 1.741, 12.700)	size=(0.034, 0.044, 0.197)
BuildingD/Level0 Objects/DiningTableB Variant (1)/Objects/Placeholder Deck (5)/Fork (1)	MeshCollider	enabled=True	trigger=False	center=(4.364, 1.741, 12.672)	size=(0.034, 0.044, 0.197)
BuildingD/Level0 Objects/DiningTableB Variant (1)/Objects/Placeholder Deck (5)/Knife	MeshCollider	enabled=True	trigger=False	center=(3.989, 1.740, 12.695)	size=(0.019, 0.006, 0.231)
BuildingD/Level0 Objects/DiningTableB Variant (1)/Objects/Placeholder Deck (5)/Spoon	MeshCollider	enabled=True	trigger=False	center=(3.951, 1.747, 12.756)	size=(0.057, 0.019, 0.234)
BuildingD/Level0 Objects/DiningTableB Variant (1)/Objects/Placeholder Deck (5)/LongSpoon Variant	MeshCollider	enabled=True	trigger=False	center=(4.184, 1.738, 12.912)	size=(0.279, 0.036, 0.026)
BuildingD/Level0 Objects/DiningTableB Variant (1)/Objects/Placeholder Deck (5)/RedWineGlas	MeshCollider	enabled=True	trigger=False	center=(3.993, 1.850, 12.900)	size=(0.099, 0.225, 0.099)
BuildingD/Level0 Objects/DiningTableB Variant (2)	MeshCollider	enabled=True	trigger=False	center=(5.150, 1.376, 9.234)	size=(2.986, 0.745, 0.990)
BuildingD/Level0 Objects/DiningTableB Variant (2)/DiningChairB Variant	MeshCollider	enabled=True	trigger=False	center=(4.167, 1.549, 8.430)	size=(0.549, 1.072, 0.653)
BuildingD/Level0 Objects/DiningTableB Variant (2)/DiningChairB Variant (3)	MeshCollider	enabled=True	trigger=False	center=(4.167, 1.549, 10.090)	size=(0.549, 1.072, 0.653)
BuildingD/Level0 Objects/DiningTableB Variant (2)/DiningChairB Variant (1)	MeshCollider	enabled=True	trigger=False	center=(5.167, 1.549, 8.429)	size=(0.549, 1.072, 0.653)
BuildingD/Level0 Objects/DiningTableB Variant (2)/DiningChairB Variant (4)	MeshCollider	enabled=True	trigger=False	center=(5.167, 1.549, 10.090)	size=(0.549, 1.072, 0.653)
BuildingD/Level0 Objects/DiningTableB Variant (2)/DiningChairB Variant (2)	MeshCollider	enabled=True	trigger=False	center=(6.167, 1.549, 8.429)	size=(0.549, 1.072, 0.653)
BuildingD/Level0 Objects/DiningTableB Variant (2)/DiningChairB Variant (5)	MeshCollider	enabled=True	trigger=False	center=(6.167, 1.549, 10.089)	size=(0.549, 1.072, 0.653)
BuildingD/Level0 Objects/DiningTableB Variant (2)/Objects/VaseA	MeshCollider	enabled=True	trigger=False	center=(4.710, 1.987, 9.228)	size=(0.230, 0.475, 0.292)
BuildingD/Level0 Objects/DiningTableB Variant (2)/Objects/Placeholder Deck	MeshCollider	enabled=True	trigger=False	center=(6.122, 1.751, 9.486)	size=(0.564, 0.004, 0.443)
BuildingD/Level0 Objects/DiningTableB Variant (2)/Objects/Placeholder Deck/LargeAntipastiPlate	MeshCollider	enabled=True	trigger=False	center=(6.122, 1.759, 9.486)	size=(0.318, 0.017, 0.318)
BuildingD/Level0 Objects/DiningTableB Variant (2)/Objects/Placeholder Deck/SmallPlate	MeshCollider	enabled=True	trigger=False	center=(6.122, 1.761, 9.486)	size=(0.235, 0.016, 0.235)
BuildingD/Level0 Objects/DiningTableB Variant (2)/Objects/Placeholder Deck/SoupBowl	MeshCollider	enabled=True	trigger=False	center=(6.122, 1.783, 9.486)	size=(0.245, 0.055, 0.245)
BuildingD/Level0 Objects/DiningTableB Variant (2)/Objects/Placeholder Deck/Fork	MeshCollider	enabled=True	trigger=False	center=(5.905, 1.754, 9.523)	size=(0.034, 0.044, 0.197)
BuildingD/Level0 Objects/DiningTableB Variant (2)/Objects/Placeholder Deck/Fork (1)	MeshCollider	enabled=True	trigger=False	center=(5.942, 1.754, 9.551)	size=(0.034, 0.044, 0.197)
BuildingD/Level0 Objects/DiningTableB Variant (2)/Objects/Placeholder Deck/Knife	MeshCollider	enabled=True	trigger=False	center=(6.317, 1.753, 9.528)	size=(0.019, 0.006, 0.231)
BuildingD/Level0 Objects/DiningTableB Variant (2)/Objects/Placeholder Deck/Spoon	MeshCollider	enabled=True	trigger=False	center=(6.355, 1.760, 9.467)	size=(0.057, 0.019, 0.234)
BuildingD/Level0 Objects/DiningTableB Variant (2)/Objects/Placeholder Deck/LongSpoon Variant	MeshCollider	enabled=True	trigger=False	center=(6.122, 1.751, 9.311)	size=(0.279, 0.036, 0.026)
BuildingD/Level0 Objects/DiningTableB Variant (2)/Objects/Placeholder Deck/RedWineGlas	MeshCollider	enabled=True	trigger=False	center=(6.313, 1.863, 9.323)	size=(0.099, 0.225, 0.099)
BuildingD/Level0 Objects/DiningTableB Variant (2)/Objects/Placeholder Deck (3)	MeshCollider	enabled=True	trigger=False	center=(6.122, 1.751, 8.971)	size=(0.564, 0.004, 0.443)
BuildingD/Level0 Objects/DiningTableB Variant (2)/Objects/Placeholder Deck (3)/LargeAntipastiPlate	MeshCollider	enabled=True	trigger=False	center=(6.122, 1.759, 8.971)	size=(0.318, 0.017, 0.318)
BuildingD/Level0 Objects/DiningTableB Variant (2)/Objects/Placeholder Deck (3)/SmallPlate	MeshCollider	enabled=True	trigger=False	center=(6.122, 1.761, 8.971)	size=(0.235, 0.016, 0.235)
BuildingD/Level0 Objects/DiningTableB Variant (2)/Objects/Placeholder Deck (3)/SoupBowl	MeshCollider	enabled=True	trigger=False	center=(6.122, 1.783, 8.971)	size=(0.245, 0.055, 0.245)
BuildingD/Level0 Objects/DiningTableB Variant (2)/Objects/Placeholder Deck (3)/Fork	MeshCollider	enabled=True	trigger=False	center=(6.339, 1.754, 8.934)	size=(0.034, 0.044, 0.197)
BuildingD/Level0 Objects/DiningTableB Variant (2)/Objects/Placeholder Deck (3)/Fork (1)	MeshCollider	enabled=True	trigger=False	center=(6.302, 1.754, 8.906)	size=(0.034, 0.044, 0.197)
BuildingD/Level0 Objects/DiningTableB Variant (2)/Objects/Placeholder Deck (3)/Knife	MeshCollider	enabled=True	trigger=False	center=(5.927, 1.753, 8.929)	size=(0.019, 0.006, 0.231)
BuildingD/Level0 Objects/DiningTableB Variant (2)/Objects/Placeholder Deck (3)/Spoon	MeshCollider	enabled=True	trigger=False	center=(5.889, 1.760, 8.990)	size=(0.057, 0.019, 0.234)
BuildingD/Level0 Objects/DiningTableB Variant (2)/Objects/Placeholder Deck (3)/LongSpoon Variant	MeshCollider	enabled=True	trigger=False	center=(6.122, 1.751, 9.146)	size=(0.279, 0.036, 0.026)
BuildingD/Level0 Objects/DiningTableB Variant (2)/Objects/Placeholder Deck (3)/RedWineGlas	MeshCollider	enabled=True	trigger=False	center=(5.931, 1.863, 9.134)	size=(0.099, 0.225, 0.099)
BuildingD/Level0 Objects/DiningTableB Variant (2)/Objects/Placeholder Deck (1)	MeshCollider	enabled=True	trigger=False	center=(5.161, 1.751, 9.486)	size=(0.564, 0.004, 0.443)
BuildingD/Level0 Objects/DiningTableB Variant (2)/Objects/Placeholder Deck (1)/LargeAntipastiPlate	MeshCollider	enabled=True	trigger=False	center=(5.161, 1.759, 9.486)	size=(0.318, 0.017, 0.318)
BuildingD/Level0 Objects/DiningTableB Variant (2)/Objects/Placeholder Deck (1)/SmallPlate	MeshCollider	enabled=True	trigger=False	center=(5.161, 1.761, 9.486)	size=(0.235, 0.016, 0.235)
BuildingD/Level0 Objects/DiningTableB Variant (2)/Objects/Placeholder Deck (1)/SoupBowl	MeshCollider	enabled=True	trigger=False	center=(5.161, 1.783, 9.486)	size=(0.245, 0.055, 0.245)
BuildingD/Level0 Objects/DiningTableB Variant (2)/Objects/Placeholder Deck (1)/Fork	MeshCollider	enabled=True	trigger=False	center=(4.944, 1.754, 9.523)	size=(0.034, 0.044, 0.197)
BuildingD/Level0 Objects/DiningTableB Variant (2)/Objects/Placeholder Deck (1)/Fork (1)	MeshCollider	enabled=True	trigger=False	center=(4.981, 1.754, 9.551)	size=(0.034, 0.044, 0.197)
BuildingD/Level0 Objects/DiningTableB Variant (2)/Objects/Placeholder Deck (1)/Knife	MeshCollider	enabled=True	trigger=False	center=(5.356, 1.753, 9.528)	size=(0.019, 0.006, 0.231)
BuildingD/Level0 Objects/DiningTableB Variant (2)/Objects/Placeholder Deck (1)/Spoon	MeshCollider	enabled=True	trigger=False	center=(5.394, 1.760, 9.467)	size=(0.057, 0.019, 0.234)
BuildingD/Level0 Objects/DiningTableB Variant (2)/Objects/Placeholder Deck (1)/LongSpoon Variant	MeshCollider	enabled=True	trigger=False	center=(5.161, 1.751, 9.311)	size=(0.279, 0.036, 0.026)
BuildingD/Level0 Objects/DiningTableB Variant (2)/Objects/Placeholder Deck (1)/RedWineGlas	MeshCollider	enabled=True	trigger=False	center=(5.352, 1.863, 9.323)	size=(0.099, 0.225, 0.099)
BuildingD/Level0 Objects/DiningTableB Variant (2)/Objects/Placeholder Deck (4)	MeshCollider	enabled=True	trigger=False	center=(5.161, 1.751, 8.971)	size=(0.564, 0.004, 0.443)
BuildingD/Level0 Objects/DiningTableB Variant (2)/Objects/Placeholder Deck (4)/LargeAntipastiPlate	MeshCollider	enabled=True	trigger=False	center=(5.161, 1.759, 8.971)	size=(0.318, 0.017, 0.318)
BuildingD/Level0 Objects/DiningTableB Variant (2)/Objects/Placeholder Deck (4)/SmallPlate	MeshCollider	enabled=True	trigger=False	center=(5.161, 1.761, 8.971)	size=(0.235, 0.016, 0.235)
BuildingD/Level0 Objects/DiningTableB Variant (2)/Objects/Placeholder Deck (4)/SoupBowl	MeshCollider	enabled=True	trigger=False	center=(5.161, 1.783, 8.971)	size=(0.245, 0.055, 0.245)
BuildingD/Level0 Objects/DiningTableB Variant (2)/Objects/Placeholder Deck (4)/Fork	MeshCollider	enabled=True	trigger=False	center=(5.378, 1.754, 8.934)	size=(0.034, 0.044, 0.197)
BuildingD/Level0 Objects/DiningTableB Variant (2)/Objects/Placeholder Deck (4)/Fork (1)	MeshCollider	enabled=True	trigger=False	center=(5.341, 1.754, 8.906)	size=(0.034, 0.044, 0.197)
BuildingD/Level0 Objects/DiningTableB Variant (2)/Objects/Placeholder Deck (4)/Knife	MeshCollider	enabled=True	trigger=False	center=(4.966, 1.753, 8.929)	size=(0.019, 0.006, 0.231)
BuildingD/Level0 Objects/DiningTableB Variant (2)/Objects/Placeholder Deck (4)/Spoon	MeshCollider	enabled=True	trigger=False	center=(4.928, 1.760, 8.990)	size=(0.057, 0.019, 0.234)
BuildingD/Level0 Objects/DiningTableB Variant (2)/Objects/Placeholder Deck (4)/LongSpoon Variant	MeshCollider	enabled=True	trigger=False	center=(5.161, 1.751, 9.146)	size=(0.279, 0.036, 0.026)
BuildingD/Level0 Objects/DiningTableB Variant (2)/Objects/Placeholder Deck (4)/RedWineGlas	MeshCollider	enabled=True	trigger=False	center=(4.970, 1.863, 9.134)	size=(0.099, 0.225, 0.099)
BuildingD/Level0 Objects/DiningTableB Variant (2)/Objects/Placeholder Deck (2)	MeshCollider	enabled=True	trigger=False	center=(4.184, 1.751, 9.486)	size=(0.564, 0.004, 0.443)
BuildingD/Level0 Objects/DiningTableB Variant (2)/Objects/Placeholder Deck (2)/LargeAntipastiPlate	MeshCollider	enabled=True	trigger=False	center=(4.184, 1.759, 9.486)	size=(0.318, 0.017, 0.318)
BuildingD/Level0 Objects/DiningTableB Variant (2)/Objects/Placeholder Deck (2)/SmallPlate	MeshCollider	enabled=True	trigger=False	center=(4.184, 1.761, 9.486)	size=(0.235, 0.016, 0.235)
BuildingD/Level0 Objects/DiningTableB Variant (2)/Objects/Placeholder Deck (2)/SoupBowl	MeshCollider	enabled=True	trigger=False	center=(4.184, 1.783, 9.486)	size=(0.245, 0.055, 0.245)
BuildingD/Level0 Objects/DiningTableB Variant (2)/Objects/Placeholder Deck (2)/Fork	MeshCollider	enabled=True	trigger=False	center=(3.967, 1.754, 9.524)	size=(0.034, 0.044, 0.197)
BuildingD/Level0 Objects/DiningTableB Variant (2)/Objects/Placeholder Deck (2)/Fork (1)	MeshCollider	enabled=True	trigger=False	center=(4.004, 1.754, 9.551)	size=(0.034, 0.044, 0.197)
BuildingD/Level0 Objects/DiningTableB Variant (2)/Objects/Placeholder Deck (2)/Knife	MeshCollider	enabled=True	trigger=False	center=(4.379, 1.753, 9.528)	size=(0.019, 0.006, 0.231)
BuildingD/Level0 Objects/DiningTableB Variant (2)/Objects/Placeholder Deck (2)/Spoon	MeshCollider	enabled=True	trigger=False	center=(4.417, 1.760, 9.467)	size=(0.057, 0.019, 0.234)
BuildingD/Level0 Objects/DiningTableB Variant (2)/Objects/Placeholder Deck (2)/LongSpoon Variant	MeshCollider	enabled=True	trigger=False	center=(4.184, 1.751, 9.311)	size=(0.279, 0.036, 0.026)
BuildingD/Level0 Objects/DiningTableB Variant (2)/Objects/Placeholder Deck (2)/RedWineGlas	MeshCollider	enabled=True	trigger=False	center=(4.375, 1.863, 9.323)	size=(0.099, 0.225, 0.099)
BuildingD/Level0 Objects/DiningTableB Variant (2)/Objects/Placeholder Deck (5)	MeshCollider	enabled=True	trigger=False	center=(4.184, 1.751, 8.971)	size=(0.564, 0.004, 0.443)
BuildingD/Level0 Objects/DiningTableB Variant (2)/Objects/Placeholder Deck (5)/LargeAntipastiPlate	MeshCollider	enabled=True	trigger=False	center=(4.184, 1.759, 8.971)	size=(0.318, 0.017, 0.318)
BuildingD/Level0 Objects/DiningTableB Variant (2)/Objects/Placeholder Deck (5)/SmallPlate	MeshCollider	enabled=True	trigger=False	center=(4.184, 1.761, 8.971)	size=(0.235, 0.016, 0.235)
BuildingD/Level0 Objects/DiningTableB Variant (2)/Objects/Placeholder Deck (5)/SoupBowl	MeshCollider	enabled=True	trigger=False	center=(4.184, 1.783, 8.971)	size=(0.245, 0.055, 0.245)
BuildingD/Level0 Objects/DiningTableB Variant (2)/Objects/Placeholder Deck (5)/Fork	MeshCollider	enabled=True	trigger=False	center=(4.401, 1.754, 8.934)	size=(0.034, 0.044, 0.197)
BuildingD/Level0 Objects/DiningTableB Variant (2)/Objects/Placeholder Deck (5)/Fork (1)	MeshCollider	enabled=True	trigger=False	center=(4.364, 1.754, 8.906)	size=(0.034, 0.044, 0.197)
BuildingD/Level0 Objects/DiningTableB Variant (2)/Objects/Placeholder Deck (5)/Knife	MeshCollider	enabled=True	trigger=False	center=(3.989, 1.753, 8.929)	size=(0.019, 0.006, 0.231)
BuildingD/Level0 Objects/DiningTableB Variant (2)/Objects/Placeholder Deck (5)/Spoon	MeshCollider	enabled=True	trigger=False	center=(3.951, 1.760, 8.990)	size=(0.057, 0.019, 0.234)
BuildingD/Level0 Objects/DiningTableB Variant (2)/Objects/Placeholder Deck (5)/LongSpoon Variant	MeshCollider	enabled=True	trigger=False	center=(4.184, 1.751, 9.146)	size=(0.279, 0.036, 0.026)
BuildingD/Level0 Objects/DiningTableB Variant (2)/Objects/Placeholder Deck (5)/RedWineGlas	MeshCollider	enabled=True	trigger=False	center=(3.993, 1.863, 9.134)	size=(0.099, 0.225, 0.099)
BuildingD/Level0 Objects/DiningTableB Variant (3)	MeshCollider	enabled=True	trigger=False	center=(5.150, 1.376, 6.234)	size=(2.986, 0.745, 0.990)
BuildingD/Level0 Objects/DiningTableB Variant (3)/DiningChairB Variant	MeshCollider	enabled=True	trigger=False	center=(4.167, 1.549, 5.430)	size=(0.549, 1.072, 0.653)
BuildingD/Level0 Objects/DiningTableB Variant (3)/DiningChairB Variant (3)	MeshCollider	enabled=True	trigger=False	center=(4.167, 1.549, 7.090)	size=(0.549, 1.072, 0.653)
BuildingD/Level0 Objects/DiningTableB Variant (3)/DiningChairB Variant (1)	MeshCollider	enabled=True	trigger=False	center=(5.167, 1.549, 5.429)	size=(0.549, 1.072, 0.653)
BuildingD/Level0 Objects/DiningTableB Variant (3)/DiningChairB Variant (4)	MeshCollider	enabled=True	trigger=False	center=(5.167, 1.549, 7.090)	size=(0.549, 1.072, 0.653)
BuildingD/Level0 Objects/DiningTableB Variant (3)/DiningChairB Variant (2)	MeshCollider	enabled=True	trigger=False	center=(6.167, 1.549, 5.429)	size=(0.549, 1.072, 0.653)
BuildingD/Level0 Objects/DiningTableB Variant (3)/DiningChairB Variant (5)	MeshCollider	enabled=True	trigger=False	center=(6.167, 1.549, 7.089)	size=(0.549, 1.072, 0.653)
BuildingD/Level0 Objects/DiningTableB Variant (3)/Objects/VaseA	MeshCollider	enabled=True	trigger=False	center=(4.710, 1.987, 6.228)	size=(0.230, 0.475, 0.292)
BuildingD/Level0 Objects/DiningTableB Variant (3)/Objects/Placeholder Deck	MeshCollider	enabled=True	trigger=False	center=(6.122, 1.751, 6.486)	size=(0.564, 0.004, 0.443)
BuildingD/Level0 Objects/DiningTableB Variant (3)/Objects/Placeholder Deck/LargeAntipastiPlate	MeshCollider	enabled=True	trigger=False	center=(6.122, 1.759, 6.486)	size=(0.318, 0.017, 0.318)
BuildingD/Level0 Objects/DiningTableB Variant (3)/Objects/Placeholder Deck/SmallPlate	MeshCollider	enabled=True	trigger=False	center=(6.122, 1.761, 6.486)	size=(0.235, 0.016, 0.235)
BuildingD/Level0 Objects/DiningTableB Variant (3)/Objects/Placeholder Deck/SoupBowl	MeshCollider	enabled=True	trigger=False	center=(6.122, 1.783, 6.486)	size=(0.245, 0.055, 0.245)
BuildingD/Level0 Objects/DiningTableB Variant (3)/Objects/Placeholder Deck/Fork	MeshCollider	enabled=True	trigger=False	center=(5.905, 1.754, 6.523)	size=(0.034, 0.044, 0.197)
BuildingD/Level0 Objects/DiningTableB Variant (3)/Objects/Placeholder Deck/Fork (1)	MeshCollider	enabled=True	trigger=False	center=(5.942, 1.754, 6.551)	size=(0.034, 0.044, 0.197)
BuildingD/Level0 Objects/DiningTableB Variant (3)/Objects/Placeholder Deck/Knife	MeshCollider	enabled=True	trigger=False	center=(6.317, 1.753, 6.528)	size=(0.019, 0.006, 0.231)
BuildingD/Level0 Objects/DiningTableB Variant (3)/Objects/Placeholder Deck/Spoon	MeshCollider	enabled=True	trigger=False	center=(6.355, 1.760, 6.467)	size=(0.057, 0.019, 0.234)
BuildingD/Level0 Objects/DiningTableB Variant (3)/Objects/Placeholder Deck/LongSpoon Variant	MeshCollider	enabled=True	trigger=False	center=(6.122, 1.751, 6.311)	size=(0.279, 0.036, 0.026)
BuildingD/Level0 Objects/DiningTableB Variant (3)/Objects/Placeholder Deck/RedWineGlas	MeshCollider	enabled=True	trigger=False	center=(6.313, 1.863, 6.323)	size=(0.099, 0.225, 0.099)
BuildingD/Level0 Objects/DiningTableB Variant (3)/Objects/Placeholder Deck (3)	MeshCollider	enabled=True	trigger=False	center=(6.122, 1.751, 5.971)	size=(0.564, 0.004, 0.443)
BuildingD/Level0 Objects/DiningTableB Variant (3)/Objects/Placeholder Deck (3)/LargeAntipastiPlate	MeshCollider	enabled=True	trigger=False	center=(6.122, 1.759, 5.971)	size=(0.318, 0.017, 0.318)
BuildingD/Level0 Objects/DiningTableB Variant (3)/Objects/Placeholder Deck (3)/SmallPlate	MeshCollider	enabled=True	trigger=False	center=(6.122, 1.761, 5.971)	size=(0.235, 0.016, 0.235)
BuildingD/Level0 Objects/DiningTableB Variant (3)/Objects/Placeholder Deck (3)/SoupBowl	MeshCollider	enabled=True	trigger=False	center=(6.122, 1.783, 5.971)	size=(0.245, 0.055, 0.245)
BuildingD/Level0 Objects/DiningTableB Variant (3)/Objects/Placeholder Deck (3)/Fork	MeshCollider	enabled=True	trigger=False	center=(6.339, 1.754, 5.934)	size=(0.034, 0.044, 0.197)
BuildingD/Level0 Objects/DiningTableB Variant (3)/Objects/Placeholder Deck (3)/Fork (1)	MeshCollider	enabled=True	trigger=False	center=(6.302, 1.754, 5.906)	size=(0.034, 0.044, 0.197)
BuildingD/Level0 Objects/DiningTableB Variant (3)/Objects/Placeholder Deck (3)/Knife	MeshCollider	enabled=True	trigger=False	center=(5.927, 1.753, 5.929)	size=(0.019, 0.006, 0.231)
BuildingD/Level0 Objects/DiningTableB Variant (3)/Objects/Placeholder Deck (3)/Spoon	MeshCollider	enabled=True	trigger=False	center=(5.889, 1.760, 5.990)	size=(0.057, 0.019, 0.234)
BuildingD/Level0 Objects/DiningTableB Variant (3)/Objects/Placeholder Deck (3)/LongSpoon Variant	MeshCollider	enabled=True	trigger=False	center=(6.122, 1.751, 6.146)	size=(0.279, 0.036, 0.026)
BuildingD/Level0 Objects/DiningTableB Variant (3)/Objects/Placeholder Deck (3)/RedWineGlas	MeshCollider	enabled=True	trigger=False	center=(5.931, 1.863, 6.134)	size=(0.099, 0.225, 0.099)
BuildingD/Level0 Objects/DiningTableB Variant (3)/Objects/Placeholder Deck (1)	MeshCollider	enabled=True	trigger=False	center=(5.161, 1.751, 6.486)	size=(0.564, 0.004, 0.443)
BuildingD/Level0 Objects/DiningTableB Variant (3)/Objects/Placeholder Deck (1)/LargeAntipastiPlate	MeshCollider	enabled=True	trigger=False	center=(5.161, 1.759, 6.486)	size=(0.318, 0.017, 0.318)
BuildingD/Level0 Objects/DiningTableB Variant (3)/Objects/Placeholder Deck (1)/SmallPlate	MeshCollider	enabled=True	trigger=False	center=(5.161, 1.761, 6.486)	size=(0.235, 0.016, 0.235)
BuildingD/Level0 Objects/DiningTableB Variant (3)/Objects/Placeholder Deck (1)/SoupBowl	MeshCollider	enabled=True	trigger=False	center=(5.161, 1.783, 6.486)	size=(0.245, 0.055, 0.245)
BuildingD/Level0 Objects/DiningTableB Variant (3)/Objects/Placeholder Deck (1)/Fork	MeshCollider	enabled=True	trigger=False	center=(4.944, 1.754, 6.523)	size=(0.034, 0.044, 0.197)
BuildingD/Level0 Objects/DiningTableB Variant (3)/Objects/Placeholder Deck (1)/Fork (1)	MeshCollider	enabled=True	trigger=False	center=(4.981, 1.754, 6.551)	size=(0.034, 0.044, 0.197)
BuildingD/Level0 Objects/DiningTableB Variant (3)/Objects/Placeholder Deck (1)/Knife	MeshCollider	enabled=True	trigger=False	center=(5.356, 1.753, 6.528)	size=(0.019, 0.006, 0.231)
BuildingD/Level0 Objects/DiningTableB Variant (3)/Objects/Placeholder Deck (1)/Spoon	MeshCollider	enabled=True	trigger=False	center=(5.394, 1.760, 6.467)	size=(0.057, 0.019, 0.234)
BuildingD/Level0 Objects/DiningTableB Variant (3)/Objects/Placeholder Deck (1)/LongSpoon Variant	MeshCollider	enabled=True	trigger=False	center=(5.161, 1.751, 6.311)	size=(0.279, 0.036, 0.026)
BuildingD/Level0 Objects/DiningTableB Variant (3)/Objects/Placeholder Deck (1)/RedWineGlas	MeshCollider	enabled=True	trigger=False	center=(5.352, 1.863, 6.323)	size=(0.099, 0.225, 0.099)
BuildingD/Level0 Objects/DiningTableB Variant (3)/Objects/Placeholder Deck (4)	MeshCollider	enabled=True	trigger=False	center=(5.161, 1.751, 5.971)	size=(0.564, 0.004, 0.443)
BuildingD/Level0 Objects/DiningTableB Variant (3)/Objects/Placeholder Deck (4)/LargeAntipastiPlate	MeshCollider	enabled=True	trigger=False	center=(5.161, 1.759, 5.971)	size=(0.318, 0.017, 0.318)
BuildingD/Level0 Objects/DiningTableB Variant (3)/Objects/Placeholder Deck (4)/SmallPlate	MeshCollider	enabled=True	trigger=False	center=(5.161, 1.761, 5.971)	size=(0.235, 0.016, 0.235)
BuildingD/Level0 Objects/DiningTableB Variant (3)/Objects/Placeholder Deck (4)/SoupBowl	MeshCollider	enabled=True	trigger=False	center=(5.161, 1.783, 5.971)	size=(0.245, 0.055, 0.245)
BuildingD/Level0 Objects/DiningTableB Variant (3)/Objects/Placeholder Deck (4)/Fork	MeshCollider	enabled=True	trigger=False	center=(5.378, 1.754, 5.934)	size=(0.034, 0.044, 0.197)
BuildingD/Level0 Objects/DiningTableB Variant (3)/Objects/Placeholder Deck (4)/Fork (1)	MeshCollider	enabled=True	trigger=False	center=(5.341, 1.754, 5.906)	size=(0.034, 0.044, 0.197)
BuildingD/Level0 Objects/DiningTableB Variant (3)/Objects/Placeholder Deck (4)/Knife	MeshCollider	enabled=True	trigger=False	center=(4.966, 1.753, 5.929)	size=(0.019, 0.006, 0.231)
BuildingD/Level0 Objects/DiningTableB Variant (3)/Objects/Placeholder Deck (4)/Spoon	MeshCollider	enabled=True	trigger=False	center=(4.928, 1.760, 5.990)	size=(0.057, 0.019, 0.234)
BuildingD/Level0 Objects/DiningTableB Variant (3)/Objects/Placeholder Deck (4)/LongSpoon Variant	MeshCollider	enabled=True	trigger=False	center=(5.161, 1.751, 6.146)	size=(0.279, 0.036, 0.026)
BuildingD/Level0 Objects/DiningTableB Variant (3)/Objects/Placeholder Deck (4)/RedWineGlas	MeshCollider	enabled=True	trigger=False	center=(4.970, 1.863, 6.134)	size=(0.099, 0.225, 0.099)
BuildingD/Level0 Objects/DiningTableB Variant (3)/Objects/Placeholder Deck (2)	MeshCollider	enabled=True	trigger=False	center=(4.184, 1.751, 6.486)	size=(0.564, 0.004, 0.443)
BuildingD/Level0 Objects/DiningTableB Variant (3)/Objects/Placeholder Deck (2)/LargeAntipastiPlate	MeshCollider	enabled=True	trigger=False	center=(4.184, 1.759, 6.486)	size=(0.318, 0.017, 0.318)
BuildingD/Level0 Objects/DiningTableB Variant (3)/Objects/Placeholder Deck (2)/SmallPlate	MeshCollider	enabled=True	trigger=False	center=(4.184, 1.761, 6.486)	size=(0.235, 0.016, 0.235)
BuildingD/Level0 Objects/DiningTableB Variant (3)/Objects/Placeholder Deck (2)/SoupBowl	MeshCollider	enabled=True	trigger=False	center=(4.184, 1.783, 6.486)	size=(0.245, 0.055, 0.245)
BuildingD/Level0 Objects/DiningTableB Variant (3)/Objects/Placeholder Deck (2)/Fork	MeshCollider	enabled=True	trigger=False	center=(3.967, 1.754, 6.524)	size=(0.034, 0.044, 0.197)
BuildingD/Level0 Objects/DiningTableB Variant (3)/Objects/Placeholder Deck (2)/Fork (1)	MeshCollider	enabled=True	trigger=False	center=(4.004, 1.754, 6.551)	size=(0.034, 0.044, 0.197)
BuildingD/Level0 Objects/DiningTableB Variant (3)/Objects/Placeholder Deck (2)/Knife	MeshCollider	enabled=True	trigger=False	center=(4.379, 1.753, 6.528)	size=(0.019, 0.006, 0.231)
BuildingD/Level0 Objects/DiningTableB Variant (3)/Objects/Placeholder Deck (2)/Spoon	MeshCollider	enabled=True	trigger=False	center=(4.417, 1.760, 6.467)	size=(0.057, 0.019, 0.234)
BuildingD/Level0 Objects/DiningTableB Variant (3)/Objects/Placeholder Deck (2)/LongSpoon Variant	MeshCollider	enabled=True	trigger=False	center=(4.184, 1.751, 6.311)	size=(0.279, 0.036, 0.026)
BuildingD/Level0 Objects/DiningTableB Variant (3)/Objects/Placeholder Deck (2)/RedWineGlas	MeshCollider	enabled=True	trigger=False	center=(4.375, 1.863, 6.323)	size=(0.099, 0.225, 0.099)
BuildingD/Level0 Objects/DiningTableB Variant (3)/Objects/Placeholder Deck (5)	MeshCollider	enabled=True	trigger=False	center=(4.184, 1.751, 5.971)	size=(0.564, 0.004, 0.443)
BuildingD/Level0 Objects/DiningTableB Variant (3)/Objects/Placeholder Deck (5)/LargeAntipastiPlate	MeshCollider	enabled=True	trigger=False	center=(4.184, 1.759, 5.971)	size=(0.318, 0.017, 0.318)
BuildingD/Level0 Objects/DiningTableB Variant (3)/Objects/Placeholder Deck (5)/SmallPlate	MeshCollider	enabled=True	trigger=False	center=(4.184, 1.761, 5.971)	size=(0.235, 0.016, 0.235)
BuildingD/Level0 Objects/DiningTableB Variant (3)/Objects/Placeholder Deck (5)/SoupBowl	MeshCollider	enabled=True	trigger=False	center=(4.184, 1.783, 5.971)	size=(0.245, 0.055, 0.245)
BuildingD/Level0 Objects/DiningTableB Variant (3)/Objects/Placeholder Deck (5)/Fork	MeshCollider	enabled=True	trigger=False	center=(4.401, 1.754, 5.934)	size=(0.034, 0.044, 0.197)
BuildingD/Level0 Objects/DiningTableB Variant (3)/Objects/Placeholder Deck (5)/Fork (1)	MeshCollider	enabled=True	trigger=False	center=(4.364, 1.754, 5.906)	size=(0.034, 0.044, 0.197)
BuildingD/Level0 Objects/DiningTableB Variant (3)/Objects/Placeholder Deck (5)/Knife	MeshCollider	enabled=True	trigger=False	center=(3.989, 1.753, 5.929)	size=(0.019, 0.006, 0.231)
BuildingD/Level0 Objects/DiningTableB Variant (3)/Objects/Placeholder Deck (5)/Spoon	MeshCollider	enabled=True	trigger=False	center=(3.951, 1.760, 5.990)	size=(0.057, 0.019, 0.234)
BuildingD/Level0 Objects/DiningTableB Variant (3)/Objects/Placeholder Deck (5)/LongSpoon Variant	MeshCollider	enabled=True	trigger=False	center=(4.184, 1.751, 6.146)	size=(0.279, 0.036, 0.026)
BuildingD/Level0 Objects/DiningTableB Variant (3)/Objects/Placeholder Deck (5)/RedWineGlas	MeshCollider	enabled=True	trigger=False	center=(3.993, 1.863, 6.134)	size=(0.099, 0.225, 0.099)
BuildingD/Level0 Objects/PaintingB	BoxCollider	enabled=True	trigger=False	center=(3.170, 2.634, 15.895)	size=(0.989, 1.325, 0.041)
BuildingD/Level0 Objects/mv_CouchTableD	MeshCollider	enabled=True	trigger=False	center=(2.362, 1.410, 21.588)	size=(0.396, 0.841, 0.396)
BuildingD/Level0 Objects/mv_CouchTableD/VaseC	MeshCollider	enabled=True	trigger=False	center=(2.274, 2.146, 21.540)	size=(0.140, 0.644, 0.140)
BuildingD/Level0 Objects/CouchTable	MeshCollider	enabled=True	trigger=False	center=(9.586, 1.200, 20.445)	size=(0.557, 0.400, 0.557)
BuildingD/Level0 Objects/CouchTable/CouchTableLamp	MeshCollider	enabled=True	trigger=False	center=(9.522, 1.631, 20.435)	size=(0.211, 0.463, 0.211)
BuildingD/Level0 Objects/CouchTable/CouchTableLamp/GardenTableLamp_LOD0	MeshCollider	enabled=True	trigger=False	center=(9.522, 1.631, 20.435)	size=(0.211, 0.463, 0.211)
BuildingD/Level0 Objects/CouchTable/CouchTableLamp/GardenTableLamp_LOD1	MeshCollider	enabled=True	trigger=False	center=(9.522, 1.631, 20.435)	size=(0.211, 0.463, 0.211)
BuildingD/Level0 Objects/CouchTable/CouchTableLamp/GardenTableLamp_LOD2	MeshCollider	enabled=True	trigger=False	center=(9.522, 1.631, 20.435)	size=(0.212, 0.463, 0.211)
BuildingD/Level0 Objects/Couch Group B/leather side element l	MeshCollider	enabled=True	trigger=False	center=(9.286, 1.300, 18.972)	size=(0.280, 0.600, 0.960)
BuildingD/Level0 Objects/Couch Group B/leather couch corner	MeshCollider	enabled=True	trigger=False	center=(11.409, 1.401, 18.972)	size=(0.960, 0.802, 0.960)
BuildingD/Level0 Objects/Couch Group B/leather couch straight	MeshCollider	enabled=True	trigger=False	center=(11.410, 1.407, 19.832)	size=(0.963, 0.813, 0.753)
BuildingD/Level0 Objects/Couch Group B/leather couch straight (1)	MeshCollider	enabled=True	trigger=False	center=(11.410, 1.407, 20.582)	size=(0.963, 0.813, 0.753)
BuildingD/Level0 Objects/Couch Group B/leather couch corner (1)	MeshCollider	enabled=True	trigger=False	center=(11.409, 1.401, 21.443)	size=(0.960, 0.802, 0.960)
BuildingD/Level0 Objects/Couch Group B/leather couch straight (2)	MeshCollider	enabled=True	trigger=False	center=(10.553, 1.407, 21.459)	size=(0.753, 0.813, 0.963)
BuildingD/Level0 Objects/Couch Group B/leather couch straight (3)	MeshCollider	enabled=True	trigger=False	center=(10.553, 1.407, 18.978)	size=(0.753, 0.813, 0.963)
BuildingD/Level0 Objects/Couch Group B/leather couch straight (4)	MeshCollider	enabled=True	trigger=False	center=(9.803, 1.407, 18.978)	size=(0.753, 0.813, 0.963)
BuildingD/Level0 Objects/Couch Group B/leather side element  r	MeshCollider	enabled=True	trigger=False	center=(10.022, 1.300, 21.461)	size=(0.280, 0.600, 0.960)
BuildingD/Level0 Objects/mv_CurtainD	MeshCollider	enabled=True	trigger=False	center=(2.175, 2.235, 15.296)	size=(0.192, 2.465, 1.139)
BuildingD/Level0 Objects/mv_CurtainD (3)	MeshCollider	enabled=True	trigger=False	center=(2.175, 2.235, 12.296)	size=(0.192, 2.465, 1.139)
BuildingD/Level0 Objects/mv_CurtainD (1)	MeshCollider	enabled=True	trigger=False	center=(2.175, 2.235, 14.296)	size=(0.192, 2.465, 1.139)
BuildingD/Level0 Objects/mv_CurtainD (4)	MeshCollider	enabled=True	trigger=False	center=(2.175, 2.235, 11.296)	size=(0.192, 2.465, 1.139)
BuildingD/Level0 Objects/mv_CurtainD (2)	MeshCollider	enabled=True	trigger=False	center=(2.175, 2.235, 13.296)	size=(0.192, 2.465, 1.139)
BuildingD/Level0 Objects/mv_CurtainD (5)	MeshCollider	enabled=True	trigger=False	center=(2.175, 2.235, 10.296)	size=(0.192, 2.465, 1.139)
BuildingD/Level0 Objects/Curtain	MeshCollider	enabled=True	trigger=False	center=(2.975, 2.250, 4.111)	size=(1.247, 2.504, 0.361)
BuildingD/Level0 Objects/CurtainQuarter	MeshCollider	enabled=True	trigger=False	center=(11.465, 2.271, 4.154)	size=(0.611, 2.472, 0.496)
BuildingD/Level0 Objects/CurtainQuarter (1)	MeshCollider	enabled=True	trigger=False	center=(11.810, 2.271, 4.874)	size=(0.496, 2.472, 0.611)
BuildingD/Level0 Objects/CurtainSemi	MeshCollider	enabled=True	trigger=False	center=(4.982, 2.264, 4.168)	size=(0.942, 2.490, 0.413)
BuildingD/Level0 Objects/mv_CurtainE	MeshCollider	enabled=True	trigger=False	center=(6.994, 2.181, 3.999)	size=(0.451, 2.504, 0.140)
BuildingD/Level0 Objects/Bench/BenchStraight	MeshCollider	enabled=True	trigger=False	center=(11.513, 1.325, 13.637)	size=(0.650, 0.650, 0.750)
BuildingD/Level0 Objects/Bench/BenchStraight (1)	MeshCollider	enabled=True	trigger=False	center=(11.513, 1.325, 12.897)	size=(0.650, 0.650, 0.750)
BuildingD/Level0 Objects/Bench/BenchStraight (2)	MeshCollider	enabled=True	trigger=False	center=(11.513, 1.325, 12.173)	size=(0.650, 0.650, 0.750)
BuildingD/Level0 Objects/Bench/BenchCorner	MeshCollider	enabled=True	trigger=False	center=(11.462, 1.325, 11.426)	size=(0.750, 0.650, 0.750)
BuildingD/Level0 Objects/Bench/Bowl	MeshCollider	enabled=True	trigger=False	center=(11.410, 1.678, 13.820)	size=(0.160, 0.057, 0.160)
BuildingD/Level0 Objects/Bench/BowlB Variant	MeshCollider	enabled=True	trigger=False	center=(11.326, 1.667, 13.648)	size=(0.155, 0.035, 0.155)
BuildingD/Level0 Objects/Bench/Chandelier	MeshCollider	enabled=True	trigger=False	center=(11.636, 1.811, 13.184)	size=(0.101, 0.321, 0.435)
BuildingD/Level0 Objects/Bench/JugB	MeshCollider	enabled=True	trigger=False	center=(11.405, 1.827, 12.966)	size=(0.236, 0.355, 0.180)
BuildingD/Level0 Objects/Bench/JugB/JugB_LOD0	MeshCollider	enabled=True	trigger=False	center=(11.405, 1.827, 12.966)	size=(0.236, 0.355, 0.180)
BuildingD/Level0 Objects/Bench/JugB/JugB_LOD1	MeshCollider	enabled=True	trigger=False	center=(11.405, 1.827, 12.966)	size=(0.236, 0.355, 0.180)
BuildingD/Level0 Objects/Bench/JugB/JugB_LOD2	MeshCollider	enabled=True	trigger=False	center=(11.404, 1.827, 12.966)	size=(0.239, 0.355, 0.183)
BuildingD/Level0 Objects/Bench/Glas	MeshCollider	enabled=True	trigger=False	center=(11.325, 1.720, 13.113)	size=(0.084, 0.137, 0.084)
BuildingD/Level0 Objects/Bench/Glas (1)	MeshCollider	enabled=True	trigger=False	center=(11.329, 1.720, 13.223)	size=(0.084, 0.137, 0.084)
BuildingD/Level0 Objects/Bench/Glas (2)	MeshCollider	enabled=True	trigger=False	center=(11.433, 1.720, 13.144)	size=(0.084, 0.137, 0.084)
BuildingD/Level0 Objects/Bench/DecorativeBowl	MeshCollider	enabled=True	trigger=False	center=(11.343, 1.702, 11.558)	size=(0.349, 0.105, 0.349)
BuildingD/Level0 Objects/Bench/DecorativeBowl/DecorativeBowl_LOD0	MeshCollider	enabled=True	trigger=False	center=(11.343, 1.702, 11.558)	size=(0.349, 0.105, 0.349)
BuildingD/Level0 Objects/Bench/DecorativeBowl/DecorativeBowl_LOD1	MeshCollider	enabled=True	trigger=False	center=(11.343, 1.702, 11.558)	size=(0.349, 0.105, 0.349)
BuildingD/Level0 Objects/Bench/DecorativeBowl/DecorativeBowl_LOD2	MeshCollider	enabled=True	trigger=False	center=(11.343, 1.703, 11.558)	size=(0.350, 0.105, 0.349)
BuildingD/Level0 Objects/Bench/DecorativeBowl/Banana	MeshCollider	enabled=True	trigger=False	center=(11.439, 1.737, 11.572)	size=(0.180, 0.140, 0.201)
BuildingD/Level0 Objects/Bench/JugA	MeshCollider	enabled=True	trigger=False	center=(11.578, 1.806, 11.733)	size=(0.236, 0.312, 0.181)
BuildingD/Level0 Objects/Bench/JugA/JugA_LOD0	MeshCollider	enabled=True	trigger=False	center=(11.578, 1.806, 11.733)	size=(0.236, 0.312, 0.181)
BuildingD/Level0 Objects/Bench/JugA/JugA_LOD1	MeshCollider	enabled=True	trigger=False	center=(11.578, 1.806, 11.733)	size=(0.236, 0.312, 0.180)
BuildingD/Level0 Objects/Bench/JugA/JugA_LOD2	MeshCollider	enabled=True	trigger=False	center=(11.577, 1.807, 11.733)	size=(0.239, 0.314, 0.183)
BuildingD/Level0 Objects/Bench/Napkin	MeshCollider	enabled=True	trigger=False	center=(11.637, 1.665, 11.970)	size=(0.200, 0.033, 0.100)
BuildingD/Level0 Objects/Bench/Napkin (1)	MeshCollider	enabled=True	trigger=False	center=(11.637, 1.665, 12.072)	size=(0.200, 0.033, 0.100)
BuildingD/Level0 Objects/Bench/Napkin (2)	MeshCollider	enabled=True	trigger=False	center=(11.637, 1.665, 12.180)	size=(0.200, 0.033, 0.100)
BuildingD/Level0 Objects/Bench/Napkin (3)	MeshCollider	enabled=True	trigger=False	center=(11.637, 1.696, 12.134)	size=(0.200, 0.033, 0.100)
BuildingD/Level0 Objects/Bench/Napkin (4)	MeshCollider	enabled=True	trigger=False	center=(11.637, 1.696, 12.033)	size=(0.200, 0.033, 0.100)
BuildingD/Level0 Objects/Bench/Napkin (5)	MeshCollider	enabled=True	trigger=False	center=(11.637, 1.726, 12.089)	size=(0.200, 0.033, 0.100)
BuildingD/Level0 Objects/Couch Group/CouchD/CouchD_LOD0	MeshCollider	enabled=True	trigger=False	center=(9.003, 1.363, 8.280)	size=(2.142, 0.721, 0.913)
BuildingD/Level0 Objects/Couch Group/CouchD/CouchD_LOD1	MeshCollider	enabled=True	trigger=False	center=(9.003, 1.363, 8.280)	size=(2.142, 0.721, 0.913)
BuildingD/Level0 Objects/Couch Group/CouchD/CouchD_LOD2	MeshCollider	enabled=True	trigger=False	center=(9.003, 1.363, 8.280)	size=(2.142, 0.721, 0.913)
BuildingD/Level0 Objects/Couch Group/CouchD/CouchD_LOD3	MeshCollider	enabled=True	trigger=False	center=(9.003, 1.363, 8.280)	size=(2.142, 0.721, 0.913)
BuildingD/Level0 Objects/Couch Group/CouchD (1)/CouchD_LOD0	MeshCollider	enabled=True	trigger=False	center=(10.976, 1.363, 6.218)	size=(0.913, 0.721, 2.142)
BuildingD/Level0 Objects/Couch Group/CouchD (1)/CouchD_LOD1	MeshCollider	enabled=True	trigger=False	center=(10.976, 1.363, 6.218)	size=(0.913, 0.721, 2.142)
BuildingD/Level0 Objects/Couch Group/CouchD (1)/CouchD_LOD2	MeshCollider	enabled=True	trigger=False	center=(10.976, 1.363, 6.218)	size=(0.913, 0.721, 2.142)
BuildingD/Level0 Objects/Couch Group/CouchD (1)/CouchD_LOD3	MeshCollider	enabled=True	trigger=False	center=(10.976, 1.363, 6.218)	size=(0.913, 0.721, 2.142)
BuildingD/Level0 Objects/Couch Group/VaseA	MeshCollider	enabled=True	trigger=False	center=(7.689, 1.867, 7.942)	size=(0.292, 0.475, 0.230)
BuildingD/Level0 Objects/Couch Group/CouchTableF	MeshCollider	enabled=True	trigger=False	center=(9.113, 1.192, 6.400)	size=(1.400, 0.385, 1.400)
BuildingD/Level0 Objects/Couch Group/CouchTableF/VaseC	MeshCollider	enabled=True	trigger=False	center=(9.206, 1.707, 6.309)	size=(0.140, 0.644, 0.140)
BuildingD/Level0 Objects/Couch Group/CouchTableF/SaucerB	MeshCollider	enabled=True	trigger=False	center=(9.144, 1.394, 6.907)	size=(0.155, 0.013, 0.155)
BuildingD/Level0 Objects/Couch Group/CouchTableF/SaucerB/CoffeeCupC	MeshCollider	enabled=True	trigger=False	center=(9.140, 1.430, 6.896)	size=(0.109, 0.090, 0.139)
BuildingD/Level0 Objects/Couch Group/CouchTableF/SaucerB (2)	MeshCollider	enabled=True	trigger=False	center=(8.697, 1.394, 6.777)	size=(0.155, 0.013, 0.155)
BuildingD/Level0 Objects/Couch Group/CouchTableF/SaucerB (2)/CoffeeCupC	MeshCollider	enabled=True	trigger=False	center=(8.693, 1.430, 6.766)	size=(0.109, 0.090, 0.139)
BuildingD/Level0 Objects/Couch Group/CouchTableF/SaucerB (1)	MeshCollider	enabled=True	trigger=False	center=(9.586, 1.394, 6.518)	size=(0.155, 0.013, 0.155)
BuildingD/Level0 Objects/Couch Group/CouchTableF/SaucerB (1)/CoffeeCupC	MeshCollider	enabled=True	trigger=False	center=(9.582, 1.430, 6.507)	size=(0.109, 0.090, 0.139)
BuildingD/Level0 Objects/Couch Group/CouchTableF/DecorativeBowl	MeshCollider	enabled=True	trigger=False	center=(9.153, 1.437, 5.961)	size=(0.349, 0.105, 0.349)
BuildingD/Level0 Objects/Couch Group/CouchTableF/DecorativeBowl/DecorativeBowl_LOD0	MeshCollider	enabled=True	trigger=False	center=(9.153, 1.437, 5.961)	size=(0.349, 0.105, 0.349)
BuildingD/Level0 Objects/Couch Group/CouchTableF/DecorativeBowl/DecorativeBowl_LOD1	MeshCollider	enabled=True	trigger=False	center=(9.153, 1.437, 5.961)	size=(0.349, 0.105, 0.349)
BuildingD/Level0 Objects/Couch Group/CouchTableF/DecorativeBowl/DecorativeBowl_LOD2	MeshCollider	enabled=True	trigger=False	center=(9.152, 1.437, 5.960)	size=(0.350, 0.105, 0.349)
BuildingD/Level0 Objects/Couch Group/CouchTableF/DecorativeBowl/Orange	MeshCollider	enabled=True	trigger=False	center=(9.187, 1.437, 5.993)	size=(0.137, 0.099, 0.137)
BuildingD/Level0 Objects/Couch Group/CouchTableF/DecorativeBowl/Orange (1)	MeshCollider	enabled=True	trigger=False	center=(9.167, 1.468, 6.069)	size=(0.099, 0.099, 0.095)
BuildingD/Level0 Objects/Couch Group/CouchTableF/DecorativeBowl/Orange (2)	MeshCollider	enabled=True	trigger=False	center=(9.110, 1.443, 6.041)	size=(0.084, 0.111, 0.110)
BuildingD/Level0 Objects/Couch Group/CouchTableF/DecorativeBowl/Orange (3)	MeshCollider	enabled=True	trigger=False	center=(9.125, 1.440, 5.971)	size=(0.152, 0.109, 0.152)
BuildingD/Level0 Objects/Couch Group/CouchTableF/DecorativeBowl/Orange (4)	MeshCollider	enabled=True	trigger=False	center=(9.186, 1.445, 5.898)	size=(0.099, 0.099, 0.095)
BuildingD/Level0 Objects/Couch Group/CouchTableF/DecorativeBowl/Apple	MeshCollider	enabled=True	trigger=False	center=(9.063, 1.444, 5.928)	size=(0.067, 0.065, 0.066)
BuildingD/Level0 Objects/Couch Group/CouchTableF/DecorativeBowl/Apple (1)	MeshCollider	enabled=True	trigger=False	center=(9.234, 1.443, 5.929)	size=(0.106, 0.090, 0.117)
BuildingD/Level0 Objects/Couch Group/CouchTableF/DecorativeBowl/Spoon	MeshCollider	enabled=True	trigger=False	center=(8.780, 1.395, 6.749)	size=(0.116, 0.019, 0.240)
BuildingD/Level0 Objects/Couch Group/CouchTableF/DecorativeBowl/Spoon (1)	MeshCollider	enabled=True	trigger=False	center=(9.242, 1.394, 6.841)	size=(0.187, 0.019, 0.220)
BuildingD/Level0 Objects/Couch Group/CouchTableF/DecorativeBowl/Spoon (2)	MeshCollider	enabled=True	trigger=False	center=(9.502, 1.395, 6.495)	size=(0.202, 0.019, 0.209)
BuildingD/Level0 Objects/Couch Group/CouchTableF/CoffeePot	MeshCollider	enabled=True	trigger=False	center=(8.929, 1.514, 6.417)	size=(0.375, 0.263, 0.362)
BuildingD/Level0 Objects/Couch Group/CouchTableE	MeshCollider	enabled=True	trigger=False	center=(7.710, 1.310, 7.992)	size=(0.398, 0.642, 0.398)
BuildingD/Level0 Objects/Couch Group/CouchTableE (1)	MeshCollider	enabled=True	trigger=False	center=(10.667, 1.310, 4.930)	size=(0.398, 0.642, 0.398)
BuildingD/Level0 Objects/Couch Group/CouchTableE (1)/Lantern	MeshCollider	enabled=True	trigger=False	center=(10.655, 1.750, 4.903)	size=(0.211, 0.239, 0.211)
BuildingD/Level0 Objects/Couch Group/CouchC	MeshCollider	enabled=True	trigger=False	center=(8.287, 1.267, 4.942)	size=(1.370, 0.534, 1.500)
BuildingD/Level0 Objects/Couch Group/CarpetA	BoxCollider	enabled=True	trigger=False	center=(10.020, 1.005, 5.991)	size=(4.000, 0.010, 4.000)
BuildingD/Level0 Objects/Couch Group/CarpetA (2)	BoxCollider	enabled=True	trigger=False	center=(10.079, 1.005, 9.991)	size=(4.000, 0.010, 4.000)
BuildingD/Level0 Objects/Couch Group/CarpetA (1)	BoxCollider	enabled=True	trigger=False	center=(6.079, 1.005, 5.991)	size=(4.000, 0.010, 4.000)
BuildingD/Level0 Objects/Couch Group/CarpetA (3)	BoxCollider	enabled=True	trigger=False	center=(6.079, 1.005, 9.991)	size=(4.000, 0.010, 4.000)
BuildingD/Level0 Objects/VaseB	MeshCollider	enabled=True	trigger=False	center=(10.629, 1.966, 7.771)	size=(1.308, 1.942, 1.208)
BuildingD/Level0 Objects/VaseB (1)	MeshCollider	enabled=True	trigger=False	center=(11.141, 1.966, 10.614)	size=(1.308, 1.942, 1.208)
BuildingD/Level0 Objects/VaseB (2)	MeshCollider	enabled=True	trigger=False	center=(3.301, 1.966, 11.164)	size=(1.308, 1.942, 1.208)
BuildingD/Level0 Objects/VaseB (4)	MeshCollider	enabled=True	trigger=False	center=(2.569, 1.966, 14.800)	size=(1.308, 1.942, 1.208)
BuildingD/Level0 Objects/VaseB (3)	MeshCollider	enabled=True	trigger=False	center=(3.301, 1.966, 8.164)	size=(1.308, 1.942, 1.208)
BuildingD/Level0 Objects/PaintingA	BoxCollider	enabled=True	trigger=False	center=(9.434, 2.468, 9.480)	size=(2.000, 1.260, 0.041)
BuildingD/Level0 Objects/PaintingC	BoxCollider	enabled=True	trigger=False	center=(9.453, 2.326, 9.767)	size=(1.297, 1.707, 0.034)
BuildingD/Level0 Objects/FloorDecorationA	MeshCollider	enabled=True	trigger=False	center=(9.978, 1.204, 10.209)	size=(0.600, 0.407, 0.600)
BuildingD/Level0 Objects/FloorDecorationB	MeshCollider	enabled=True	trigger=False	center=(11.566, 1.430, 14.413)	size=(0.538, 0.860, 0.538)
BuildingD/Level0 Objects/LeatherSeat	MeshCollider	enabled=True	trigger=False	center=(8.206, 1.102, 19.503)	size=(0.789, 0.203, 0.789)
BuildingD/Level0 Objects/RoofLamp	MeshCollider	enabled=True	trigger=False	center=(4.975, 3.280, 9.319)	size=(0.410, 0.165, 0.410)
BuildingD/Level0 Objects/RoofLamp (4)	MeshCollider	enabled=True	trigger=False	center=(9.975, 3.280, 7.771)	size=(0.410, 0.165, 0.410)
BuildingD/Level0 Objects/RoofLamp (1)	MeshCollider	enabled=True	trigger=False	center=(4.975, 3.280, 6.319)	size=(0.410, 0.165, 0.410)
BuildingD/Level0 Objects/RoofLamp (3)	MeshCollider	enabled=True	trigger=False	center=(9.975, 3.280, 6.319)	size=(0.410, 0.165, 0.410)
BuildingD/Level0 Objects/RoofLamp (2)	MeshCollider	enabled=True	trigger=False	center=(4.975, 3.280, 12.319)	size=(0.410, 0.165, 0.410)
BuildingD/Level0 Objects/RoofLamp (5)	MeshCollider	enabled=True	trigger=False	center=(9.975, 3.280, 12.319)	size=(0.410, 0.165, 0.410)
BuildingD/Level0 Objects/CurtainA	MeshCollider	enabled=True	trigger=False	center=(11.822, 2.250, 10.071)	size=(0.363, 2.504, 1.248)
BuildingD/Level0 Objects/CurtainD	MeshCollider	enabled=True	trigger=False	center=(11.881, 2.235, 8.924)	size=(0.192, 2.465, 1.139)
BuildingD/Level0 Objects/CurtainD (1)	MeshCollider	enabled=True	trigger=False	center=(2.860, 2.235, 21.900)	size=(1.139, 2.465, 0.192)
BuildingD/Level0 Objects/CurtainD (3)	MeshCollider	enabled=True	trigger=False	center=(2.860, 5.037, 23.269)	size=(1.139, 2.465, 0.192)
BuildingD/Level0 Objects/CurtainD (5)	MeshCollider	enabled=True	trigger=False	center=(4.860, 5.037, 23.269)	size=(1.139, 2.465, 0.192)
BuildingD/Level0 Objects/CurtainD (7)	MeshCollider	enabled=True	trigger=False	center=(8.360, 5.037, 23.269)	size=(1.139, 2.465, 0.192)
BuildingD/Level0 Objects/CurtainD (9)	MeshCollider	enabled=True	trigger=False	center=(10.360, 5.037, 23.269)	size=(1.139, 2.465, 0.192)
BuildingD/Level0 Objects/CurtainD (2)	MeshCollider	enabled=True	trigger=False	center=(3.860, 2.235, 21.900)	size=(1.139, 2.465, 0.192)
BuildingD/Level0 Objects/CurtainD (4)	MeshCollider	enabled=True	trigger=False	center=(3.860, 5.037, 23.269)	size=(1.139, 2.465, 0.192)
BuildingD/Level0 Objects/CurtainD (6)	MeshCollider	enabled=True	trigger=False	center=(5.860, 5.037, 23.269)	size=(1.139, 2.465, 0.192)
BuildingD/Level0 Objects/CurtainD (8)	MeshCollider	enabled=True	trigger=False	center=(9.360, 5.037, 23.269)	size=(1.139, 2.465, 0.192)
BuildingD/Level0 Objects/CurtainD (10)	MeshCollider	enabled=True	trigger=False	center=(11.360, 5.037, 23.269)	size=(1.139, 2.465, 0.192)
BuildingD/Level1 Objects/LoungerC Variant	MeshCollider	enabled=True	trigger=False	center=(10.000, 4.216, 7.277)	size=(2.500, 0.890, 2.400)
BuildingD/Level1 Objects/LoungerC Variant/PillowSeat	MeshCollider	enabled=True	trigger=False	center=(9.085, 4.566, 6.710)	size=(0.286, 0.330, 0.373)
BuildingD/Level1 Objects/LoungerC Variant/PillowG Variant	MeshCollider	enabled=True	trigger=False	center=(9.163, 4.521, 7.471)	size=(0.396, 0.346, 0.716)
BuildingD/Level1 Objects/LoungerC Variant/PillowG Variant (1)	MeshCollider	enabled=True	trigger=False	center=(9.198, 4.521, 8.004)	size=(0.531, 0.346, 0.781)
BuildingD/Level1 Objects/LoungerC Variant/PillowC Variant	MeshCollider	enabled=True	trigger=False	center=(9.179, 4.532, 6.472)	size=(0.336, 0.169, 0.539)
BuildingD/Level1 Objects/LoungerC Variant/TabletB/tablet_LOD0	MeshCollider	enabled=True	trigger=False	center=(10.272, 4.441, 7.934)	size=(0.702, 0.041, 0.702)
BuildingD/Level1 Objects/LoungerC Variant/TabletB/tablet_LOD1	MeshCollider	enabled=True	trigger=False	center=(10.272, 4.443, 7.934)	size=(0.716, 0.045, 0.716)
BuildingD/Level1 Objects/LoungerC Variant/TabletB/TowelA/Towel_LOD0	MeshCollider	enabled=True	trigger=False	center=(10.370, 4.544, 7.962)	size=(0.431, 0.190, 0.508)
BuildingD/Level1 Objects/LoungerC Variant/TabletB/TowelA/Towel_LOD1	MeshCollider	enabled=True	trigger=False	center=(10.369, 4.544, 7.962)	size=(0.434, 0.192, 0.512)
BuildingD/Level1 Objects/LoungerC Variant/TabletB/TowelA (1)/Towel_LOD0	MeshCollider	enabled=True	trigger=False	center=(10.202, 4.543, 7.852)	size=(0.483, 0.260, 0.543)
BuildingD/Level1 Objects/LoungerC Variant/TabletB/TowelA (1)/Towel_LOD1	MeshCollider	enabled=True	trigger=False	center=(10.202, 4.544, 7.852)	size=(0.488, 0.263, 0.547)
BuildingD/Level1 Objects/LoungerC Variant/TabletB/TowelA (2)/Towel_LOD0	MeshCollider	enabled=True	trigger=False	center=(10.301, 4.688, 7.917)	size=(0.492, 0.275, 0.549)
BuildingD/Level1 Objects/LoungerC Variant/TabletB/TowelA (2)/Towel_LOD1	MeshCollider	enabled=True	trigger=False	center=(10.302, 4.688, 7.917)	size=(0.496, 0.278, 0.553)
BuildingD/Level1 Objects/CouchTableB	MeshCollider	enabled=True	trigger=False	center=(9.186, 3.947, 8.865)	size=(0.773, 0.351, 0.750)
BuildingD/Level1 Objects/CouchTableB/Ashtray Variant	MeshCollider	enabled=True	trigger=False	center=(9.275, 4.147, 8.825)	size=(0.120, 0.050, 0.120)
BuildingD/Level1 Objects/CouchTableB/LanternB	MeshCollider	enabled=True	trigger=False	center=(10.131, 3.801, 8.843)	size=(0.000, 0.000, 0.000)
BuildingD/Level1 Objects/VaseB (1)	MeshCollider	enabled=True	trigger=False	center=(1.539, 4.766, 9.976)	size=(1.308, 1.942, 1.208)
BuildingD/Level1 Objects/LoungeChair	MeshCollider	enabled=True	trigger=False	center=(2.297, 4.182, 3.314)	size=(0.774, 0.764, 0.775)
BuildingD/Level1 Objects/LoungeChair (1)	MeshCollider	enabled=True	trigger=False	center=(1.421, 4.182, 4.523)	size=(0.796, 0.764, 0.796)
BuildingD/Level1 Objects/CouchTableB (1)	MeshCollider	enabled=True	trigger=False	center=(1.555, 3.976, 3.695)	size=(1.025, 0.351, 1.015)
BuildingD/Level1 Objects/CouchTableB (1)/Bowl	MeshCollider	enabled=True	trigger=False	center=(1.669, 4.180, 3.961)	size=(0.160, 0.057, 0.160)
BuildingD/Level1 Objects/CouchTableB (1)/BowlB Variant	MeshCollider	enabled=True	trigger=False	center=(1.302, 4.169, 3.751)	size=(0.155, 0.035, 0.155)
BuildingD/Level1 Objects/CouchTableB (1)/SaucerB	MeshCollider	enabled=True	trigger=False	center=(1.825, 4.160, 3.558)	size=(0.155, 0.013, 0.155)
BuildingD/Level1 Objects/CouchTableB (1)/CoffeeCupC	MeshCollider	enabled=True	trigger=False	center=(1.826, 4.199, 3.548)	size=(0.109, 0.090, 0.139)
BuildingD/Level1 Objects/CouchTableB (1)/Peach	MeshCollider	enabled=True	trigger=False	center=(1.301, 4.192, 3.776)	size=(0.068, 0.064, 0.068)
BuildingD/Level1 Objects/CouchTableB (1)/Peach (1)	MeshCollider	enabled=True	trigger=False	center=(1.299, 4.191, 3.730)	size=(0.068, 0.064, 0.068)
BuildingD/Level1 Objects/CouchTableB (1)/Apple	MeshCollider	enabled=True	trigger=False	center=(1.269, 4.162, 3.767)	size=(0.067, 0.065, 0.066)
BuildingD/Level1 Objects/CouchTableB (1)/CouchTableLamp	MeshCollider	enabled=True	trigger=False	center=(1.617, 4.383, 3.697)	size=(0.211, 0.463, 0.211)
BuildingD/Level1 Objects/CouchTableB (1)/CouchTableLamp/GardenTableLamp_LOD0	MeshCollider	enabled=True	trigger=False	center=(1.617, 4.383, 3.697)	size=(0.211, 0.463, 0.211)
BuildingD/Level1 Objects/CouchTableB (1)/CouchTableLamp/GardenTableLamp_LOD1	MeshCollider	enabled=True	trigger=False	center=(1.617, 4.383, 3.697)	size=(0.211, 0.463, 0.211)
BuildingD/Level1 Objects/CouchTableB (1)/CouchTableLamp/GardenTableLamp_LOD2	MeshCollider	enabled=True	trigger=False	center=(1.617, 4.383, 3.697)	size=(0.212, 0.463, 0.211)
BuildingD/Level1 Objects/CouchTableB (1)/WallLight	MeshCollider	enabled=True	trigger=False	center=(0.233, 5.686, 4.026)	size=(0.130, 0.208, 0.104)
BuildingD/Level1 Objects/CouchTableB (1)/WallLight (1)	MeshCollider	enabled=True	trigger=False	center=(1.253, 5.686, 10.556)	size=(0.104, 0.208, 0.130)
BuildingD/Level1 Objects/Jacuzzi	MeshCollider	enabled=True	trigger=False	center=(10.833, 4.280, 3.208)	size=(2.295, 0.958, 2.296)
BuildingD/Level1 Objects/mv_Planter	MeshCollider	enabled=True	trigger=False	center=(5.970, 4.188, 2.816)	size=(1.000, 0.773, 1.000)
BuildingD/Level1 Objects/mv_Planter/PalmB	MeshCollider	enabled=True	trigger=False	center=(5.903, 5.097, 2.838)	size=(1.339, 1.417, 1.394)
BuildingD/Level1 Objects/mv_Planter/PalmB/mv_PalmB_LOD0	MeshCollider	enabled=True	trigger=False	center=(5.903, 5.098, 2.839)	size=(1.339, 1.415, 1.394)
BuildingD/Level1 Objects/mv_Planter/PalmB/mv_PalmB_LOD0	MeshCollider	enabled=True	trigger=False	center=(5.903, 5.098, 2.839)	size=(1.339, 1.415, 1.394)
BuildingD/Level1 Objects/mv_Planter/PalmB/mv_PalmB_LOD1	MeshCollider	enabled=True	trigger=False	center=(5.903, 5.097, 2.838)	size=(1.339, 1.416, 1.394)
BuildingD/Level1 Objects/mv_Planter/PalmB/mv_PalmB_LOD1	MeshCollider	enabled=True	trigger=False	center=(5.903, 5.097, 2.838)	size=(1.339, 1.416, 1.394)
BuildingD/Level1 Objects/mv_Planter/PalmB/mv_PalmB_LOD2	MeshCollider	enabled=True	trigger=False	center=(5.903, 5.097, 2.838)	size=(1.339, 1.417, 1.394)
BuildingD/Level1 Objects/mv_Planter/PalmB/mv_PalmB_LOD2	MeshCollider	enabled=True	trigger=False	center=(5.903, 5.097, 2.838)	size=(1.339, 1.417, 1.394)
BuildingD/Level1 Objects/PottedPlantB	MeshCollider	enabled=True	trigger=False	center=(0.838, 4.700, 2.695)	size=(1.343, 1.796, 1.214)
BuildingD/Level1 Objects/PottedPlantC	MeshCollider	enabled=True	trigger=False	center=(0.505, 4.757, 9.598)	size=(1.924, 1.910, 1.835)
BuildingD/Level1 Objects/RoofLights/PoolLight	MeshCollider	enabled=True	trigger=False	center=(0.772, 3.512, 2.256)	size=(0.130, 0.050, 0.130)
BuildingD/Level1 Objects/RoofLights/PoolLight (4)	MeshCollider	enabled=True	trigger=False	center=(9.272, 3.512, 2.256)	size=(0.130, 0.050, 0.130)
BuildingD/Level1 Objects/RoofLights/PoolLight (2)	MeshCollider	enabled=True	trigger=False	center=(5.272, 3.512, 2.256)	size=(0.130, 0.050, 0.130)
BuildingD/Level1 Objects/RoofLights/PoolLight (1)	MeshCollider	enabled=True	trigger=False	center=(2.772, 3.512, 2.256)	size=(0.130, 0.050, 0.130)
BuildingD/Level1 Objects/RoofLights/PoolLight (6)	MeshCollider	enabled=True	trigger=False	center=(11.272, 3.512, 2.256)	size=(0.130, 0.050, 0.130)
BuildingD/Level1 Objects/RoofLights/PoolLight (3)	MeshCollider	enabled=True	trigger=False	center=(7.272, 3.512, 2.256)	size=(0.130, 0.050, 0.130)
BuildingD/Level1 Objects/CurtainD	MeshCollider	enabled=True	trigger=False	center=(2.249, 5.025, 6.088)	size=(0.192, 2.465, 1.139)
BuildingD/Level1 Objects/CurtainD (1)	MeshCollider	enabled=True	trigger=False	center=(2.861, 5.029, 5.610)	size=(1.139, 2.465, 0.192)
BuildingD/Level1 Objects/CurtainD (2)	MeshCollider	enabled=True	trigger=False	center=(4.061, 5.029, 5.565)	size=(1.466, 2.465, 0.192)
BuildingD/Level1 Objects/CurtainC	MeshCollider	enabled=True	trigger=False	center=(5.491, 5.064, 5.640)	size=(1.128, 2.490, 0.413)
BuildingD/Level1 Objects/CurtainA	MeshCollider	enabled=True	trigger=False	center=(6.497, 5.050, 5.708)	size=(1.282, 2.504, 0.609)
BuildingD/Level1 Objects/CurtainA (1)	MeshCollider	enabled=True	trigger=False	center=(8.416, 5.050, 5.655)	size=(1.247, 2.504, 0.361)
BuildingD/Level1 Objects/CurtainA (2)	MeshCollider	enabled=True	trigger=False	center=(9.565, 5.050, 5.655)	size=(1.247, 2.504, 0.361)
BuildingD/Level1 Objects/CurtainA (3)	MeshCollider	enabled=True	trigger=False	center=(2.269, 5.050, 7.601)	size=(0.361, 2.504, 1.247)
BuildingD/Level1 Objects/CurtainA (4)	MeshCollider	enabled=True	trigger=False	center=(2.271, 5.050, 9.331)	size=(0.361, 2.504, 1.247)
BuildingD/Level1 Objects/CurtainB	MeshCollider	enabled=True	trigger=False	center=(2.291, 5.071, 10.111)	size=(0.597, 2.472, 0.690)
BuildingD/Level1 Objects/CurtainB (1)	MeshCollider	enabled=True	trigger=False	center=(2.271, 5.071, 15.189)	size=(0.597, 2.472, 0.690)
BuildingD/Level1 Objects/CurtainE	MeshCollider	enabled=True	trigger=False	center=(2.246, 5.029, 13.342)	size=(0.140, 2.504, 0.451)
BuildingD/Level1 Objects/CurtainE (1)	MeshCollider	enabled=True	trigger=False	center=(2.246, 5.029, 13.741)	size=(0.140, 2.504, 0.451)
BuildingD/Level1 Objects/CurtainE (2)	MeshCollider	enabled=True	trigger=False	center=(2.246, 5.029, 14.826)	size=(0.140, 2.504, 0.451)
BuildingD/Level1 Objects/PottedPlantC (1)	MeshCollider	enabled=True	trigger=False	center=(11.533, 4.312, 8.870)	size=(1.035, 1.027, 0.987)
BuildingD/Level1 Objects/PottedPlantA	MeshCollider	enabled=True	trigger=False	center=(8.161, 4.481, 6.378)	size=(1.192, 1.353, 1.199)
BuildingD/Level1 Objects/CouchC	MeshCollider	enabled=True	trigger=False	center=(10.771, 4.067, 10.014)	size=(1.396, 0.534, 1.517)
BuildingD/Level1 Objects/VaseA	MeshCollider	enabled=True	trigger=False	center=(9.033, 4.359, 9.044)	size=(0.292, 0.475, 0.230)
BuildingD/Level1 Objects/BookC	BoxCollider	enabled=True	trigger=False	center=(9.348, 4.138, 9.041)	size=(0.435, 0.030, 0.372)
BuildingD/Level1 Objects/WhiteWineGlas	MeshCollider	enabled=True	trigger=False	center=(9.262, 4.253, 9.055)	size=(0.085, 0.200, 0.085)
BuildingD/Level1 Objects/Basketball	MeshCollider	enabled=True	trigger=False	center=(11.135, 3.899, 9.054)	size=(0.274, 0.274, 0.195)
BuildingD/Level1 Objects/Wall2x2,5	BoxCollider	enabled=True	trigger=False	center=(7.197, 5.050, 7.467)	size=(0.200, 2.500, 2.000)
BuildingD/Level1 Objects/PaintingD	BoxCollider	enabled=True	trigger=False	center=(7.362, 5.457, 7.464)	size=(0.016, 0.817, 1.226)
BuildingD/Level1 Objects/GardenChair	MeshCollider	enabled=True	trigger=False	center=(1.407, 4.244, 21.466)	size=(1.026, 0.888, 1.026)
BuildingD/Level1 Objects/GardenChair (1)	MeshCollider	enabled=True	trigger=False	center=(1.409, 4.244, 20.286)	size=(1.020, 0.888, 1.020)
BuildingD/Level1 Objects/CouchTableB (2)	MeshCollider	enabled=True	trigger=False	center=(0.566, 3.976, 20.976)	size=(0.773, 0.351, 0.750)
BuildingD/Level1 Objects/DiningChair	MeshCollider	enabled=True	trigger=False	center=(1.003, 4.248, 12.058)	size=(0.572, 0.910, 0.498)
BuildingD/Level1 Objects/DiningChair (1)	MeshCollider	enabled=True	trigger=False	center=(1.380, 4.248, 13.422)	size=(0.673, 0.910, 0.715)
BuildingD/Level1 Objects/CouchTable	MeshCollider	enabled=True	trigger=False	center=(0.823, 4.000, 12.846)	size=(0.557, 0.400, 0.557)
BuildingD/Level1 Objects/Lantern	MeshCollider	enabled=True	trigger=False	center=(0.858, 4.319, 12.760)	size=(0.202, 0.239, 0.202)
BuildingD/Level1 Objects/JugB	MeshCollider	enabled=True	trigger=False	center=(0.622, 4.377, 12.959)	size=(0.282, 0.355, 0.296)
BuildingD/Level1 Objects/JugB/JugB_LOD0	MeshCollider	enabled=True	trigger=False	center=(0.622, 4.377, 12.959)	size=(0.282, 0.355, 0.296)
BuildingD/Level1 Objects/JugB/JugB_LOD1	MeshCollider	enabled=True	trigger=False	center=(0.622, 4.377, 12.959)	size=(0.282, 0.355, 0.296)
BuildingD/Level1 Objects/JugB/JugB_LOD2	MeshCollider	enabled=True	trigger=False	center=(0.623, 4.377, 12.960)	size=(0.286, 0.355, 0.301)
BuildingD/Level1 Objects/BowlB Variant	MeshCollider	enabled=True	trigger=False	center=(0.682, 4.169, 20.812)	size=(0.155, 0.035, 0.155)
BuildingD/Level1 Objects/BowlB Variant (1)	MeshCollider	enabled=True	trigger=False	center=(0.753, 4.169, 21.213)	size=(0.155, 0.035, 0.155)
BuildingD/Level1 Objects/Napkin	MeshCollider	enabled=True	trigger=False	center=(0.497, 4.166, 20.891)	size=(0.219, 0.033, 0.202)
BuildingD/Level1 Objects/Napkin (1)	MeshCollider	enabled=True	trigger=False	center=(0.607, 4.166, 21.195)	size=(0.100, 0.033, 0.200)
BuildingD/Level1 Objects/Orange	MeshCollider	enabled=True	trigger=False	center=(0.771, 4.187, 21.212)	size=(0.099, 0.099, 0.095)
BuildingD/Level1 Objects/Basketball (1)	MeshCollider	enabled=True	trigger=False	center=(0.312, 3.911, 20.381)	size=(0.334, 0.337, 0.334)
BuildingD/Level1 Objects/LoungerB Variant	MeshCollider	enabled=True	trigger=False	center=(9.887, 4.255, 17.531)	size=(2.536, 0.911, 6.465)
BuildingD/Level1 Objects/Wall2x2,5 (1)	BoxCollider	enabled=True	trigger=False	center=(10.408, 5.050, 11.838)	size=(2.000, 2.500, 0.200)
BuildingD/Level1 Objects/Wall2x2,5 (2)	BoxCollider	enabled=True	trigger=False	center=(8.408, 5.050, 11.838)	size=(2.000, 2.500, 0.200)
BuildingD/Level1 Objects/PaintingA	BoxCollider	enabled=True	trigger=False	center=(9.492, 5.326, 12.018)	size=(1.536, 0.968, 0.031)
BuildingD/PoolLight	MeshCollider	enabled=True	trigger=False	center=(10.629, 6.304, 23.826)	size=(0.130, 0.050, 0.130)
BuildingD/PoolLight (2)	MeshCollider	enabled=True	trigger=False	center=(7.629, 6.304, 23.826)	size=(0.130, 0.050, 0.130)
BuildingD/PoolLight (4)	MeshCollider	enabled=True	trigger=False	center=(3.629, 6.304, 23.826)	size=(0.130, 0.050, 0.130)
BuildingD/PoolLight (6)	MeshCollider	enabled=True	trigger=False	center=(5.629, 6.304, 23.826)	size=(0.130, 0.050, 0.130)
BuildingD/PoolLight (1)	MeshCollider	enabled=True	trigger=False	center=(9.629, 6.304, 23.826)	size=(0.130, 0.050, 0.130)
BuildingD/PoolLight (8)	MeshCollider	enabled=True	trigger=False	center=(8.629, 6.304, 23.826)	size=(0.130, 0.050, 0.130)
BuildingD/PoolLight (3)	MeshCollider	enabled=True	trigger=False	center=(6.629, 6.304, 23.826)	size=(0.130, 0.050, 0.130)
BuildingD/PoolLight (5)	MeshCollider	enabled=True	trigger=False	center=(2.629, 6.304, 23.826)	size=(0.130, 0.050, 0.130)
BuildingD/PoolLight (7)	MeshCollider	enabled=True	trigger=False	center=(4.629, 6.304, 23.826)	size=(0.130, 0.050, 0.130)
Terrain	TerrainCollider	enabled=True	trigger=False	center=(42.720, 3.236, 56.000)	size=(200.000, 17.872, 200.000)
PoolLevel/Pool/Objects/PoolLadder	MeshCollider	enabled=True	trigger=False	center=(-11.020, -0.049, 17.498)	size=(0.576, 1.502, 0.356)
PoolLevel/Pool/Objects/Lights/PoolLight	MeshCollider	enabled=True	trigger=False	center=(-12.675, -0.908, 16.398)	size=(0.130, 0.050, 0.130)
PoolLevel/Pool/Objects/Lights/PoolLight (7)	MeshCollider	enabled=True	trigger=False	center=(-12.675, -0.908, 10.898)	size=(0.130, 0.050, 0.130)
PoolLevel/Pool/Objects/Lights/PoolLight (14)	MeshCollider	enabled=True	trigger=False	center=(-12.675, -0.908, 6.398)	size=(0.130, 0.050, 0.130)
PoolLevel/Pool/Objects/Lights/PoolLight (3)	MeshCollider	enabled=True	trigger=False	center=(-8.175, -0.908, 16.398)	size=(0.130, 0.050, 0.130)
PoolLevel/Pool/Objects/Lights/PoolLight (8)	MeshCollider	enabled=True	trigger=False	center=(-8.175, -0.908, 10.898)	size=(0.130, 0.050, 0.130)
PoolLevel/Pool/Objects/Lights/PoolLight (22)	MeshCollider	enabled=True	trigger=False	center=(-8.175, -0.908, 2.898)	size=(0.130, 0.050, 0.130)
PoolLevel/Pool/Objects/Lights/PoolLight (15)	MeshCollider	enabled=True	trigger=False	center=(-8.175, -0.908, 6.398)	size=(0.130, 0.050, 0.130)
PoolLevel/Pool/Objects/Lights/PoolLight (1)	MeshCollider	enabled=True	trigger=False	center=(-11.175, -0.908, 16.398)	size=(0.130, 0.050, 0.130)
PoolLevel/Pool/Objects/Lights/PoolLight (9)	MeshCollider	enabled=True	trigger=False	center=(-11.175, -0.908, 10.898)	size=(0.130, 0.050, 0.130)
PoolLevel/Pool/Objects/Lights/PoolLight (16)	MeshCollider	enabled=True	trigger=False	center=(-11.175, -0.908, 6.398)	size=(0.130, 0.050, 0.130)
PoolLevel/Pool/Objects/Lights/PoolLight (4)	MeshCollider	enabled=True	trigger=False	center=(-6.675, -0.908, 16.398)	size=(0.130, 0.050, 0.130)
PoolLevel/Pool/Objects/Lights/PoolLight (10)	MeshCollider	enabled=True	trigger=False	center=(-6.675, -0.908, 10.898)	size=(0.130, 0.050, 0.130)
PoolLevel/Pool/Objects/Lights/PoolLight (24)	MeshCollider	enabled=True	trigger=False	center=(-6.675, -0.908, 2.898)	size=(0.130, 0.050, 0.130)
PoolLevel/Pool/Objects/Lights/PoolLight (17)	MeshCollider	enabled=True	trigger=False	center=(-6.675, -0.908, 6.398)	size=(0.130, 0.050, 0.130)
PoolLevel/Pool/Objects/Lights/PoolLight (2)	MeshCollider	enabled=True	trigger=False	center=(-9.675, -0.908, 16.398)	size=(0.130, 0.050, 0.130)
PoolLevel/Pool/Objects/Lights/PoolLight (11)	MeshCollider	enabled=True	trigger=False	center=(-9.675, -0.908, 10.898)	size=(0.130, 0.050, 0.130)
PoolLevel/Pool/Objects/Lights/PoolLight (25)	MeshCollider	enabled=True	trigger=False	center=(-9.675, -0.908, 2.898)	size=(0.130, 0.050, 0.130)
PoolLevel/Pool/Objects/Lights/PoolLight (18)	MeshCollider	enabled=True	trigger=False	center=(-9.675, -0.908, 6.398)	size=(0.130, 0.050, 0.130)
PoolLevel/Pool/Objects/Lights/PoolLight (5)	MeshCollider	enabled=True	trigger=False	center=(-5.175, -0.908, 16.398)	size=(0.130, 0.050, 0.130)
PoolLevel/Pool/Objects/Lights/PoolLight (12)	MeshCollider	enabled=True	trigger=False	center=(-5.175, -0.908, 10.898)	size=(0.130, 0.050, 0.130)
PoolLevel/Pool/Objects/Lights/PoolLight (26)	MeshCollider	enabled=True	trigger=False	center=(-5.175, -0.908, 2.898)	size=(0.130, 0.050, 0.130)
PoolLevel/Pool/Objects/Lights/PoolLight (19)	MeshCollider	enabled=True	trigger=False	center=(-5.175, -0.908, 6.398)	size=(0.130, 0.050, 0.130)
PoolLevel/Pool/Objects/Lights/PoolLight (6)	MeshCollider	enabled=True	trigger=False	center=(-3.175, -0.908, 16.398)	size=(0.130, 0.050, 0.130)
PoolLevel/Pool/Objects/Lights/PoolLight (13)	MeshCollider	enabled=True	trigger=False	center=(-3.175, -0.908, 10.898)	size=(0.130, 0.050, 0.130)
PoolLevel/Pool/Objects/Lights/PoolLight (27)	MeshCollider	enabled=True	trigger=False	center=(-3.175, -0.908, 2.898)	size=(0.130, 0.050, 0.130)
PoolLevel/Pool/Objects/Lights/PoolLight (20)	MeshCollider	enabled=True	trigger=False	center=(-3.175, -0.908, 6.398)	size=(0.130, 0.050, 0.130)
PoolLevel/Pool/Pool/PoolBottom (153)	BoxCollider	enabled=True	trigger=False	center=(-3.020, -0.944, 14.000)	size=(1.000, 0.100, 1.000)
PoolLevel/Pool/Pool/PoolBottom (154)	BoxCollider	enabled=True	trigger=False	center=(-2.020, -0.944, 14.000)	size=(1.000, 0.100, 1.000)
PoolLevel/Pool/Pool/PoolBottom (155)	BoxCollider	enabled=True	trigger=False	center=(-3.020, -0.944, 15.000)	size=(1.000, 0.100, 1.000)
PoolLevel/Pool/Pool/PoolBottom (156)	BoxCollider	enabled=True	trigger=False	center=(-2.020, -0.944, 15.000)	size=(1.000, 0.100, 1.000)
PoolLevel/Pool/Pool/PoolBottom (157)	BoxCollider	enabled=True	trigger=False	center=(-7.020, -0.944, 14.000)	size=(1.000, 0.100, 1.000)
PoolLevel/Pool/Pool/PoolBottom (158)	BoxCollider	enabled=True	trigger=False	center=(-7.020, -0.944, 15.000)	size=(1.000, 0.100, 1.000)
PoolLevel/Pool/Pool/PoolBottom (159)	BoxCollider	enabled=True	trigger=False	center=(-9.020, -0.944, 14.000)	size=(1.000, 0.100, 1.000)
PoolLevel/Pool/Pool/PoolBottom (160)	BoxCollider	enabled=True	trigger=False	center=(-8.020, -0.944, 14.000)	size=(1.000, 0.100, 1.000)
PoolLevel/Pool/Pool/PoolBottom (161)	BoxCollider	enabled=True	trigger=False	center=(-9.020, -0.944, 15.000)	size=(1.000, 0.100, 1.000)
PoolLevel/Pool/Pool/PoolBottom (162)	BoxCollider	enabled=True	trigger=False	center=(-8.020, -0.944, 15.000)	size=(1.000, 0.100, 1.000)
PoolLevel/Pool/Pool/PoolBottom (163)	BoxCollider	enabled=True	trigger=False	center=(-10.020, -0.944, 14.000)	size=(1.000, 0.100, 1.000)
PoolLevel/Pool/Pool/PoolBottom (164)	BoxCollider	enabled=True	trigger=False	center=(-10.020, -0.944, 15.000)	size=(1.000, 0.100, 1.000)
PoolLevel/Pool/Pool/PoolBottom (165)	BoxCollider	enabled=True	trigger=False	center=(-6.020, -0.944, 16.000)	size=(1.000, 0.100, 1.000)
PoolLevel/Pool/Pool/PoolBottom (166)	BoxCollider	enabled=True	trigger=False	center=(-5.020, -0.944, 16.000)	size=(1.000, 0.100, 1.000)
PoolLevel/Pool/Pool/PoolBottom (167)	BoxCollider	enabled=True	trigger=False	center=(-4.020, -0.944, 16.000)	size=(1.000, 0.100, 1.000)
PoolLevel/Pool/Pool/PoolBottom (168)	BoxCollider	enabled=True	trigger=False	center=(-6.020, -0.944, 17.000)	size=(1.000, 0.100, 1.000)
PoolLevel/Pool/Pool/PoolBottom (169)	BoxCollider	enabled=True	trigger=False	center=(-5.020, -0.944, 17.000)	size=(1.000, 0.100, 1.000)
PoolLevel/Pool/Pool/PoolBottom (170)	BoxCollider	enabled=True	trigger=False	center=(-4.020, -0.944, 17.000)	size=(1.000, 0.100, 1.000)
PoolLevel/Pool/Pool/PoolBottom (171)	BoxCollider	enabled=True	trigger=False	center=(-13.020, -0.944, 16.000)	size=(1.000, 0.100, 1.000)
PoolLevel/Pool/Pool/PoolBottom (172)	BoxCollider	enabled=True	trigger=False	center=(-12.020, -0.944, 16.000)	size=(1.000, 0.100, 1.000)
PoolLevel/Pool/Pool/PoolBottom (173)	BoxCollider	enabled=True	trigger=False	center=(-11.020, -0.944, 16.000)	size=(1.000, 0.100, 1.000)
PoolLevel/Pool/Pool/PoolBottom (174)	BoxCollider	enabled=True	trigger=False	center=(-13.020, -0.944, 17.000)	size=(1.000, 0.100, 1.000)
PoolLevel/Pool/Pool/PoolBottom (175)	BoxCollider	enabled=True	trigger=False	center=(-12.020, -0.944, 17.000)	size=(1.000, 0.100, 1.000)
PoolLevel/Pool/Pool/PoolBottom (176)	BoxCollider	enabled=True	trigger=False	center=(-11.020, -0.944, 17.000)	size=(1.000, 0.100, 1.000)
PoolLevel/Pool/Pool/PoolBottom (177)	BoxCollider	enabled=True	trigger=False	center=(-3.020, -0.944, 16.000)	size=(1.000, 0.100, 1.000)
PoolLevel/Pool/Pool/PoolBottom (178)	BoxCollider	enabled=True	trigger=False	center=(-2.020, -0.944, 16.000)	size=(1.000, 0.100, 1.000)
PoolLevel/Pool/Pool/PoolBottom (179)	BoxCollider	enabled=True	trigger=False	center=(-3.020, -0.944, 17.000)	size=(1.000, 0.100, 1.000)
PoolLevel/Pool/Pool/PoolBottom (180)	BoxCollider	enabled=True	trigger=False	center=(-2.020, -0.944, 17.000)	size=(1.000, 0.100, 1.000)
PoolLevel/Pool/Pool/PoolBottom (181)	BoxCollider	enabled=True	trigger=False	center=(-7.020, -0.944, 16.000)	size=(1.000, 0.100, 1.000)
PoolLevel/Pool/Pool/PoolBottom (182)	BoxCollider	enabled=True	trigger=False	center=(-7.020, -0.944, 17.000)	size=(1.000, 0.100, 1.000)
PoolLevel/Pool/Pool/PoolBottom (183)	BoxCollider	enabled=True	trigger=False	center=(-9.020, -0.944, 16.000)	size=(1.000, 0.100, 1.000)
PoolLevel/Pool/Pool/PoolBottom (184)	BoxCollider	enabled=True	trigger=False	center=(-8.020, -0.944, 16.000)	size=(1.000, 0.100, 1.000)
PoolLevel/Pool/Pool/PoolBottom (185)	BoxCollider	enabled=True	trigger=False	center=(-9.020, -0.944, 17.000)	size=(1.000, 0.100, 1.000)
PoolLevel/Pool/Pool/PoolBottom (186)	BoxCollider	enabled=True	trigger=False	center=(-8.020, -0.944, 17.000)	size=(1.000, 0.100, 1.000)
PoolLevel/Pool/Pool/PoolBottom (187)	BoxCollider	enabled=True	trigger=False	center=(-10.020, -0.944, 16.000)	size=(1.000, 0.100, 1.000)
PoolLevel/Pool/Pool/PoolBottom (188)	BoxCollider	enabled=True	trigger=False	center=(-10.020, -0.944, 17.000)	size=(1.000, 0.100, 1.000)
PoolLevel/Pool/Pool/PoolStraightTop (46)	BoxCollider	enabled=True	trigger=False	center=(-13.770, -0.384, 9.500)	size=(0.500, 1.020, 1.000)
PoolLevel/Pool/Pool/PoolStraightTop (47)	BoxCollider	enabled=True	trigger=False	center=(-13.770, -0.384, 10.500)	size=(0.500, 1.020, 1.000)
PoolLevel/Pool/Pool/PoolStraightTop (48)	BoxCollider	enabled=True	trigger=False	center=(-13.770, -0.384, 11.500)	size=(0.500, 1.020, 1.000)
PoolLevel/Pool/Pool/PoolStraightTop (49)	BoxCollider	enabled=True	trigger=False	center=(-13.770, -0.384, 12.500)	size=(0.500, 1.020, 1.000)
PoolLevel/Pool/Pool/PoolStraightTop (50)	BoxCollider	enabled=True	trigger=False	center=(-13.770, -0.384, 13.500)	size=(0.500, 1.020, 1.000)
PoolLevel/Pool/Pool/PoolStraightTop (51)	BoxCollider	enabled=True	trigger=False	center=(-13.770, -0.384, 14.500)	size=(0.500, 1.020, 1.000)
PoolLevel/Pool/Pool/PoolStraightTop (52)	BoxCollider	enabled=True	trigger=False	center=(-13.770, -0.384, 15.500)	size=(0.500, 1.020, 1.000)
PoolLevel/Pool/Pool/PoolStraightTop (53)	BoxCollider	enabled=True	trigger=False	center=(-13.770, -0.384, 16.500)	size=(0.500, 1.020, 1.000)
PoolLevel/Pool/Pool/PoolCornerReverse	BoxCollider	enabled=True	trigger=False	center=(-10.770, -0.384, 5.250)	size=(0.500, 1.020, 0.501)
PoolLevel/Pool/Pool/PoolCornerTop	MeshCollider	enabled=True	trigger=False	center=(-10.520, -0.384, 0.500)	size=(1.000, 1.020, 1.000)
PoolLevel/Pool/Pool/PoolCornerTop (1)	MeshCollider	enabled=True	trigger=False	center=(-1.520, -0.384, 0.500)	size=(1.000, 1.020, 1.000)
PoolLevel/Pool/Pool/PoolStraightTop	BoxCollider	enabled=True	trigger=False	center=(-4.520, -0.384, 0.250)	size=(1.000, 1.020, 0.500)
PoolLevel/Pool/Pool/PoolBottom	BoxCollider	enabled=True	trigger=False	center=(-6.020, -0.944, 1.000)	size=(1.000, 0.100, 1.000)
PoolLevel/Pool/Pool/PoolBottom (1)	BoxCollider	enabled=True	trigger=False	center=(-5.020, -0.944, 1.000)	size=(1.000, 0.100, 1.000)
PoolLevel/Pool/Pool/PoolBottom (2)	BoxCollider	enabled=True	trigger=False	center=(-4.020, -0.944, 1.000)	size=(1.000, 0.100, 1.000)
PoolLevel/Pool/Pool/PoolBottom (3)	BoxCollider	enabled=True	trigger=False	center=(-6.020, -0.944, 2.000)	size=(1.000, 0.100, 1.000)
PoolLevel/Pool/Pool/PoolBottom (4)	BoxCollider	enabled=True	trigger=False	center=(-5.020, -0.944, 2.000)	size=(1.000, 0.100, 1.000)
PoolLevel/Pool/Pool/PoolBottom (5)	BoxCollider	enabled=True	trigger=False	center=(-4.020, -0.944, 2.000)	size=(1.000, 0.100, 1.000)
PoolLevel/Pool/Pool/PoolBottom (6)	BoxCollider	enabled=True	trigger=False	center=(-6.020, -0.944, 3.000)	size=(1.000, 0.100, 1.000)
PoolLevel/Pool/Pool/PoolBottom (7)	BoxCollider	enabled=True	trigger=False	center=(-5.020, -0.944, 3.000)	size=(1.000, 0.100, 1.000)
PoolLevel/Pool/Pool/PoolBottom (8)	BoxCollider	enabled=True	trigger=False	center=(-4.020, -0.944, 3.000)	size=(1.000, 0.100, 1.000)
PoolLevel/Pool/Pool/PoolBottom (9)	BoxCollider	enabled=True	trigger=False	center=(-6.020, -0.944, 4.000)	size=(1.000, 0.100, 1.000)
PoolLevel/Pool/Pool/PoolBottom (10)	BoxCollider	enabled=True	trigger=False	center=(-5.020, -0.944, 4.000)	size=(1.000, 0.100, 1.000)
PoolLevel/Pool/Pool/PoolBottom (11)	BoxCollider	enabled=True	trigger=False	center=(-4.020, -0.944, 4.000)	size=(1.000, 0.100, 1.000)
PoolLevel/Pool/Pool/PoolBottom (12)	BoxCollider	enabled=True	trigger=False	center=(-6.020, -0.944, 5.000)	size=(1.000, 0.100, 1.000)
PoolLevel/Pool/Pool/PoolBottom (13)	BoxCollider	enabled=True	trigger=False	center=(-5.020, -0.944, 5.000)	size=(1.000, 0.100, 1.000)
PoolLevel/Pool/Pool/PoolBottom (14)	BoxCollider	enabled=True	trigger=False	center=(-4.020, -0.944, 5.000)	size=(1.000, 0.100, 1.000)
PoolLevel/Pool/Pool/PoolStraightTop (1)	BoxCollider	enabled=True	trigger=False	center=(-5.520, -0.384, 0.250)	size=(1.000, 1.020, 0.500)
PoolLevel/Pool/Pool/PoolStraightTop (2)	BoxCollider	enabled=True	trigger=False	center=(-10.770, -0.384, 1.500)	size=(0.500, 1.020, 1.000)
PoolLevel/Pool/Pool/PoolStraightTop (3)	BoxCollider	enabled=True	trigger=False	center=(-10.770, -0.384, 2.500)	size=(0.500, 1.020, 1.000)
PoolLevel/Pool/Pool/PoolStraightTop (4)	BoxCollider	enabled=True	trigger=False	center=(-10.770, -0.384, 3.500)	size=(0.500, 1.020, 1.000)
PoolLevel/Pool/Pool/PoolStraightTop (5)	BoxCollider	enabled=True	trigger=False	center=(-10.770, -0.384, 4.500)	size=(0.500, 1.020, 1.000)
PoolLevel/Pool/Pool/PoolStraightTop (6)	BoxCollider	enabled=True	trigger=False	center=(-1.270, -0.384, 1.500)	size=(0.500, 1.020, 1.000)
PoolLevel/Pool/Pool/PoolStraightTop (7)	BoxCollider	enabled=True	trigger=False	center=(-1.270, -0.384, 2.500)	size=(0.500, 1.020, 1.000)
PoolLevel/Pool/Pool/PoolStraightTop (8)	BoxCollider	enabled=True	trigger=False	center=(-1.270, -0.384, 3.500)	size=(0.500, 1.020, 1.000)
PoolLevel/Pool/Pool/PoolStraightTop (9)	BoxCollider	enabled=True	trigger=False	center=(-1.270, -0.384, 4.500)	size=(0.500, 1.020, 1.000)
PoolLevel/Pool/Pool/PoolStraightTop (10)	BoxCollider	enabled=True	trigger=False	center=(-1.270, -0.384, 5.500)	size=(0.500, 1.020, 1.000)
PoolLevel/Pool/Pool/PoolStraightTop (11)	BoxCollider	enabled=True	trigger=False	center=(-1.270, -0.384, 6.500)	size=(0.500, 1.020, 1.000)
PoolLevel/Pool/Pool/PoolStraightTop (12)	BoxCollider	enabled=True	trigger=False	center=(-1.270, -0.384, 7.500)	size=(0.500, 1.020, 1.000)
PoolLevel/Pool/Pool/PoolStraightTop (13)	BoxCollider	enabled=True	trigger=False	center=(-1.270, -0.384, 8.500)	size=(0.500, 1.020, 1.000)
PoolLevel/Pool/Pool/PoolStraightTop (14)	BoxCollider	enabled=True	trigger=False	center=(-11.520, -0.384, 5.250)	size=(1.000, 1.020, 0.500)
PoolLevel/Pool/Pool/PoolStraightTop (15)	BoxCollider	enabled=True	trigger=False	center=(-12.520, -0.384, 5.250)	size=(1.000, 1.020, 0.500)
PoolLevel/Pool/Pool/PoolCornerTop (2)	MeshCollider	enabled=True	trigger=False	center=(-13.520, -0.384, 5.500)	size=(1.000, 1.020, 1.000)
PoolLevel/Pool/Pool/PoolStraightTop (16)	BoxCollider	enabled=True	trigger=False	center=(-13.770, -0.384, 6.500)	size=(0.500, 1.020, 1.000)
PoolLevel/Pool/Pool/PoolStraightTop (17)	BoxCollider	enabled=True	trigger=False	center=(-13.770, -0.384, 7.500)	size=(0.500, 1.020, 1.000)
PoolLevel/Pool/Pool/PoolStraightTop (18)	BoxCollider	enabled=True	trigger=False	center=(-13.770, -0.384, 8.500)	size=(0.500, 1.020, 1.000)
PoolLevel/Pool/Pool/PoolCornerTop (3)	MeshCollider	enabled=True	trigger=False	center=(-13.520, -0.384, 17.500)	size=(1.000, 1.020, 1.000)
PoolLevel/Pool/Pool/PoolCornerTop (4)	MeshCollider	enabled=True	trigger=False	center=(-1.520, -0.384, 17.500)	size=(1.000, 1.020, 1.000)
PoolLevel/Pool/Pool/PoolStraightTop (19)	BoxCollider	enabled=True	trigger=False	center=(-12.520, -0.384, 17.750)	size=(1.000, 1.020, 0.500)
PoolLevel/Pool/Pool/PoolStraightTop (20)	BoxCollider	enabled=True	trigger=False	center=(-11.520, -0.384, 17.750)	size=(1.000, 1.020, 0.500)
PoolLevel/Pool/Pool/PoolStraightTop (21)	BoxCollider	enabled=True	trigger=False	center=(-6.520, -0.384, 17.750)	size=(1.000, 1.020, 0.500)
PoolLevel/Pool/Pool/PoolStraightTop (22)	BoxCollider	enabled=True	trigger=False	center=(-5.520, -0.384, 17.750)	size=(1.000, 1.020, 0.500)
PoolLevel/Pool/Pool/PoolStraightTop (23)	BoxCollider	enabled=True	trigger=False	center=(-4.520, -0.384, 17.750)	size=(1.000, 1.020, 0.500)
PoolLevel/Pool/Pool/PoolBottom (15)	BoxCollider	enabled=True	trigger=False	center=(-6.020, -0.944, 6.000)	size=(1.000, 0.100, 1.000)
PoolLevel/Pool/Pool/PoolBottom (16)	BoxCollider	enabled=True	trigger=False	center=(-5.020, -0.944, 6.000)	size=(1.000, 0.100, 1.000)
PoolLevel/Pool/Pool/PoolBottom (17)	BoxCollider	enabled=True	trigger=False	center=(-4.020, -0.944, 6.000)	size=(1.000, 0.100, 1.000)
PoolLevel/Pool/Pool/PoolBottom (18)	BoxCollider	enabled=True	trigger=False	center=(-6.020, -0.944, 7.000)	size=(1.000, 0.100, 1.000)
PoolLevel/Pool/Pool/PoolBottom (19)	BoxCollider	enabled=True	trigger=False	center=(-5.020, -0.944, 7.000)	size=(1.000, 0.100, 1.000)
PoolLevel/Pool/Pool/PoolBottom (20)	BoxCollider	enabled=True	trigger=False	center=(-4.020, -0.944, 7.000)	size=(1.000, 0.100, 1.000)
PoolLevel/Pool/Pool/PoolBottom (21)	BoxCollider	enabled=True	trigger=False	center=(-6.020, -0.944, 8.000)	size=(1.000, 0.100, 1.000)
PoolLevel/Pool/Pool/PoolBottom (22)	BoxCollider	enabled=True	trigger=False	center=(-5.020, -0.944, 8.000)	size=(1.000, 0.100, 1.000)
PoolLevel/Pool/Pool/PoolBottom (23)	BoxCollider	enabled=True	trigger=False	center=(-4.020, -0.944, 8.000)	size=(1.000, 0.100, 1.000)
PoolLevel/Pool/Pool/PoolBottom (24)	BoxCollider	enabled=True	trigger=False	center=(-6.020, -0.944, 9.000)	size=(1.000, 0.100, 1.000)
PoolLevel/Pool/Pool/PoolBottom (25)	BoxCollider	enabled=True	trigger=False	center=(-5.020, -0.944, 9.000)	size=(1.000, 0.100, 1.000)
PoolLevel/Pool/Pool/PoolBottom (26)	BoxCollider	enabled=True	trigger=False	center=(-4.020, -0.944, 9.000)	size=(1.000, 0.100, 1.000)
PoolLevel/Pool/Pool/PoolBottom (30)	BoxCollider	enabled=True	trigger=False	center=(-13.020, -0.944, 6.000)	size=(1.000, 0.100, 1.000)
PoolLevel/Pool/Pool/PoolBottom (31)	BoxCollider	enabled=True	trigger=False	center=(-12.020, -0.944, 6.000)	size=(1.000, 0.100, 1.000)
PoolLevel/Pool/Pool/PoolBottom (32)	BoxCollider	enabled=True	trigger=False	center=(-11.020, -0.944, 6.000)	size=(1.000, 0.100, 1.000)
PoolLevel/Pool/Pool/PoolBottom (33)	BoxCollider	enabled=True	trigger=False	center=(-13.020, -0.944, 7.000)	size=(1.000, 0.100, 1.000)
PoolLevel/Pool/Pool/PoolBottom (34)	BoxCollider	enabled=True	trigger=False	center=(-12.020, -0.944, 7.000)	size=(1.000, 0.100, 1.000)
PoolLevel/Pool/Pool/PoolBottom (35)	BoxCollider	enabled=True	trigger=False	center=(-11.020, -0.944, 7.000)	size=(1.000, 0.100, 1.000)
PoolLevel/Pool/Pool/PoolBottom (36)	BoxCollider	enabled=True	trigger=False	center=(-13.020, -0.944, 8.000)	size=(1.000, 0.100, 1.000)
PoolLevel/Pool/Pool/PoolBottom (37)	BoxCollider	enabled=True	trigger=False	center=(-12.020, -0.944, 8.000)	size=(1.000, 0.100, 1.000)
PoolLevel/Pool/Pool/PoolBottom (38)	BoxCollider	enabled=True	trigger=False	center=(-11.020, -0.944, 8.000)	size=(1.000, 0.100, 1.000)
PoolLevel/Pool/Pool/PoolBottom (39)	BoxCollider	enabled=True	trigger=False	center=(-13.020, -0.944, 9.000)	size=(1.000, 0.100, 1.000)
PoolLevel/Pool/Pool/PoolBottom (40)	BoxCollider	enabled=True	trigger=False	center=(-12.020, -0.944, 9.000)	size=(1.000, 0.100, 1.000)
PoolLevel/Pool/Pool/PoolBottom (41)	BoxCollider	enabled=True	trigger=False	center=(-11.020, -0.944, 9.000)	size=(1.000, 0.100, 1.000)
PoolLevel/Pool/Pool/PoolStraightTop (24)	BoxCollider	enabled=True	trigger=False	center=(-3.520, -0.384, 0.250)	size=(1.000, 1.020, 0.500)
PoolLevel/Pool/Pool/PoolStraightTop (25)	BoxCollider	enabled=True	trigger=False	center=(-3.520, -0.384, 17.750)	size=(1.000, 1.020, 0.500)
PoolLevel/Pool/Pool/PoolStraightTop (26)	BoxCollider	enabled=True	trigger=False	center=(-2.520, -0.384, 0.250)	size=(1.000, 1.020, 0.500)
PoolLevel/Pool/Pool/PoolStraightTop (27)	BoxCollider	enabled=True	trigger=False	center=(-2.520, -0.384, 17.750)	size=(1.000, 1.020, 0.500)
PoolLevel/Pool/Pool/PoolBottom (27)	BoxCollider	enabled=True	trigger=False	center=(-3.020, -0.944, 1.000)	size=(1.000, 0.100, 1.000)
PoolLevel/Pool/Pool/PoolBottom (28)	BoxCollider	enabled=True	trigger=False	center=(-2.020, -0.944, 1.000)	size=(1.000, 0.100, 1.000)
PoolLevel/Pool/Pool/PoolBottom (29)	BoxCollider	enabled=True	trigger=False	center=(-3.020, -0.944, 2.000)	size=(1.000, 0.100, 1.000)
PoolLevel/Pool/Pool/PoolBottom (42)	BoxCollider	enabled=True	trigger=False	center=(-2.020, -0.944, 2.000)	size=(1.000, 0.100, 1.000)
PoolLevel/Pool/Pool/PoolBottom (43)	BoxCollider	enabled=True	trigger=False	center=(-3.020, -0.944, 3.000)	size=(1.000, 0.100, 1.000)
PoolLevel/Pool/Pool/PoolBottom (44)	BoxCollider	enabled=True	trigger=False	center=(-2.020, -0.944, 3.000)	size=(1.000, 0.100, 1.000)
PoolLevel/Pool/Pool/PoolBottom (45)	BoxCollider	enabled=True	trigger=False	center=(-3.020, -0.944, 4.000)	size=(1.000, 0.100, 1.000)
PoolLevel/Pool/Pool/PoolBottom (46)	BoxCollider	enabled=True	trigger=False	center=(-2.020, -0.944, 4.000)	size=(1.000, 0.100, 1.000)
PoolLevel/Pool/Pool/PoolBottom (47)	BoxCollider	enabled=True	trigger=False	center=(-3.020, -0.944, 5.000)	size=(1.000, 0.100, 1.000)
PoolLevel/Pool/Pool/PoolBottom (48)	BoxCollider	enabled=True	trigger=False	center=(-2.020, -0.944, 5.000)	size=(1.000, 0.100, 1.000)
PoolLevel/Pool/Pool/PoolBottom (49)	BoxCollider	enabled=True	trigger=False	center=(-3.020, -0.944, 6.000)	size=(1.000, 0.100, 1.000)
PoolLevel/Pool/Pool/PoolBottom (50)	BoxCollider	enabled=True	trigger=False	center=(-2.020, -0.944, 6.000)	size=(1.000, 0.100, 1.000)
PoolLevel/Pool/Pool/PoolBottom (51)	BoxCollider	enabled=True	trigger=False	center=(-3.020, -0.944, 7.000)	size=(1.000, 0.100, 1.000)
PoolLevel/Pool/Pool/PoolBottom (52)	BoxCollider	enabled=True	trigger=False	center=(-2.020, -0.944, 7.000)	size=(1.000, 0.100, 1.000)
PoolLevel/Pool/Pool/PoolBottom (53)	BoxCollider	enabled=True	trigger=False	center=(-3.020, -0.944, 8.000)	size=(1.000, 0.100, 1.000)
PoolLevel/Pool/Pool/PoolBottom (54)	BoxCollider	enabled=True	trigger=False	center=(-2.020, -0.944, 8.000)	size=(1.000, 0.100, 1.000)
PoolLevel/Pool/Pool/PoolBottom (55)	BoxCollider	enabled=True	trigger=False	center=(-3.020, -0.944, 9.000)	size=(1.000, 0.100, 1.000)
PoolLevel/Pool/Pool/PoolBottom (56)	BoxCollider	enabled=True	trigger=False	center=(-2.020, -0.944, 9.000)	size=(1.000, 0.100, 1.000)
PoolLevel/Pool/Pool/PoolStraightTop (28)	BoxCollider	enabled=True	trigger=False	center=(-8.520, -0.384, 0.250)	size=(1.000, 1.020, 0.500)
PoolLevel/Pool/Pool/PoolStraightTop (29)	BoxCollider	enabled=True	trigger=False	center=(-9.520, -0.384, 0.250)	size=(1.000, 1.020, 0.500)
PoolLevel/Pool/Pool/PoolStraightTop (30)	BoxCollider	enabled=True	trigger=False	center=(-7.520, -0.384, 0.250)	size=(1.000, 1.020, 0.500)
PoolLevel/Pool/Pool/PoolStraightTop (31)	BoxCollider	enabled=True	trigger=False	center=(-6.520, -0.384, 0.250)	size=(1.000, 1.020, 0.500)
PoolLevel/Pool/Pool/PoolBottom (57)	BoxCollider	enabled=True	trigger=False	center=(-7.020, -0.944, 1.000)	size=(1.000, 0.100, 1.000)
PoolLevel/Pool/Pool/PoolBottom (58)	BoxCollider	enabled=True	trigger=False	center=(-7.020, -0.944, 2.000)	size=(1.000, 0.100, 1.000)
PoolLevel/Pool/Pool/PoolBottom (59)	BoxCollider	enabled=True	trigger=False	center=(-7.020, -0.944, 3.000)	size=(1.000, 0.100, 1.000)
PoolLevel/Pool/Pool/PoolBottom (60)	BoxCollider	enabled=True	trigger=False	center=(-7.020, -0.944, 4.000)	size=(1.000, 0.100, 1.000)
PoolLevel/Pool/Pool/PoolBottom (61)	BoxCollider	enabled=True	trigger=False	center=(-7.020, -0.944, 5.000)	size=(1.000, 0.100, 1.000)
PoolLevel/Pool/Pool/PoolBottom (62)	BoxCollider	enabled=True	trigger=False	center=(-7.020, -0.944, 6.000)	size=(1.000, 0.100, 1.000)
PoolLevel/Pool/Pool/PoolBottom (63)	BoxCollider	enabled=True	trigger=False	center=(-7.020, -0.944, 7.000)	size=(1.000, 0.100, 1.000)
PoolLevel/Pool/Pool/PoolBottom (64)	BoxCollider	enabled=True	trigger=False	center=(-7.020, -0.944, 8.000)	size=(1.000, 0.100, 1.000)
PoolLevel/Pool/Pool/PoolBottom (65)	BoxCollider	enabled=True	trigger=False	center=(-7.020, -0.944, 9.000)	size=(1.000, 0.100, 1.000)
PoolLevel/Pool/Pool/PoolBottom (66)	BoxCollider	enabled=True	trigger=False	center=(-9.020, -0.944, 1.000)	size=(1.000, 0.100, 1.000)
PoolLevel/Pool/Pool/PoolBottom (67)	BoxCollider	enabled=True	trigger=False	center=(-8.020, -0.944, 1.000)	size=(1.000, 0.100, 1.000)
PoolLevel/Pool/Pool/PoolBottom (68)	BoxCollider	enabled=True	trigger=False	center=(-9.020, -0.944, 2.000)	size=(1.000, 0.100, 1.000)
PoolLevel/Pool/Pool/PoolBottom (69)	BoxCollider	enabled=True	trigger=False	center=(-8.020, -0.944, 2.000)	size=(1.000, 0.100, 1.000)
PoolLevel/Pool/Pool/PoolBottom (70)	BoxCollider	enabled=True	trigger=False	center=(-9.020, -0.944, 3.000)	size=(1.000, 0.100, 1.000)
PoolLevel/Pool/Pool/PoolBottom (71)	BoxCollider	enabled=True	trigger=False	center=(-8.020, -0.944, 3.000)	size=(1.000, 0.100, 1.000)
PoolLevel/Pool/Pool/PoolBottom (72)	BoxCollider	enabled=True	trigger=False	center=(-9.020, -0.944, 4.000)	size=(1.000, 0.100, 1.000)
PoolLevel/Pool/Pool/PoolBottom (73)	BoxCollider	enabled=True	trigger=False	center=(-8.020, -0.944, 4.000)	size=(1.000, 0.100, 1.000)
PoolLevel/Pool/Pool/PoolBottom (74)	BoxCollider	enabled=True	trigger=False	center=(-9.020, -0.944, 5.000)	size=(1.000, 0.100, 1.000)
PoolLevel/Pool/Pool/PoolBottom (75)	BoxCollider	enabled=True	trigger=False	center=(-8.020, -0.944, 5.000)	size=(1.000, 0.100, 1.000)
PoolLevel/Pool/Pool/PoolBottom (76)	BoxCollider	enabled=True	trigger=False	center=(-9.020, -0.944, 6.000)	size=(1.000, 0.100, 1.000)
PoolLevel/Pool/Pool/PoolBottom (77)	BoxCollider	enabled=True	trigger=False	center=(-8.020, -0.944, 6.000)	size=(1.000, 0.100, 1.000)
PoolLevel/Pool/Pool/PoolBottom (78)	BoxCollider	enabled=True	trigger=False	center=(-9.020, -0.944, 7.000)	size=(1.000, 0.100, 1.000)
PoolLevel/Pool/Pool/PoolBottom (79)	BoxCollider	enabled=True	trigger=False	center=(-8.020, -0.944, 7.000)	size=(1.000, 0.100, 1.000)
PoolLevel/Pool/Pool/PoolBottom (80)	BoxCollider	enabled=True	trigger=False	center=(-9.020, -0.944, 8.000)	size=(1.000, 0.100, 1.000)
PoolLevel/Pool/Pool/PoolBottom (81)	BoxCollider	enabled=True	trigger=False	center=(-8.020, -0.944, 8.000)	size=(1.000, 0.100, 1.000)
PoolLevel/Pool/Pool/PoolBottom (82)	BoxCollider	enabled=True	trigger=False	center=(-9.020, -0.944, 9.000)	size=(1.000, 0.100, 1.000)
PoolLevel/Pool/Pool/PoolBottom (83)	BoxCollider	enabled=True	trigger=False	center=(-8.020, -0.944, 9.000)	size=(1.000, 0.100, 1.000)
PoolLevel/Pool/Pool/PoolBottom (84)	BoxCollider	enabled=True	trigger=False	center=(-10.020, -0.944, 1.000)	size=(1.000, 0.100, 1.000)
PoolLevel/Pool/Pool/PoolBottom (85)	BoxCollider	enabled=True	trigger=False	center=(-10.020, -0.944, 2.000)	size=(1.000, 0.100, 1.000)
PoolLevel/Pool/Pool/PoolBottom (86)	BoxCollider	enabled=True	trigger=False	center=(-10.020, -0.944, 3.000)	size=(1.000, 0.100, 1.000)
PoolLevel/Pool/Pool/PoolBottom (87)	BoxCollider	enabled=True	trigger=False	center=(-10.020, -0.944, 4.000)	size=(1.000, 0.100, 1.000)
PoolLevel/Pool/Pool/PoolBottom (88)	BoxCollider	enabled=True	trigger=False	center=(-10.020, -0.944, 5.000)	size=(1.000, 0.100, 1.000)
PoolLevel/Pool/Pool/PoolBottom (89)	BoxCollider	enabled=True	trigger=False	center=(-10.020, -0.944, 6.000)	size=(1.000, 0.100, 1.000)
PoolLevel/Pool/Pool/PoolBottom (90)	BoxCollider	enabled=True	trigger=False	center=(-10.020, -0.944, 7.000)	size=(1.000, 0.100, 1.000)
PoolLevel/Pool/Pool/PoolBottom (91)	BoxCollider	enabled=True	trigger=False	center=(-10.020, -0.944, 8.000)	size=(1.000, 0.100, 1.000)
PoolLevel/Pool/Pool/PoolBottom (92)	BoxCollider	enabled=True	trigger=False	center=(-10.020, -0.944, 9.000)	size=(1.000, 0.100, 1.000)
PoolLevel/Pool/Pool/PoolStraightTop (32)	BoxCollider	enabled=True	trigger=False	center=(-8.520, -0.384, 17.750)	size=(1.000, 1.020, 0.500)
PoolLevel/Pool/Pool/PoolStraightTop (33)	BoxCollider	enabled=True	trigger=False	center=(-7.520, -0.384, 17.750)	size=(1.000, 1.020, 0.500)
PoolLevel/Pool/Pool/PoolStraightTop (34)	BoxCollider	enabled=True	trigger=False	center=(-10.520, -0.384, 17.750)	size=(1.000, 1.020, 0.500)
PoolLevel/Pool/Pool/PoolStraightTop (35)	BoxCollider	enabled=True	trigger=False	center=(-9.520, -0.384, 17.750)	size=(1.000, 1.020, 0.500)
PoolLevel/Pool/Pool/PoolStraightTop (36)	BoxCollider	enabled=True	trigger=False	center=(-1.270, -0.384, 9.500)	size=(0.500, 1.020, 1.000)
PoolLevel/Pool/Pool/PoolStraightTop (37)	BoxCollider	enabled=True	trigger=False	center=(-1.270, -0.384, 10.500)	size=(0.500, 1.020, 1.000)
PoolLevel/Pool/Pool/PoolStraightTop (38)	BoxCollider	enabled=True	trigger=False	center=(-1.270, -0.384, 11.500)	size=(0.500, 1.020, 1.000)
PoolLevel/Pool/Pool/PoolStraightTop (39)	BoxCollider	enabled=True	trigger=False	center=(-1.270, -0.384, 12.500)	size=(0.500, 1.020, 1.000)
PoolLevel/Pool/Pool/PoolStraightTop (40)	BoxCollider	enabled=True	trigger=False	center=(-1.270, -0.384, 13.500)	size=(0.500, 1.020, 1.000)
PoolLevel/Pool/Pool/PoolStraightTop (41)	BoxCollider	enabled=True	trigger=False	center=(-1.270, -0.384, 14.500)	size=(0.500, 1.020, 1.000)
PoolLevel/Pool/Pool/PoolStraightTop (42)	BoxCollider	enabled=True	trigger=False	center=(-1.270, -0.384, 15.500)	size=(0.500, 1.020, 1.000)
PoolLevel/Pool/Pool/PoolStraightTop (43)	BoxCollider	enabled=True	trigger=False	center=(-1.270, -0.384, 16.500)	size=(0.500, 1.020, 1.000)
PoolLevel/Pool/Pool/PoolStraightTop (44)	BoxCollider	enabled=True	trigger=False	center=(-1.270, -0.384, 15.500)	size=(0.500, 1.020, 1.000)
PoolLevel/Pool/Pool/PoolStraightTop (45)	BoxCollider	enabled=True	trigger=False	center=(-1.270, -0.384, 16.500)	size=(0.500, 1.020, 1.000)
PoolLevel/Pool/Pool/PoolBottom (93)	BoxCollider	enabled=True	trigger=False	center=(-6.020, -0.944, 10.000)	size=(1.000, 0.100, 1.000)
PoolLevel/Pool/Pool/PoolBottom (94)	BoxCollider	enabled=True	trigger=False	center=(-5.020, -0.944, 10.000)	size=(1.000, 0.100, 1.000)
PoolLevel/Pool/Pool/PoolBottom (95)	BoxCollider	enabled=True	trigger=False	center=(-4.020, -0.944, 10.000)	size=(1.000, 0.100, 1.000)
PoolLevel/Pool/Pool/PoolBottom (96)	BoxCollider	enabled=True	trigger=False	center=(-6.020, -0.944, 11.000)	size=(1.000, 0.100, 1.000)
PoolLevel/Pool/Pool/PoolBottom (97)	BoxCollider	enabled=True	trigger=False	center=(-5.020, -0.944, 11.000)	size=(1.000, 0.100, 1.000)
PoolLevel/Pool/Pool/PoolBottom (98)	BoxCollider	enabled=True	trigger=False	center=(-4.020, -0.944, 11.000)	size=(1.000, 0.100, 1.000)
PoolLevel/Pool/Pool/PoolBottom (99)	BoxCollider	enabled=True	trigger=False	center=(-13.020, -0.944, 10.000)	size=(1.000, 0.100, 1.000)
PoolLevel/Pool/Pool/PoolBottom (100)	BoxCollider	enabled=True	trigger=False	center=(-12.020, -0.944, 10.000)	size=(1.000, 0.100, 1.000)
PoolLevel/Pool/Pool/PoolBottom (101)	BoxCollider	enabled=True	trigger=False	center=(-11.020, -0.944, 10.000)	size=(1.000, 0.100, 1.000)
PoolLevel/Pool/Pool/PoolBottom (102)	BoxCollider	enabled=True	trigger=False	center=(-13.020, -0.944, 11.000)	size=(1.000, 0.100, 1.000)
PoolLevel/Pool/Pool/PoolBottom (103)	BoxCollider	enabled=True	trigger=False	center=(-12.020, -0.944, 11.000)	size=(1.000, 0.100, 1.000)
PoolLevel/Pool/Pool/PoolBottom (104)	BoxCollider	enabled=True	trigger=False	center=(-11.020, -0.944, 11.000)	size=(1.000, 0.100, 1.000)
PoolLevel/Pool/Pool/PoolBottom (105)	BoxCollider	enabled=True	trigger=False	center=(-3.020, -0.944, 10.000)	size=(1.000, 0.100, 1.000)
PoolLevel/Pool/Pool/PoolBottom (106)	BoxCollider	enabled=True	trigger=False	center=(-2.020, -0.944, 10.000)	size=(1.000, 0.100, 1.000)
PoolLevel/Pool/Pool/PoolBottom (107)	BoxCollider	enabled=True	trigger=False	center=(-3.020, -0.944, 11.000)	size=(1.000, 0.100, 1.000)
PoolLevel/Pool/Pool/PoolBottom (108)	BoxCollider	enabled=True	trigger=False	center=(-2.020, -0.944, 11.000)	size=(1.000, 0.100, 1.000)
PoolLevel/Pool/Pool/PoolBottom (109)	BoxCollider	enabled=True	trigger=False	center=(-7.020, -0.944, 10.000)	size=(1.000, 0.100, 1.000)
PoolLevel/Pool/Pool/PoolBottom (110)	BoxCollider	enabled=True	trigger=False	center=(-7.020, -0.944, 11.000)	size=(1.000, 0.100, 1.000)
PoolLevel/Pool/Pool/PoolBottom (111)	BoxCollider	enabled=True	trigger=False	center=(-9.020, -0.944, 10.000)	size=(1.000, 0.100, 1.000)
PoolLevel/Pool/Pool/PoolBottom (112)	BoxCollider	enabled=True	trigger=False	center=(-8.020, -0.944, 10.000)	size=(1.000, 0.100, 1.000)
PoolLevel/Pool/Pool/PoolBottom (113)	BoxCollider	enabled=True	trigger=False	center=(-9.020, -0.944, 11.000)	size=(1.000, 0.100, 1.000)
PoolLevel/Pool/Pool/PoolBottom (114)	BoxCollider	enabled=True	trigger=False	center=(-8.020, -0.944, 11.000)	size=(1.000, 0.100, 1.000)
PoolLevel/Pool/Pool/PoolBottom (115)	BoxCollider	enabled=True	trigger=False	center=(-10.020, -0.944, 10.000)	size=(1.000, 0.100, 1.000)
PoolLevel/Pool/Pool/PoolBottom (116)	BoxCollider	enabled=True	trigger=False	center=(-10.020, -0.944, 11.000)	size=(1.000, 0.100, 1.000)
PoolLevel/Pool/Pool/PoolBottom (117)	BoxCollider	enabled=True	trigger=False	center=(-6.020, -0.944, 12.000)	size=(1.000, 0.100, 1.000)
PoolLevel/Pool/Pool/PoolBottom (118)	BoxCollider	enabled=True	trigger=False	center=(-5.020, -0.944, 12.000)	size=(1.000, 0.100, 1.000)
PoolLevel/Pool/Pool/PoolBottom (119)	BoxCollider	enabled=True	trigger=False	center=(-4.020, -0.944, 12.000)	size=(1.000, 0.100, 1.000)
PoolLevel/Pool/Pool/PoolBottom (120)	BoxCollider	enabled=True	trigger=False	center=(-6.020, -0.944, 13.000)	size=(1.000, 0.100, 1.000)
PoolLevel/Pool/Pool/PoolBottom (121)	BoxCollider	enabled=True	trigger=False	center=(-5.020, -0.944, 13.000)	size=(1.000, 0.100, 1.000)
PoolLevel/Pool/Pool/PoolBottom (122)	BoxCollider	enabled=True	trigger=False	center=(-4.020, -0.944, 13.000)	size=(1.000, 0.100, 1.000)
PoolLevel/Pool/Pool/PoolBottom (123)	BoxCollider	enabled=True	trigger=False	center=(-13.020, -0.944, 12.000)	size=(1.000, 0.100, 1.000)
PoolLevel/Pool/Pool/PoolBottom (124)	BoxCollider	enabled=True	trigger=False	center=(-12.020, -0.944, 12.000)	size=(1.000, 0.100, 1.000)
PoolLevel/Pool/Pool/PoolBottom (125)	BoxCollider	enabled=True	trigger=False	center=(-11.020, -0.944, 12.000)	size=(1.000, 0.100, 1.000)
PoolLevel/Pool/Pool/PoolBottom (126)	BoxCollider	enabled=True	trigger=False	center=(-13.020, -0.944, 13.000)	size=(1.000, 0.100, 1.000)
PoolLevel/Pool/Pool/PoolBottom (127)	BoxCollider	enabled=True	trigger=False	center=(-12.020, -0.944, 13.000)	size=(1.000, 0.100, 1.000)
PoolLevel/Pool/Pool/PoolBottom (128)	BoxCollider	enabled=True	trigger=False	center=(-11.020, -0.944, 13.000)	size=(1.000, 0.100, 1.000)
PoolLevel/Pool/Pool/PoolBottom (129)	BoxCollider	enabled=True	trigger=False	center=(-3.020, -0.944, 12.000)	size=(1.000, 0.100, 1.000)
PoolLevel/Pool/Pool/PoolBottom (130)	BoxCollider	enabled=True	trigger=False	center=(-2.020, -0.944, 12.000)	size=(1.000, 0.100, 1.000)
PoolLevel/Pool/Pool/PoolBottom (131)	BoxCollider	enabled=True	trigger=False	center=(-3.020, -0.944, 13.000)	size=(1.000, 0.100, 1.000)
PoolLevel/Pool/Pool/PoolBottom (132)	BoxCollider	enabled=True	trigger=False	center=(-2.020, -0.944, 13.000)	size=(1.000, 0.100, 1.000)
PoolLevel/Pool/Pool/PoolBottom (133)	BoxCollider	enabled=True	trigger=False	center=(-7.020, -0.944, 12.000)	size=(1.000, 0.100, 1.000)
PoolLevel/Pool/Pool/PoolBottom (134)	BoxCollider	enabled=True	trigger=False	center=(-7.020, -0.944, 13.000)	size=(1.000, 0.100, 1.000)
PoolLevel/Pool/Pool/PoolBottom (135)	BoxCollider	enabled=True	trigger=False	center=(-9.020, -0.944, 12.000)	size=(1.000, 0.100, 1.000)
PoolLevel/Pool/Pool/PoolBottom (136)	BoxCollider	enabled=True	trigger=False	center=(-8.020, -0.944, 12.000)	size=(1.000, 0.100, 1.000)
PoolLevel/Pool/Pool/PoolBottom (137)	BoxCollider	enabled=True	trigger=False	center=(-9.020, -0.944, 13.000)	size=(1.000, 0.100, 1.000)
PoolLevel/Pool/Pool/PoolBottom (138)	BoxCollider	enabled=True	trigger=False	center=(-8.020, -0.944, 13.000)	size=(1.000, 0.100, 1.000)
PoolLevel/Pool/Pool/PoolBottom (139)	BoxCollider	enabled=True	trigger=False	center=(-10.020, -0.944, 12.000)	size=(1.000, 0.100, 1.000)
PoolLevel/Pool/Pool/PoolBottom (140)	BoxCollider	enabled=True	trigger=False	center=(-10.020, -0.944, 13.000)	size=(1.000, 0.100, 1.000)
PoolLevel/Pool/Pool/PoolBottom (141)	BoxCollider	enabled=True	trigger=False	center=(-6.020, -0.944, 14.000)	size=(1.000, 0.100, 1.000)
PoolLevel/Pool/Pool/PoolBottom (142)	BoxCollider	enabled=True	trigger=False	center=(-5.020, -0.944, 14.000)	size=(1.000, 0.100, 1.000)
PoolLevel/Pool/Pool/PoolBottom (143)	BoxCollider	enabled=True	trigger=False	center=(-4.020, -0.944, 14.000)	size=(1.000, 0.100, 1.000)
PoolLevel/Pool/Pool/PoolBottom (144)	BoxCollider	enabled=True	trigger=False	center=(-6.020, -0.944, 15.000)	size=(1.000, 0.100, 1.000)
PoolLevel/Pool/Pool/PoolBottom (145)	BoxCollider	enabled=True	trigger=False	center=(-5.020, -0.944, 15.000)	size=(1.000, 0.100, 1.000)
PoolLevel/Pool/Pool/PoolBottom (146)	BoxCollider	enabled=True	trigger=False	center=(-4.020, -0.944, 15.000)	size=(1.000, 0.100, 1.000)
PoolLevel/Pool/Pool/PoolBottom (147)	BoxCollider	enabled=True	trigger=False	center=(-13.020, -0.944, 14.000)	size=(1.000, 0.100, 1.000)
PoolLevel/Pool/Pool/PoolBottom (148)	BoxCollider	enabled=True	trigger=False	center=(-12.020, -0.944, 14.000)	size=(1.000, 0.100, 1.000)
PoolLevel/Pool/Pool/PoolBottom (149)	BoxCollider	enabled=True	trigger=False	center=(-11.020, -0.944, 14.000)	size=(1.000, 0.100, 1.000)
PoolLevel/Pool/Pool/PoolBottom (150)	BoxCollider	enabled=True	trigger=False	center=(-13.020, -0.944, 15.000)	size=(1.000, 0.100, 1.000)
PoolLevel/Pool/Pool/PoolBottom (151)	BoxCollider	enabled=True	trigger=False	center=(-12.020, -0.944, 15.000)	size=(1.000, 0.100, 1.000)
PoolLevel/Pool/Pool/PoolBottom (152)	BoxCollider	enabled=True	trigger=False	center=(-11.020, -0.944, 15.000)	size=(1.000, 0.100, 1.000)
PoolLevel/Floor/Floor2x2 (128)	BoxCollider	enabled=True	trigger=False	center=(-2.000, -0.500, 25.000)	size=(2.000, 1.000, 2.000)
PoolLevel/Floor/Floor2x2 (156)	BoxCollider	enabled=True	trigger=False	center=(-10.000, -0.500, 25.000)	size=(2.000, 1.000, 2.000)
PoolLevel/Floor/Floor2x2 (135)	BoxCollider	enabled=True	trigger=False	center=(-4.000, -0.500, 25.000)	size=(2.000, 1.000, 2.000)
PoolLevel/Floor/Floor2x2 (157)	BoxCollider	enabled=True	trigger=False	center=(-12.000, -0.500, 25.000)	size=(2.000, 1.000, 2.000)
PoolLevel/Floor/Floor2x2 (142)	BoxCollider	enabled=True	trigger=False	center=(-6.000, -0.500, 25.000)	size=(2.000, 1.000, 2.000)
PoolLevel/Floor/Floor2x2 (158)	BoxCollider	enabled=True	trigger=False	center=(-14.000, -0.500, 25.000)	size=(2.000, 1.000, 2.000)
PoolLevel/Floor/Floor2x2 (149)	BoxCollider	enabled=True	trigger=False	center=(-8.000, -0.500, 25.000)	size=(2.000, 1.000, 2.000)
PoolLevel/Floor/Floor2x2 (159)	BoxCollider	enabled=True	trigger=False	center=(-16.000, -0.500, 25.000)	size=(2.000, 1.000, 2.000)
PoolLevel/Floor/Floor2x2 (129)	BoxCollider	enabled=True	trigger=False	center=(-2.000, -0.500, 21.000)	size=(2.000, 1.000, 2.000)
PoolLevel/Floor/Floor2x2 (160)	BoxCollider	enabled=True	trigger=False	center=(-10.000, -0.500, 21.000)	size=(2.000, 1.000, 2.000)
PoolLevel/Floor/Floor2x2 (136)	BoxCollider	enabled=True	trigger=False	center=(-4.000, -0.500, 21.000)	size=(2.000, 1.000, 2.000)
PoolLevel/Floor/Floor2x2 (161)	BoxCollider	enabled=True	trigger=False	center=(-12.000, -0.500, 21.000)	size=(2.000, 1.000, 2.000)
PoolLevel/Floor/Floor2x2 (143)	BoxCollider	enabled=True	trigger=False	center=(-6.000, -0.500, 21.000)	size=(2.000, 1.000, 2.000)
PoolLevel/Floor/Floor2x2 (162)	BoxCollider	enabled=True	trigger=False	center=(-14.000, -0.500, 21.000)	size=(2.000, 1.000, 2.000)
PoolLevel/Floor/Floor2x2 (150)	BoxCollider	enabled=True	trigger=False	center=(-8.000, -0.500, 21.000)	size=(2.000, 1.000, 2.000)
PoolLevel/Floor/Floor2x2 (163)	BoxCollider	enabled=True	trigger=False	center=(-16.000, -0.500, 21.000)	size=(2.000, 1.000, 2.000)
PoolLevel/Floor/Floor2x2 (130)	BoxCollider	enabled=True	trigger=False	center=(-2.000, -0.500, 29.000)	size=(2.000, 1.000, 2.000)
PoolLevel/Floor/Floor2x2 (164)	BoxCollider	enabled=True	trigger=False	center=(-10.000, -0.500, 29.000)	size=(2.000, 1.000, 2.000)
PoolLevel/Floor/Floor2x2 (137)	BoxCollider	enabled=True	trigger=False	center=(-4.000, -0.500, 29.000)	size=(2.000, 1.000, 2.000)
PoolLevel/Floor/Floor2x2 (165)	BoxCollider	enabled=True	trigger=False	center=(-12.000, -0.500, 29.000)	size=(2.000, 1.000, 2.000)
PoolLevel/Floor/Floor2x2 (144)	BoxCollider	enabled=True	trigger=False	center=(-6.000, -0.500, 29.000)	size=(2.000, 1.000, 2.000)
PoolLevel/Floor/Floor2x2 (166)	BoxCollider	enabled=True	trigger=False	center=(-14.000, -0.500, 29.000)	size=(2.000, 1.000, 2.000)
PoolLevel/Floor/Floor2x2 (151)	BoxCollider	enabled=True	trigger=False	center=(-8.000, -0.500, 29.000)	size=(2.000, 1.000, 2.000)
PoolLevel/Floor/Floor2x2 (167)	BoxCollider	enabled=True	trigger=False	center=(-16.000, -0.500, 29.000)	size=(2.000, 1.000, 2.000)
PoolLevel/Floor/Floor2x2 (131)	BoxCollider	enabled=True	trigger=False	center=(-2.000, -0.500, 19.000)	size=(2.000, 1.000, 2.000)
PoolLevel/Floor/Floor2x2 (168)	BoxCollider	enabled=True	trigger=False	center=(-10.000, -0.500, 19.000)	size=(2.000, 1.000, 2.000)
PoolLevel/Floor/Floor2x2 (138)	BoxCollider	enabled=True	trigger=False	center=(-4.000, -0.500, 19.000)	size=(2.000, 1.000, 2.000)
PoolLevel/Floor/Floor2x2 (169)	BoxCollider	enabled=True	trigger=False	center=(-12.000, -0.500, 19.000)	size=(2.000, 1.000, 2.000)
PoolLevel/Floor/Floor2x2 (145)	BoxCollider	enabled=True	trigger=False	center=(-6.000, -0.500, 19.000)	size=(2.000, 1.000, 2.000)
PoolLevel/Floor/Floor2x2 (170)	BoxCollider	enabled=True	trigger=False	center=(-14.000, -0.500, 19.000)	size=(2.000, 1.000, 2.000)
PoolLevel/Floor/Floor2x2 (184)	BoxCollider	enabled=True	trigger=False	center=(-15.000, -0.500, 17.000)	size=(2.000, 1.000, 2.000)
PoolLevel/Floor/Floor2x2 (188)	BoxCollider	enabled=True	trigger=False	center=(-15.000, -0.500, 13.000)	size=(2.000, 1.000, 2.000)
PoolLevel/Floor/Floor2x2 (192)	BoxCollider	enabled=True	trigger=False	center=(-15.000, -0.500, 9.000)	size=(2.000, 1.000, 2.000)
PoolLevel/Floor/Floor2x2 (196)	BoxCollider	enabled=True	trigger=False	center=(-15.000, -0.500, 5.000)	size=(2.000, 1.000, 2.000)
PoolLevel/Floor/Floor2x2 (200)	BoxCollider	enabled=True	trigger=False	center=(-12.000, -0.500, 4.000)	size=(2.000, 1.000, 2.000)
PoolLevel/Floor/Floor2x2 (186)	BoxCollider	enabled=True	trigger=False	center=(-15.000, -0.500, 15.000)	size=(2.000, 1.000, 2.000)
PoolLevel/Floor/Floor2x2 (189)	BoxCollider	enabled=True	trigger=False	center=(-15.000, -0.500, 11.000)	size=(2.000, 1.000, 2.000)
PoolLevel/Floor/Floor2x2 (193)	BoxCollider	enabled=True	trigger=False	center=(-15.000, -0.500, 7.000)	size=(2.000, 1.000, 2.000)
PoolLevel/Floor/Floor2x2 (197)	BoxCollider	enabled=True	trigger=False	center=(-15.000, -0.500, 3.000)	size=(2.000, 1.000, 2.000)
PoolLevel/Floor/Floor2x2 (201)	BoxCollider	enabled=True	trigger=False	center=(-12.000, -0.500, 2.000)	size=(2.000, 1.000, 2.000)
PoolLevel/Floor/Floor2x2 (152)	BoxCollider	enabled=True	trigger=False	center=(-8.000, -0.500, 19.000)	size=(2.000, 1.000, 2.000)
PoolLevel/Floor/Floor2x2 (171)	BoxCollider	enabled=True	trigger=False	center=(-16.000, -0.500, 19.000)	size=(2.000, 1.000, 2.000)
PoolLevel/Floor/Floor2x2 (185)	BoxCollider	enabled=True	trigger=False	center=(-17.000, -0.500, 17.000)	size=(2.000, 1.000, 2.000)
PoolLevel/Floor/Floor2x2 (190)	BoxCollider	enabled=True	trigger=False	center=(-17.000, -0.500, 13.000)	size=(2.000, 1.000, 2.000)
PoolLevel/Floor/Floor2x2 (194)	BoxCollider	enabled=True	trigger=False	center=(-17.000, -0.500, 9.000)	size=(2.000, 1.000, 2.000)
PoolLevel/Floor/Floor2x2 (198)	BoxCollider	enabled=True	trigger=False	center=(-17.000, -0.500, 5.000)	size=(2.000, 1.000, 2.000)
PoolLevel/Floor/Floor2x2 (202)	BoxCollider	enabled=True	trigger=False	center=(-14.000, -0.500, 4.000)	size=(2.000, 1.000, 2.000)
PoolLevel/Floor/Floor2x2 (206)	BoxCollider	enabled=True	trigger=False	center=(-17.000, -0.500, 1.000)	size=(2.000, 1.000, 2.000)
PoolLevel/Floor/Floor2x2 (187)	BoxCollider	enabled=True	trigger=False	center=(-17.000, -0.500, 15.000)	size=(2.000, 1.000, 2.000)
PoolLevel/Floor/Floor2x2 (191)	BoxCollider	enabled=True	trigger=False	center=(-17.000, -0.500, 11.000)	size=(2.000, 1.000, 2.000)
PoolLevel/Floor/Floor2x2 (195)	BoxCollider	enabled=True	trigger=False	center=(-17.000, -0.500, 7.000)	size=(2.000, 1.000, 2.000)
PoolLevel/Floor/Floor2x2 (199)	BoxCollider	enabled=True	trigger=False	center=(-17.000, -0.500, 3.000)	size=(2.000, 1.000, 2.000)
PoolLevel/Floor/Floor2x2 (203)	BoxCollider	enabled=True	trigger=False	center=(-14.000, -0.500, 2.000)	size=(2.000, 1.000, 2.000)
PoolLevel/Floor/Floor2x2 (132)	BoxCollider	enabled=True	trigger=False	center=(-2.000, -0.500, 27.000)	size=(2.000, 1.000, 2.000)
PoolLevel/Floor/Floor2x2 (172)	BoxCollider	enabled=True	trigger=False	center=(-10.000, -0.500, 27.000)	size=(2.000, 1.000, 2.000)
PoolLevel/Floor/Floor2x2 (139)	BoxCollider	enabled=True	trigger=False	center=(-4.000, -0.500, 27.000)	size=(2.000, 1.000, 2.000)
PoolLevel/Floor/Floor2x2 (173)	BoxCollider	enabled=True	trigger=False	center=(-12.000, -0.500, 27.000)	size=(2.000, 1.000, 2.000)
PoolLevel/Floor/Floor2x2 (146)	BoxCollider	enabled=True	trigger=False	center=(-6.000, -0.500, 27.000)	size=(2.000, 1.000, 2.000)
PoolLevel/Floor/Floor2x2 (174)	BoxCollider	enabled=True	trigger=False	center=(-14.000, -0.500, 27.000)	size=(2.000, 1.000, 2.000)
PoolLevel/Floor/Floor2x2 (153)	BoxCollider	enabled=True	trigger=False	center=(-8.000, -0.500, 27.000)	size=(2.000, 1.000, 2.000)
PoolLevel/Floor/Floor2x2 (175)	BoxCollider	enabled=True	trigger=False	center=(-16.000, -0.500, 27.000)	size=(2.000, 1.000, 2.000)
PoolLevel/Floor/Floor2x2 (133)	BoxCollider	enabled=True	trigger=False	center=(-2.000, -0.500, 23.000)	size=(2.000, 1.000, 2.000)
PoolLevel/Floor/Floor2x2 (176)	BoxCollider	enabled=True	trigger=False	center=(-10.000, -0.500, 23.000)	size=(2.000, 1.000, 2.000)
PoolLevel/Floor/Floor2x2 (140)	BoxCollider	enabled=True	trigger=False	center=(-4.000, -0.500, 23.000)	size=(2.000, 1.000, 2.000)
PoolLevel/Floor/Floor2x2 (177)	BoxCollider	enabled=True	trigger=False	center=(-12.000, -0.500, 23.000)	size=(2.000, 1.000, 2.000)
PoolLevel/Floor/Floor2x2 (147)	BoxCollider	enabled=True	trigger=False	center=(-6.000, -0.500, 23.000)	size=(2.000, 1.000, 2.000)
PoolLevel/Floor/Floor2x2 (178)	BoxCollider	enabled=True	trigger=False	center=(-14.000, -0.500, 23.000)	size=(2.000, 1.000, 2.000)
PoolLevel/Floor/Floor2x2 (154)	BoxCollider	enabled=True	trigger=False	center=(-8.000, -0.500, 23.000)	size=(2.000, 1.000, 2.000)
PoolLevel/Floor/Floor2x2 (179)	BoxCollider	enabled=True	trigger=False	center=(-16.000, -0.500, 23.000)	size=(2.000, 1.000, 2.000)
PoolLevel/Floor/Floor2x2 (134)	BoxCollider	enabled=True	trigger=False	center=(-2.000, -0.500, 31.000)	size=(2.000, 1.000, 2.000)
PoolLevel/Floor/Floor2x2 (180)	BoxCollider	enabled=True	trigger=False	center=(-10.000, -0.500, 31.000)	size=(2.000, 1.000, 2.000)
PoolLevel/Floor/Floor2x2 (141)	BoxCollider	enabled=True	trigger=False	center=(-4.000, -0.500, 31.000)	size=(2.000, 1.000, 2.000)
PoolLevel/Floor/Floor2x2 (181)	BoxCollider	enabled=True	trigger=False	center=(-12.000, -0.500, 31.000)	size=(2.000, 1.000, 2.000)
PoolLevel/Floor/Floor2x2 (148)	BoxCollider	enabled=True	trigger=False	center=(-6.000, -0.500, 31.000)	size=(2.000, 1.000, 2.000)
PoolLevel/Floor/Floor2x2 (182)	BoxCollider	enabled=True	trigger=False	center=(-14.000, -0.500, 31.000)	size=(2.000, 1.000, 2.000)
PoolLevel/Floor/Floor2x2 (155)	BoxCollider	enabled=True	trigger=False	center=(-8.000, -0.500, 31.000)	size=(2.000, 1.000, 2.000)
PoolLevel/Floor/Floor2x2 (183)	BoxCollider	enabled=True	trigger=False	center=(-16.000, -0.500, 31.000)	size=(2.000, 1.000, 2.000)
PoolLevel/Floor/Floor1x1	BoxCollider	enabled=True	trigger=False	center=(-15.520, -0.500, 1.500)	size=(1.000, 1.000, 1.000)
PoolLevel/Floor/Floor1x1 (1)	BoxCollider	enabled=True	trigger=False	center=(-15.520, -0.500, 0.500)	size=(1.000, 1.000, 1.000)
PoolLevel/Floor/Floor1x1 (3)	BoxCollider	enabled=True	trigger=False	center=(-13.520, -0.500, 0.500)	size=(1.000, 1.000, 1.000)
PoolLevel/Floor/Floor1x1 (2)	BoxCollider	enabled=True	trigger=False	center=(-14.520, -0.500, 0.500)	size=(1.000, 1.000, 1.000)
PoolLevel/Floor/Floor1x1 (4)	BoxCollider	enabled=True	trigger=False	center=(-12.520, -0.500, 0.500)	size=(1.000, 1.000, 1.000)
PoolLevel/Floor/Floor1x1 (5)	BoxCollider	enabled=True	trigger=False	center=(-11.520, -0.500, 0.500)	size=(1.000, 1.000, 1.000)
PoolLevel/Stairs/StairsA	MeshCollider	enabled=True	trigger=False	center=(0.480, 0.440, -1.611)	size=(1.000, 0.880, 1.220)
PoolLevel/Stairs/StairsA (3)	MeshCollider	enabled=True	trigger=False	center=(3.480, 0.440, -1.611)	size=(1.000, 0.880, 1.220)
PoolLevel/Stairs/StairsA (6)	MeshCollider	enabled=True	trigger=False	center=(6.480, 0.440, -1.611)	size=(1.000, 0.880, 1.220)
PoolLevel/Stairs/StairsA (1)	MeshCollider	enabled=True	trigger=False	center=(1.480, 0.440, -1.611)	size=(1.000, 0.880, 1.220)
PoolLevel/Stairs/StairsA (4)	MeshCollider	enabled=True	trigger=False	center=(4.480, 0.440, -1.611)	size=(1.000, 0.880, 1.220)
PoolLevel/Stairs/StairsA (7)	MeshCollider	enabled=True	trigger=False	center=(7.480, 0.440, -1.611)	size=(1.000, 0.880, 1.220)
PoolLevel/Stairs/StairsA (2)	MeshCollider	enabled=True	trigger=False	center=(2.480, 0.440, -1.611)	size=(1.000, 0.880, 1.220)
PoolLevel/Stairs/StairsA (5)	MeshCollider	enabled=True	trigger=False	center=(5.480, 0.440, -1.611)	size=(1.000, 0.880, 1.220)
PoolLevel/Stairs/StairsA (8)	MeshCollider	enabled=True	trigger=False	center=(8.480, 0.440, -1.611)	size=(1.000, 0.880, 1.220)
PoolLevel/Terrace/FloorSideplankLowA	MeshCollider	enabled=True	trigger=False	center=(-4.077, 0.060, -4.500)	size=(0.100, 0.100, 1.000)
PoolLevel/Terrace/FloorSideplankLowA (15)	MeshCollider	enabled=True	trigger=False	center=(-4.077, 0.060, -1.500)	size=(0.100, 0.100, 1.000)
PoolLevel/Terrace/FloorSideplankLowA (18)	MeshCollider	enabled=True	trigger=False	center=(-4.077, 0.060, -0.500)	size=(0.100, 0.100, 1.000)
PoolLevel/Terrace/FloorSideplankLowA (2)	MeshCollider	enabled=True	trigger=False	center=(-4.077, 0.060, -6.500)	size=(0.100, 0.100, 1.000)
PoolLevel/Terrace/FloorSideplankLowA (16)	MeshCollider	enabled=True	trigger=False	center=(-4.077, 0.060, -3.500)	size=(0.100, 0.100, 1.000)
PoolLevel/Terrace/FloorSideplankLowA (3)	MeshCollider	enabled=True	trigger=False	center=(-2.518, 0.060, -8.050)	size=(1.000, 0.100, 0.100)
PoolLevel/Terrace/FloorSideplankLowA (5)	MeshCollider	enabled=True	trigger=False	center=(-0.518, 0.060, -8.050)	size=(1.000, 0.100, 0.100)
PoolLevel/Terrace/FloorSideplankLowA (7)	MeshCollider	enabled=True	trigger=False	center=(1.482, 0.060, -8.050)	size=(1.000, 0.100, 0.100)
PoolLevel/Terrace/FloorSideplankLowA (9)	MeshCollider	enabled=True	trigger=False	center=(3.482, 0.060, -8.050)	size=(1.000, 0.100, 0.100)
PoolLevel/Terrace/FloorSideplankLowA (11)	MeshCollider	enabled=True	trigger=False	center=(5.482, 0.060, -8.050)	size=(1.000, 0.100, 0.100)
PoolLevel/Terrace/FloorSideplankLowA (13)	MeshCollider	enabled=True	trigger=False	center=(7.482, 0.060, -8.050)	size=(1.000, 0.100, 0.100)
PoolLevel/Terrace/FloorSideplankLowA (4)	MeshCollider	enabled=True	trigger=False	center=(-1.518, 0.060, -8.050)	size=(1.000, 0.100, 0.100)
PoolLevel/Terrace/FloorSideplankLowA (6)	MeshCollider	enabled=True	trigger=False	center=(0.482, 0.060, -8.050)	size=(1.000, 0.100, 0.100)
PoolLevel/Terrace/FloorSideplankLowA (8)	MeshCollider	enabled=True	trigger=False	center=(2.482, 0.060, -8.050)	size=(1.000, 0.100, 0.100)
PoolLevel/Terrace/FloorSideplankLowA (10)	MeshCollider	enabled=True	trigger=False	center=(4.482, 0.060, -8.050)	size=(1.000, 0.100, 0.100)
PoolLevel/Terrace/FloorSideplankLowA (12)	MeshCollider	enabled=True	trigger=False	center=(6.482, 0.060, -8.050)	size=(1.000, 0.100, 0.100)
PoolLevel/Terrace/FloorSideplankLowA (14)	MeshCollider	enabled=True	trigger=False	center=(8.482, 0.060, -8.050)	size=(1.000, 0.100, 0.100)
PoolLevel/Terrace/FloorSideplankLowA (1)	MeshCollider	enabled=True	trigger=False	center=(-4.077, 0.060, -5.500)	size=(0.100, 0.100, 1.000)
PoolLevel/Terrace/FloorSideplankLowA (17)	MeshCollider	enabled=True	trigger=False	center=(-4.077, 0.060, -2.500)	size=(0.100, 0.100, 1.000)
PoolLevel/Terrace/FloorSideplankLowC	MeshCollider	enabled=True	trigger=False	center=(-4.070, 0.060, -7.548)	size=(0.100, 0.100, 1.097)
PoolLevel/Terrace/FloorSideplankLowB	MeshCollider	enabled=True	trigger=False	center=(-3.568, 0.060, -8.050)	size=(1.097, 0.100, 0.101)
PoolLevel/Terrace/Floor2x2 (128)	BoxCollider	enabled=True	trigger=False	center=(-5.000, -0.500, -0.959)	size=(2.000, 1.000, 2.000)
PoolLevel/Terrace/Floor2x2 (129)	BoxCollider	enabled=True	trigger=False	center=(-4.000, -0.500, -2.959)	size=(2.000, 1.000, 2.000)
PoolLevel/Terrace/Floor2x2 (131)	BoxCollider	enabled=True	trigger=False	center=(-4.000, -0.500, -2.959)	size=(2.000, 1.000, 2.000)
PoolLevel/Terrace/Floor2x2 (132)	BoxCollider	enabled=True	trigger=False	center=(-4.000, -0.500, -4.959)	size=(2.000, 1.000, 2.000)
PoolLevel/Terrace/Floor2x2 (140)	BoxCollider	enabled=True	trigger=False	center=(-4.000, -0.500, -7.959)	size=(2.000, 1.000, 2.000)
PoolLevel/Terrace/Floor2x2 (134)	BoxCollider	enabled=True	trigger=False	center=(0.000, -0.500, -4.959)	size=(2.000, 1.000, 2.000)
PoolLevel/Terrace/Floor2x2 (141)	BoxCollider	enabled=True	trigger=False	center=(0.000, -0.500, -7.959)	size=(2.000, 1.000, 2.000)
PoolLevel/Terrace/Floor2x2 (136)	BoxCollider	enabled=True	trigger=False	center=(4.000, -0.500, -4.959)	size=(2.000, 1.000, 2.000)
PoolLevel/Terrace/Floor2x2 (142)	BoxCollider	enabled=True	trigger=False	center=(4.000, -0.500, -7.959)	size=(2.000, 1.000, 2.000)
PoolLevel/Terrace/Floor2x2 (138)	BoxCollider	enabled=True	trigger=False	center=(8.000, -0.500, -4.959)	size=(2.000, 1.000, 2.000)
PoolLevel/Terrace/Floor2x2 (143)	BoxCollider	enabled=True	trigger=False	center=(8.000, -0.500, -7.959)	size=(2.000, 1.000, 2.000)
PoolLevel/Terrace/Floor2x2 (133)	BoxCollider	enabled=True	trigger=False	center=(-2.000, -0.500, -4.959)	size=(2.000, 1.000, 2.000)
PoolLevel/Terrace/Floor2x2 (144)	BoxCollider	enabled=True	trigger=False	center=(-2.000, -0.500, -7.959)	size=(2.000, 1.000, 2.000)
PoolLevel/Terrace/Floor2x2 (135)	BoxCollider	enabled=True	trigger=False	center=(2.000, -0.500, -4.959)	size=(2.000, 1.000, 2.000)
PoolLevel/Terrace/Floor2x2 (145)	BoxCollider	enabled=True	trigger=False	center=(2.000, -0.500, -7.959)	size=(2.000, 1.000, 2.000)
PoolLevel/Terrace/Floor2x2 (137)	BoxCollider	enabled=True	trigger=False	center=(6.000, -0.500, -4.959)	size=(2.000, 1.000, 2.000)
PoolLevel/Terrace/Floor2x2 (146)	BoxCollider	enabled=True	trigger=False	center=(6.000, -0.500, -7.959)	size=(2.000, 1.000, 2.000)
PoolLevel/Terrace/Floor2x2 (139)	BoxCollider	enabled=True	trigger=False	center=(10.000, -0.500, -4.959)	size=(2.000, 1.000, 2.000)
PoolLevel/Terrace/Floor2x2 (149)	BoxCollider	enabled=True	trigger=False	center=(10.000, -0.500, -2.959)	size=(2.000, 1.000, 2.000)
PoolLevel/Terrace/Floor2x2 (150)	BoxCollider	enabled=True	trigger=False	center=(10.000, -0.500, -0.959)	size=(2.000, 1.000, 2.000)
PoolLevel/Terrace/Floor2x2 (148)	BoxCollider	enabled=True	trigger=False	center=(10.000, -0.500, -6.959)	size=(2.000, 1.000, 2.000)
PoolLevel/Terrace/Floor2x2 (147)	BoxCollider	enabled=True	trigger=False	center=(10.000, -0.500, -7.959)	size=(2.000, 1.000, 2.000)
PoolLevel/Terrace/Floor1x1	BoxCollider	enabled=True	trigger=False	center=(-5.494, -0.844, -2.458)	size=(1.000, 1.000, 1.000)
PoolLevel/Terrace/Floor1x1 (1)	BoxCollider	enabled=True	trigger=False	center=(-5.494, -0.844, -3.458)	size=(1.000, 1.000, 1.000)
PoolLevel/Terrace/Floor1x1 (18)	BoxCollider	enabled=True	trigger=False	center=(-5.494, -0.844, -4.458)	size=(1.000, 1.000, 1.000)
PoolLevel/Terrace/Floor1x1Low	BoxCollider	enabled=True	trigger=False	center=(-6.494, -0.786, -3.462)	size=(1.000, 0.330, 1.000)
PoolLevel/Terrace/Floor1x1Low (1)	BoxCollider	enabled=True	trigger=False	center=(-6.494, -0.786, -4.462)	size=(1.000, 0.330, 1.000)
PoolLevel/Terrace/Floor1x1Low (2)	BoxCollider	enabled=True	trigger=False	center=(-5.494, -0.786, -5.462)	size=(1.000, 0.330, 1.000)
PoolLevel/Terrace/Floor1x1Low (3)	BoxCollider	enabled=True	trigger=False	center=(-6.494, -0.786, -5.462)	size=(1.000, 0.330, 1.000)
PoolLevel/Terrace/Floor1x1 (2)	BoxCollider	enabled=True	trigger=False	center=(-4.503, -0.500, -6.451)	size=(1.000, 1.000, 1.000)
PoolLevel/Terrace/Floor1x1 (6)	BoxCollider	enabled=True	trigger=False	center=(-0.503, -0.500, -6.451)	size=(1.000, 1.000, 1.000)
PoolLevel/Terrace/Floor1x1 (10)	BoxCollider	enabled=True	trigger=False	center=(3.497, -0.500, -6.451)	size=(1.000, 1.000, 1.000)
PoolLevel/Terrace/Floor1x1 (14)	BoxCollider	enabled=True	trigger=False	center=(7.497, -0.500, -6.451)	size=(1.000, 1.000, 1.000)
PoolLevel/Terrace/Floor1x1 (4)	BoxCollider	enabled=True	trigger=False	center=(-2.503, -0.500, -6.451)	size=(1.000, 1.000, 1.000)
PoolLevel/Terrace/Floor1x1 (7)	BoxCollider	enabled=True	trigger=False	center=(1.497, -0.500, -6.451)	size=(1.000, 1.000, 1.000)
PoolLevel/Terrace/Floor1x1 (11)	BoxCollider	enabled=True	trigger=False	center=(5.497, -0.500, -6.451)	size=(1.000, 1.000, 1.000)
PoolLevel/Terrace/Floor1x1 (15)	BoxCollider	enabled=True	trigger=False	center=(9.497, -0.500, -6.451)	size=(1.000, 1.000, 1.000)
PoolLevel/Terrace/Floor1x1 (3)	BoxCollider	enabled=True	trigger=False	center=(-3.503, -0.500, -6.451)	size=(1.000, 1.000, 1.000)
PoolLevel/Terrace/Floor1x1 (8)	BoxCollider	enabled=True	trigger=False	center=(0.497, -0.500, -6.451)	size=(1.000, 1.000, 1.000)
PoolLevel/Terrace/Floor1x1 (12)	BoxCollider	enabled=True	trigger=False	center=(4.497, -0.500, -6.451)	size=(1.000, 1.000, 1.000)
PoolLevel/Terrace/Floor1x1 (16)	BoxCollider	enabled=True	trigger=False	center=(8.497, -0.500, -6.451)	size=(1.000, 1.000, 1.000)
PoolLevel/Terrace/Floor1x1 (5)	BoxCollider	enabled=True	trigger=False	center=(-1.503, -0.500, -6.451)	size=(1.000, 1.000, 1.000)
PoolLevel/Terrace/Floor1x1 (9)	BoxCollider	enabled=True	trigger=False	center=(2.497, -0.500, -6.451)	size=(1.000, 1.000, 1.000)
PoolLevel/Terrace/Floor1x1 (13)	BoxCollider	enabled=True	trigger=False	center=(6.497, -0.500, -6.451)	size=(1.000, 1.000, 1.000)
PoolLevel/Terrace/Floor1x1 (17)	BoxCollider	enabled=True	trigger=False	center=(10.497, -0.500, -6.451)	size=(1.000, 1.000, 1.000)
PoolLevel/mv_CouchTableD	MeshCollider	enabled=True	trigger=False	center=(6.352, 0.509, -2.852)	size=(0.396, 0.841, 0.396)
PoolLevel/Objects/SideTable Variant	MeshCollider	enabled=True	trigger=False	center=(-1.952, 0.431, -3.715)	size=(0.493, 0.670, 0.493)
PoolLevel/Objects/Couch Group A/couch pool straight	MeshCollider	enabled=True	trigger=False	center=(7.964, 0.200, -5.848)	size=(1.000, 0.200, 1.000)
PoolLevel/Objects/Couch Group A/couch pool straight (1)	MeshCollider	enabled=True	trigger=False	center=(7.964, 0.200, -4.848)	size=(1.000, 0.200, 1.000)
PoolLevel/Objects/Couch Group A/couch pool straight (1)/pillow a	MeshCollider	enabled=True	trigger=False	center=(8.315, 0.653, -4.784)	size=(0.156, 0.328, 0.341)
PoolLevel/Objects/Couch Group A/couch pool straight (2)	MeshCollider	enabled=True	trigger=False	center=(6.958, 0.200, -3.867)	size=(1.000, 0.200, 1.000)
PoolLevel/Objects/Couch Group A/couch pool straight (2)/pillow b	MeshCollider	enabled=True	trigger=False	center=(6.960, 0.654, -3.484)	size=(0.557, 0.322, 0.116)
PoolLevel/Objects/Couch Group A/couch pool straight (2)/pillow a	MeshCollider	enabled=True	trigger=False	center=(7.200, 0.653, -3.520)	size=(0.340, 0.327, 0.188)
PoolLevel/Objects/Couch Group A/couch pool straight (3)	MeshCollider	enabled=True	trigger=False	center=(5.958, 0.200, -3.867)	size=(1.000, 0.200, 1.000)
PoolLevel/Objects/Couch Group A/couch pool straight (4)	MeshCollider	enabled=True	trigger=False	center=(5.962, 0.200, -6.833)	size=(1.000, 0.200, 1.000)
PoolLevel/Objects/Couch Group A/couch pool straight (5)	MeshCollider	enabled=True	trigger=False	center=(6.962, 0.200, -6.833)	size=(1.000, 0.200, 1.000)
PoolLevel/Objects/Couch Group A/couch pool corner (1)	MeshCollider	enabled=True	trigger=False	center=(7.943, 0.200, -3.850)	size=(1.000, 0.200, 0.998)
PoolLevel/Objects/Couch Group A/couch pool corner (2)	MeshCollider	enabled=True	trigger=False	center=(7.960, 0.200, -6.833)	size=(0.998, 0.200, 1.000)
PoolLevel/Objects/CouchTableB (1)	MeshCollider	enabled=True	trigger=False	center=(6.304, 0.276, -5.366)	size=(0.773, 0.351, 0.750)
PoolLevel/Objects/CouchTableB (1)/BookF	BoxCollider	enabled=True	trigger=False	center=(6.177, 0.548, -5.294)	size=(0.359, 0.032, 0.315)
PoolLevel/Objects/CouchTableB (1)/BookF (1)	BoxCollider	enabled=True	trigger=False	center=(6.164, 0.577, -5.279)	size=(0.337, 0.032, 0.361)
PoolLevel/Objects/CouchTableB (1)/BookE	BoxCollider	enabled=True	trigger=False	center=(6.115, 0.488, -5.318)	size=(0.307, 0.095, 0.344)
PoolLevel/Objects/CouchTableB (1)/Basketball	MeshCollider	enabled=True	trigger=False	center=(-3.805, 0.216, -1.131)	size=(0.494, 0.436, 0.534)
PoolLevel/Objects/CouchTableB (1)/LanternC	MeshCollider	enabled=True	trigger=False	center=(6.458, 0.649, -5.600)	size=(0.330, 0.399, 0.324)
PoolLevel/Objects/CouchPoolStraight	MeshCollider	enabled=True	trigger=False	center=(-1.160, 0.200, -4.016)	size=(1.000, 0.200, 1.000)
PoolLevel/Objects/CouchPoolStraight (1)	MeshCollider	enabled=True	trigger=False	center=(-0.160, 0.200, -4.016)	size=(1.000, 0.200, 1.000)
PoolLevel/Objects/CouchPoolStraight (1)/PillowD Variant	MeshCollider	enabled=True	trigger=False	center=(-0.451, 0.582, -3.792)	size=(0.723, 0.143, 0.485)
PoolLevel/Objects/CouchPoolStraight (2)	MeshCollider	enabled=True	trigger=False	center=(0.840, 0.200, -4.016)	size=(1.000, 0.200, 1.000)
PoolLevel/Objects/CouchPoolCorner	MeshCollider	enabled=True	trigger=False	center=(1.862, 0.200, -4.053)	size=(1.000, 0.200, 0.998)
PoolLevel/Objects/CouchTableC	BoxCollider	enabled=True	trigger=False	center=(0.125, 0.314, -5.668)	size=(1.050, 0.428, 1.050)
PoolLevel/Objects/CouchTableC/RedWineGlas	MeshCollider	enabled=True	trigger=False	center=(-0.194, 0.644, -5.327)	size=(0.099, 0.225, 0.099)
PoolLevel/Objects/CouchTableC/Ashtray Variant	MeshCollider	enabled=True	trigger=False	center=(0.264, 0.555, -5.453)	size=(0.120, 0.050, 0.120)
PoolLevel/Objects/CouchTableC/WhiteWineGlas	MeshCollider	enabled=True	trigger=False	center=(0.439, 0.630, -5.334)	size=(0.085, 0.200, 0.085)
PoolLevel/Objects/CouchTableC/Glas	MeshCollider	enabled=True	trigger=False	center=(-0.019, 0.600, -5.345)	size=(0.084, 0.137, 0.084)
PoolLevel/Objects/CouchTableC/Napkin Variant	MeshCollider	enabled=True	trigger=False	center=(-0.168, 0.531, -5.357)	size=(0.110, 0.002, 0.112)
PoolLevel/Objects/PillowC Variant	MeshCollider	enabled=True	trigger=False	center=(-0.838, 0.616, -3.722)	size=(0.509, 0.270, 0.320)
PoolLevel/Objects/TabletB/tablet_LOD0	MeshCollider	enabled=True	trigger=False	center=(-1.977, 0.782, -3.764)	size=(0.397, 0.032, 0.397)
PoolLevel/Objects/TabletB/tablet_LOD1	MeshCollider	enabled=True	trigger=False	center=(-1.977, 0.784, -3.764)	size=(0.404, 0.035, 0.404)
PoolLevel/Objects/TabletB/BottleA	MeshCollider	enabled=True	trigger=False	center=(-1.995, 0.824, -3.766)	size=(0.080, 0.100, 0.068)
PoolLevel/Objects/TabletB/RedWineGlas	MeshCollider	enabled=True	trigger=False	center=(-2.080, 0.886, -3.730)	size=(0.099, 0.225, 0.099)
PoolLevel/Objects/TabletB/RedWineGlas (1)	MeshCollider	enabled=True	trigger=False	center=(-1.938, 0.886, -3.873)	size=(0.099, 0.225, 0.099)
PoolLevel/Objects/TabletA	MeshCollider	enabled=True	trigger=False	center=(-0.077, 0.562, -5.890)	size=(0.568, 0.067, 0.552)
PoolLevel/Objects/CouchC	MeshCollider	enabled=True	trigger=False	center=(1.827, 0.367, -5.600)	size=(1.232, 0.534, 1.021)
PoolLevel/Objects/mv_CouchC (1)	MeshCollider	enabled=True	trigger=False	center=(0.107, 0.365, -7.264)	size=(1.021, 0.534, 1.232)
PoolLevel/Objects/SideTable Variant (1)	MeshCollider	enabled=True	trigger=False	center=(-1.194, 0.431, -7.305)	size=(0.493, 0.670, 0.493)
PoolLevel/Objects/SideTable Variant (1)/VaseA (1)	MeshCollider	enabled=True	trigger=False	center=(-1.336, 1.002, -7.425)	size=(0.292, 0.475, 0.230)
PoolLevel/Objects/VaseC	MeshCollider	enabled=True	trigger=False	center=(-0.014, 0.717, -6.071)	size=(0.076, 0.348, 0.076)
PoolLevel/Objects/VaseA	MeshCollider	enabled=True	trigger=False	center=(0.929, 1.588, 0.585)	size=(0.292, 0.475, 0.230)
PoolLevel/Objects/SmallPlate	MeshCollider	enabled=True	trigger=False	center=(-0.124, 0.550, -5.798)	size=(0.171, 0.012, 0.171)
PoolLevel/Objects/Napkin	MeshCollider	enabled=True	trigger=False	center=(0.026, 0.560, -5.905)	size=(0.100, 0.033, 0.200)
PoolLevel/Objects/mv_BottleA	MeshCollider	enabled=True	trigger=False	center=(-0.256, 0.594, -5.893)	size=(0.063, 0.100, 0.082)
PoolLevel/Objects/TabletB (1)/tablet_LOD0	MeshCollider	enabled=True	trigger=False	center=(1.885, 0.550, -5.565)	size=(0.507, 0.041, 0.507)
PoolLevel/Objects/TabletB (1)/tablet_LOD1	MeshCollider	enabled=True	trigger=False	center=(1.885, 0.552, -5.565)	size=(0.517, 0.045, 0.517)
PoolLevel/Objects/TabletB (1)/TowelA/Towel_LOD0	MeshCollider	enabled=True	trigger=False	center=(1.881, 0.605, -5.482)	size=(0.355, 0.137, 0.337)
PoolLevel/Objects/TabletB (1)/TowelA/Towel_LOD1	MeshCollider	enabled=True	trigger=False	center=(1.881, 0.605, -5.482)	size=(0.358, 0.139, 0.339)
PoolLevel/Objects/TabletB (1)/TowelA (1)/Towel_LOD0	MeshCollider	enabled=True	trigger=False	center=(1.968, 0.595, -5.574)	size=(0.351, 0.177, 0.338)
PoolLevel/Objects/TabletB (1)/TowelA (1)/Towel_LOD1	MeshCollider	enabled=True	trigger=False	center=(1.967, 0.595, -5.573)	size=(0.353, 0.179, 0.341)
PoolLevel/Objects/TabletB (1)/TowelA (2)/Towel_LOD0	MeshCollider	enabled=True	trigger=False	center=(1.927, 0.688, -5.562)	size=(0.352, 0.180, 0.339)
PoolLevel/Objects/TabletB (1)/TowelA (2)/Towel_LOD1	MeshCollider	enabled=True	trigger=False	center=(1.928, 0.688, -5.562)	size=(0.354, 0.183, 0.342)
PoolLevel/Objects/mv_LoungeChair	MeshCollider	enabled=True	trigger=False	center=(13.199, 1.382, 0.420)	size=(0.762, 0.764, 0.762)
PoolLevel/Objects/mv_LoungeChair (1)	MeshCollider	enabled=True	trigger=False	center=(13.220, 1.382, 1.597)	size=(0.840, 0.764, 0.840)
PoolLevel/Objects/StoneboxLow	BoxCollider	enabled=True	trigger=False	center=(10.294, 0.125, -8.715)	size=(1.000, 0.250, 0.500)
PoolLevel/Objects/StoneboxLow/FlowerA	MeshCollider	enabled=True	trigger=False	center=(9.969, 0.296, -8.614)	size=(0.214, 0.156, 0.254)
PoolLevel/Objects/StoneboxLow/FlowerB	MeshCollider	enabled=True	trigger=False	center=(9.985, 0.288, -8.820)	size=(0.210, 0.157, 0.263)
PoolLevel/Objects/StoneboxLow/FlowerB (1)	MeshCollider	enabled=True	trigger=False	center=(10.485, 0.288, -8.820)	size=(0.210, 0.157, 0.263)
PoolLevel/Objects/StoneboxLow/FlowerC	MeshCollider	enabled=True	trigger=False	center=(10.183, 0.322, -8.814)	size=(0.227, 0.153, 0.265)
PoolLevel/Objects/StoneboxLow/FlowerC (1)	MeshCollider	enabled=True	trigger=False	center=(10.562, 0.322, -8.632)	size=(0.227, 0.153, 0.265)
PoolLevel/Objects/StoneboxLow/FlowerF	MeshCollider	enabled=True	trigger=False	center=(10.256, 0.319, -8.646)	size=(0.262, 0.159, 0.295)
PoolLevel/Objects/StoneboxLow (1)	BoxCollider	enabled=True	trigger=False	center=(-4.484, 0.172, -1.090)	size=(0.689, 0.344, 1.377)
PoolLevel/Objects/StoneboxLow (1)/FlowerA	MeshCollider	enabled=True	trigger=False	center=(-4.345, 0.407, -0.643)	size=(0.350, 0.215, 0.294)
PoolLevel/Objects/StoneboxLow (1)/FlowerB	MeshCollider	enabled=True	trigger=False	center=(-4.629, 0.397, -0.664)	size=(0.362, 0.216, 0.289)
PoolLevel/Objects/StoneboxLow (1)/FlowerB (1)	MeshCollider	enabled=True	trigger=False	center=(-4.629, 0.397, -1.353)	size=(0.362, 0.216, 0.289)
PoolLevel/Objects/StoneboxLow (1)/FlowerC	MeshCollider	enabled=True	trigger=False	center=(-4.620, 0.444, -0.937)	size=(0.365, 0.211, 0.313)
PoolLevel/Objects/StoneboxLow (1)/FlowerC (1)	MeshCollider	enabled=True	trigger=False	center=(-4.369, 0.444, -1.459)	size=(0.365, 0.211, 0.313)
PoolLevel/Objects/StoneboxLow (1)/FlowerF	MeshCollider	enabled=True	trigger=False	center=(-4.389, 0.439, -1.038)	size=(0.406, 0.219, 0.361)
PoolLevel/Objects/StoneboxLow (2)	BoxCollider	enabled=True	trigger=False	center=(-4.484, 0.172, -3.961)	size=(0.689, 0.344, 1.377)
PoolLevel/Objects/StoneboxLow (2)/FlowerA	MeshCollider	enabled=True	trigger=False	center=(-4.345, 0.407, -3.514)	size=(0.350, 0.215, 0.294)
PoolLevel/Objects/StoneboxLow (2)/FlowerB	MeshCollider	enabled=True	trigger=False	center=(-4.629, 0.397, -3.535)	size=(0.362, 0.216, 0.289)
PoolLevel/Objects/StoneboxLow (2)/FlowerB (1)	MeshCollider	enabled=True	trigger=False	center=(-4.629, 0.397, -4.224)	size=(0.362, 0.216, 0.289)
PoolLevel/Objects/StoneboxLow (2)/FlowerF	MeshCollider	enabled=True	trigger=False	center=(-4.389, 0.439, -3.909)	size=(0.406, 0.219, 0.361)
PoolLevel/Objects/StoneboxLow (2)/FlowerD	MeshCollider	enabled=True	trigger=False	center=(-4.651, 0.419, -3.908)	size=(0.194, 0.149, 0.257)
PoolLevel/Objects/StoneboxLow (2)/FlowerG	MeshCollider	enabled=True	trigger=False	center=(-4.398, 0.414, -4.283)	size=(0.244, 0.157, 0.276)
PoolLevel/Objects/StoneboxLow (2)/FlowerB (2)	MeshCollider	enabled=True	trigger=False	center=(-4.583, 0.417, -4.449)	size=(0.210, 0.157, 0.263)
PoolLevel/Lounger	MeshCollider	enabled=True	trigger=False	center=(-4.060, 0.132, 19.794)	size=(0.707, 0.264, 2.180)
PoolLevel/Lounger (1)	MeshCollider	enabled=True	trigger=False	center=(-6.060, 0.132, 19.794)	size=(0.707, 0.264, 2.180)
PoolLevel/Lounger (2)	MeshCollider	enabled=True	trigger=False	center=(-8.321, 0.132, 19.794)	size=(0.707, 0.264, 2.180)
PoolLevel/Lounger (3)	MeshCollider	enabled=True	trigger=False	center=(-9.790, 0.132, 19.794)	size=(0.707, 0.264, 2.180)
PoolLevel/Lounger (3)/PillowD Variant	MeshCollider	enabled=True	trigger=False	center=(-9.771, 0.317, 20.078)	size=(0.685, 0.143, 0.346)
FloorLevelTerrace/DiningTable	MeshCollider	enabled=True	trigger=False	center=(7.335, 1.391, 1.000)	size=(1.036, 0.782, 2.211)
FloorLevelTerrace/DiningTable/DiningChair	MeshCollider	enabled=True	trigger=False	center=(6.460, 1.448, 1.769)	size=(0.498, 0.910, 0.572)
FloorLevelTerrace/DiningTable/DiningChair (3)	MeshCollider	enabled=True	trigger=False	center=(8.162, 1.448, 1.769)	size=(0.498, 0.910, 0.572)
FloorLevelTerrace/DiningTable/DiningChair (1)	MeshCollider	enabled=True	trigger=False	center=(6.460, 1.448, 1.047)	size=(0.498, 0.910, 0.572)
FloorLevelTerrace/DiningTable/DiningChair (4)	MeshCollider	enabled=True	trigger=False	center=(8.162, 1.448, 1.047)	size=(0.498, 0.910, 0.572)
FloorLevelTerrace/DiningTable/DiningChair (2)	MeshCollider	enabled=True	trigger=False	center=(6.460, 1.448, 0.336)	size=(0.498, 0.910, 0.572)
FloorLevelTerrace/DiningTable/DiningChair (5)	MeshCollider	enabled=True	trigger=False	center=(8.162, 1.448, 0.336)	size=(0.498, 0.910, 0.572)
FloorLevelTerrace/DiningTable/Ashtray Variant	MeshCollider	enabled=True	trigger=False	center=(7.099, 1.807, 1.068)	size=(0.120, 0.050, 0.120)
FloorLevelTerrace/DiningTable/DecorativeBowl	MeshCollider	enabled=True	trigger=False	center=(7.447, 1.831, 0.615)	size=(0.349, 0.105, 0.349)
FloorLevelTerrace/DiningTable/DecorativeBowl/DecorativeBowl_LOD0	MeshCollider	enabled=True	trigger=False	center=(7.447, 1.831, 0.615)	size=(0.349, 0.105, 0.349)
FloorLevelTerrace/DiningTable/DecorativeBowl/DecorativeBowl_LOD1	MeshCollider	enabled=True	trigger=False	center=(7.447, 1.831, 0.615)	size=(0.349, 0.105, 0.349)
FloorLevelTerrace/DiningTable/DecorativeBowl/DecorativeBowl_LOD2	MeshCollider	enabled=True	trigger=False	center=(7.447, 1.831, 0.615)	size=(0.350, 0.105, 0.349)
FloorLevelTerrace/DiningTable/VaseC	MeshCollider	enabled=True	trigger=False	center=(7.343, 2.103, 0.953)	size=(0.140, 0.644, 0.140)
FloorLevelTerrace/FloorDecorationA	MeshCollider	enabled=True	trigger=False	center=(-0.583, 1.179, -0.056)	size=(0.600, 0.407, 0.600)
FloorLevelTerrace/FloorDecorationC	MeshCollider	enabled=True	trigger=False	center=(-0.342, 1.223, -0.610)	size=(0.600, 0.549, 0.600)
FloorLevelTerrace/FloorDecorationB	MeshCollider	enabled=True	trigger=False	center=(0.012, 1.430, -0.061)	size=(0.538, 0.860, 0.538)
FloorLevelTerrace/CouchTableB	MeshCollider	enabled=True	trigger=False	center=(1.163, 1.176, 0.490)	size=(1.071, 0.351, 1.067)
FloorLevelTerrace/CouchTableB/Lantern	MeshCollider	enabled=True	trigger=False	center=(1.097, 1.471, 0.382)	size=(0.150, 0.239, 0.150)
FloorLevelTerrace/CouchTableB/BowlB Variant	MeshCollider	enabled=True	trigger=False	center=(1.043, 1.369, 0.163)	size=(0.155, 0.035, 0.155)
FloorLevelTerrace/Railing2m	BoxCollider	enabled=True	trigger=False	center=(14.902, 1.413, 0.970)	size=(0.071, 0.827, 2.000)
FloorLevelTerrace/Railing2m (6)	BoxCollider	enabled=True	trigger=False	center=(14.902, 1.413, 12.970)	size=(0.071, 0.827, 2.000)
FloorLevelTerrace/Railing2m (2)	BoxCollider	enabled=True	trigger=False	center=(14.902, 1.413, 4.970)	size=(0.071, 0.827, 2.000)
FloorLevelTerrace/Railing2m (7)	BoxCollider	enabled=True	trigger=False	center=(14.902, 1.413, 16.970)	size=(0.071, 0.827, 2.000)
FloorLevelTerrace/Railing2m (4)	BoxCollider	enabled=True	trigger=False	center=(14.902, 1.413, 8.970)	size=(0.071, 0.827, 2.000)
FloorLevelTerrace/Railing2m (8)	BoxCollider	enabled=True	trigger=False	center=(14.902, 1.413, 20.970)	size=(0.071, 0.827, 2.000)
FloorLevelTerrace/Railing2m (1)	BoxCollider	enabled=True	trigger=False	center=(14.902, 1.413, 2.970)	size=(0.071, 0.827, 2.000)
FloorLevelTerrace/Railing2m (9)	BoxCollider	enabled=True	trigger=False	center=(14.902, 1.413, 14.970)	size=(0.071, 0.827, 2.000)
FloorLevelTerrace/Railing2m (3)	BoxCollider	enabled=True	trigger=False	center=(14.902, 1.413, 6.970)	size=(0.071, 0.827, 2.000)
FloorLevelTerrace/Railing2m (10)	BoxCollider	enabled=True	trigger=False	center=(14.902, 1.413, 18.970)	size=(0.071, 0.827, 2.000)
FloorLevelTerrace/Railing2m (5)	BoxCollider	enabled=True	trigger=False	center=(14.902, 1.413, 10.970)	size=(0.071, 0.827, 2.000)
FloorLevelTerrace/Railing2m (11)	BoxCollider	enabled=True	trigger=False	center=(14.902, 1.413, 22.970)	size=(0.071, 0.827, 2.000)
FloorLevelTerrace/RailingEndShort	BoxCollider	enabled=True	trigger=False	center=(14.902, 1.413, 24.003)	size=(0.070, 0.827, 0.066)
FloorLevelTerrace/VaseB (1)	MeshCollider	enabled=True	trigger=False	center=(-0.190, 1.966, 1.400)	size=(1.308, 1.942, 1.208)
FloorLevelTerrace/CouchTable	MeshCollider	enabled=True	trigger=False	center=(13.950, 1.200, 0.899)	size=(0.557, 0.400, 0.557)
FloorLevelTerrace/CouchTable/WhiteWineGlas	MeshCollider	enabled=True	trigger=False	center=(13.829, 1.500, 1.025)	size=(0.085, 0.200, 0.085)
FloorLevelTerrace/CouchTable/WhiteWineGlas (1)	MeshCollider	enabled=True	trigger=False	center=(13.902, 1.500, 0.719)	size=(0.085, 0.200, 0.085)
FloorLevelTerrace/CouchTable/BookC	BoxCollider	enabled=True	trigger=False	center=(14.074, 1.226, 0.894)	size=(0.304, 0.029, 0.328)
FloorLevelTerrace/CouchTable/BottleA	MeshCollider	enabled=True	trigger=False	center=(13.950, 1.461, 0.899)	size=(0.074, 0.100, 0.076)
FloorLevelTerrace/GardenChair	MeshCollider	enabled=True	trigger=False	center=(1.435, 1.444, 1.636)	size=(0.925, 0.888, 0.924)
FloorLevelTerrace/Firebowl	MeshCollider	enabled=True	trigger=False	center=(2.976, 1.000, -0.374)	size=(0.000, 0.000, 0.000)
FloorLevelTerrace/Firebowl/fire wood	MeshCollider	enabled=True	trigger=False	center=(2.976, 1.111, -0.421)	size=(0.261, 0.083, 0.083)
FloorLevelTerrace/Firebowl/Foot	MeshCollider	enabled=True	trigger=False	center=(2.976, 1.025, -0.374)	size=(0.500, 0.050, 0.500)
FloorLevelTerrace/Firebowl/Foot/Bowl	MeshCollider	enabled=True	trigger=False	center=(2.976, 1.133, -0.374)	size=(0.794, 0.173, 0.794)
FloorLevelTerrace/Firebowl/fire wood (1)	MeshCollider	enabled=True	trigger=False	center=(2.976, 1.172, -0.462)	size=(0.086, 0.171, 0.275)
FloorLevelTerrace/Firebowl/fire wood (2)	MeshCollider	enabled=True	trigger=False	center=(3.093, 1.197, -0.461)	size=(0.230, 0.214, 0.262)
FloorLevelTerrace/Firebowl/fire wood (3)	MeshCollider	enabled=True	trigger=False	center=(3.017, 1.196, -0.288)	size=(0.231, 0.250, 0.233)
FloorLevelTerrace/Candle	MeshCollider	enabled=True	trigger=False	center=(7.321, 1.842, 0.332)	size=(0.090, 0.120, 0.090)
FloorLevelTerrace/Candle/candle_LOD0	MeshCollider	enabled=True	trigger=False	center=(7.321, 1.842, 0.332)	size=(0.089, 0.120, 0.089)
FloorLevelTerrace/Candle/wax_LOD0	MeshCollider	enabled=True	trigger=False	center=(7.321, 1.828, 0.332)	size=(0.080, 0.060, 0.080)
FloorLevelTerrace/Candle/candle_LOD1	MeshCollider	enabled=True	trigger=False	center=(7.321, 1.842, 0.332)	size=(0.090, 0.120, 0.090)
FloorLevelTerrace/Candle/wax_LOD1	MeshCollider	enabled=True	trigger=False	center=(7.321, 1.828, 0.332)	size=(0.080, 0.060, 0.080)
FloorLevelTerrace/Candle (1)	MeshCollider	enabled=True	trigger=False	center=(7.321, 1.849, 1.400)	size=(0.101, 0.134, 0.101)
FloorLevelTerrace/Candle (1)/candle_LOD0	MeshCollider	enabled=True	trigger=False	center=(7.321, 1.849, 1.400)	size=(0.100, 0.134, 0.100)
FloorLevelTerrace/Candle (1)/wax_LOD0	MeshCollider	enabled=True	trigger=False	center=(7.321, 1.833, 1.400)	size=(0.089, 0.067, 0.089)
FloorLevelTerrace/Candle (1)/candle_LOD1	MeshCollider	enabled=True	trigger=False	center=(7.321, 1.849, 1.400)	size=(0.101, 0.134, 0.101)
FloorLevelTerrace/Candle (1)/wax_LOD1	MeshCollider	enabled=True	trigger=False	center=(7.321, 1.833, 1.400)	size=(0.089, 0.067, 0.089)
FloorLevelTerrace/StoneboxHigh	BoxCollider	enabled=True	trigger=False	center=(10.808, 1.250, 2.965)	size=(1.000, 0.500, 0.500)
FloorLevelTerrace/StoneboxHigh/PlantA	MeshCollider	enabled=True	trigger=False	center=(10.574, 1.573, 2.909)	size=(0.440, 0.146, 0.374)
FloorLevelTerrace/StoneboxHigh/PlantB	MeshCollider	enabled=True	trigger=False	center=(10.777, 1.616, 2.915)	size=(0.628, 0.271, 0.567)
FloorLevelTerrace/StoneboxHigh/PlantE	MeshCollider	enabled=True	trigger=False	center=(11.141, 1.614, 2.866)	size=(0.822, 0.285, 0.823)
FloorLevelTerrace/StoneboxHigh (1)	BoxCollider	enabled=True	trigger=False	center=(2.808, 1.250, 2.965)	size=(1.000, 0.500, 0.500)
FloorLevelTerrace/StoneboxHigh (1)/PlantA	MeshCollider	enabled=True	trigger=False	center=(2.574, 1.573, 2.909)	size=(0.440, 0.146, 0.374)
FloorLevelTerrace/StoneboxHigh (1)/PlantB	MeshCollider	enabled=True	trigger=False	center=(2.777, 1.616, 2.915)	size=(0.628, 0.271, 0.567)
FloorLevelTerrace/StoneboxHigh (1)/PlantE	MeshCollider	enabled=True	trigger=False	center=(3.141, 1.614, 2.866)	size=(0.822, 0.285, 0.823)
FloorLevelTerrace/PottedPlantA	MeshCollider	enabled=True	trigger=False	center=(5.327, 1.682, 1.285)	size=(1.192, 1.353, 1.199)
FloorLevelTerrace/PottedPlantB	MeshCollider	enabled=True	trigger=False	center=(13.127, 1.900, 3.699)	size=(1.343, 1.796, 1.214)
FloorLevelTerrace/PottedPlantC	MeshCollider	enabled=True	trigger=False	center=(7.346, 2.039, 1.681)	size=(0.678, 0.513, 0.688)
FloorLevelTerrace/Barbecue	BoxCollider	enabled=True	trigger=False	center=(-3.033, 0.873, -0.786)	size=(2.083, 1.533, 0.771)
FloorLevelTerrace/PottedPlantC	MeshCollider	enabled=True	trigger=False	center=(-1.850, 0.411, -4.723)	size=(0.617, 0.613, 0.589)
FloorLevelTerrace/PottedPlantB	MeshCollider	enabled=True	trigger=False	center=(5.275, 0.530, -4.326)	size=(0.643, 0.859, 0.581)
Plants/mv_PalmA	MeshCollider	enabled=True	trigger=False	center=(-7.916, 2.185, -1.791)	size=(4.261, 6.178, 4.019)
Plants/mv_PalmA/mv_PalmA_LOD0	MeshCollider	enabled=True	trigger=False	center=(-7.916, 2.184, -1.791)	size=(4.261, 6.173, 4.019)
Plants/mv_PalmA/mv_PalmA_LOD1	MeshCollider	enabled=True	trigger=False	center=(-7.916, 2.183, -1.791)	size=(4.261, 6.176, 4.019)
Plants/mv_PalmA/mv_PalmA_LOD2	MeshCollider	enabled=True	trigger=False	center=(-7.916, 2.185, -1.791)	size=(4.261, 6.178, 4.019)
Plants/mv_PalmB	MeshCollider	enabled=True	trigger=False	center=(12.519, 0.763, -4.547)	size=(4.154, 4.395, 4.325)
Plants/mv_PalmB/mv_PalmB_LOD0	MeshCollider	enabled=True	trigger=False	center=(12.518, 0.765, -4.547)	size=(4.155, 4.390, 4.326)
Plants/mv_PalmB/mv_PalmB_LOD0	MeshCollider	enabled=True	trigger=False	center=(12.518, 0.765, -4.547)	size=(4.155, 4.390, 4.326)
Plants/mv_PalmB/mv_PalmB_LOD1	MeshCollider	enabled=True	trigger=False	center=(12.519, 0.765, -4.547)	size=(4.154, 4.391, 4.325)
Plants/mv_PalmB/mv_PalmB_LOD1	MeshCollider	enabled=True	trigger=False	center=(12.519, 0.765, -4.547)	size=(4.154, 4.391, 4.325)
Plants/mv_PalmB/mv_PalmB_LOD2	MeshCollider	enabled=True	trigger=False	center=(12.519, 0.763, -4.547)	size=(4.154, 4.395, 4.325)
Plants/mv_PalmB/mv_PalmB_LOD2	MeshCollider	enabled=True	trigger=False	center=(12.519, 0.763, -4.547)	size=(4.154, 4.395, 4.325)
Plants/mv_PalmC	MeshCollider	enabled=True	trigger=False	center=(-1.995, 1.825, 33.960)	size=(5.783, 5.459, 5.399)
Plants/PalmA	MeshCollider	enabled=True	trigger=False	center=(12.855, 1.103, -8.281)	size=(4.261, 6.178, 4.019)
Plants/PalmA/mv_PalmA_LOD0	MeshCollider	enabled=True	trigger=False	center=(12.855, 1.102, -8.281)	size=(4.261, 6.173, 4.019)
Plants/PalmA/mv_PalmA_LOD1	MeshCollider	enabled=True	trigger=False	center=(12.855, 1.101, -8.281)	size=(4.261, 6.176, 4.019)
Plants/PalmA/mv_PalmA_LOD2	MeshCollider	enabled=True	trigger=False	center=(12.855, 1.103, -8.281)	size=(4.261, 6.178, 4.019)
Plants/PalmC	MeshCollider	enabled=True	trigger=False	center=(9.827, 1.825, -13.053)	size=(5.783, 5.459, 5.399)
FireBox/fire box	MeshCollider	enabled=True	trigger=False	center=(14.037, 1.125, -0.017)	size=(0.600, 0.250, 0.200)
FireBox/fire box/Pile of Coal	MeshCollider	enabled=True	trigger=False	center=(14.040, 1.249, -0.021)	size=(0.566, 0.053, 0.163)
PavillonC	MeshCollider	enabled=True	trigger=False	center=(16.210, 2.792, 25.570)	size=(3.623, 3.483, 3.623)
PavillonC/PavillonSeat	MeshCollider	enabled=True	trigger=False	center=(15.545, 1.627, 26.296)	size=(1.454, 0.955, 1.417)
PavillonC/PavillonSeat/pavillon pillow 1	MeshCollider	enabled=True	trigger=False	center=(15.760, 1.581, 26.141)	size=(0.863, 0.064, 0.890)
PavillonC/PavillonSeat/Pavillon Pillow 2	MeshCollider	enabled=True	trigger=False	center=(15.408, 1.588, 26.402)	size=(0.681, 0.070, 0.753)
PavillonC/PavillonSeat/Pavillon Pillow 3	MeshCollider	enabled=True	trigger=False	center=(15.446, 1.841, 26.382)	size=(0.580, 0.461, 0.623)
PavillonC/PavillonSideTable	MeshCollider	enabled=True	trigger=False	center=(15.320, 1.449, 25.505)	size=(0.425, 0.597, 0.425)
PavillonC/PavillonSideTable/CoffeeCupC	MeshCollider	enabled=True	trigger=False	center=(15.392, 1.776, 25.355)	size=(0.109, 0.090, 0.139)
PavillonC/PavillonSideTable/CoffeePot	MeshCollider	enabled=True	trigger=False	center=(15.257, 1.875, 25.536)	size=(0.248, 0.263, 0.350)
PavillonC/PavillonSideTable/VaseB	MeshCollider	enabled=True	trigger=False	center=(17.058, 2.116, 24.853)	size=(1.308, 1.942, 1.208)
PavillonC/PavillonSideTable/OilVaseB Variant	MeshCollider	enabled=True	trigger=False	center=(13.053, 1.396, 10.977)	size=(1.031, 0.786, 1.026)
PavillonC/PavillonSideTable/Jacuzzi	MeshCollider	enabled=True	trigger=False	center=(13.651, 1.480, 17.161)	size=(2.296, 0.958, 2.295)
PavillonC/PavillonSideTable/CouchTableD	MeshCollider	enabled=True	trigger=False	center=(12.790, 1.410, 18.566)	size=(0.396, 0.841, 0.396)
PavillonC/PavillonSideTable/BottleA	MeshCollider	enabled=True	trigger=False	center=(12.663, 1.880, 18.447)	size=(0.060, 0.100, 0.083)
PavillonC/PavillonSideTable/BowlB Variant	MeshCollider	enabled=True	trigger=False	center=(12.744, 1.848, 18.637)	size=(0.155, 0.035, 0.155)
PavillonC/PavillonSideTable/Apple	MeshCollider	enabled=True	trigger=False	center=(12.707, 1.865, 18.595)	size=(0.086, 0.082, 0.097)
PavillonC/PavillonSideTable/Apple (1)	MeshCollider	enabled=True	trigger=False	center=(12.700, 1.865, 18.652)	size=(0.080, 0.069, 0.078)
PavillonC/PavillonSideTable/Orange	MeshCollider	enabled=True	trigger=False	center=(12.752, 1.867, 18.634)	size=(0.099, 0.099, 0.095)
Sunshade	MeshCollider	enabled=True	trigger=False	center=(12.304, 0.057, -9.547)	size=(4.670, 3.474, 4.346)
LoungeArea/LoungerB Variant	MeshCollider	enabled=True	trigger=False	center=(-8.746, 0.455, 23.936)	size=(6.465, 0.911, 2.536)
LoungeArea/GrandSunshade	MeshCollider	enabled=True	trigger=False	center=(-9.021, 1.121, 20.615)	size=(0.444, 2.242, 2.031)
LoungeArea/GrandSunshade (1)	MeshCollider	enabled=True	trigger=False	center=(-4.860, 1.121, 20.615)	size=(0.444, 2.242, 2.031)
LoungeArea/FloorLightB on Variant	MeshCollider	enabled=True	trigger=False	center=(-1.302, 0.302, 18.156)	size=(0.100, 0.603, 0.100)
LoungeArea/FloorLightB on Variant (2)	MeshCollider	enabled=True	trigger=False	center=(-5.302, 0.302, 18.156)	size=(0.100, 0.603, 0.100)
LoungeArea/FloorLightB on Variant (4)	MeshCollider	enabled=True	trigger=False	center=(-9.302, 0.302, 18.156)	size=(0.100, 0.603, 0.100)
LoungeArea/FloorLightB on Variant (5)	MeshCollider	enabled=True	trigger=False	center=(-13.302, 0.302, 18.156)	size=(0.100, 0.603, 0.100)
LoungeArea/CouchTable	MeshCollider	enabled=True	trigger=False	center=(-9.048, 0.200, 20.479)	size=(0.557, 0.400, 0.557)
LoungeArea/CouchTable/BowlB Variant (1)	MeshCollider	enabled=True	trigger=False	center=(-8.942, 0.417, 20.546)	size=(0.155, 0.035, 0.155)
LoungeArea/CouchTable (1)	MeshCollider	enabled=True	trigger=False	center=(-4.876, 0.196, 20.479)	size=(0.557, 0.400, 0.557)
LoungeArea/CouchTable (1)/BowlB Variant (1)	MeshCollider	enabled=True	trigger=False	center=(-4.770, 0.413, 20.546)	size=(0.155, 0.035, 0.155)
LoungeArea/OilVase	MeshCollider	enabled=True	trigger=False	center=(0.433, 1.512, 18.496)	size=(1.128, 1.000, 1.128)
LoungeArea/OilVaseB Variant	MeshCollider	enabled=True	trigger=False	center=(0.375, 1.396, 9.495)	size=(1.031, 0.786, 1.026)
LoungeArea/FloorLightB on Variant (7)	MeshCollider	enabled=True	trigger=False	center=(-0.827, 1.302, 8.070)	size=(0.100, 0.603, 0.100)
LoungeArea/FloorLightB on Variant (9)	MeshCollider	enabled=True	trigger=False	center=(-0.827, 1.302, 11.860)	size=(0.100, 0.603, 0.100)
LoungeArea/FloorLightB on Variant (10)	MeshCollider	enabled=True	trigger=False	center=(-0.827, 1.302, 15.658)	size=(0.100, 0.603, 0.100)
LoungeArea/FloorLightB on Variant (11)	MeshCollider	enabled=True	trigger=False	center=(-0.827, 1.302, 23.690)	size=(0.100, 0.603, 0.100)
LoungeArea/FloorLightB on Variant (8)	MeshCollider	enabled=True	trigger=False	center=(-0.827, 1.302, 3.570)	size=(0.100, 0.603, 0.100)
LoungeArea/PottedPlantA	MeshCollider	enabled=True	trigger=False	center=(-0.005, 1.682, 6.972)	size=(1.192, 1.353, 1.199)
LoungeArea/PottedPlantB	MeshCollider	enabled=True	trigger=False	center=(0.140, 1.900, 14.989)	size=(1.343, 1.796, 1.214)
LoungeArea/StairsA	MeshCollider	enabled=True	trigger=False	center=(-1.527, 0.440, 22.440)	size=(1.220, 0.880, 1.000)
LoungeArea/StairsA (2)	MeshCollider	enabled=True	trigger=False	center=(-1.527, 0.440, 20.440)	size=(1.220, 0.880, 1.000)
LoungeArea/StairsA (1)	MeshCollider	enabled=True	trigger=False	center=(-1.527, 0.440, 21.440)	size=(1.220, 0.880, 1.000)
LoungeArea/StairsA (3)	MeshCollider	enabled=True	trigger=False	center=(-1.527, 0.440, 19.440)	size=(1.220, 0.880, 1.000)
Front Area/XL stonebox Variant	BoxCollider	enabled=True	trigger=False	center=(11.050, 1.175, 27.070)	size=(2.000, 0.350, 6.000)
Front Area/XL stonebox Variant/vase palm small	MeshCollider	enabled=True	trigger=False	center=(11.025, 2.334, 28.256)	size=(2.112, 2.087, 2.059)
Front Area/XL stonebox Variant/mv_firebowl	MeshCollider	enabled=True	trigger=False	center=(11.094, 1.328, 27.308)	size=(0.000, 0.000, 0.000)
Front Area/XL stonebox Variant/mv_firebowl/fire wood	MeshCollider	enabled=True	trigger=False	center=(11.141, 1.439, 27.308)	size=(0.083, 0.083, 0.261)
Front Area/XL stonebox Variant/mv_firebowl/Foot	MeshCollider	enabled=True	trigger=False	center=(11.094, 1.353, 27.308)	size=(0.500, 0.050, 0.500)
Front Area/XL stonebox Variant/mv_firebowl/Foot/Bowl	MeshCollider	enabled=True	trigger=False	center=(11.094, 1.461, 27.308)	size=(0.794, 0.173, 0.794)
Front Area/XL stonebox Variant/mv_firebowl/fire wood (1)	MeshCollider	enabled=True	trigger=False	center=(11.182, 1.500, 27.308)	size=(0.275, 0.171, 0.086)
Front Area/XL stonebox Variant/mv_firebowl/fire wood (2)	MeshCollider	enabled=True	trigger=False	center=(11.181, 1.525, 27.425)	size=(0.262, 0.214, 0.230)
Front Area/XL stonebox Variant/mv_firebowl/fire wood (3)	MeshCollider	enabled=True	trigger=False	center=(11.008, 1.524, 27.348)	size=(0.233, 0.250, 0.231)
Front Area/XL stonebox Variant/mv_firebowl (1)	MeshCollider	enabled=True	trigger=False	center=(11.094, 1.328, 25.308)	size=(0.000, 0.000, 0.000)
Front Area/XL stonebox Variant/mv_firebowl (1)/fire wood	MeshCollider	enabled=True	trigger=False	center=(11.141, 1.439, 25.308)	size=(0.083, 0.083, 0.261)
Front Area/XL stonebox Variant/mv_firebowl (1)/Foot	MeshCollider	enabled=True	trigger=False	center=(11.094, 1.353, 25.308)	size=(0.500, 0.050, 0.500)
Front Area/XL stonebox Variant/mv_firebowl (1)/Foot/Bowl	MeshCollider	enabled=True	trigger=False	center=(11.094, 1.461, 25.308)	size=(0.794, 0.173, 0.794)
Front Area/XL stonebox Variant/mv_firebowl (1)/fire wood (1)	MeshCollider	enabled=True	trigger=False	center=(11.182, 1.500, 25.308)	size=(0.275, 0.171, 0.086)
Front Area/XL stonebox Variant/mv_firebowl (1)/fire wood (2)	MeshCollider	enabled=True	trigger=False	center=(11.181, 1.525, 25.425)	size=(0.262, 0.214, 0.230)
Front Area/XL stonebox Variant/mv_firebowl (1)/fire wood (3)	MeshCollider	enabled=True	trigger=False	center=(11.008, 1.524, 25.348)	size=(0.233, 0.250, 0.231)
Front Area/XL stonebox Variant/mv_firebowl (2)	MeshCollider	enabled=True	trigger=False	center=(11.094, 1.328, 29.404)	size=(0.000, 0.000, 0.000)
Front Area/XL stonebox Variant/mv_firebowl (2)/fire wood	MeshCollider	enabled=True	trigger=False	center=(11.141, 1.439, 29.404)	size=(0.083, 0.083, 0.261)
Front Area/XL stonebox Variant/mv_firebowl (2)/Foot	MeshCollider	enabled=True	trigger=False	center=(11.094, 1.353, 29.404)	size=(0.500, 0.050, 0.500)
Front Area/XL stonebox Variant/mv_firebowl (2)/Foot/Bowl	MeshCollider	enabled=True	trigger=False	center=(11.094, 1.461, 29.404)	size=(0.794, 0.173, 0.794)
Front Area/XL stonebox Variant/mv_firebowl (2)/fire wood (1)	MeshCollider	enabled=True	trigger=False	center=(11.182, 1.500, 29.404)	size=(0.275, 0.171, 0.086)
Front Area/XL stonebox Variant/mv_firebowl (2)/fire wood (2)	MeshCollider	enabled=True	trigger=False	center=(11.181, 1.525, 29.521)	size=(0.262, 0.214, 0.230)
Front Area/XL stonebox Variant/mv_firebowl (2)/fire wood (3)	MeshCollider	enabled=True	trigger=False	center=(11.008, 1.524, 29.444)	size=(0.233, 0.250, 0.231)
Front Area/XL stonebox Variant/vase palm large	MeshCollider	enabled=True	trigger=False	center=(11.355, 2.761, 26.020)	size=(5.257, 3.002, 5.468)
Front Area/XL stonebox Variant (1)	BoxCollider	enabled=True	trigger=False	center=(3.050, 1.175, 27.070)	size=(2.000, 0.350, 6.000)
Front Area/XL stonebox Variant (1)/vase palm small	MeshCollider	enabled=True	trigger=False	center=(3.025, 2.334, 28.256)	size=(2.112, 2.087, 2.059)
Front Area/XL stonebox Variant (1)/mv_firebowl	MeshCollider	enabled=True	trigger=False	center=(3.094, 1.328, 27.308)	size=(0.000, 0.000, 0.000)
Front Area/XL stonebox Variant (1)/mv_firebowl/fire wood	MeshCollider	enabled=True	trigger=False	center=(3.141, 1.439, 27.308)	size=(0.083, 0.083, 0.261)
Front Area/XL stonebox Variant (1)/mv_firebowl/Foot	MeshCollider	enabled=True	trigger=False	center=(3.094, 1.353, 27.308)	size=(0.500, 0.050, 0.500)
Front Area/XL stonebox Variant (1)/mv_firebowl/Foot/Bowl	MeshCollider	enabled=True	trigger=False	center=(3.094, 1.461, 27.308)	size=(0.794, 0.173, 0.794)
Front Area/XL stonebox Variant (1)/mv_firebowl/fire wood (1)	MeshCollider	enabled=True	trigger=False	center=(3.182, 1.500, 27.308)	size=(0.275, 0.171, 0.086)
Front Area/XL stonebox Variant (1)/mv_firebowl/fire wood (2)	MeshCollider	enabled=True	trigger=False	center=(3.181, 1.525, 27.425)	size=(0.262, 0.214, 0.230)
Front Area/XL stonebox Variant (1)/mv_firebowl/fire wood (3)	MeshCollider	enabled=True	trigger=False	center=(3.008, 1.524, 27.348)	size=(0.233, 0.250, 0.231)
Front Area/XL stonebox Variant (1)/mv_firebowl (1)	MeshCollider	enabled=True	trigger=False	center=(3.094, 1.328, 25.308)	size=(0.000, 0.000, 0.000)
Front Area/XL stonebox Variant (1)/mv_firebowl (1)/fire wood	MeshCollider	enabled=True	trigger=False	center=(3.141, 1.439, 25.308)	size=(0.083, 0.083, 0.261)
Front Area/XL stonebox Variant (1)/mv_firebowl (1)/Foot	MeshCollider	enabled=True	trigger=False	center=(3.094, 1.353, 25.308)	size=(0.500, 0.050, 0.500)
Front Area/XL stonebox Variant (1)/mv_firebowl (1)/Foot/Bowl	MeshCollider	enabled=True	trigger=False	center=(3.094, 1.461, 25.308)	size=(0.794, 0.173, 0.794)
Front Area/XL stonebox Variant (1)/mv_firebowl (1)/fire wood (1)	MeshCollider	enabled=True	trigger=False	center=(3.182, 1.500, 25.308)	size=(0.275, 0.171, 0.086)
Front Area/XL stonebox Variant (1)/mv_firebowl (1)/fire wood (2)	MeshCollider	enabled=True	trigger=False	center=(3.181, 1.525, 25.425)	size=(0.262, 0.214, 0.230)
Front Area/XL stonebox Variant (1)/mv_firebowl (1)/fire wood (3)	MeshCollider	enabled=True	trigger=False	center=(3.008, 1.524, 25.348)	size=(0.233, 0.250, 0.231)
Front Area/XL stonebox Variant (1)/mv_firebowl (2)	MeshCollider	enabled=True	trigger=False	center=(3.094, 1.328, 29.404)	size=(0.000, 0.000, 0.000)
Front Area/XL stonebox Variant (1)/mv_firebowl (2)/fire wood	MeshCollider	enabled=True	trigger=False	center=(3.141, 1.439, 29.404)	size=(0.083, 0.083, 0.261)
Front Area/XL stonebox Variant (1)/mv_firebowl (2)/Foot	MeshCollider	enabled=True	trigger=False	center=(3.094, 1.353, 29.404)	size=(0.500, 0.050, 0.500)
Front Area/XL stonebox Variant (1)/mv_firebowl (2)/Foot/Bowl	MeshCollider	enabled=True	trigger=False	center=(3.094, 1.461, 29.404)	size=(0.794, 0.173, 0.794)
Front Area/XL stonebox Variant (1)/mv_firebowl (2)/fire wood (1)	MeshCollider	enabled=True	trigger=False	center=(3.182, 1.500, 29.404)	size=(0.275, 0.171, 0.086)
Front Area/XL stonebox Variant (1)/mv_firebowl (2)/fire wood (2)	MeshCollider	enabled=True	trigger=False	center=(3.181, 1.525, 29.521)	size=(0.262, 0.214, 0.230)
Front Area/XL stonebox Variant (1)/mv_firebowl (2)/fire wood (3)	MeshCollider	enabled=True	trigger=False	center=(3.008, 1.524, 29.444)	size=(0.233, 0.250, 0.231)
Front Area/XL stonebox Variant (1)/vase palm large	MeshCollider	enabled=True	trigger=False	center=(3.355, 2.761, 26.020)	size=(5.257, 3.002, 5.468)
Front Area/FloorLight on Variant	MeshCollider	enabled=True	trigger=False	center=(4.306, 1.385, 24.427)	size=(0.139, 0.771, 0.139)
Front Area/FloorLight on Variant (4)	MeshCollider	enabled=True	trigger=False	center=(4.306, 1.385, 27.427)	size=(0.139, 0.771, 0.139)
Front Area/FloorLight on Variant (5)	MeshCollider	enabled=True	trigger=False	center=(9.806, 1.385, 27.427)	size=(0.139, 0.771, 0.139)
Front Area/FloorLight on Variant (2)	MeshCollider	enabled=True	trigger=False	center=(9.806, 1.385, 24.427)	size=(0.139, 0.771, 0.139)
Front Area/FloorLight on Variant (1)	MeshCollider	enabled=True	trigger=False	center=(4.306, 1.385, 29.927)	size=(0.139, 0.771, 0.139)
Front Area/FloorLight on Variant (3)	MeshCollider	enabled=True	trigger=False	center=(9.806, 1.385, 29.927)	size=(0.139, 0.771, 0.139)
Front Area/StoneboxLong	BoxCollider	enabled=True	trigger=False	center=(6.818, 0.647, 24.995)	size=(0.000, 0.000, 0.000)
Front Area/StoneboxLong/Shrub (3)	MeshCollider	enabled=True	trigger=False	center=(6.819, 1.347, 23.534)	size=(0.000, 0.000, 0.000)
Front Area/StoneboxLong/Shrub (5)	MeshCollider	enabled=True	trigger=False	center=(6.819, 1.347, 26.034)	size=(0.000, 0.000, 0.000)
Front Area/StoneboxLong/PoolLight (3)	MeshCollider	enabled=True	trigger=False	center=(6.821, 1.298, 24.081)	size=(0.000, 0.000, 0.000)
Front Area/StoneboxLong/PoolLight (4)	MeshCollider	enabled=True	trigger=False	center=(6.821, 1.298, 25.390)	size=(0.000, 0.000, 0.000)
Front Area/StoneboxLong/PoolLight (5)	MeshCollider	enabled=True	trigger=False	center=(6.821, 1.298, 26.581)	size=(0.000, 0.000, 0.000)
Front Area/StoneboxLong/PlantA	MeshCollider	enabled=True	trigger=False	center=(6.852, 1.347, 24.813)	size=(0.000, 0.000, 0.000)
Front Area/StairsA	MeshCollider	enabled=True	trigger=False	center=(8.467, -0.560, 30.630)	size=(1.000, 0.880, 1.220)
Front Area/StairsA (4)	MeshCollider	enabled=True	trigger=False	center=(8.467, 0.440, 27.630)	size=(1.000, 0.880, 1.220)
Front Area/StairsA (1)	MeshCollider	enabled=True	trigger=False	center=(7.467, -0.560, 30.630)	size=(1.000, 0.880, 1.220)
Front Area/StairsA (5)	MeshCollider	enabled=True	trigger=False	center=(7.467, 0.440, 27.630)	size=(1.000, 0.880, 1.220)
Front Area/StairsA (2)	MeshCollider	enabled=True	trigger=False	center=(6.467, -0.560, 30.630)	size=(1.000, 0.880, 1.220)
Front Area/StairsA (6)	MeshCollider	enabled=True	trigger=False	center=(6.467, 0.440, 27.630)	size=(1.000, 0.880, 1.220)
Front Area/StairsA (3)	MeshCollider	enabled=True	trigger=False	center=(5.467, -0.560, 30.630)	size=(1.000, 0.880, 1.220)
Front Area/StairsA (7)	MeshCollider	enabled=True	trigger=False	center=(5.467, 0.440, 27.630)	size=(1.000, 0.880, 1.220)
Front Area/Floor2x2 (76)	BoxCollider	enabled=True	trigger=False	center=(8.000, 0.500, 23.999)	size=(2.003, 1.004, 2.003)
Front Area/Floor2x2 (39)	BoxCollider	enabled=True	trigger=False	center=(5.996, 0.500, 24.001)	size=(2.025, 1.018, 2.020)
Front Area/Floor2x2 (92)	BoxCollider	enabled=True	trigger=False	center=(8.000, -0.500, 29.000)	size=(2.000, 1.000, 2.000)
Front Area/Floor2x2 (47)	BoxCollider	enabled=True	trigger=False	center=(6.000, -0.500, 29.000)	size=(2.000, 1.000, 2.000)
Front Area/Floor2x2 (108)	BoxCollider	enabled=True	trigger=False	center=(8.000, 0.500, 26.000)	size=(2.000, 1.000, 2.000)
Front Area/Floor2x2 (55)	BoxCollider	enabled=True	trigger=False	center=(6.000, 0.500, 26.000)	size=(2.000, 1.000, 2.000)
Front Area/LanternC	MeshCollider	enabled=True	trigger=False	center=(8.671, 0.200, 28.645)	size=(0.336, 0.399, 0.315)
Front Area/LanternB	MeshCollider	enabled=True	trigger=False	center=(8.704, 0.000, 28.465)	size=(0.000, 0.000, 0.000)
Front Area/Lantern (1)	MeshCollider	enabled=True	trigger=False	center=(5.242, 0.119, 28.673)	size=(0.212, 0.239, 0.212)
Front Area/LanternC (1)	MeshCollider	enabled=True	trigger=False	center=(5.405, 0.200, 28.616)	size=(0.339, 0.399, 0.303)
Front Area/LanternB (1)	MeshCollider	enabled=True	trigger=False	center=(5.282, 0.000, 28.423)	size=(0.000, 0.000, 0.000)
Front Area/mv_Planter	MeshCollider	enabled=True	trigger=False	center=(4.871, 1.387, 22.963)	size=(1.000, 0.773, 1.000)
Front Area/mv_Planter/FlowerG	MeshCollider	enabled=True	trigger=False	center=(5.059, 1.691, 23.218)	size=(0.445, 0.193, 0.452)
Front Area/mv_Planter/FlowerF	MeshCollider	enabled=True	trigger=False	center=(4.831, 1.674, 23.306)	size=(0.262, 0.159, 0.295)
Front Area/mv_Planter/FlowerC	MeshCollider	enabled=True	trigger=False	center=(4.916, 1.706, 23.024)	size=(0.316, 0.213, 0.368)
Front Area/mv_Planter/PlantB	MeshCollider	enabled=True	trigger=False	center=(4.486, 1.789, 23.021)	size=(0.990, 0.427, 0.895)
Front Area/mv_Planter/Shrub	MeshCollider	enabled=True	trigger=False	center=(5.118, 1.798, 22.846)	size=(0.826, 0.384, 0.876)
Front Area/mv_Planter/FloorDecorationB	MeshCollider	enabled=True	trigger=False	center=(9.851, 1.430, 22.515)	size=(0.538, 0.860, 0.538)
Front Area/mv_Planter/PottedPlantC	MeshCollider	enabled=True	trigger=False	center=(9.407, 1.319, 22.800)	size=(0.642, 0.637, 0.612)
Foliage/PlantA	MeshCollider	enabled=True	trigger=False	center=(14.320, -1.498, 1.037)	size=(1.317, 0.436, 1.121)
Foliage/PlantA (2)	MeshCollider	enabled=True	trigger=False	center=(14.897, -1.373, 10.733)	size=(1.317, 0.436, 1.121)
Foliage/PlantA (4)	MeshCollider	enabled=True	trigger=False	center=(14.178, -1.098, 15.585)	size=(1.317, 0.436, 1.121)
Foliage/PlantA (1)	MeshCollider	enabled=True	trigger=False	center=(13.557, -1.107, 4.389)	size=(1.317, 0.436, 1.121)
Foliage/PlantA (3)	MeshCollider	enabled=True	trigger=False	center=(14.134, -0.982, 14.085)	size=(1.317, 0.436, 1.121)
Foliage/PlantA (5)	MeshCollider	enabled=True	trigger=False	center=(13.415, -0.707, 18.938)	size=(1.317, 0.436, 1.121)
Foliage/PlantE	MeshCollider	enabled=True	trigger=False	center=(14.002, -1.346, 2.379)	size=(0.552, 0.285, 0.611)
Foliage/PlantE (4)	MeshCollider	enabled=True	trigger=False	center=(14.579, -1.221, 12.075)	size=(0.552, 0.285, 0.611)
Foliage/PlantE (8)	MeshCollider	enabled=True	trigger=False	center=(13.860, -0.947, 16.927)	size=(0.552, 0.285, 0.611)
Foliage/PlantE (2)	MeshCollider	enabled=True	trigger=False	center=(13.240, -0.955, 5.732)	size=(0.552, 0.285, 0.611)
Foliage/PlantE (5)	MeshCollider	enabled=True	trigger=False	center=(13.817, -0.830, 15.428)	size=(0.552, 0.285, 0.611)
Foliage/PlantE (9)	MeshCollider	enabled=True	trigger=False	center=(13.098, -0.556, 20.280)	size=(0.552, 0.285, 0.611)
Foliage/PlantC	MeshCollider	enabled=True	trigger=False	center=(14.237, -1.395, 4.904)	size=(0.874, 0.348, 0.761)
Foliage/PlantC (2)	MeshCollider	enabled=True	trigger=False	center=(14.814, -1.270, 14.600)	size=(0.874, 0.348, 0.761)
Foliage/PlantC (4)	MeshCollider	enabled=True	trigger=False	center=(14.094, -0.995, 19.453)	size=(0.874, 0.348, 0.761)
Foliage/PlantC (1)	MeshCollider	enabled=True	trigger=False	center=(13.474, -1.004, 8.257)	size=(0.874, 0.348, 0.761)
Foliage/PlantC (3)	MeshCollider	enabled=True	trigger=False	center=(14.051, -0.879, 17.953)	size=(0.874, 0.348, 0.761)
Foliage/PlantC (5)	MeshCollider	enabled=True	trigger=False	center=(13.332, -0.604, 22.805)	size=(0.874, 0.348, 0.761)
Foliage/PlantB	MeshCollider	enabled=True	trigger=False	center=(14.637, -1.472, 7.056)	size=(0.990, 0.427, 0.895)
Foliage/PlantB (2)	MeshCollider	enabled=True	trigger=False	center=(15.214, -1.347, 16.752)	size=(0.990, 0.427, 0.895)
Foliage/PlantB (4)	MeshCollider	enabled=True	trigger=False	center=(14.495, -1.072, 21.604)	size=(0.990, 0.427, 0.895)
Foliage/PlantB (1)	MeshCollider	enabled=True	trigger=False	center=(13.875, -1.081, 10.408)	size=(0.990, 0.427, 0.895)
Foliage/PlantB (3)	MeshCollider	enabled=True	trigger=False	center=(14.452, -0.956, 20.104)	size=(0.990, 0.427, 0.895)
Foliage/PlantB (5)	MeshCollider	enabled=True	trigger=False	center=(13.733, -0.681, 24.956)	size=(0.990, 0.427, 0.895)
Foliage/PlantE (1)	MeshCollider	enabled=True	trigger=False	center=(13.485, -1.150, 3.260)	size=(0.552, 0.285, 0.611)
Foliage/PlantE (6)	MeshCollider	enabled=True	trigger=False	center=(14.062, -1.025, 12.956)	size=(0.552, 0.285, 0.611)
Foliage/PlantE (10)	MeshCollider	enabled=True	trigger=False	center=(13.342, -0.750, 17.808)	size=(0.552, 0.285, 0.611)
Foliage/PlantE (3)	MeshCollider	enabled=True	trigger=False	center=(12.722, -0.900, 6.613)	size=(0.552, 0.285, 0.611)
Foliage/PlantE (7)	MeshCollider	enabled=True	trigger=False	center=(13.299, -0.775, 16.309)	size=(0.552, 0.285, 0.611)
Foliage/PlantE (11)	MeshCollider	enabled=True	trigger=False	center=(12.580, -0.500, 21.161)	size=(0.552, 0.285, 0.611)
Foliage/PlantD	MeshCollider	enabled=True	trigger=False	center=(14.456, -1.585, 2.825)	size=(0.573, 0.213, 0.593)
Foliage/PlantD (2)	MeshCollider	enabled=True	trigger=False	center=(15.033, -1.460, 12.521)	size=(0.573, 0.213, 0.593)
Foliage/PlantD (4)	MeshCollider	enabled=True	trigger=False	center=(14.314, -1.185, 17.373)	size=(0.573, 0.213, 0.593)
Foliage/PlantD (1)	MeshCollider	enabled=True	trigger=False	center=(13.694, -1.194, 6.177)	size=(0.573, 0.213, 0.593)
Foliage/PlantD (3)	MeshCollider	enabled=True	trigger=False	center=(14.271, -1.069, 15.873)	size=(0.573, 0.213, 0.593)
Foliage/PlantD (5)	MeshCollider	enabled=True	trigger=False	center=(13.552, -0.794, 20.726)	size=(0.573, 0.213, 0.593)
CarpetA	BoxCollider	enabled=True	trigger=False	center=(9.683, 1.005, 19.757)	size=(4.000, 0.010, 4.000)
CarpetA (1)	BoxCollider	enabled=True	trigger=False	center=(9.850, 3.805, 8.430)	size=(4.000, 0.010, 4.000)
CarpetB	MeshCollider	enabled=True	trigger=False	center=(3.975, 3.800, 7.477)	size=(2.000, 0.020, 2.000)
Orange	MeshCollider	enabled=True	trigger=False	center=(11.390, 1.716, 11.461)	size=(0.159, 0.155, 0.127)
Peach	MeshCollider	enabled=True	trigger=False	center=(11.377, 1.727, 11.662)	size=(0.088, 0.086, 0.068)
Apple	MeshCollider	enabled=True	trigger=False	center=(11.289, 1.688, 11.588)	size=(0.094, 0.094, 0.066)
VaseB	MeshCollider	enabled=True	trigger=False	center=(-1.800, 0.966, 23.684)	size=(1.308, 1.942, 1.208)
Beach Villa - Walkthrough	CharacterController	enabled=True	trigger=False	center=(-4.500, 0.950, -6.500)	size=(0.560, 1.800, 0.560)
