Floor/Objects/mv_lounger	lounger	(0.050, 0.750, -1.310)	Center: (0.14, 0.88, -1.31), Extents: (1.09, 0.13, 0.35)
Floor/Objects/mv_lounger/lounger backing	lounger backing	(-0.846, 1.063, -1.310)	Center: (-0.85, 1.06, -1.31), Extents: (0.06, 0.17, 0.17)
Floor/Objects/mv_lounger/lounger rest	lounger rest	(-0.129, 0.934, -1.310)	Center: (-0.51, 1.15, -1.31), Extents: (0.43, 0.23, 0.31)
Floor/Objects/mv_lounger (1)	lounger	(0.050, 0.750, -2.310)	Center: (0.14, 0.88, -2.31), Extents: (1.09, 0.13, 0.35)
Floor/Objects/mv_lounger (1)/lounger backing	lounger backing	(-0.846, 1.063, -2.310)	Center: (-0.85, 1.06, -2.31), Extents: (0.06, 0.17, 0.17)
Floor/Objects/mv_lounger (1)/lounger rest	lounger rest	(-0.129, 0.934, -2.310)	Center: (-0.51, 1.15, -2.31), Extents: (0.43, 0.23, 0.31)
Floor/Objects/mv_oil_vase/mv_oil_vase/Vase_LOD0	Vase_LOD0	(1.500, 0.759, 8.750)	Center: (1.50, 1.27, 8.75), Extents: (0.56, 0.50, 0.56)
Floor/Objects/mv_oil_vase/mv_oil_vase/Vase_LOD1	Vase_LOD1	(1.500, 0.759, 8.750)	Center: (1.50, 1.27, 8.75), Extents: (0.56, 0.50, 0.56)
Floor/Objects/mv_oil_vase/mv_oil_vase/Vase_LOD2	Vase_LOD2	(1.500, 0.759, 8.750)	Center: (1.50, 1.27, 8.75), Extents: (0.56, 0.50, 0.56)
Floor/Floor 2x2 (5)	Floor 2x2	(0.000, -0.250, -0.250)	Center: (0.00, 0.25, -0.25), Extents: (1.00, 0.50, 1.00)
Floor/Floor 2x2 (6)	Floor 2x2	(-2.000, -0.250, -0.250)	Center: (-2.00, 0.25, -0.25), Extents: (1.00, 0.50, 1.00)
Floor/Floor 2x2 (7)	Floor 2x2	(-4.000, -0.250, -0.250)	Center: (-4.00, 0.25, -0.25), Extents: (1.00, 0.50, 1.00)
Floor/Floor 2x2 (9)	Floor 2x2	(0.000, -0.250, 1.750)	Center: (0.00, 0.25, 1.75), Extents: (1.00, 0.50, 1.00)
Floor/Floor 2x2 (10)	Floor 2x2	(-2.000, -0.250, 1.750)	Center: (-2.00, 0.25, 1.75), Extents: (1.00, 0.50, 1.00)
Floor/Floor 2x2 (11)	Floor 2x2	(-4.000, -0.250, 1.750)	Center: (-4.00, 0.25, 1.75), Extents: (1.00, 0.50, 1.00)
Floor/Floor 2x2 (13)	Floor 2x2	(0.000, -0.250, 3.750)	Center: (0.00, 0.25, 3.75), Extents: (1.00, 0.50, 1.00)
Floor/Floor 2x2 (14)	Floor 2x2	(-2.000, -0.250, 3.750)	Center: (-2.00, 0.25, 3.75), Extents: (1.00, 0.50, 1.00)
Floor/Floor 2x2 (15)	Floor 2x2	(-4.000, -0.250, 3.750)	Center: (-4.00, 0.25, 3.75), Extents: (1.00, 0.50, 1.00)
Floor/Floor 2x2 (17)	Floor 2x2	(0.000, -0.250, 5.750)	Center: (0.00, 0.25, 5.75), Extents: (1.00, 0.50, 1.00)
Floor/Floor 2x2 (18)	Floor 2x2	(-2.000, -0.250, 5.750)	Center: (-2.00, 0.25, 5.75), Extents: (1.00, 0.50, 1.00)
Floor/Floor 2x2 (19)	Floor 2x2	(-4.000, -0.250, 5.750)	Center: (-4.00, 0.25, 5.75), Extents: (1.00, 0.50, 1.00)
Floor/Floor 2x2 (21)	Floor 2x2	(0.000, -0.250, 7.750)	Center: (0.00, 0.25, 7.75), Extents: (1.00, 0.50, 1.00)
Floor/Floor 2x2 (22)	Floor 2x2	(-2.000, -0.250, 7.750)	Center: (-2.00, 0.25, 7.75), Extents: (1.00, 0.50, 1.00)
Floor/Floor 2x2 (23)	Floor 2x2	(-4.000, -0.250, 7.750)	Center: (-4.00, 0.25, 7.75), Extents: (1.00, 0.50, 1.00)
Floor/Floor 2x2 corner	Floor 2x2 corner	(2.000, -0.250, -2.250)	Center: (2.00, 0.25, -2.25), Extents: (1.00, 0.50, 1.00)
Floor/Floor 2x2 side	Floor 2x2 side	(2.000, -0.250, -0.250)	Center: (2.00, 0.25, -0.25), Extents: (1.00, 0.50, 1.00)
Floor/Floor 2x2 side (1)	Floor 2x2 side	(2.000, -0.250, 1.750)	Center: (2.00, 0.25, 1.75), Extents: (1.00, 0.50, 1.00)
Floor/Floor 2x2 side (2)	Floor 2x2 side	(2.000, -0.250, 3.750)	Center: (2.00, 0.25, 3.75), Extents: (1.00, 0.50, 1.00)
Floor/Floor 2x2 side (3)	Floor 2x2 side	(2.000, -0.250, 5.750)	Center: (2.00, 0.25, 5.75), Extents: (1.00, 0.50, 1.00)
Floor/Floor 2x2 side (4)	Floor 2x2 side	(2.000, -0.250, 7.750)	Center: (2.00, 0.25, 7.75), Extents: (1.00, 0.50, 1.00)
Floor/Floor 2x2 side (5)	Floor 2x2 side	(2.000, -0.250, 9.750)	Center: (2.00, 0.25, 9.75), Extents: (1.00, 0.50, 1.00)
Floor/Floor 2x2 side (8)	Floor 2x2 side	(-4.000, -0.250, -2.250)	Center: (-4.00, 0.25, -2.25), Extents: (1.00, 0.50, 1.00)
Floor/Floor 2x2 side (9)	Floor 2x2 side	(-2.000, -0.250, -2.250)	Center: (-2.00, 0.25, -2.25), Extents: (1.00, 0.50, 1.00)
Floor/Floor 2x2 (25)	Floor 2x2	(-6.000, -0.250, -0.250)	Center: (-6.00, 0.25, -0.25), Extents: (1.00, 0.50, 1.00)
Floor/Floor 2x2 (26)	Floor 2x2	(-6.000, -0.250, 1.750)	Center: (-6.00, 0.25, 1.75), Extents: (1.00, 0.50, 1.00)
Floor/Floor 2x2 (27)	Floor 2x2	(-6.000, -0.250, 3.750)	Center: (-6.00, 0.25, 3.75), Extents: (1.00, 0.50, 1.00)
Floor/Floor 2x2 (28)	Floor 2x2	(-6.000, -0.250, 5.750)	Center: (-6.00, 0.25, 5.75), Extents: (1.00, 0.50, 1.00)
Floor/Floor 2x2 (29)	Floor 2x2	(-6.000, -0.250, 7.750)	Center: (-6.00, 0.25, 7.75), Extents: (1.00, 0.50, 1.00)
Floor/Floor 2x2 (31)	Floor 2x2	(-8.000, -0.250, -0.250)	Center: (-8.00, 0.25, -0.25), Extents: (1.00, 0.50, 1.00)
Floor/Floor 2x2 (32)	Floor 2x2	(-8.000, -0.250, 1.750)	Center: (-8.00, 0.25, 1.75), Extents: (1.00, 0.50, 1.00)
Floor/Floor 2x2 (33)	Floor 2x2	(-8.000, -0.250, 3.750)	Center: (-8.00, 0.25, 3.75), Extents: (1.00, 0.50, 1.00)
Floor/Floor 2x2 (34)	Floor 2x2	(-8.000, -0.250, 5.750)	Center: (-8.00, 0.25, 5.75), Extents: (1.00, 0.50, 1.00)
Floor/Floor 2x2 (35)	Floor 2x2	(-8.000, -0.250, 7.750)	Center: (-8.00, 0.25, 7.75), Extents: (1.00, 0.50, 1.00)
Floor/Floor 2x2 (37)	Floor 2x2	(-10.000, -0.250, -0.250)	Center: (-10.00, 0.25, -0.25), Extents: (1.00, 0.50, 1.00)
Floor/Floor 2x2 (38)	Floor 2x2	(-10.000, -0.250, 1.750)	Center: (-10.00, 0.25, 1.75), Extents: (1.00, 0.50, 1.00)
Floor/Floor 2x2 (39)	Floor 2x2	(-10.000, -0.250, 3.750)	Center: (-10.00, 0.25, 3.75), Extents: (1.00, 0.50, 1.00)
Floor/Floor 2x2 (40)	Floor 2x2	(-10.000, -0.250, 5.750)	Center: (-10.00, 0.25, 5.75), Extents: (1.00, 0.50, 1.00)
Floor/Floor 2x2 (41)	Floor 2x2	(-10.000, -0.250, 7.750)	Center: (-10.00, 0.25, 7.75), Extents: (1.00, 0.50, 1.00)
Floor/Floor 2x2 (43)	Floor 2x2	(-12.000, -0.250, -0.250)	Center: (-12.00, 0.25, -0.25), Extents: (1.00, 0.50, 1.00)
Floor/Floor 2x2 (44)	Floor 2x2	(-12.000, -0.250, 1.750)	Center: (-12.00, 0.25, 1.75), Extents: (1.00, 0.50, 1.00)
Floor/Floor 2x2 (45)	Floor 2x2	(-12.000, -0.250, 3.750)	Center: (-12.00, 0.25, 3.75), Extents: (1.00, 0.50, 1.00)
Floor/Floor 2x2 (46)	Floor 2x2	(-12.000, -0.250, 5.750)	Center: (-12.00, 0.25, 5.75), Extents: (1.00, 0.50, 1.00)
Floor/Floor 2x2 (47)	Floor 2x2	(-12.000, -0.250, 7.750)	Center: (-12.00, 0.25, 7.75), Extents: (1.00, 0.50, 1.00)
Floor/Floor 2x2 side (17)	Floor 2x2 side	(-12.000, -0.250, -2.250)	Center: (-12.00, 0.25, -2.25), Extents: (1.00, 0.50, 1.00)
Floor/Floor 2x2 side (18)	Floor 2x2 side	(-6.000, -0.250, -2.250)	Center: (-6.00, 0.25, -2.25), Extents: (1.00, 0.50, 1.00)
Floor/Floor 2x2 side (19)	Floor 2x2 side	(-8.000, -0.250, -2.250)	Center: (-8.00, 0.25, -2.25), Extents: (1.00, 0.50, 1.00)
Floor/Floor 2x2 side (20)	Floor 2x2 side	(-10.000, -0.250, -2.250)	Center: (-10.00, 0.25, -2.25), Extents: (1.00, 0.50, 1.00)
Floor/mv_oil_vase (1)/mv_oil_vase/Vase_LOD0	Vase_LOD0	(5.537, -0.250, 23.719)	Center: (5.54, 0.26, 23.72), Extents: (0.56, 0.50, 0.56)
Floor/mv_oil_vase (1)/mv_oil_vase/Vase_LOD1	Vase_LOD1	(5.537, -0.250, 23.719)	Center: (5.54, 0.26, 23.72), Extents: (0.56, 0.50, 0.56)
Floor/mv_oil_vase (1)/mv_oil_vase/Vase_LOD2	Vase_LOD2	(5.537, -0.250, 23.719)	Center: (5.54, 0.26, 23.72), Extents: (0.56, 0.50, 0.56)
Floor/Floor 2x2 side (30)	Floor 2x2 side	(0.000, -0.250, -2.250)	Center: (0.00, 0.25, -2.25), Extents: (1.00, 0.50, 1.00)
Floor/Floor 2x2 (64)	Floor 2x2	(0.000, -0.250, 9.750)	Center: (0.00, 0.25, 9.75), Extents: (1.00, 0.50, 1.00)
Floor/Floor 2x2 (65)	Floor 2x2	(-2.000, -0.250, 9.750)	Center: (-2.00, 0.25, 9.75), Extents: (1.00, 0.50, 1.00)
Floor/Floor 2x2 (66)	Floor 2x2	(-4.000, -0.250, 9.750)	Center: (-4.00, 0.25, 9.75), Extents: (1.00, 0.50, 1.00)
Floor/Floor 2x2 (67)	Floor 2x2	(-6.000, -0.250, 9.750)	Center: (-6.00, 0.25, 9.75), Extents: (1.00, 0.50, 1.00)
Floor/Floor 2x2 (68)	Floor 2x2	(-8.000, -0.250, 9.750)	Center: (-8.00, 0.25, 9.75), Extents: (1.00, 0.50, 1.00)
Floor/Floor 2x2 (69)	Floor 2x2	(-10.000, -0.250, 9.750)	Center: (-10.00, 0.25, 9.75), Extents: (1.00, 0.50, 1.00)
Floor/Floor 2x2 (70)	Floor 2x2	(-12.000, -0.250, 9.750)	Center: (-12.00, 0.25, 9.75), Extents: (1.00, 0.50, 1.00)
Main Building/Ground Level/Wall 2x2,5	Wall 2x2,5	(-7.500, 0.750, 0.500)	Center: (-7.38, 2.00, 1.50), Extents: (0.13, 1.25, 1.00)
Main Building/Ground Level/Wall 2x2,5 (1)	Wall 2x2,5	(-7.500, 0.750, 2.500)	Center: (-7.38, 2.00, 3.50), Extents: (0.13, 1.25, 1.00)
Main Building/Ground Level/Wall 2x2,5 (2)	Wall 2x2,5	(-7.500, 0.750, 4.500)	Center: (-7.38, 2.00, 5.50), Extents: (0.13, 1.25, 1.00)
Main Building/Ground Level/Wall 2x2,5 (4)	Wall 2x2,5	(-7.500, 0.750, 8.500)	Center: (-7.38, 2.00, 9.50), Extents: (0.13, 1.25, 1.00)
Main Building/Ground Level/WindowDoor/Window door frame	Window door frame	(-3.250, 0.750, 0.500)	Center: (-5.25, 2.00, 0.43), Extents: (2.00, 1.25, 0.07)
Main Building/Ground Level/WindowDoor/Window door frame/Window door door	Window door door	(-5.250, 0.750, 0.429)	Center: (-4.37, 1.99, 0.43), Extents: (0.88, 1.21, 0.01)
Main Building/Ground Level/WindowDoor/Window door frame/Window door knob	Window door knob	(-3.608, 1.675, 0.429)	Center: (-3.61, 1.68, 0.43), Extents: (0.01, 0.08, 0.07)
Main Building/Ground Level/WindowDoor/Window door frame/Window door windows side	Window door wall	(-5.250, 0.750, 0.429)	Center: (-5.25, 1.99, 0.43), Extents: (2.00, 1.21, 0.01)
Main Building/Ground Level/WindowDoor/Window door frame/Window door window	Window door window	(-7.018, 0.750, 0.445)	Center: (-6.13, 1.99, 0.45), Extents: (0.88, 1.21, 0.01)
Main Building/Ground Level/Wall corner 2,5	Wall corner 2,5	(-7.250, 0.750, 0.500)	Center: (-7.38, 2.00, 0.37), Extents: (0.13, 1.25, 0.13)
Main Building/Ground Level/window corner l/Window 2x2,5 l frame	Window 2x2,5 l frame	(-1.250, 0.750, 0.500)	Center: (-2.18, 2.00, 1.43), Extents: (1.07, 1.25, 1.07)
Main Building/Ground Level/window corner l/Window 2x2,5 l windows	Window 2x2,5 window.001	(-1.250, 0.750, 0.500)	Center: (-2.21, 1.99, 1.46), Extents: (1.04, 1.21, 1.04)
Main Building/Ground Level/Window straight onesided/Window straight onesided 2x2,5 frame	Window straight onesided 2x2,5 frame	(-1.250, 0.750, 2.500)	Center: (-1.18, 2.00, 3.50), Extents: (0.07, 1.25, 1.00)
Main Building/Ground Level/Window straight onesided/Window straight onesided 2x2,5 window	Window straight onesided 2x2,5 window	(-1.250, 0.750, 2.500)	Center: (-1.18, 1.99, 3.50), Extents: (0.01, 1.21, 1.00)
Main Building/Ground Level/Window straight onesided (1)/Window straight onesided 2x2,5 frame	Window straight onesided 2x2,5 frame	(-1.250, 0.750, 4.500)	Center: (-1.18, 2.00, 5.50), Extents: (0.07, 1.25, 1.00)
Main Building/Ground Level/Window straight onesided (1)/Window straight onesided 2x2,5 window	Window straight onesided 2x2,5 window	(-1.250, 0.750, 4.500)	Center: (-1.18, 1.99, 5.50), Extents: (0.01, 1.21, 1.00)
Main Building/Ground Level/Window straight onesided (2)/Window straight onesided 2x2,5 frame	Window straight onesided 2x2,5 frame	(-1.250, 0.750, 6.500)	Center: (-1.18, 2.00, 7.50), Extents: (0.07, 1.25, 1.00)
Main Building/Ground Level/Window straight onesided (2)/Window straight onesided 2x2,5 window	Window straight onesided 2x2,5 window	(-1.250, 0.750, 6.500)	Center: (-1.18, 1.99, 7.50), Extents: (0.01, 1.21, 1.00)
Main Building/Ground Level/Window straight onesided (3)/Window straight onesided 2x2,5 frame	Window straight onesided 2x2,5 frame	(-1.250, 0.750, 8.500)	Center: (-1.18, 2.00, 9.50), Extents: (0.07, 1.25, 1.00)
Main Building/Ground Level/Window straight onesided (3)/Window straight onesided 2x2,5 window	Window straight onesided 2x2,5 window	(-1.250, 0.750, 8.500)	Center: (-1.18, 1.99, 9.50), Extents: (0.01, 1.21, 1.00)
Main Building/Ground Level/Objects/Couch Group/leather side element l	leather side element l	(-4.680, 0.750, 4.500)	Center: (-4.68, 1.05, 4.50), Extents: (0.14, 0.30, 0.48)
Main Building/Ground Level/Objects/Couch Group/leather side element l/emission l	emission l	(-4.680, 0.750, 4.500)	Center: (-4.75, 1.04, 4.49), Extents: (0.07, 0.12, 0.37)
Main Building/Ground Level/Objects/Couch Group/leather couch corner	leather couch corner	(-6.803, 0.750, 4.500)	Center: (-6.80, 1.15, 4.50), Extents: (0.48, 0.40, 0.48)
Main Building/Ground Level/Objects/Couch Group/leather couch corner/pillow seat corner	pillow seat corner	(-6.621, 1.040, 4.394)	Center: (-6.62, 1.04, 4.32), Extents: (0.31, 0.10, 0.30)
Main Building/Ground Level/Objects/Couch Group/leather couch straight	leather couch straight	(-6.803, 0.750, 3.640)	Center: (-6.80, 1.16, 3.64), Extents: (0.48, 0.41, 0.38)
Main Building/Ground Level/Objects/Couch Group/leather couch straight/couch pillow straight	couch pillow straight	(-6.635, 1.050, 3.640)	Center: (-6.64, 1.05, 3.64), Extents: (0.31, 0.10, 0.38)
Main Building/Ground Level/Objects/Couch Group/leather couch straight/emissive line straight	emissive line straight	(-6.803, 0.750, 3.640)	Center: (-6.33, 0.80, 3.64), Extents: (0.01, 0.02, 0.38)
Main Building/Ground Level/Objects/Couch Group/leather couch straight (1)	leather couch straight	(-6.803, 0.750, 2.890)	Center: (-6.80, 1.16, 2.89), Extents: (0.48, 0.41, 0.38)
Main Building/Ground Level/Objects/Couch Group/leather couch straight (1)/couch pillow straight	couch pillow straight	(-6.635, 1.050, 2.890)	Center: (-6.64, 1.05, 2.89), Extents: (0.31, 0.10, 0.38)
Main Building/Ground Level/Objects/Couch Group/leather couch straight (1)/emissive line straight	emissive line straight	(-6.803, 0.750, 2.890)	Center: (-6.33, 0.80, 2.89), Extents: (0.01, 0.02, 0.38)
Main Building/Ground Level/Objects/Couch Group/leather couch corner (1)	leather couch corner	(-6.803, 0.750, 2.029)	Center: (-6.80, 1.15, 2.03), Extents: (0.48, 0.40, 0.48)
Main Building/Ground Level/Objects/Couch Group/leather couch corner (1)/pillow seat corner	pillow seat corner	(-6.697, 1.040, 2.211)	Center: (-6.63, 1.04, 2.21), Extents: (0.30, 0.10, 0.31)
Main Building/Ground Level/Objects/Couch Group/leather couch straight (2)	leather couch straight	(-5.947, 0.750, 2.014)	Center: (-5.95, 1.16, 2.01), Extents: (0.38, 0.41, 0.48)
Main Building/Ground Level/Objects/Couch Group/leather couch straight (2)/couch pillow straight	couch pillow straight	(-5.947, 1.050, 2.182)	Center: (-5.95, 1.05, 2.18), Extents: (0.38, 0.10, 0.31)
Main Building/Ground Level/Objects/Couch Group/leather couch straight (2)/emissive line straight	emissive line straight	(-5.947, 0.750, 2.014)	Center: (-5.95, 0.80, 2.49), Extents: (0.38, 0.02, 0.01)
Main Building/Ground Level/Objects/Couch Group/leather couch straight (3)	leather couch straight	(-5.947, 0.750, 4.493)	Center: (-5.95, 1.16, 4.49), Extents: (0.38, 0.41, 0.48)
Main Building/Ground Level/Objects/Couch Group/leather couch straight (3)/couch pillow straight	couch pillow straight	(-5.947, 1.050, 4.325)	Center: (-5.95, 1.05, 4.33), Extents: (0.38, 0.10, 0.31)
Main Building/Ground Level/Objects/Couch Group/leather couch straight (3)/emissive line straight	emissive line straight	(-5.947, 0.750, 4.493)	Center: (-5.95, 0.80, 4.02), Extents: (0.38, 0.02, 0.01)
Main Building/Ground Level/Objects/Couch Group/leather couch straight (4)	leather couch straight	(-5.197, 0.750, 4.493)	Center: (-5.20, 1.16, 4.49), Extents: (0.38, 0.41, 0.48)
Main Building/Ground Level/Objects/Couch Group/leather couch straight (4)/couch pillow straight	couch pillow straight	(-5.197, 1.050, 4.325)	Center: (-5.20, 1.05, 4.33), Extents: (0.38, 0.10, 0.31)
Main Building/Ground Level/Objects/Couch Group/leather couch straight (4)/emissive line straight	emissive line straight	(-5.197, 0.750, 4.493)	Center: (-5.20, 0.80, 4.02), Extents: (0.38, 0.02, 0.01)
Main Building/Ground Level/Objects/Couch Group/leather side element  r	leather side element  r	(-5.416, 0.750, 2.011)	Center: (-5.42, 1.05, 2.01), Extents: (0.14, 0.30, 0.48)
Main Building/Ground Level/Objects/Couch Group/leather side element  r/emisson r	emisson r	(-5.416, 0.750, 2.011)	Center: (-5.49, 1.04, 2.03), Extents: (0.07, 0.12, 0.37)
Main Building/Ground Level/Objects/Couch Group/mv_leather_seat	leather seat	(-4.068, 0.750, 2.393)	Center: (-4.06, 0.85, 2.39), Extents: (0.40, 0.10, 0.40)
Main Building/Ground Level/Objects/Couch Group/mv_leather_seat/seat	seat	(-4.111, 1.026, 2.432)	Center: (-4.07, 1.24, 2.40), Extents: (0.53, 0.30, 0.54)
Main Building/Ground Level/Objects/Couch Group/mv_couch_table	couch table	(-5.553, 0.750, 3.250)	Center: (-5.55, 0.95, 3.25), Extents: (0.28, 0.20, 0.28)
Main Building/Ground Level/Objects/Couch Group/mv_couch_table/candle/candle_LOD0	candle_LOD0	(-5.434, 1.134, 3.347)	Center: (-5.43, 1.19, 3.35), Extents: (0.04, 0.06, 0.04)
Main Building/Ground Level/Objects/Couch Group/mv_couch_table/candle/wax_LOD0	wax_LOD0	(-5.434, 1.134, 3.347)	Center: (-5.43, 1.18, 3.35), Extents: (0.04, 0.03, 0.04)
Main Building/Ground Level/Objects/Couch Group/mv_couch_table/candle/candle_LOD1	candle_LOD1	(-5.434, 1.134, 3.347)	Center: (-5.43, 1.19, 3.35), Extents: (0.05, 0.06, 0.05)
Main Building/Ground Level/Objects/Couch Group/mv_couch_table/candle/wax_LOD1	wax_LOD1	(-5.434, 1.134, 3.347)	Center: (-5.43, 1.18, 3.35), Extents: (0.04, 0.03, 0.04)
Main Building/Ground Level/Objects/Couch Group/mv_couch_table/white wine glas	white wine glas	(-5.362, 1.166, 3.489)	Center: (-5.36, 1.27, 3.49), Extents: (0.04, 0.10, 0.04)
Main Building/Ground Level/Objects/Couch Group/mv_couch_table/red wine glas	red wine glas	(-5.404, 1.157, 3.093)	Center: (-5.40, 1.27, 3.09), Extents: (0.05, 0.11, 0.05)
Main Building/Ground Level/Objects/Curtain (3)	Curtain	(-6.628, 0.800, 0.598)	Center: (-6.65, 2.05, 0.63), Extents: (0.62, 1.25, 0.18)
Main Building/Ground Level/Objects/Painting 1	Painting 1	(-7.250, 2.250, 1.694)	Center: (-7.24, 2.25, 1.69), Extents: (0.01, 0.32, 0.50)
Main Building/Ground Level/Objects/Painting 4	Painting 4	(-7.173, 2.215, 4.750)	Center: (-7.16, 2.22, 4.75), Extents: (0.01, 0.50, 0.75)
Main Building/Ground Level/Objects/mv_roof_lamp	lamp	(-5.773, 2.597, 3.199)	Center: (-5.77, 2.51, 3.20), Extents: (0.20, 0.08, 0.20)
Main Building/Ground Level/Objects/mv_roof_lamp/bulb	bulb	(-5.773, 2.535, 3.199)	Center: (-5.77, 2.53, 3.20), Extents: (0.02, 0.03, 0.02)
Main Building/Ground Level/Objects/mv_roof_lamp/cable	cable	(-5.773, 2.575, 3.199)	Center: (-5.77, 3.08, 3.20), Extents: (0.00, 0.50, 0.00)
Main Building/Ground Level/Wall 2x2,5 (5)	Wall 2x2,5	(-5.250, 0.750, 10.500)	Center: (-6.25, 2.00, 10.63), Extents: (1.00, 1.25, 0.13)
Main Building/Ground Level/Wall 2x2,5 (6)	Wall 2x2,5	(-3.250, 0.750, 10.500)	Center: (-4.25, 2.00, 10.63), Extents: (1.00, 1.25, 0.13)
Main Building/Ground Level/Wall 2x2,5 (7)	Wall 2x2,5	(-1.250, 0.750, 10.500)	Center: (-2.25, 2.00, 10.63), Extents: (1.00, 1.25, 0.13)
Main Building/Ground Level/Wall corner 2,5 (1)	Wall corner 2,5	(-1.000, 0.750, 10.500)	Center: (-1.13, 2.00, 10.63), Extents: (0.13, 1.25, 0.13)
Main Building/Ground Level/Wall corner 2,5 (2)	Wall corner 2,5	(-7.250, 0.750, 10.500)	Center: (-7.38, 2.00, 10.63), Extents: (0.13, 1.25, 0.13)
Main Building/Ground Level/Wall 2x2,5 door single	Wall 2x2,5 door single	(-7.502, 0.750, 6.496)	Center: (-7.38, 2.00, 7.50), Extents: (0.13, 1.25, 1.00)
Main Building/Ground Level/Wall 2x2,5 door single/exterior Door	exterior Door	(-7.399, 0.750, 8.082)	Center: (-7.38, 1.75, 7.48), Extents: (0.07, 1.00, 0.62)
Main Building/Ground Level/Wall 2x2,5 door single/exterior Door/Glass	Glass	(-7.394, 1.912, 7.232)	Center: (-7.39, 1.91, 7.19), Extents: (0.01, 0.71, 0.20)
Main Building/Level 1/Wall 2x2,5	Wall 2x2,5	(-7.500, 3.550, -0.500)	Center: (-7.38, 4.80, 0.50), Extents: (0.13, 1.25, 1.00)
Main Building/Level 1/Wall 2x2,5 (1)	Wall 2x2,5	(-7.500, 3.550, 1.500)	Center: (-7.38, 4.80, 2.50), Extents: (0.13, 1.25, 1.00)
Main Building/Level 1/Wall 2x2,5 (2)	Wall 2x2,5	(-7.500, 3.550, 3.500)	Center: (-7.38, 4.80, 4.50), Extents: (0.13, 1.25, 1.00)
Main Building/Level 1/Wall 2x2,5 (3)	Wall 2x2,5	(-7.500, 3.550, 5.500)	Center: (-7.38, 4.80, 6.50), Extents: (0.13, 1.25, 1.00)
Main Building/Level 1/Wall 2x2,5 (4)	Wall 2x2,5	(-7.500, 3.550, 7.500)	Center: (-7.38, 4.80, 8.50), Extents: (0.13, 1.25, 1.00)
Main Building/Level 1/WindowDoor/Window door frame	Window door frame	(-3.250, 3.550, -0.500)	Center: (-5.25, 4.80, -0.57), Extents: (2.00, 1.25, 0.07)
Main Building/Level 1/WindowDoor/Window door frame/Window door door	Window door door	(-5.250, 3.550, -0.571)	Center: (-4.37, 4.79, -0.57), Extents: (0.88, 1.21, 0.01)
Main Building/Level 1/WindowDoor/Window door frame/Window door knob	Window door knob	(-3.608, 4.475, -0.571)	Center: (-3.61, 4.48, -0.57), Extents: (0.01, 0.08, 0.07)
Main Building/Level 1/WindowDoor/Window door frame/Window door windows side	Window door wall	(-5.250, 3.550, -0.571)	Center: (-5.25, 4.79, -0.57), Extents: (2.00, 1.21, 0.01)
Main Building/Level 1/WindowDoor/Window door frame/Window door window	Window door window	(-7.018, 3.550, -0.555)	Center: (-6.13, 4.79, -0.55), Extents: (0.88, 1.21, 0.01)
Main Building/Level 1/Wall corner 2,5	Wall corner 2,5	(-7.250, 3.550, -0.500)	Center: (-7.38, 4.80, -0.63), Extents: (0.13, 1.25, 0.13)
Main Building/Level 1/Wall 2x2,5 (5)	Wall 2x2,5	(-1.250, 3.550, 1.500)	Center: (-1.13, 4.80, 2.50), Extents: (0.13, 1.25, 1.00)
Main Building/Level 1/Wall 2x2,5.window 1	Wall 2x2,5.window	(-1.250, 3.550, 3.500)	Center: (-1.13, 4.80, 4.50), Extents: (0.13, 1.25, 1.00)
Main Building/Level 1/Wall 2x2,5.window 1/Wall 2x2,5 window frame	Wall 2x2,5 window frame	(-1.165, 3.550, 4.500)	Center: (-1.17, 4.80, 4.50), Extents: (0.09, 1.25, 0.84)
Main Building/Level 1/Wall 2x2,5.window 1/Wall 2x2,5 window frame/window	window	(-1.165, 3.550, 4.500)	Center: (-1.17, 4.79, 4.50), Extents: (0.01, 1.21, 0.77)
Main Building/Level 1/Wall 2x2,5 (6)	Wall 2x2,5	(-1.250, 3.550, 5.500)	Center: (-1.13, 4.80, 6.50), Extents: (0.13, 1.25, 1.00)
Main Building/Level 1/Wall 2x2,5.window 1 (1)	Wall 2x2,5.window	(-1.250, 3.550, -0.500)	Center: (-1.13, 4.80, 0.50), Extents: (0.13, 1.25, 1.00)
Main Building/Level 1/Wall 2x2,5.window 1 (1)/Wall 2x2,5 window frame	Wall 2x2,5 window frame	(-1.165, 3.550, 0.500)	Center: (-1.17, 4.80, 0.50), Extents: (0.09, 1.25, 0.84)
Main Building/Level 1/Wall 2x2,5.window 1 (1)/Wall 2x2,5 window frame/window	window	(-1.165, 3.550, 0.500)	Center: (-1.17, 4.79, 0.50), Extents: (0.01, 1.21, 0.77)
Main Building/Level 1/Window straight onesided/Window straight onesided 2x2,5 frame	Window straight onesided 2x2,5 frame	(-1.248, 3.550, -0.666)	Center: (-2.25, 4.80, -0.60), Extents: (1.00, 1.25, 0.07)
Main Building/Level 1/Window straight onesided/Window straight onesided 2x2,5 window	Window straight onesided 2x2,5 window	(-1.248, 3.550, -0.666)	Center: (-2.25, 4.79, -0.60), Extents: (1.00, 1.21, 0.01)
Main Building/Level 1/Wall 2x2,5 (7)	Wall 2x2,5	(-1.250, 3.550, 7.500)	Center: (-1.13, 4.80, 8.50), Extents: (0.13, 1.25, 1.00)
Main Building/Level 1/Wall corner 2,5 (1)	Wall corner 2,5	(-1.250, 3.550, -0.500)	Center: (-1.12, 4.80, -0.62), Extents: (0.13, 1.25, 0.13)
Main Building/Level 1/Wall 2x2,5 (8)	Wall 2x2,5	(-1.250, 3.550, 9.500)	Center: (-2.25, 4.80, 9.63), Extents: (1.00, 1.25, 0.13)
Main Building/Level 1/Wall 2x2,5 (9)	Wall 2x2,5	(-3.250, 3.550, 9.500)	Center: (-4.25, 4.80, 9.63), Extents: (1.00, 1.25, 0.13)
Main Building/Level 1/Wall 2x2,5 (10)	Wall 2x2,5	(-5.250, 3.550, 9.500)	Center: (-6.25, 4.80, 9.63), Extents: (1.00, 1.25, 0.13)
Main Building/Level 1/Objects/Curtain	Curtain	(-7.250, 3.550, -1.250)	Center: (-7.22, 4.80, -1.22), Extents: (0.18, 1.25, 0.62)
Main Building/Level 1/Objects/Curtain (1)	Curtain	(-6.250, 3.550, -0.250)	Center: (-6.28, 4.80, -0.22), Extents: (0.62, 1.25, 0.18)
Main Building/Level 1/Objects/Curtain (2)	Curtain	(-2.000, 3.550, -0.250)	Center: (-2.03, 4.80, -0.22), Extents: (0.62, 1.25, 0.18)
Main Building/Level 1/Objects/Curtain (3)	Curtain	(-1.309, 3.550, 0.722)	Center: (-1.28, 4.80, 0.75), Extents: (0.18, 1.25, 0.62)
Main Building/Level 1/Objects/Curtain (4)	Curtain	(-1.280, 3.550, 4.750)	Center: (-1.25, 4.80, 4.78), Extents: (0.18, 1.25, 0.62)
Main Building/Level 1/Objects/Painting 2	Painting 2	(4.324, 4.252, 17.676)	Center: (4.32, 4.25, 17.67), Extents: (0.25, 0.34, 0.01)
Main Building/Level 1/Objects/Painting 3	Painting 3	(-7.245, 4.800, 1.750)	Center: (-7.24, 4.80, 1.75), Extents: (0.01, 0.50, 0.38)
Main Building/Level 1/Wall corner 2,5 (2)	Wall corner 2,5	(-1.000, 3.550, 9.500)	Center: (-1.13, 4.80, 9.63), Extents: (0.13, 1.25, 0.13)
Main Building/Level 1/Wall corner 2,5 (3)	Wall corner 2,5	(-7.250, 3.550, 9.500)	Center: (-7.38, 4.80, 9.63), Extents: (0.13, 1.25, 0.13)
Main Building/Level 1/Wall inner 1x2,5 door	Wall inner 1x2,5 door	(-2.250, 3.550, 5.750)	Center: (-2.75, 4.80, 5.83), Extents: (0.50, 1.25, 0.08)
Main Building/Level 1/Wall inner 1x2,5	Wall inner 1x2,5	(-1.250, 3.550, 5.750)	Center: (-1.75, 4.80, 5.83), Extents: (0.50, 1.25, 0.08)
Main Building/Level 1/Wall inner 1x2,5 (1)	Wall inner 1x2,5	(-3.250, 3.550, 5.750)	Center: (-3.75, 4.80, 5.83), Extents: (0.50, 1.25, 0.08)
Main Building/Level 1/Wall inner 1x2,5 (2)	Wall inner 1x2,5	(-4.250, 3.550, 5.750)	Center: (-4.75, 4.80, 5.83), Extents: (0.50, 1.25, 0.08)
Main Building/Level 1/Wall inner 1x2,5 (3)	Wall inner 1x2,5	(-5.250, 3.550, 5.750)	Center: (-5.75, 4.80, 5.83), Extents: (0.50, 1.25, 0.08)
Main Building/Level 1/Wall inner 1x2,5 (4)	Wall inner 1x2,5	(-6.250, 3.550, 5.750)	Center: (-6.75, 4.80, 5.83), Extents: (0.50, 1.25, 0.08)
Main Building/roof 2/Roof 2x2	Roof 2x2	(-3.000, 6.050, 0.250)	Center: (-4.00, 6.20, 1.25), Extents: (1.00, 0.15, 1.00)
Main Building/roof 2/Roof 2x2 side	Roof 2x2 side	(-5.500, 6.050, 0.250)	Center: (-6.55, 6.20, 1.25), Extents: (1.05, 0.15, 1.00)
Main Building/roof 2/Roof 2x2 side (1)	Roof 2x2 side	(-3.000, 6.050, 2.250)	Center: (-1.95, 6.20, 1.25), Extents: (1.05, 0.15, 1.00)
Main Building/roof 2/Roof 2x2 side (2)	Roof 2x2 side	(-3.000, 6.050, 0.250)	Center: (-4.00, 6.20, -0.80), Extents: (1.00, 0.15, 1.05)
Main Building/roof 2/Roof 2x2 corner	Roof 2x2 corner	(-5.500, 6.050, 0.250)	Center: (-6.55, 6.20, -0.80), Extents: (1.05, 0.15, 1.05)
Main Building/roof 2/Roof 2x2 corner (1)	Roof 2x2 corner	(-3.000, 6.050, 0.250)	Center: (-1.95, 6.20, -0.80), Extents: (1.05, 0.15, 1.05)
Main Building/roof 2/Roof 2x2 (1)	Roof 2x2	(-3.000, 6.050, 2.250)	Center: (-4.00, 6.20, 3.25), Extents: (1.00, 0.15, 1.00)
Main Building/roof 2/Roof 2x2 side (3)	Roof 2x2 side	(-5.500, 6.050, 2.250)	Center: (-6.55, 6.20, 3.25), Extents: (1.05, 0.15, 1.00)
Main Building/roof 2/Roof 2x2 side (4)	Roof 2x2 side	(-3.000, 6.050, 4.250)	Center: (-1.95, 6.20, 3.25), Extents: (1.05, 0.15, 1.00)
Main Building/roof 2/Roof 2x2 (2)	Roof 2x2	(-3.000, 6.050, 4.250)	Center: (-4.00, 6.20, 5.25), Extents: (1.00, 0.15, 1.00)
Main Building/roof 2/Roof 2x2 side (5)	Roof 2x2 side	(-5.500, 6.050, 4.250)	Center: (-6.55, 6.20, 5.25), Extents: (1.05, 0.15, 1.00)
Main Building/roof 2/Roof 2x2 side (6)	Roof 2x2 side	(-3.000, 6.050, 6.250)	Center: (-1.95, 6.20, 5.25), Extents: (1.05, 0.15, 1.00)
Main Building/roof 2/Roof 2x2 (3)	Roof 2x2	(-3.000, 6.050, 6.250)	Center: (-4.00, 6.20, 7.25), Extents: (1.00, 0.15, 1.00)
Main Building/roof 2/Roof 2x2 side (7)	Roof 2x2 side	(-5.500, 6.050, 6.250)	Center: (-6.55, 6.20, 7.25), Extents: (1.05, 0.15, 1.00)
Main Building/roof 2/Roof 2x2 side (8)	Roof 2x2 side	(-3.000, 6.050, 8.250)	Center: (-1.95, 6.20, 7.25), Extents: (1.05, 0.15, 1.00)
Main Building/roof 2/Roof 2x2 side (11)	Roof 2x2 side	(-5.000, 6.050, 8.250)	Center: (-4.00, 6.20, 9.30), Extents: (1.00, 0.15, 1.05)
Main Building/roof 2/Roof 2x2 corner (2)	Roof 2x2 corner	(-5.500, 6.050, 8.250)	Center: (-6.55, 6.20, 9.30), Extents: (1.05, 0.15, 1.05)
Main Building/roof 2/Roof 2x2 corner (3)	Roof 2x2 corner	(-3.000, 6.050, 8.250)	Center: (-1.95, 6.20, 9.30), Extents: (1.05, 0.15, 1.05)
Main Building/roof 2/Roof ,5x,5 (26)	Roof ,5x,5	(-5.500, 6.050, -0.750)	Center: (-5.25, 6.20, -1.00), Extents: (0.25, 0.15, 0.25)
Main Building/roof 2/Roof ,5x,5 (27)	Roof ,5x,5	(-5.500, 6.050, -0.250)	Center: (-5.25, 6.20, -0.50), Extents: (0.25, 0.15, 0.25)
Main Building/roof 2/Roof ,5x,5 (28)	Roof ,5x,5	(-5.500, 6.050, 0.250)	Center: (-5.25, 6.20, 0.00), Extents: (0.25, 0.15, 0.25)
Main Building/roof 2/Roof ,5x,5 (29)	Roof ,5x,5	(-5.500, 6.050, 0.750)	Center: (-5.25, 6.20, 0.50), Extents: (0.25, 0.15, 0.25)
Main Building/roof 2/Roof ,5x,5 (30)	Roof ,5x,5	(-5.500, 6.050, 1.250)	Center: (-5.25, 6.20, 1.00), Extents: (0.25, 0.15, 0.25)
Main Building/roof 2/Roof ,5x,5 (31)	Roof ,5x,5	(-5.500, 6.050, 1.750)	Center: (-5.25, 6.20, 1.50), Extents: (0.25, 0.15, 0.25)
Main Building/roof 2/Roof ,5x,5 (32)	Roof ,5x,5	(-5.500, 6.050, 2.250)	Center: (-5.25, 6.20, 2.00), Extents: (0.25, 0.15, 0.25)
Main Building/roof 2/Roof ,5x,5 (33)	Roof ,5x,5	(-5.500, 6.050, 2.750)	Center: (-5.25, 6.20, 2.50), Extents: (0.25, 0.15, 0.25)
Main Building/roof 2/Roof ,5x,5 (34)	Roof ,5x,5	(-5.500, 6.050, 3.250)	Center: (-5.25, 6.20, 3.00), Extents: (0.25, 0.15, 0.25)
Main Building/roof 2/Roof ,5x,5 (35)	Roof ,5x,5	(-5.500, 6.050, 3.750)	Center: (-5.25, 6.20, 3.50), Extents: (0.25, 0.15, 0.25)
Main Building/roof 2/Roof ,5x,5 (36)	Roof ,5x,5	(-5.500, 6.050, 4.250)	Center: (-5.25, 6.20, 4.00), Extents: (0.25, 0.15, 0.25)
Main Building/roof 2/Roof ,5x,5 (37)	Roof ,5x,5	(-5.500, 6.050, 4.750)	Center: (-5.25, 6.20, 4.50), Extents: (0.25, 0.15, 0.25)
Main Building/roof 2/Roof ,5x,5 (38)	Roof ,5x,5	(-5.500, 6.050, 5.250)	Center: (-5.25, 6.20, 5.00), Extents: (0.25, 0.15, 0.25)
Main Building/roof 2/Roof ,5x,5 (39)	Roof ,5x,5	(-5.500, 6.050, 5.750)	Center: (-5.25, 6.20, 5.50), Extents: (0.25, 0.15, 0.25)
Main Building/roof 2/Roof ,5x,5 (40)	Roof ,5x,5	(-5.500, 6.050, 6.250)	Center: (-5.25, 6.20, 6.00), Extents: (0.25, 0.15, 0.25)
Main Building/roof 2/Roof ,5x,5 (41)	Roof ,5x,5	(-5.500, 6.050, 6.750)	Center: (-5.25, 6.20, 6.50), Extents: (0.25, 0.15, 0.25)
Main Building/roof 2/Roof ,5x,5 (42)	Roof ,5x,5	(-5.500, 6.050, 7.250)	Center: (-5.25, 6.20, 7.00), Extents: (0.25, 0.15, 0.25)
Main Building/roof 2/Roof ,5x,5 (43)	Roof ,5x,5	(-5.500, 6.050, 7.750)	Center: (-5.25, 6.20, 7.50), Extents: (0.25, 0.15, 0.25)
Main Building/roof 2/Roof ,5x,5 (44)	Roof ,5x,5	(-5.500, 6.050, 8.250)	Center: (-5.25, 6.20, 8.00), Extents: (0.25, 0.15, 0.25)
Main Building/roof 2/Roof ,5x,5 (45)	Roof ,5x,5	(-5.500, 6.050, 8.750)	Center: (-5.25, 6.20, 8.50), Extents: (0.25, 0.15, 0.25)
Main Building/roof 2/Roof ,5x,5 (46)	Roof ,5x,5	(-5.500, 6.050, 9.250)	Center: (-5.25, 6.20, 9.00), Extents: (0.25, 0.15, 0.25)
Main Building/roof 2/Roof ,5x,5 (47)	Roof ,5x,5	(-5.500, 6.050, 9.750)	Center: (-5.25, 6.20, 9.50), Extents: (0.25, 0.15, 0.25)
Main Building/roof 2/Roof ,5x,5 side (3)	Roof ,5x,5 side	(-5.000, 6.050, 9.750)	Center: (-5.25, 6.20, 10.05), Extents: (0.25, 0.15, 0.30)
Main Building/roof 2/Roof ,5x,5 side (2)	Roof ,5x,5 side	(-5.500, 6.050, -1.250)	Center: (-5.25, 6.20, -1.55), Extents: (0.25, 0.15, 0.30)
Main Building/roof 2 (1)/Roof 2x2	Roof 2x2	(-3.000, 3.255, 0.000)	Center: (-4.00, 3.41, 1.00), Extents: (1.00, 0.15, 1.00)
Main Building/roof 2 (1)/Roof 2x2 side	Roof 2x2 side	(-5.500, 3.255, 0.000)	Center: (-6.55, 3.41, 1.00), Extents: (1.05, 0.15, 1.00)
Main Building/roof 2 (1)/Roof 2x2 side (1)	Roof 2x2 side	(-3.000, 3.255, 2.000)	Center: (-1.95, 3.41, 1.00), Extents: (1.05, 0.15, 1.00)
Main Building/roof 2 (1)/Roof 2x2 side (2)	Roof 2x2 side	(-3.000, 3.255, 0.000)	Center: (-4.00, 3.41, -1.05), Extents: (1.00, 0.15, 1.05)
Main Building/roof 2 (1)/Roof 2x2 corner	Roof 2x2 corner	(-5.500, 3.255, 0.000)	Center: (-6.55, 3.41, -1.05), Extents: (1.05, 0.15, 1.05)
Main Building/roof 2 (1)/Roof 2x2 corner (1)	Roof 2x2 corner	(-3.000, 3.255, 0.000)	Center: (-1.95, 3.41, -1.05), Extents: (1.05, 0.15, 1.05)
Main Building/roof 2 (1)/Roof 2x2 (1)	Roof 2x2	(-3.000, 3.255, 2.000)	Center: (-4.00, 3.41, 3.00), Extents: (1.00, 0.15, 1.00)
Main Building/roof 2 (1)/Roof 2x2 side (3)	Roof 2x2 side	(-5.500, 3.255, 2.000)	Center: (-6.55, 3.41, 3.00), Extents: (1.05, 0.15, 1.00)
Main Building/roof 2 (1)/Roof 2x2 side (4)	Roof 2x2 side	(-3.000, 3.255, 4.000)	Center: (-1.95, 3.41, 3.00), Extents: (1.05, 0.15, 1.00)
Main Building/roof 2 (1)/Roof 2x2 (2)	Roof 2x2	(-3.000, 3.255, 4.000)	Center: (-4.00, 3.41, 5.00), Extents: (1.00, 0.15, 1.00)
Main Building/roof 2 (1)/Roof 2x2 side (5)	Roof 2x2 side	(-5.500, 3.255, 4.000)	Center: (-6.55, 3.41, 5.00), Extents: (1.05, 0.15, 1.00)
Main Building/roof 2 (1)/Roof 2x2 side (6)	Roof 2x2 side	(-3.000, 3.255, 6.000)	Center: (-1.95, 3.41, 5.00), Extents: (1.05, 0.15, 1.00)
Main Building/roof 2 (1)/Roof 2x2 (3)	Roof 2x2	(-3.000, 3.255, 6.000)	Center: (-4.00, 3.41, 7.00), Extents: (1.00, 0.15, 1.00)
Main Building/roof 2 (1)/Roof 2x2 side (7)	Roof 2x2 side	(-5.500, 3.255, 6.000)	Center: (-6.55, 3.41, 7.00), Extents: (1.05, 0.15, 1.00)
Main Building/roof 2 (1)/Roof 2x2 side (8)	Roof 2x2 side	(-3.000, 3.255, 8.000)	Center: (-1.95, 3.41, 7.00), Extents: (1.05, 0.15, 1.00)
Main Building/roof 2 (1)/Roof 2x2 (4)	Roof 2x2	(-3.000, 3.255, 8.000)	Center: (-4.00, 3.41, 9.00), Extents: (1.00, 0.15, 1.00)
Main Building/roof 2 (1)/Roof 2x2 side (9)	Roof 2x2 side	(-5.500, 3.255, 8.000)	Center: (-6.55, 3.41, 9.00), Extents: (1.05, 0.15, 1.00)
Main Building/roof 2 (1)/Roof 2x2 side (10)	Roof 2x2 side	(-3.000, 3.255, 10.000)	Center: (-1.95, 3.41, 9.00), Extents: (1.05, 0.15, 1.00)
Main Building/roof 2 (1)/Roof 2x2 side (11)	Roof 2x2 side	(-5.000, 3.255, 10.000)	Center: (-4.00, 3.41, 11.05), Extents: (1.00, 0.15, 1.05)
Main Building/roof 2 (1)/Roof 2x2 corner (2)	Roof 2x2 corner	(-5.500, 3.255, 10.000)	Center: (-6.55, 3.41, 11.05), Extents: (1.05, 0.15, 1.05)
Main Building/roof 2 (1)/Roof 2x2 corner (3)	Roof 2x2 corner	(-3.000, 3.255, 10.000)	Center: (-1.95, 3.41, 11.05), Extents: (1.05, 0.15, 1.05)
Main Building/roof 2 (1)/Railing/Front/railing corner 1m	railing corner 1m	(-1.050, 3.554, -2.000)	Center: (-1.52, 3.97, -1.54), Extents: (0.51, 0.41, 0.51)
Main Building/roof 2 (1)/Railing/Front/railing .5m	railing .5m	(-1.050, 3.554, -1.056)	Center: (-1.05, 3.97, -0.84), Extents: (0.04, 0.41, 0.25)
Main Building/roof 2 (1)/Railing/Front/railing 1m	railing 1m	(-2.000, 3.554, -2.000)	Center: (-2.47, 3.97, -2.00), Extents: (0.50, 0.41, 0.04)
Main Building/roof 2 (1)/Railing/Front/railing 1m (1)	railing 1m	(-3.000, 3.554, -2.000)	Center: (-3.47, 3.97, -2.00), Extents: (0.50, 0.41, 0.04)
Main Building/roof 2 (1)/Railing/Front/railing 1m (2)	railing 1m	(-4.000, 3.554, -2.000)	Center: (-4.47, 3.97, -2.00), Extents: (0.50, 0.41, 0.04)
Main Building/roof 2 (1)/Railing/Front/railing 1m (3)	railing 1m	(-5.000, 3.554, -2.000)	Center: (-5.47, 3.97, -2.00), Extents: (0.50, 0.41, 0.04)
Main Building/roof 2 (1)/Railing/Front/railing .5m (1)	railing .5m	(-7.450, 3.554, -0.513)	Center: (-7.45, 3.97, -0.73), Extents: (0.04, 0.41, 0.25)
Main Building/roof 2 (1)/Railing/Front/railing 1m (4)	railing 1m	(-6.000, 3.554, -2.000)	Center: (-6.47, 3.97, -2.00), Extents: (0.50, 0.41, 0.04)
Main Building/roof 2 (1)/Railing/Front/railing corner short	railing corner short	(-7.450, 3.554, -2.000)	Center: (-7.45, 3.97, -2.00), Extents: (0.04, 0.41, 0.04)
Main Building/roof 2 (1)/Railing/Front/Railing.5m	railing .5m	(-7.000, 3.554, -2.000)	Center: (-7.22, 3.97, -2.00), Extents: (0.25, 0.41, 0.04)
Main Building/roof 2 (1)/Railing/Front/railing 1m (5)	railing 1m	(-7.450, 3.554, -1.000)	Center: (-7.45, 3.97, -1.47), Extents: (0.04, 0.41, 0.50)
Main Building/roof 2 (1)/Railing/Back/railing corner 1m (1)	railing corner 1m	(-1.043, 3.554, 12.000)	Center: (-1.51, 3.97, 11.53), Extents: (0.51, 0.41, 0.51)
Main Building/roof 2 (1)/Railing/Back/railing 1m (6)	railing 1m	(-2.043, 3.554, 12.000)	Center: (-2.51, 3.97, 12.00), Extents: (0.50, 0.41, 0.04)
Main Building/roof 2 (1)/Railing/Back/railing corner 1m (2)	railing corner 1m	(-7.376, 3.554, 12.000)	Center: (-6.90, 3.97, 11.54), Extents: (0.51, 0.41, 0.51)
Main Building/roof 2 (1)/Railing/Back/railing 1m (7)	railing 1m	(-3.043, 3.554, 12.000)	Center: (-3.51, 3.97, 12.00), Extents: (0.50, 0.41, 0.04)
Main Building/roof 2 (1)/Railing/Back/railing 1m (8)	railing 1m	(-4.043, 3.554, 12.000)	Center: (-4.51, 3.97, 12.00), Extents: (0.50, 0.41, 0.04)
Main Building/roof 2 (1)/Railing/Back/railing 1m (9)	railing 1m	(-5.043, 3.554, 12.000)	Center: (-5.51, 3.97, 12.00), Extents: (0.50, 0.41, 0.04)
Main Building/roof 2 (1)/Railing/Back/railing  post	railing  post	(-6.043, 3.554, 12.000)	Center: (-6.04, 3.97, 12.00), Extents: (0.03, 0.41, 0.04)
Main Building/roof 2 (1)/Railing/Back/railing 1m (10)	railing 1m	(-1.043, 3.554, 11.000)	Center: (-1.04, 3.97, 10.53), Extents: (0.04, 0.41, 0.50)
Main Building/roof 2 (1)/Railing/Back/railing 1m (11)	railing 1m	(-1.043, 3.554, 10.000)	Center: (-1.04, 3.97, 9.53), Extents: (0.04, 0.41, 0.50)
Main Building/roof 2 (1)/Railing/Back/railing 1m (12)	railing 1m	(-7.376, 3.554, 11.000)	Center: (-7.38, 3.97, 10.53), Extents: (0.04, 0.41, 0.50)
Main Building/roof 2 (1)/Railing/Back/railing 1m (13)	railing 1m	(-7.376, 3.554, 10.000)	Center: (-7.38, 3.97, 9.53), Extents: (0.04, 0.41, 0.50)
Main Building/roof 2 (1)/Railing/Back/Railing.5m	railing .5m	(-6.543, 3.554, 12.000)	Center: (-6.32, 3.97, 12.00), Extents: (0.25, 0.41, 0.04)
Main Building/roof 2 (1)/Roof ,5x,5	Roof ,5x,5	(-5.500, 3.255, -1.000)	Center: (-5.25, 3.41, -1.25), Extents: (0.25, 0.15, 0.25)
Main Building/roof 2 (1)/Roof ,5x,5 (1)	Roof ,5x,5	(-5.500, 3.255, -0.500)	Center: (-5.25, 3.41, -0.75), Extents: (0.25, 0.15, 0.25)
Main Building/roof 2 (1)/Roof ,5x,5 (2)	Roof ,5x,5	(-5.500, 3.255, 0.000)	Center: (-5.25, 3.41, -0.25), Extents: (0.25, 0.15, 0.25)
Main Building/roof 2 (1)/Roof ,5x,5 (3)	Roof ,5x,5	(-5.500, 3.255, 0.500)	Center: (-5.25, 3.41, 0.25), Extents: (0.25, 0.15, 0.25)
Main Building/roof 2 (1)/Roof ,5x,5 (4)	Roof ,5x,5	(-5.500, 3.255, 1.000)	Center: (-5.25, 3.41, 0.75), Extents: (0.25, 0.15, 0.25)
Main Building/roof 2 (1)/Roof ,5x,5 (5)	Roof ,5x,5	(-5.500, 3.255, 1.500)	Center: (-5.25, 3.41, 1.25), Extents: (0.25, 0.15, 0.25)
Main Building/roof 2 (1)/Roof ,5x,5 (6)	Roof ,5x,5	(-5.500, 3.255, 2.000)	Center: (-5.25, 3.41, 1.75), Extents: (0.25, 0.15, 0.25)
Main Building/roof 2 (1)/Roof ,5x,5 (7)	Roof ,5x,5	(-5.500, 3.255, 2.500)	Center: (-5.25, 3.41, 2.25), Extents: (0.25, 0.15, 0.25)
Main Building/roof 2 (1)/Roof ,5x,5 (8)	Roof ,5x,5	(-5.500, 3.255, 3.000)	Center: (-5.25, 3.41, 2.75), Extents: (0.25, 0.15, 0.25)
Main Building/roof 2 (1)/Roof ,5x,5 (9)	Roof ,5x,5	(-5.500, 3.255, 3.500)	Center: (-5.25, 3.41, 3.25), Extents: (0.25, 0.15, 0.25)
Main Building/roof 2 (1)/Roof ,5x,5 (10)	Roof ,5x,5	(-5.500, 3.255, 4.000)	Center: (-5.25, 3.41, 3.75), Extents: (0.25, 0.15, 0.25)
Main Building/roof 2 (1)/Roof ,5x,5 (11)	Roof ,5x,5	(-5.500, 3.255, 4.500)	Center: (-5.25, 3.41, 4.25), Extents: (0.25, 0.15, 0.25)
Main Building/roof 2 (1)/Roof ,5x,5 (12)	Roof ,5x,5	(-5.500, 3.255, 5.000)	Center: (-5.25, 3.41, 4.75), Extents: (0.25, 0.15, 0.25)
Main Building/roof 2 (1)/Roof ,5x,5 (13)	Roof ,5x,5	(-5.500, 3.255, 5.500)	Center: (-5.25, 3.41, 5.25), Extents: (0.25, 0.15, 0.25)
Main Building/roof 2 (1)/Roof ,5x,5 (14)	Roof ,5x,5	(-5.500, 3.255, 6.000)	Center: (-5.25, 3.41, 5.75), Extents: (0.25, 0.15, 0.25)
Main Building/roof 2 (1)/Roof ,5x,5 (15)	Roof ,5x,5	(-5.500, 3.255, 6.500)	Center: (-5.25, 3.41, 6.25), Extents: (0.25, 0.15, 0.25)
Main Building/roof 2 (1)/Roof ,5x,5 (16)	Roof ,5x,5	(-5.500, 3.255, 7.000)	Center: (-5.25, 3.41, 6.75), Extents: (0.25, 0.15, 0.25)
Main Building/roof 2 (1)/Roof ,5x,5 (17)	Roof ,5x,5	(-5.500, 3.255, 7.500)	Center: (-5.25, 3.41, 7.25), Extents: (0.25, 0.15, 0.25)
Main Building/roof 2 (1)/Roof ,5x,5 (18)	Roof ,5x,5	(-5.500, 3.255, 8.000)	Center: (-5.25, 3.41, 7.75), Extents: (0.25, 0.15, 0.25)
Main Building/roof 2 (1)/Roof ,5x,5 (19)	Roof ,5x,5	(-5.500, 3.255, 8.500)	Center: (-5.25, 3.41, 8.25), Extents: (0.25, 0.15, 0.25)
Main Building/roof 2 (1)/Roof ,5x,5 (20)	Roof ,5x,5	(-5.500, 3.255, 9.000)	Center: (-5.25, 3.41, 8.75), Extents: (0.25, 0.15, 0.25)
Main Building/roof 2 (1)/Roof ,5x,5 (21)	Roof ,5x,5	(-5.500, 3.255, 9.500)	Center: (-5.25, 3.41, 9.25), Extents: (0.25, 0.15, 0.25)
Main Building/roof 2 (1)/Roof ,5x,5 (22)	Roof ,5x,5	(-5.500, 3.255, 10.000)	Center: (-5.25, 3.41, 9.75), Extents: (0.25, 0.15, 0.25)
Main Building/roof 2 (1)/Roof ,5x,5 (23)	Roof ,5x,5	(-5.500, 3.255, 10.500)	Center: (-5.25, 3.41, 10.25), Extents: (0.25, 0.15, 0.25)
Main Building/roof 2 (1)/Roof ,5x,5 (24)	Roof ,5x,5	(-5.500, 3.255, 11.000)	Center: (-5.25, 3.41, 10.75), Extents: (0.25, 0.15, 0.25)
Main Building/roof 2 (1)/Roof ,5x,5 (25)	Roof ,5x,5	(-5.500, 3.255, 11.500)	Center: (-5.25, 3.41, 11.25), Extents: (0.25, 0.15, 0.25)
Main Building/roof 2 (1)/Roof ,5x,5 side	Roof ,5x,5 side	(-5.500, 3.255, -1.500)	Center: (-5.25, 3.41, -1.80), Extents: (0.25, 0.15, 0.30)
Main Building/roof 2 (1)/Roof ,5x,5 side (1)	Roof ,5x,5 side	(-5.000, 3.255, 11.500)	Center: (-5.25, 3.41, 11.80), Extents: (0.25, 0.15, 0.30)
Pool Level/Pool/Pool Corner Top	Pool Corner Top	(5.000, -0.250, 2.750)	Center: (5.50, -0.74, 2.25), Extents: (0.50, 0.51, 0.50)
Pool Level/Pool/Pool Corner Top (1)	Pool Corner Top	(5.000, -0.250, -3.250)	Center: (5.50, -0.74, -2.75), Extents: (0.50, 0.51, 0.50)
Pool Level/Pool/pool straight top (1)	pool straight top	(5.000, -0.250, -0.250)	Center: (5.25, -0.74, 0.25), Extents: (0.25, 0.51, 0.50)
Pool Level/Pool/pool straight top (2)	pool straight top	(5.000, -0.250, 0.750)	Center: (5.25, -0.74, 1.25), Extents: (0.25, 0.51, 0.50)
Pool Level/Pool/pool straight top (3)	pool straight top	(7.000, -0.250, -3.250)	Center: (6.50, -0.74, -3.00), Extents: (0.50, 0.51, 0.25)
Pool Level/Pool/pool straight top (4)	pool straight top	(6.000, -0.250, 2.750)	Center: (6.50, -0.74, 2.50), Extents: (0.50, 0.51, 0.25)
Pool Level/Pool/Pool Corner Top (3)	Pool Corner Top	(10.000, -0.250, -3.250)	Center: (9.50, -0.74, -2.75), Extents: (0.50, 0.51, 0.50)
Pool Level/Pool/pool straight top (5)	pool straight top	(10.000, -0.250, 0.750)	Center: (9.75, -0.74, 0.25), Extents: (0.25, 0.51, 0.50)
Pool Level/Pool/pool straight top (6)	pool straight top	(10.000, -0.250, 1.750)	Center: (9.75, -0.74, 1.25), Extents: (0.25, 0.51, 0.50)
Pool Level/Pool/pool straight top (7)	pool straight top	(5.000, -0.250, -2.250)	Center: (5.25, -0.74, -1.75), Extents: (0.25, 0.51, 0.50)
Pool Level/Pool/pool straight top (8)	pool straight top	(5.000, -0.250, -1.250)	Center: (5.25, -0.74, -0.75), Extents: (0.25, 0.51, 0.50)
Pool Level/Pool/pool straight top (9)	pool straight top	(10.000, -0.250, -1.250)	Center: (9.75, -0.74, -1.75), Extents: (0.25, 0.51, 0.50)
Pool Level/Pool/pool straight top (10)	pool straight top	(10.000, -0.250, -0.250)	Center: (9.75, -0.74, -0.75), Extents: (0.25, 0.51, 0.50)
Pool Level/Pool/pool straight top (11)	pool straight top	(9.000, -0.250, -3.250)	Center: (8.50, -0.74, -3.00), Extents: (0.50, 0.51, 0.25)
Pool Level/Pool/pool straight top (12)	pool straight top	(8.000, -0.250, 2.750)	Center: (8.50, -0.74, 2.50), Extents: (0.50, 0.51, 0.25)
Pool Level/Pool/Bottom/Pool Bottom	Pool Bottom 1x1	(7.000, -1.250, -0.250)	Center: (6.50, -1.30, -0.75), Extents: (0.50, 0.05, 0.50)
Pool Level/Pool/Bottom/Pool Bottom (1)	Pool Bottom 1x1	(6.000, -1.250, -0.250)	Center: (5.50, -1.30, -0.75), Extents: (0.50, 0.05, 0.50)
Pool Level/Pool/Bottom/Pool Bottom (2)	Pool Bottom 1x1	(10.000, -1.250, -0.250)	Center: (9.50, -1.30, -0.75), Extents: (0.50, 0.05, 0.50)
Pool Level/Pool/Bottom/Pool Bottom (3)	Pool Bottom 1x1	(9.000, -1.250, -0.250)	Center: (8.50, -1.30, -0.75), Extents: (0.50, 0.05, 0.50)
Pool Level/Pool/Bottom/Pool Bottom (4)	Pool Bottom 1x1	(7.000, -1.250, 0.750)	Center: (6.50, -1.30, 0.25), Extents: (0.50, 0.05, 0.50)
Pool Level/Pool/Bottom/Pool Bottom (5)	Pool Bottom 1x1	(6.000, -1.250, 0.750)	Center: (5.50, -1.30, 0.25), Extents: (0.50, 0.05, 0.50)
Pool Level/Pool/Bottom/Pool Bottom (6)	Pool Bottom 1x1	(10.000, -1.250, 0.750)	Center: (9.50, -1.30, 0.25), Extents: (0.50, 0.05, 0.50)
Pool Level/Pool/Bottom/Pool Bottom (7)	Pool Bottom 1x1	(9.000, -1.250, 0.750)	Center: (8.50, -1.30, 0.25), Extents: (0.50, 0.05, 0.50)
Pool Level/Pool/Bottom/Pool Bottom (8)	Pool Bottom 1x1	(7.000, -1.250, 1.750)	Center: (6.50, -1.30, 1.25), Extents: (0.50, 0.05, 0.50)
Pool Level/Pool/Bottom/Pool Bottom (9)	Pool Bottom 1x1	(6.000, -1.250, 1.750)	Center: (5.50, -1.30, 1.25), Extents: (0.50, 0.05, 0.50)
Pool Level/Pool/Bottom/Pool Bottom (10)	Pool Bottom 1x1	(10.000, -1.250, 1.750)	Center: (9.50, -1.30, 1.25), Extents: (0.50, 0.05, 0.50)
Pool Level/Pool/Bottom/Pool Bottom (11)	Pool Bottom 1x1	(9.000, -1.250, 1.750)	Center: (8.50, -1.30, 1.25), Extents: (0.50, 0.05, 0.50)
Pool Level/Pool/Bottom/Pool Bottom (12)	Pool Bottom 1x1	(7.000, -1.250, 2.750)	Center: (6.50, -1.30, 2.25), Extents: (0.50, 0.05, 0.50)
Pool Level/Pool/Bottom/Pool Bottom (13)	Pool Bottom 1x1	(6.000, -1.250, 2.750)	Center: (5.50, -1.30, 2.25), Extents: (0.50, 0.05, 0.50)
Pool Level/Pool/Bottom/Pool Bottom (14)	Pool Bottom 1x1	(10.000, -1.250, 2.750)	Center: (9.50, -1.30, 2.25), Extents: (0.50, 0.05, 0.50)
Pool Level/Pool/Bottom/Pool Bottom (15)	Pool Bottom 1x1	(9.000, -1.250, 2.750)	Center: (8.50, -1.30, 2.25), Extents: (0.50, 0.05, 0.50)
Pool Level/Pool/Bottom/Pool Bottom (16)	Pool Bottom 1x1	(7.000, -1.250, -1.250)	Center: (6.50, -1.30, -1.75), Extents: (0.50, 0.05, 0.50)
Pool Level/Pool/Bottom/Pool Bottom (17)	Pool Bottom 1x1	(6.000, -1.250, -1.250)	Center: (5.50, -1.30, -1.75), Extents: (0.50, 0.05, 0.50)
Pool Level/Pool/Bottom/Pool Bottom (18)	Pool Bottom 1x1	(10.000, -1.250, -1.250)	Center: (9.50, -1.30, -1.75), Extents: (0.50, 0.05, 0.50)
Pool Level/Pool/Bottom/Pool Bottom (19)	Pool Bottom 1x1	(9.000, -1.250, -1.250)	Center: (8.50, -1.30, -1.75), Extents: (0.50, 0.05, 0.50)
Pool Level/Pool/Bottom/Pool Bottom (20)	Pool Bottom 1x1	(7.000, -1.250, -2.250)	Center: (6.50, -1.30, -2.75), Extents: (0.50, 0.05, 0.50)
Pool Level/Pool/Bottom/Pool Bottom (21)	Pool Bottom 1x1	(6.000, -1.250, -2.250)	Center: (5.50, -1.30, -2.75), Extents: (0.50, 0.05, 0.50)
Pool Level/Pool/Bottom/Pool Bottom (22)	Pool Bottom 1x1	(10.000, -1.250, -2.250)	Center: (9.50, -1.30, -2.75), Extents: (0.50, 0.05, 0.50)
Pool Level/Pool/Bottom/Pool Bottom (23)	Pool Bottom 1x1	(9.000, -1.250, -2.250)	Center: (8.50, -1.30, -2.75), Extents: (0.50, 0.05, 0.50)
Pool Level/Pool/Bottom/Pool Bottom (24)	Pool Bottom 1x1	(8.000, -1.250, -0.250)	Center: (7.50, -1.30, -0.75), Extents: (0.50, 0.05, 0.50)
Pool Level/Pool/Bottom/Pool Bottom (25)	Pool Bottom 1x1	(8.000, -1.250, 0.750)	Center: (7.50, -1.30, 0.25), Extents: (0.50, 0.05, 0.50)
Pool Level/Pool/Bottom/Pool Bottom (26)	Pool Bottom 1x1	(8.000, -1.250, 1.750)	Center: (7.50, -1.30, 1.25), Extents: (0.50, 0.05, 0.50)
Pool Level/Pool/Bottom/Pool Bottom (27)	Pool Bottom 1x1	(8.000, -1.250, 2.750)	Center: (7.50, -1.30, 2.25), Extents: (0.50, 0.05, 0.50)
Pool Level/Pool/Bottom/Pool Bottom (28)	Pool Bottom 1x1	(8.000, -1.250, -1.250)	Center: (7.50, -1.30, -1.75), Extents: (0.50, 0.05, 0.50)
Pool Level/Pool/Bottom/Pool Bottom (29)	Pool Bottom 1x1	(8.000, -1.250, -2.250)	Center: (7.50, -1.30, -2.75), Extents: (0.50, 0.05, 0.50)
Pool Level/Pool/pool straight top (13)	pool straight top	(7.000, -0.250, 2.750)	Center: (7.50, -0.74, 2.50), Extents: (0.50, 0.51, 0.25)
Pool Level/Pool/pool straight top (14)	pool straight top	(8.000, -0.250, -3.250)	Center: (7.50, -0.74, -3.00), Extents: (0.50, 0.51, 0.25)
Pool Level/Pool/Pool Corner Top (4)	Pool Corner Top	(10.000, -0.250, 2.750)	Center: (9.50, -0.74, 2.25), Extents: (0.50, 0.51, 0.50)
Pool Level/Floor/Floor 2x2	Floor 2x2	(6.500, -1.240, 4.750)	Center: (6.50, -0.74, 4.75), Extents: (1.00, 0.50, 1.00)
Pool Level/Floor/Floor 2x2 (1)	Floor 2x2	(4.500, -1.240, 4.750)	Center: (4.50, -0.74, 4.75), Extents: (1.00, 0.50, 1.00)
Pool Level/Floor/Floor 2x2 (2)	Floor 2x2	(11.250, -1.240, 4.750)	Center: (11.25, -0.74, 4.75), Extents: (0.75, 0.50, 1.00)
Pool Level/Floor/Floor 2x2 (3)	Floor 2x2	(9.500, -1.240, 4.750)	Center: (9.50, -0.74, 4.75), Extents: (1.00, 0.50, 1.00)
Pool Level/Floor/Floor 2x2 (4)	Floor 2x2	(6.500, -1.240, 6.750)	Center: (6.50, -0.74, 6.75), Extents: (1.00, 0.50, 1.00)
Pool Level/Floor/Floor 2x2 (5)	Floor 2x2	(4.500, -1.240, 6.750)	Center: (4.50, -0.74, 6.75), Extents: (1.00, 0.50, 1.00)
Pool Level/Floor/Floor 2x2 (6)	Floor 2x2	(11.250, -1.240, 6.750)	Center: (11.25, -0.74, 6.75), Extents: (0.75, 0.50, 1.00)
Pool Level/Floor/Floor 2x2 (7)	Floor 2x2	(9.500, -1.240, 6.750)	Center: (9.50, -0.74, 6.75), Extents: (1.00, 0.50, 1.00)
Pool Level/Floor/Floor 2x2 (8)	Floor 2x2	(6.000, -1.240, 8.750)	Center: (6.00, -0.74, 8.75), Extents: (1.00, 0.50, 1.00)
Pool Level/Floor/Floor 2x2 (9)	Floor 2x2	(4.000, -1.240, 8.750)	Center: (4.00, -0.74, 8.75), Extents: (1.00, 0.50, 1.00)
Pool Level/Floor/Floor 1x1	Floor 1x1	(7.500, -1.240, 3.250)	Center: (7.50, -0.74, 3.25), Extents: (0.50, 0.50, 0.50)
Pool Level/Floor/Floor 1x1 (1)	Floor 1x1	(8.000, -1.240, 4.250)	Center: (8.00, -0.74, 4.25), Extents: (0.50, 0.50, 0.50)
Pool Level/Floor/Floor 1x1 (2)	Floor 1x1	(8.000, -1.240, 5.250)	Center: (8.00, -0.74, 5.25), Extents: (0.50, 0.50, 0.50)
Pool Level/Floor/Floor 1x1 (3)	Floor 1x1	(8.000, -1.240, 6.250)	Center: (8.00, -0.74, 6.25), Extents: (0.50, 0.50, 0.50)
Pool Level/Floor/Floor 2x2 (16)	Floor 2x2	(11.000, -1.240, 2.750)	Center: (11.00, -0.74, 2.75), Extents: (1.00, 0.50, 1.00)
Pool Level/Floor/Floor 1x1 (4)	Floor 1x1	(8.000, -1.240, 7.750)	Center: (8.00, -0.74, 7.75), Extents: (0.50, 0.50, 0.50)
Pool Level/Floor/Floor 2x2 (22)	Floor 2x2	(4.125, -1.240, -2.250)	Center: (4.13, -0.74, -2.25), Extents: (0.88, 0.50, 1.00)
Pool Level/Floor/Floor 2x2 (17)	Floor 2x2	(4.250, -1.240, 2.750)	Center: (4.25, -0.74, 2.75), Extents: (1.00, 0.50, 1.00)
Pool Level/Floor/Floor 2x2 (24)	Floor 2x2	(11.000, -1.240, -2.750)	Center: (11.00, -0.74, -2.75), Extents: (1.00, 0.50, 0.50)
Pool Level/Floor/Floor 2x2 (18)	Floor 2x2	(4.250, -1.240, 0.750)	Center: (4.25, -0.74, 0.75), Extents: (1.00, 0.50, 1.00)
Pool Level/Floor/Floor 2x2 (19)	Floor 2x2	(2.250, -1.240, -2.250)	Center: (2.25, -0.74, -2.25), Extents: (1.00, 0.50, 1.00)
Pool Level/Floor/Floor 2x2 (20)	Floor 2x2	(11.000, -1.240, 0.750)	Center: (11.00, -0.74, 0.75), Extents: (1.00, 0.50, 1.00)
Pool Level/Floor/Floor 2x2 (21)	Floor 2x2	(11.000, -1.240, -1.250)	Center: (11.00, -0.74, -1.25), Extents: (1.00, 0.50, 1.00)
Pool Level/Floor/Floor 2x2 (23)	Floor 2x2	(0.250, -1.240, -2.250)	Center: (0.25, -0.74, -2.25), Extents: (1.00, 0.50, 1.00)
Pool Level/Floor/Floor 2x2 (25)	Floor 2x2	(-1.750, -1.240, -2.250)	Center: (-1.75, -0.74, -2.25), Extents: (1.00, 0.50, 1.00)
Pool Level/Floor/Floor 2x2 (26)	Floor 2x2	(-3.750, -1.240, -2.250)	Center: (-3.75, -0.74, -2.25), Extents: (1.00, 0.50, 1.00)
Pool Level/Stoneboxes/stonebox long	stonebox long	(5.000, -0.250, 3.000)	Center: (5.00, 0.10, 3.00), Extents: (2.00, 0.35, 0.25)
Pool Level/Stoneboxes/stonebox long (1)	stonebox long	(10.000, -0.250, 3.000)	Center: (10.00, 0.10, 3.00), Extents: (2.00, 0.35, 0.25)
Pool Level/Stoneboxes/stonebox medium	stonebox medium	(11.500, -0.250, 5.250)	Center: (11.50, 0.10, 5.25), Extents: (0.50, 0.35, 2.00)
Pool Level/Stoneboxes/stonebox medium/Shrub/Shrub_LOD0	Shrub_LOD0	(11.500, 0.403, 3.948)	Center: (11.48, 0.64, 3.93), Extents: (0.55, 0.24, 0.52)
Pool Level/Stoneboxes/stonebox medium/Shrub/Shrub_LOD1	Shrub_LOD1	(11.500, 0.403, 3.948)	Center: (11.48, 0.64, 3.93), Extents: (0.55, 0.24, 0.52)
Pool Level/Stoneboxes/stonebox medium/Shrub (2)/Shrub_LOD0	Shrub_LOD0	(11.500, 0.403, 5.834)	Center: (11.48, 0.61, 5.82), Extents: (0.48, 0.21, 0.46)
Pool Level/Stoneboxes/stonebox medium/Shrub (2)/Shrub_LOD1	Shrub_LOD1	(11.500, 0.403, 5.834)	Center: (11.48, 0.61, 5.82), Extents: (0.48, 0.21, 0.46)
Pool Level/Stoneboxes/stonebox medium/Shrub (1)/Shrub_LOD0	Shrub_LOD0	(11.500, 0.403, 4.958)	Center: (11.50, 0.62, 4.94), Extents: (0.68, 0.22, 0.67)
Pool Level/Stoneboxes/stonebox medium/Shrub (1)/Shrub_LOD1	Shrub_LOD1	(11.500, 0.403, 4.958)	Center: (11.50, 0.62, 4.94), Extents: (0.68, 0.22, 0.67)
Pool Level/Stoneboxes/stonebox medium/Shrub (3)/Shrub_LOD0	Shrub_LOD0	(11.500, 0.403, 6.844)	Center: (11.50, 0.59, 6.83), Extents: (0.59, 0.19, 0.59)
Pool Level/Stoneboxes/stonebox medium/Shrub (3)/Shrub_LOD1	Shrub_LOD1	(11.500, 0.403, 6.844)	Center: (11.50, 0.59, 6.83), Extents: (0.59, 0.19, 0.59)
Pool Level/Stoneboxes/stonebox medium (1)	stonebox medium	(3.520, -0.250, 5.250)	Center: (3.52, 0.10, 5.25), Extents: (0.50, 0.35, 2.00)
Pool Level/Stoneboxes/stonebox medium (1)/Shrub/Shrub_LOD0	Shrub_LOD0	(3.520, 0.403, 3.948)	Center: (3.50, 0.64, 3.93), Extents: (0.55, 0.24, 0.52)
Pool Level/Stoneboxes/stonebox medium (1)/Shrub/Shrub_LOD1	Shrub_LOD1	(3.520, 0.403, 3.948)	Center: (3.50, 0.64, 3.93), Extents: (0.55, 0.24, 0.52)
Pool Level/Stoneboxes/stonebox medium (1)/Shrub (2)/Shrub_LOD0	Shrub_LOD0	(3.520, 0.403, 5.834)	Center: (3.50, 0.61, 5.82), Extents: (0.48, 0.21, 0.46)
Pool Level/Stoneboxes/stonebox medium (1)/Shrub (2)/Shrub_LOD1	Shrub_LOD1	(3.520, 0.403, 5.834)	Center: (3.50, 0.61, 5.82), Extents: (0.48, 0.21, 0.46)
Pool Level/Stoneboxes/stonebox medium (1)/Shrub (1)/Shrub_LOD0	Shrub_LOD0	(3.520, 0.403, 4.958)	Center: (3.52, 0.62, 4.94), Extents: (0.68, 0.22, 0.67)
Pool Level/Stoneboxes/stonebox medium (1)/Shrub (1)/Shrub_LOD1	Shrub_LOD1	(3.520, 0.403, 4.958)	Center: (3.52, 0.62, 4.94), Extents: (0.68, 0.22, 0.67)
Pool Level/Stoneboxes/stonebox medium (1)/Shrub (3)/Shrub_LOD0	Shrub_LOD0	(3.520, 0.403, 6.844)	Center: (3.52, 0.59, 6.83), Extents: (0.59, 0.19, 0.59)
Pool Level/Stoneboxes/stonebox medium (1)/Shrub (3)/Shrub_LOD1	Shrub_LOD1	(3.520, 0.403, 6.844)	Center: (3.52, 0.59, 6.83), Extents: (0.59, 0.19, 0.59)
Pool Level/Stoneboxes/XL stonebox	XL stonebox	(4.000, -0.250, -0.250)	Center: (4.00, -0.08, -0.25), Extents: (1.00, 0.18, 3.00)
Pool Level/Stoneboxes/XL stonebox/mv_firebowl/fire wood	fire wood	(3.915, 0.178, -0.488)	Center: (3.91, 0.19, -0.49), Extents: (0.04, 0.04, 0.13)
Pool Level/Stoneboxes/XL stonebox/mv_firebowl/Foot	Foot	(3.956, 0.078, -0.488)	Center: (3.96, 0.10, -0.49), Extents: (0.25, 0.03, 0.25)
Pool Level/Stoneboxes/XL stonebox/mv_firebowl/Foot/Bowl	Bowl	(3.956, 0.078, -0.488)	Center: (3.96, 0.21, -0.49), Extents: (0.40, 0.09, 0.40)
Pool Level/Stoneboxes/XL stonebox/mv_firebowl/fire wood (1)	fire wood	(3.872, 0.239, -0.482)	Center: (3.87, 0.25, -0.49), Extents: (0.14, 0.09, 0.04)
Pool Level/Stoneboxes/XL stonebox/mv_firebowl/fire wood (2)	fire wood	(3.867, 0.267, -0.595)	Center: (3.87, 0.27, -0.60), Extents: (0.13, 0.11, 0.11)
Pool Level/Stoneboxes/XL stonebox/mv_firebowl/fire wood (3)	fire wood	(4.031, 0.267, -0.530)	Center: (4.04, 0.27, -0.53), Extents: (0.12, 0.13, 0.12)
Pool Level/Stoneboxes/XL stonebox/mv_firebowl (1)/fire wood	fire wood	(3.915, 0.178, 1.512)	Center: (3.91, 0.19, 1.51), Extents: (0.04, 0.04, 0.13)
Pool Level/Stoneboxes/XL stonebox/mv_firebowl (1)/Foot	Foot	(3.956, 0.078, 1.512)	Center: (3.96, 0.10, 1.51), Extents: (0.25, 0.03, 0.25)
Pool Level/Stoneboxes/XL stonebox/mv_firebowl (1)/Foot/Bowl	Bowl	(3.956, 0.078, 1.512)	Center: (3.96, 0.21, 1.51), Extents: (0.40, 0.09, 0.40)
Pool Level/Stoneboxes/XL stonebox/mv_firebowl (1)/fire wood (1)	fire wood	(3.872, 0.239, 1.518)	Center: (3.87, 0.25, 1.51), Extents: (0.14, 0.09, 0.04)
Pool Level/Stoneboxes/XL stonebox/mv_firebowl (1)/fire wood (2)	fire wood	(3.867, 0.267, 1.405)	Center: (3.87, 0.27, 1.40), Extents: (0.13, 0.11, 0.11)
Pool Level/Stoneboxes/XL stonebox/mv_firebowl (1)/fire wood (3)	fire wood	(4.031, 0.267, 1.470)	Center: (4.04, 0.27, 1.47), Extents: (0.12, 0.13, 0.12)
Pool Level/Stoneboxes/XL stonebox/mv_firebowl (2)/fire wood	fire wood	(3.915, 0.178, -2.584)	Center: (3.91, 0.19, -2.58), Extents: (0.04, 0.04, 0.13)
Pool Level/Stoneboxes/XL stonebox/mv_firebowl (2)/Foot	Foot	(3.956, 0.078, -2.584)	Center: (3.96, 0.10, -2.58), Extents: (0.25, 0.03, 0.25)
Pool Level/Stoneboxes/XL stonebox/mv_firebowl (2)/Foot/Bowl	Bowl	(3.956, 0.078, -2.584)	Center: (3.96, 0.21, -2.58), Extents: (0.40, 0.09, 0.40)
Pool Level/Stoneboxes/XL stonebox/mv_firebowl (2)/fire wood (1)	fire wood	(3.872, 0.239, -2.578)	Center: (3.87, 0.25, -2.58), Extents: (0.14, 0.09, 0.04)
Pool Level/Stoneboxes/XL stonebox/mv_firebowl (2)/fire wood (2)	fire wood	(3.867, 0.267, -2.691)	Center: (3.87, 0.27, -2.70), Extents: (0.13, 0.11, 0.11)
Pool Level/Stoneboxes/XL stonebox/mv_firebowl (2)/fire wood (3)	fire wood	(4.031, 0.267, -2.626)	Center: (4.04, 0.27, -2.62), Extents: (0.12, 0.13, 0.12)
Pool Level/Stoneboxes/XL stonebox/VasePalmSmall	vase palm small	(4.000, -0.024, -1.615)	Center: (4.03, 1.02, -1.55), Extents: (1.06, 1.04, 1.03)
Pool Level/Stoneboxes/XL stonebox/VasePalmLarge	vase palm large	(4.000, -0.020, 0.920)	Center: (3.71, 1.48, 0.80), Extents: (1.74, 1.50, 2.13)
Pool Level/Stoneboxes/XL stonebox (1)	XL stonebox	(11.080, -0.250, -0.250)	Center: (11.08, -0.08, -0.25), Extents: (1.00, 0.18, 3.00)
Pool Level/Stoneboxes/XL stonebox (1)/mv_firebowl/fire wood	fire wood	(10.995, 0.178, -0.488)	Center: (10.99, 0.19, -0.49), Extents: (0.04, 0.04, 0.13)
Pool Level/Stoneboxes/XL stonebox (1)/mv_firebowl/Foot	Foot	(11.036, 0.078, -0.488)	Center: (11.04, 0.10, -0.49), Extents: (0.25, 0.03, 0.25)
Pool Level/Stoneboxes/XL stonebox (1)/mv_firebowl/Foot/Bowl	Bowl	(11.036, 0.078, -0.488)	Center: (11.04, 0.21, -0.49), Extents: (0.40, 0.09, 0.40)
Pool Level/Stoneboxes/XL stonebox (1)/mv_firebowl/fire wood (1)	fire wood	(10.952, 0.239, -0.482)	Center: (10.95, 0.25, -0.49), Extents: (0.14, 0.09, 0.04)
Pool Level/Stoneboxes/XL stonebox (1)/mv_firebowl/fire wood (2)	fire wood	(10.947, 0.267, -0.595)	Center: (10.95, 0.27, -0.60), Extents: (0.13, 0.11, 0.11)
Pool Level/Stoneboxes/XL stonebox (1)/mv_firebowl/fire wood (3)	fire wood	(11.111, 0.267, -0.530)	Center: (11.12, 0.27, -0.53), Extents: (0.12, 0.13, 0.12)
Pool Level/Stoneboxes/XL stonebox (1)/mv_firebowl (1)/fire wood	fire wood	(10.995, 0.178, 1.512)	Center: (10.99, 0.19, 1.51), Extents: (0.04, 0.04, 0.13)
Pool Level/Stoneboxes/XL stonebox (1)/mv_firebowl (1)/Foot	Foot	(11.036, 0.078, 1.512)	Center: (11.04, 0.10, 1.51), Extents: (0.25, 0.03, 0.25)
Pool Level/Stoneboxes/XL stonebox (1)/mv_firebowl (1)/Foot/Bowl	Bowl	(11.036, 0.078, 1.512)	Center: (11.04, 0.21, 1.51), Extents: (0.40, 0.09, 0.40)
Pool Level/Stoneboxes/XL stonebox (1)/mv_firebowl (1)/fire wood (1)	fire wood	(10.952, 0.239, 1.518)	Center: (10.95, 0.25, 1.51), Extents: (0.14, 0.09, 0.04)
Pool Level/Stoneboxes/XL stonebox (1)/mv_firebowl (1)/fire wood (2)	fire wood	(10.947, 0.267, 1.405)	Center: (10.95, 0.27, 1.40), Extents: (0.13, 0.11, 0.11)
Pool Level/Stoneboxes/XL stonebox (1)/mv_firebowl (1)/fire wood (3)	fire wood	(11.111, 0.267, 1.470)	Center: (11.12, 0.27, 1.47), Extents: (0.12, 0.13, 0.12)
Pool Level/Stoneboxes/XL stonebox (1)/mv_firebowl (2)/fire wood	fire wood	(10.995, 0.178, -2.584)	Center: (10.99, 0.19, -2.58), Extents: (0.04, 0.04, 0.13)
Pool Level/Stoneboxes/XL stonebox (1)/mv_firebowl (2)/Foot	Foot	(11.036, 0.078, -2.584)	Center: (11.04, 0.10, -2.58), Extents: (0.25, 0.03, 0.25)
Pool Level/Stoneboxes/XL stonebox (1)/mv_firebowl (2)/Foot/Bowl	Bowl	(11.036, 0.078, -2.584)	Center: (11.04, 0.21, -2.58), Extents: (0.40, 0.09, 0.40)
Pool Level/Stoneboxes/XL stonebox (1)/mv_firebowl (2)/fire wood (1)	fire wood	(10.952, 0.239, -2.578)	Center: (10.95, 0.25, -2.58), Extents: (0.14, 0.09, 0.04)
Pool Level/Stoneboxes/XL stonebox (1)/mv_firebowl (2)/fire wood (2)	fire wood	(10.947, 0.267, -2.691)	Center: (10.95, 0.27, -2.70), Extents: (0.13, 0.11, 0.11)
Pool Level/Stoneboxes/XL stonebox (1)/mv_firebowl (2)/fire wood (3)	fire wood	(11.111, 0.267, -2.626)	Center: (11.12, 0.27, -2.62), Extents: (0.12, 0.13, 0.12)
Pool Level/Stoneboxes/XL stonebox (1)/VasePalmSmall	vase palm small	(11.080, -0.024, -1.615)	Center: (11.11, 1.02, -1.55), Extents: (1.06, 1.04, 1.03)
Pool Level/Stoneboxes/XL stonebox (1)/VasePalmLarge	vase palm large	(11.080, -0.020, 0.920)	Center: (10.79, 1.48, 0.80), Extents: (1.74, 1.50, 2.13)
Pool Level/Steps/mv_step_block (1)	Step Block	(7.500, -0.313, 6.816)	Center: (7.50, -0.21, 6.82), Extents: (0.50, 0.10, 0.15)
Pool Level/Steps/mv_step_block (2)	Step Block	(7.500, -0.113, 7.086)	Center: (7.50, -0.01, 7.09), Extents: (0.50, 0.10, 0.15)
Pool Level/Steps/mv_step_block (3)	Step Block	(3.536, 0.249, 8.748)	Center: (3.54, 0.35, 8.75), Extents: (0.15, 0.10, 0.50)
Pool Level/Steps/mv_step_block (4)	Step Block	(3.374, 0.447, 8.748)	Center: (3.37, 0.55, 8.75), Extents: (0.15, 0.10, 0.50)
Pool Level/Steps/mv_step_block (5)	Step Block	(3.133, 0.631, 8.748)	Center: (3.13, 0.73, 8.75), Extents: (0.15, 0.10, 0.50)
Pool Level/seating area/left side/couch pool straight	couch pool straight	(4.479, -0.250, 5.750)	Center: (4.50, -0.15, 5.75), Extents: (0.50, 0.10, 0.50)
Pool Level/seating area/left side/couch pool straight/pillow	pillow	(4.542, -0.090, 5.750)	Center: (4.54, 0.06, 5.74), Extents: (0.50, 0.12, 0.55)
Pool Level/seating area/left side/couch pool straight/rest	rest	(4.033, 0.301, 5.750)	Center: (4.03, 0.20, 5.75), Extents: (0.05, 0.25, 0.52)
Pool Level/seating area/left side/couch pool straight (1)	couch pool straight	(4.479, -0.250, 4.750)	Center: (4.50, -0.15, 4.75), Extents: (0.50, 0.10, 0.50)
Pool Level/seating area/left side/couch pool straight (1)/pillow	pillow	(4.542, -0.090, 4.750)	Center: (4.54, 0.06, 4.74), Extents: (0.50, 0.12, 0.55)
Pool Level/seating area/left side/couch pool straight (1)/rest	rest	(4.033, 0.301, 4.750)	Center: (4.03, 0.20, 4.75), Extents: (0.05, 0.25, 0.52)
Pool Level/seating area/left side/couch pool straight (1)/pillow a	pillow a	(4.146, 0.303, 4.684)	Center: (4.15, 0.30, 4.68), Extents: (0.08, 0.16, 0.17)
Pool Level/seating area/left side/couch pool straight (2)	couch pool straight	(5.500, -0.250, 3.750)	Center: (5.50, -0.15, 3.77), Extents: (0.50, 0.10, 0.50)
Pool Level/seating area/left side/couch pool straight (2)/pillow	pillow	(5.500, -0.090, 3.813)	Center: (5.51, 0.06, 3.81), Extents: (0.55, 0.12, 0.50)
Pool Level/seating area/left side/couch pool straight (2)/rest	rest	(5.500, 0.301, 3.304)	Center: (5.50, 0.20, 3.30), Extents: (0.52, 0.25, 0.05)
Pool Level/seating area/left side/couch pool straight (2)/pillow b	pillow b	(5.500, 0.304, 3.384)	Center: (5.50, 0.30, 3.38), Extents: (0.28, 0.16, 0.06)
Pool Level/seating area/left side/couch pool straight (2)/pillow a	pillow a	(5.260, 0.303, 3.420)	Center: (5.26, 0.30, 3.42), Extents: (0.17, 0.16, 0.09)
Pool Level/seating area/left side/couch pool straight (3)	couch pool straight	(6.500, -0.250, 3.750)	Center: (6.50, -0.15, 3.77), Extents: (0.50, 0.10, 0.50)
Pool Level/seating area/left side/couch pool straight (3)/pillow	pillow	(6.500, -0.090, 3.813)	Center: (6.51, 0.06, 3.81), Extents: (0.55, 0.12, 0.50)
Pool Level/seating area/left side/couch pool straight (3)/rest	rest	(6.500, 0.301, 3.304)	Center: (6.50, 0.20, 3.30), Extents: (0.52, 0.25, 0.05)
Pool Level/seating area/left side/couch pool straight (4)	couch pool straight	(6.500, -0.250, 6.750)	Center: (6.50, -0.15, 6.73), Extents: (0.50, 0.10, 0.50)
Pool Level/seating area/left side/couch pool straight (4)/pillow	pillow	(6.500, -0.090, 6.687)	Center: (6.49, 0.06, 6.69), Extents: (0.55, 0.12, 0.50)
Pool Level/seating area/left side/couch pool straight (4)/rest	rest	(6.500, 0.301, 7.196)	Center: (6.50, 0.20, 7.20), Extents: (0.52, 0.25, 0.05)
Pool Level/seating area/left side/couch pool straight (5)	couch pool straight	(5.500, -0.250, 6.750)	Center: (5.50, -0.15, 6.73), Extents: (0.50, 0.10, 0.50)
Pool Level/seating area/left side/couch pool straight (5)/pillow	pillow	(5.500, -0.090, 6.687)	Center: (5.49, 0.06, 6.69), Extents: (0.55, 0.12, 0.50)
Pool Level/seating area/left side/couch pool straight (5)/rest	rest	(5.500, 0.301, 7.196)	Center: (5.50, 0.20, 7.20), Extents: (0.52, 0.25, 0.05)
Pool Level/seating area/left side/couch pool corner (1)	couch pool corner	(4.500, -0.250, 3.750)	Center: (4.52, -0.15, 3.75), Extents: (0.50, 0.10, 0.50)
Pool Level/seating area/left side/couch pool corner (1)/pillow corner	pillow corner	(4.563, -0.090, 3.805)	Center: (4.56, 0.06, 3.80), Extents: (0.50, 0.12, 0.43)
Pool Level/seating area/left side/couch pool corner (1)/rest corner	rest corner	(4.050, 0.206, 3.749)	Center: (4.52, 0.21, 3.75), Extents: (0.52, 0.25, 0.52)
Pool Level/seating area/left side/couch pool corner	couch pool corner	(4.500, -0.250, 6.750)	Center: (4.50, -0.15, 6.73), Extents: (0.50, 0.10, 0.50)
Pool Level/seating area/left side/couch pool corner/pillow corner	pillow corner	(4.555, -0.090, 6.687)	Center: (4.55, 0.06, 6.69), Extents: (0.43, 0.12, 0.50)
Pool Level/seating area/left side/couch pool corner/rest corner	rest corner	(4.499, 0.206, 7.200)	Center: (4.50, 0.21, 6.73), Extents: (0.52, 0.25, 0.52)
Pool Level/seating area/right side/couch pool straight	couch pool straight	(10.521, -0.250, 4.769)	Center: (10.50, -0.15, 4.77), Extents: (0.50, 0.10, 0.50)
Pool Level/seating area/right side/couch pool straight/pillow	pillow	(10.458, -0.090, 4.769)	Center: (10.46, 0.06, 4.78), Extents: (0.50, 0.12, 0.55)
Pool Level/seating area/right side/couch pool straight/rest	rest	(10.967, 0.301, 4.769)	Center: (10.97, 0.20, 4.77), Extents: (0.05, 0.25, 0.52)
Pool Level/seating area/right side/couch pool straight (1)	couch pool straight	(10.521, -0.250, 5.769)	Center: (10.50, -0.15, 5.77), Extents: (0.50, 0.10, 0.50)
Pool Level/seating area/right side/couch pool straight (1)/pillow	pillow	(10.458, -0.090, 5.769)	Center: (10.46, 0.06, 5.78), Extents: (0.50, 0.12, 0.55)
Pool Level/seating area/right side/couch pool straight (1)/rest	rest	(10.967, 0.301, 5.769)	Center: (10.97, 0.20, 5.77), Extents: (0.05, 0.25, 0.52)
Pool Level/seating area/right side/couch pool straight (1)/pillow a	pillow a	(10.854, 0.303, 5.835)	Center: (10.85, 0.30, 5.84), Extents: (0.08, 0.16, 0.17)
Pool Level/seating area/right side/couch pool straight (2)	couch pool straight	(9.500, -0.250, 6.769)	Center: (9.50, -0.15, 6.75), Extents: (0.50, 0.10, 0.50)
Pool Level/seating area/right side/couch pool straight (2)/pillow	pillow	(9.500, -0.090, 6.706)	Center: (9.49, 0.06, 6.71), Extents: (0.55, 0.12, 0.50)
Pool Level/seating area/right side/couch pool straight (2)/rest	rest	(9.500, 0.301, 7.215)	Center: (9.50, 0.20, 7.22), Extents: (0.52, 0.25, 0.05)
Pool Level/seating area/right side/couch pool straight (2)/pillow b	pillow b	(9.500, 0.304, 7.135)	Center: (9.50, 0.30, 7.13), Extents: (0.28, 0.16, 0.06)
Pool Level/seating area/right side/couch pool straight (2)/pillow a	pillow a	(9.740, 0.303, 7.099)	Center: (9.74, 0.30, 7.10), Extents: (0.17, 0.16, 0.09)
Pool Level/seating area/right side/couch pool straight (3)	couch pool straight	(8.500, -0.250, 6.769)	Center: (8.50, -0.15, 6.75), Extents: (0.50, 0.10, 0.50)
Pool Level/seating area/right side/couch pool straight (3)/pillow	pillow	(8.500, -0.090, 6.706)	Center: (8.49, 0.06, 6.71), Extents: (0.55, 0.12, 0.50)
Pool Level/seating area/right side/couch pool straight (3)/rest	rest	(8.500, 0.301, 7.215)	Center: (8.50, 0.20, 7.22), Extents: (0.52, 0.25, 0.05)
Pool Level/seating area/right side/couch pool straight (4)	couch pool straight	(8.500, -0.250, 3.769)	Center: (8.50, -0.15, 3.79), Extents: (0.50, 0.10, 0.50)
Pool Level/seating area/right side/couch pool straight (4)/pillow	pillow	(8.500, -0.090, 3.832)	Center: (8.51, 0.06, 3.83), Extents: (0.55, 0.12, 0.50)
Pool Level/seating area/right side/couch pool straight (4)/rest	rest	(8.500, 0.301, 3.323)	Center: (8.50, 0.20, 3.32), Extents: (0.52, 0.25, 0.05)
Pool Level/seating area/right side/couch pool straight (5)	couch pool straight	(9.500, -0.250, 3.769)	Center: (9.50, -0.15, 3.79), Extents: (0.50, 0.10, 0.50)
Pool Level/seating area/right side/couch pool straight (5)/pillow	pillow	(9.500, -0.090, 3.832)	Center: (9.51, 0.06, 3.83), Extents: (0.55, 0.12, 0.50)
Pool Level/seating area/right side/couch pool straight (5)/rest	rest	(9.500, 0.301, 3.323)	Center: (9.50, 0.20, 3.32), Extents: (0.52, 0.25, 0.05)
Pool Level/seating area/right side/couch pool corner (1)	couch pool corner	(10.500, -0.250, 6.769)	Center: (10.48, -0.15, 6.77), Extents: (0.50, 0.10, 0.50)
Pool Level/seating area/right side/couch pool corner (1)/pillow corner	pillow corner	(10.437, -0.090, 6.714)	Center: (10.44, 0.06, 6.72), Extents: (0.50, 0.12, 0.43)
Pool Level/seating area/right side/couch pool corner (1)/rest corner	rest corner	(10.950, 0.206, 6.770)	Center: (10.48, 0.21, 6.77), Extents: (0.52, 0.25, 0.52)
Pool Level/seating area/right side/couch pool corner (2)	couch pool corner	(10.500, -0.250, 3.769)	Center: (10.50, -0.15, 3.79), Extents: (0.50, 0.10, 0.50)
Pool Level/seating area/right side/couch pool corner (2)/pillow corner	pillow corner	(10.445, -0.090, 3.832)	Center: (10.45, 0.06, 3.83), Extents: (0.43, 0.12, 0.50)
Pool Level/seating area/right side/couch pool corner (2)/rest corner	rest corner	(10.501, 0.206, 3.319)	Center: (10.50, 0.21, 3.78), Extents: (0.52, 0.25, 0.52)
Pool Level/seating area/right side/PillowC Variant/PillowC_LOD0	PillowC_LOD0	(9.601, 0.273, 3.579)	Center: (9.59, 0.29, 3.58), Extents: (0.25, 0.08, 0.14)
Pool Level/seating area/right side/PillowC Variant/PillowC_LOD1	PillowC_LOD1	(9.601, 0.273, 3.579)	Center: (9.59, 0.29, 3.58), Extents: (0.26, 0.09, 0.14)
Pool Level/seating area/right side/PillowC Variant/PillowC_LOD2	PillowC_LOD2	(9.601, 0.273, 3.579)	Center: (9.59, 0.29, 3.58), Extents: (0.26, 0.09, 0.14)
Pool Level/seating area/fire box/fire box	fire box	(7.500, -0.250, 5.000)	Center: (7.50, -0.13, 5.00), Extents: (0.30, 0.13, 0.10)
Pool Level/seating area/fire box/fire box/Pile of Coal	Pile of Coal	(7.500, -0.250, 5.000)	Center: (7.50, 0.00, 5.00), Extents: (0.28, 0.03, 0.08)
Pool Level/seating area/tables/tableA/CouchTableB/CouchTableB_LOD0	CouchTableB_LOD0	(6.000, -0.250, 5.250)	Center: (6.00, -0.07, 5.25), Extents: (0.39, 0.18, 0.38)
Pool Level/seating area/tables/tableA/CouchTableB/CouchTableB_LOD1	CouchTableB_LOD1	(6.000, -0.250, 5.250)	Center: (6.00, -0.07, 5.25), Extents: (0.39, 0.18, 0.38)
Pool Level/seating area/tables/tableA/props/CouchTableLamp/GardenTableLamp_LOD0	GardenTableLamp_LOD0	(6.000, 0.079, 5.250)	Center: (6.00, 0.31, 5.25), Extents: (0.11, 0.23, 0.11)
Pool Level/seating area/tables/tableA/props/CouchTableLamp/GardenTableLamp_LOD1	GardenTableLamp_LOD1	(6.000, 0.079, 5.250)	Center: (6.00, 0.31, 5.25), Extents: (0.11, 0.23, 0.11)
Pool Level/seating area/tables/tableA/props/CouchTableLamp/GardenTableLamp_LOD2	GardenTableLamp_LOD2	(6.000, 0.079, 5.250)	Center: (6.00, 0.31, 5.25), Extents: (0.11, 0.23, 0.11)
Pool Level/seating area/tables/tableA/props/DecorativeBowl/DecorativeBowl_LOD0	DecorativeBowl_LOD0	(5.805, 0.079, 5.055)	Center: (5.80, 0.13, 5.06), Extents: (0.21, 0.05, 0.21)
Pool Level/seating area/tables/tableA/props/DecorativeBowl/DecorativeBowl_LOD1	DecorativeBowl_LOD1	(5.805, 0.079, 5.055)	Center: (5.81, 0.13, 5.06), Extents: (0.21, 0.05, 0.21)
Pool Level/seating area/tables/tableA/props/DecorativeBowl/DecorativeBowl_LOD2	DecorativeBowl_LOD2	(5.805, 0.079, 5.055)	Center: (5.81, 0.13, 5.05), Extents: (0.21, 0.05, 0.21)
Pool Level/seating area/tables/tableA/props/JugA/JugA_LOD0	JugA_LOD0	(6.239, 0.079, 5.470)	Center: (6.26, 0.23, 5.47), Extents: (0.12, 0.16, 0.09)
Pool Level/seating area/tables/tableA/props/JugA/JugA_LOD1	JugA_LOD1	(6.239, 0.079, 5.470)	Center: (6.26, 0.23, 5.47), Extents: (0.12, 0.16, 0.09)
Pool Level/seating area/tables/tableA/props/JugA/JugA_LOD2	JugA_LOD2	(6.239, 0.079, 5.470)	Center: (6.26, 0.24, 5.47), Extents: (0.12, 0.16, 0.09)
Pool Level/seating area/tables/tableA/props/Napkin	napkin	(6.220, 0.079, 5.089)	Center: (6.22, 0.09, 5.09), Extents: (0.05, 0.02, 0.10)
Pool Level/seating area/tables/tableA (1)/CouchTableB/CouchTableB_LOD0	CouchTableB_LOD0	(9.000, -0.250, 5.250)	Center: (9.00, -0.07, 5.25), Extents: (0.39, 0.18, 0.38)
Pool Level/seating area/tables/tableA (1)/CouchTableB/CouchTableB_LOD1	CouchTableB_LOD1	(9.000, -0.250, 5.250)	Center: (9.00, -0.07, 5.25), Extents: (0.39, 0.18, 0.38)
Pool Level/seating area/tables/tableA (1)/props/CouchTableLamp/GardenTableLamp_LOD0	GardenTableLamp_LOD0	(9.000, 0.079, 5.250)	Center: (9.00, 0.31, 5.25), Extents: (0.11, 0.23, 0.11)
Pool Level/seating area/tables/tableA (1)/props/CouchTableLamp/GardenTableLamp_LOD1	GardenTableLamp_LOD1	(9.000, 0.079, 5.250)	Center: (9.00, 0.31, 5.25), Extents: (0.11, 0.23, 0.11)
Pool Level/seating area/tables/tableA (1)/props/CouchTableLamp/GardenTableLamp_LOD2	GardenTableLamp_LOD2	(9.000, 0.079, 5.250)	Center: (9.00, 0.31, 5.25), Extents: (0.11, 0.23, 0.11)
Pool Level/seating area/tables/tableA (1)/props/mv_BottleA	PerfumeA	(9.097, 0.095, 5.415)	Center: (9.10, 0.15, 5.41), Extents: (0.03, 0.05, 0.04)
Pool Level/seating area/tables/tableA (1)/props/mv_BottleA/CorkA	CorkA	(9.097, 0.204, 5.415)	Center: (9.10, 0.20, 5.41), Extents: (0.02, 0.01, 0.02)
Pool Level/seating area/tables/tableA (1)/props/Glas	glas	(8.853, 0.079, 5.010)	Center: (8.85, 0.15, 5.01), Extents: (0.04, 0.07, 0.04)
Pool Level/seating area/tables/tableA (1)/props/Glas/juice	juice	(8.853, 0.149, 5.010)	Center: (8.85, 0.14, 5.01), Extents: (0.04, 0.05, 0.04)
Pool Level/seating area/tables/tableA (1)/props/JugB/JugB_LOD0	JugB_LOD0	(8.795, 0.079, 5.516)	Center: (8.79, 0.26, 5.54), Extents: (0.11, 0.18, 0.13)
Pool Level/seating area/tables/tableA (1)/props/JugB/JugB_LOD1	JugB_LOD1	(8.795, 0.079, 5.516)	Center: (8.79, 0.26, 5.54), Extents: (0.11, 0.18, 0.13)
Pool Level/seating area/tables/tableA (1)/props/JugB/JugB_LOD2	JugB_LOD2	(8.795, 0.079, 5.516)	Center: (8.79, 0.26, 5.54), Extents: (0.11, 0.18, 0.13)
annex building/Floor/Floor 2x2	Floor 2x2	(10.000, -0.750, 11.250)	Center: (10.00, -0.25, 11.25), Extents: (1.00, 0.50, 1.00)
annex building/Floor/Floor 2x2 (1)	Floor 2x2	(8.000, -0.750, 11.250)	Center: (8.00, -0.25, 11.25), Extents: (1.00, 0.50, 1.00)
annex building/Floor/Floor 2x2 (2)	Floor 2x2	(6.000, -0.750, 11.250)	Center: (6.00, -0.25, 11.25), Extents: (1.00, 0.50, 1.00)
annex building/Floor/Floor 2x2 (3)	Floor 2x2	(4.000, -0.750, 11.250)	Center: (4.00, -0.25, 11.25), Extents: (1.00, 0.50, 1.00)
annex building/Floor/Floor 1x1	Floor 1x1	(11.500, -0.750, 10.750)	Center: (11.50, -0.25, 10.75), Extents: (0.50, 0.50, 0.50)
annex building/Floor/Floor 1x1 (1)	Floor 1x1	(11.500, -0.750, 11.750)	Center: (11.50, -0.25, 11.75), Extents: (0.50, 0.50, 0.50)
annex building/Floor/Floor 2x2 (4)	Floor 2x2	(10.000, -0.750, 13.250)	Center: (10.00, -0.25, 13.25), Extents: (1.00, 0.50, 1.00)
annex building/Floor/Floor 2x2 (5)	Floor 2x2	(8.000, -0.750, 13.250)	Center: (8.00, -0.25, 13.25), Extents: (1.00, 0.50, 1.00)
annex building/Floor/Floor 2x2 (6)	Floor 2x2	(6.000, -0.750, 13.250)	Center: (6.00, -0.25, 13.25), Extents: (1.00, 0.50, 1.00)
annex building/Floor/Floor 2x2 (7)	Floor 2x2	(4.000, -0.750, 13.250)	Center: (4.00, -0.25, 13.25), Extents: (1.00, 0.50, 1.00)
annex building/Floor/Floor 1x1 (2)	Floor 1x1	(11.500, -0.750, 12.750)	Center: (11.50, -0.25, 12.75), Extents: (0.50, 0.50, 0.50)
annex building/Floor/Floor 1x1 (3)	Floor 1x1	(11.500, -0.750, 13.750)	Center: (11.50, -0.25, 13.75), Extents: (0.50, 0.50, 0.50)
annex building/Floor/Floor 2x2 (8)	Floor 2x2	(10.000, -0.750, 15.250)	Center: (10.00, -0.25, 15.25), Extents: (1.00, 0.50, 1.00)
annex building/Floor/Floor 2x2 (9)	Floor 2x2	(8.000, -0.750, 15.250)	Center: (8.00, -0.25, 15.25), Extents: (1.00, 0.50, 1.00)
annex building/Floor/Floor 2x2 (10)	Floor 2x2	(6.000, -0.750, 15.250)	Center: (6.00, -0.25, 15.25), Extents: (1.00, 0.50, 1.00)
annex building/Floor/Floor 2x2 (11)	Floor 2x2	(4.000, -0.750, 15.250)	Center: (4.00, -0.25, 15.25), Extents: (1.00, 0.50, 1.00)
annex building/Floor/Floor 1x1 (4)	Floor 1x1	(11.500, -0.750, 14.750)	Center: (11.50, -0.25, 14.75), Extents: (0.50, 0.50, 0.50)
annex building/Floor/Floor 1x1 (5)	Floor 1x1	(11.500, -0.750, 15.750)	Center: (11.50, -0.25, 15.75), Extents: (0.50, 0.50, 0.50)
annex building/Floor/Floor 2x2 (12)	Floor 2x2	(10.000, -0.750, 17.250)	Center: (10.00, -0.25, 17.25), Extents: (1.00, 0.50, 1.00)
annex building/Floor/Floor 2x2 (13)	Floor 2x2	(8.000, -0.750, 17.250)	Center: (8.00, -0.25, 17.25), Extents: (1.00, 0.50, 1.00)
annex building/Floor/Floor 2x2 (14)	Floor 2x2	(6.000, -0.750, 17.250)	Center: (6.00, -0.25, 17.25), Extents: (1.00, 0.50, 1.00)
annex building/Floor/Floor 2x2 (15)	Floor 2x2	(4.000, -0.750, 17.250)	Center: (4.00, -0.25, 17.25), Extents: (1.00, 0.50, 1.00)
annex building/Floor/Floor 1x1 (6)	Floor 1x1	(11.500, -0.750, 16.750)	Center: (11.50, -0.25, 16.75), Extents: (0.50, 0.50, 0.50)
annex building/Floor/Floor 1x1 (7)	Floor 1x1	(11.500, -0.750, 17.750)	Center: (11.50, -0.25, 17.75), Extents: (0.50, 0.50, 0.50)
annex building/Floor/Floor 2x2 (16)	Floor 2x2	(10.000, -0.750, 19.250)	Center: (10.00, -0.25, 19.25), Extents: (1.00, 0.50, 1.00)
annex building/Floor/Floor 2x2 (17)	Floor 2x2	(8.000, -0.750, 19.250)	Center: (8.00, -0.25, 19.25), Extents: (1.00, 0.50, 1.00)
annex building/Floor/Floor 2x2 (18)	Floor 2x2	(6.000, -0.750, 19.250)	Center: (6.00, -0.25, 19.25), Extents: (1.00, 0.50, 1.00)
annex building/Floor/Floor 2x2 (19)	Floor 2x2	(4.000, -0.750, 19.250)	Center: (4.00, -0.25, 19.25), Extents: (1.00, 0.50, 1.00)
annex building/Floor/Floor 1x1 (8)	Floor 1x1	(11.500, -0.750, 18.750)	Center: (11.50, -0.25, 18.75), Extents: (0.50, 0.50, 0.50)
annex building/Floor/Floor 1x1 (9)	Floor 1x1	(11.500, -0.750, 19.750)	Center: (11.50, -0.25, 19.75), Extents: (0.50, 0.50, 0.50)
annex building/Floor/Floor 2x2 (20)	Floor 2x2	(10.000, -0.750, 21.250)	Center: (10.00, -0.25, 21.25), Extents: (1.00, 0.50, 1.00)
annex building/Floor/Floor 2x2 (21)	Floor 2x2	(8.000, -0.750, 21.250)	Center: (8.00, -0.25, 21.25), Extents: (1.00, 0.50, 1.00)
annex building/Floor/Floor 2x2 (22)	Floor 2x2	(6.000, -0.750, 21.250)	Center: (6.00, -0.25, 21.25), Extents: (1.00, 0.50, 1.00)
annex building/Floor/Floor 2x2 (23)	Floor 2x2	(4.000, -0.750, 21.250)	Center: (4.00, -0.25, 21.25), Extents: (1.00, 0.50, 1.00)
annex building/Floor/Floor 1x1 (10)	Floor 1x1	(11.500, -0.750, 20.750)	Center: (11.50, -0.25, 20.75), Extents: (0.50, 0.50, 0.50)
annex building/Floor/Floor 1x1 (11)	Floor 1x1	(11.500, -0.750, 21.750)	Center: (11.50, -0.25, 21.75), Extents: (0.50, 0.50, 0.50)
annex building/Floor/Floor 2x2 (12)	Floor 2x2	(6.000, -0.750, 9.250)	Center: (6.00, -0.25, 9.25), Extents: (1.00, 0.50, 1.00)
annex building/Floor/Floor 2x2 (13)	Floor 2x2	(4.000, -0.750, 9.250)	Center: (4.00, -0.25, 9.25), Extents: (1.00, 0.50, 1.00)
annex building/Floor/Floor 2x2 (14)	Floor 2x2	(11.000, -0.750, 9.250)	Center: (11.00, -0.25, 9.25), Extents: (1.00, 0.50, 1.00)
annex building/Floor/Floor 2x2 (15)	Floor 2x2	(9.000, -0.750, 9.250)	Center: (9.00, -0.25, 9.25), Extents: (1.00, 0.50, 1.00)
annex building/Floor/Floor 1x1 (6)	Floor 1x1	(7.500, -0.750, 7.750)	Center: (7.50, -0.25, 7.75), Extents: (0.50, 0.50, 0.50)
annex building/Floor/Floor 1x1 (7)	Floor 1x1	(7.500, -0.750, 8.750)	Center: (7.50, -0.25, 8.75), Extents: (0.50, 0.50, 0.50)
annex building/Floor/Floor 1x1 (12)	Floor 1x1	(7.500, -0.750, 9.750)	Center: (7.50, -0.25, 9.75), Extents: (0.50, 0.50, 0.50)
annex building/Floor/Floor 1x1 (13)	Floor 1x1	(8.500, -0.750, 7.750)	Center: (8.50, -0.25, 7.75), Extents: (0.50, 0.50, 0.50)
annex building/Floor/Floor 1x1 (14)	Floor 1x1	(8.500, -0.750, 7.750)	Center: (8.50, -0.25, 7.75), Extents: (0.50, 0.50, 0.50)
annex building/Floor/Floor 1x1 (15)	Floor 1x1	(9.500, -0.750, 7.750)	Center: (9.50, -0.25, 7.75), Extents: (0.50, 0.50, 0.50)
annex building/Floor/Floor 1x1 (16)	Floor 1x1	(10.500, -0.750, 7.750)	Center: (10.50, -0.25, 7.75), Extents: (0.50, 0.50, 0.50)
annex building/Floor/Floor 1x1 (17)	Floor 1x1	(11.500, -0.750, 7.750)	Center: (11.50, -0.25, 7.75), Extents: (0.50, 0.50, 0.50)
annex building/Floor/Floor 1x1 (18)	Floor 1x1	(4.500, -0.750, 7.750)	Center: (4.50, -0.25, 7.75), Extents: (0.50, 0.50, 0.50)
annex building/Floor/Floor 1x1 (19)	Floor 1x1	(5.500, -0.750, 7.750)	Center: (5.50, -0.25, 7.75), Extents: (0.50, 0.50, 0.50)
annex building/Floor/Floor 1x1 (20)	Floor 1x1	(6.500, -0.750, 7.750)	Center: (6.50, -0.25, 7.75), Extents: (0.50, 0.50, 0.50)
annex building/Floor/Floor 1x1 (21)	Floor 1x1	(3.500, -0.750, 7.750)	Center: (3.50, -0.25, 7.75), Extents: (0.50, 0.50, 0.50)
annex building/Ground Level/Wall 2x2,5	Wall 2x2,5	(3.000, 0.250, 19.000)	Center: (3.13, 1.50, 20.00), Extents: (0.13, 1.25, 1.00)
annex building/Ground Level/Window Door/Window door frame	Window door frame	(7.250, 0.250, 11.000)	Center: (5.25, 1.50, 10.93), Extents: (2.00, 1.25, 0.07)
annex building/Ground Level/Window Door/Window door frame/Window door door	Window door door	(5.250, 0.250, 10.929)	Center: (6.13, 1.49, 10.93), Extents: (0.88, 1.21, 0.01)
annex building/Ground Level/Window Door/Window door frame/Window door knob	Window door knob	(6.892, 1.175, 10.929)	Center: (6.89, 1.18, 10.93), Extents: (0.01, 0.08, 0.07)
annex building/Ground Level/Window Door/Window door frame/Window door windows side	Window door wall	(5.250, 0.250, 10.929)	Center: (5.25, 1.49, 10.93), Extents: (2.00, 1.21, 0.01)
annex building/Ground Level/Window Door/Window door frame/Window door window	Window door window	(3.482, 0.250, 10.945)	Center: (4.37, 1.49, 10.95), Extents: (0.88, 1.21, 0.01)
annex building/Ground Level/Window straight/Window 2x2,5  straight window	Window 2x2,5  straight window	(7.250, 0.250, 11.000)	Center: (8.25, 1.49, 10.93), Extents: (1.00, 1.21, 0.01)
annex building/Ground Level/Window straight/Window 2x2,5 straight frame	Window 2x2,5 straight frame	(7.250, 0.250, 11.000)	Center: (8.25, 1.50, 10.93), Extents: (1.00, 1.25, 0.07)
annex building/Ground Level/Window straight (1)/Window 2x2,5  straight window	Window 2x2,5  straight window	(9.250, 0.250, 11.000)	Center: (10.25, 1.49, 10.93), Extents: (1.00, 1.21, 0.01)
annex building/Ground Level/Window straight (1)/Window 2x2,5 straight frame	Window 2x2,5 straight frame	(9.250, 0.250, 11.000)	Center: (10.25, 1.50, 10.93), Extents: (1.00, 1.25, 0.07)
annex building/Ground Level/Wall 2x2,5 (1)	Wall 2x2,5	(11.000, 0.250, 11.000)	Center: (11.13, 1.50, 12.00), Extents: (0.13, 1.25, 1.00)
annex building/Ground Level/Wall 2x2,5 (2)	Wall 2x2,5	(3.000, 0.250, 13.000)	Center: (3.13, 1.50, 14.00), Extents: (0.13, 1.25, 1.00)
annex building/Ground Level/Wall 2x2,5 (3)	Wall 2x2,5	(3.000, 0.250, 15.000)	Center: (3.13, 1.50, 16.00), Extents: (0.13, 1.25, 1.00)
annex building/Ground Level/Wall 2x2,5 (4)	Wall 2x2,5	(3.000, 0.250, 11.000)	Center: (3.13, 1.50, 12.00), Extents: (0.13, 1.25, 1.00)
annex building/Ground Level/Window straight (2)/Window 2x2,5  straight window	Window 2x2,5  straight window	(11.083, 0.250, 13.000)	Center: (11.15, 1.49, 14.00), Extents: (0.01, 1.21, 1.00)
annex building/Ground Level/Window straight (2)/Window 2x2,5 straight frame	Window 2x2,5 straight frame	(11.083, 0.250, 13.000)	Center: (11.15, 1.50, 14.00), Extents: (0.07, 1.25, 1.00)
annex building/Ground Level/Window straight (3)/Window 2x2,5  straight window	Window 2x2,5  straight window	(11.080, 0.250, 15.000)	Center: (11.15, 1.49, 16.00), Extents: (0.01, 1.21, 1.00)
annex building/Ground Level/Window straight (3)/Window 2x2,5 straight frame	Window 2x2,5 straight frame	(11.080, 0.250, 15.000)	Center: (11.15, 1.50, 16.00), Extents: (0.07, 1.25, 1.00)
annex building/Ground Level/Wall corner 2,5 (2)	Wall corner 2,5	(3.250, 0.250, 11.000)	Center: (3.13, 1.50, 10.88), Extents: (0.13, 1.25, 0.13)
annex building/Ground Level/Window straight (5)/Window 2x2,5  straight window	Window 2x2,5  straight window	(11.080, 0.250, 17.000)	Center: (11.15, 1.49, 18.00), Extents: (0.01, 1.21, 1.00)
annex building/Ground Level/Window straight (5)/Window 2x2,5 straight frame	Window 2x2,5 straight frame	(11.080, 0.250, 17.000)	Center: (11.15, 1.50, 18.00), Extents: (0.07, 1.25, 1.00)
annex building/Ground Level/Wall corner 2,5 (3)	Wall corner 2,5	(11.250, 0.250, 11.000)	Center: (11.13, 1.50, 10.88), Extents: (0.13, 1.25, 0.13)
annex building/Ground Level/window corner/Window 2x2,5 window	Window 2x2,5 window.001	(11.080, 0.250, 21.000)	Center: (10.12, 1.49, 20.04), Extents: (1.04, 1.21, 1.04)
annex building/Ground Level/window corner/Window 2x2,5 frame	Window 2x2,5 joined	(11.080, 0.250, 21.000)	Center: (10.15, 1.50, 20.07), Extents: (1.07, 1.25, 1.07)
annex building/Ground Level/Window straight onesided/Window straight onesided 2x2,5 frame	Window straight onesided 2x2,5 frame	(9.082, 0.250, 21.000)	Center: (8.08, 1.50, 21.07), Extents: (1.00, 1.25, 0.07)
annex building/Ground Level/Window straight onesided/Window straight onesided 2x2,5 window	Window straight onesided 2x2,5 window	(9.082, 0.250, 21.000)	Center: (8.08, 1.49, 21.07), Extents: (1.00, 1.21, 0.01)
annex building/Ground Level/Window straight onesided (1)/Window straight onesided 2x2,5 frame	Window straight onesided 2x2,5 frame	(7.082, 0.250, 21.000)	Center: (6.08, 1.50, 21.07), Extents: (1.00, 1.25, 0.07)
annex building/Ground Level/Window straight onesided (1)/Window straight onesided 2x2,5 window	Window straight onesided 2x2,5 window	(7.082, 0.250, 21.000)	Center: (6.08, 1.49, 21.07), Extents: (1.00, 1.21, 0.01)
annex building/Ground Level/Window straight onesided (2)/Window straight onesided 2x2,5 frame	Window straight onesided 2x2,5 frame	(5.082, 0.250, 21.000)	Center: (4.08, 1.50, 21.07), Extents: (1.00, 1.25, 0.07)
annex building/Ground Level/Window straight onesided (2)/Window straight onesided 2x2,5 window	Window straight onesided 2x2,5 window	(5.082, 0.250, 21.000)	Center: (4.08, 1.49, 21.07), Extents: (1.00, 1.21, 0.01)
annex building/Ground Level/Wall corner 2,5 (4)	Wall corner 2,5	(3.250, 0.250, 21.250)	Center: (3.13, 1.50, 21.13), Extents: (0.13, 1.25, 0.13)
annex building/Ground Level/stairs	stairs	(3.250, 0.250, 13.000)	Center: (3.75, 1.57, 14.75), Extents: (0.50, 1.33, 1.75)
annex building/Ground Level/Objects/Curtain quarter	Curtain quarter	(3.480, 0.250, 11.230)	Center: (3.51, 1.52, 11.23), Extents: (0.31, 1.24, 0.25)
annex building/Ground Level/Objects/Curtain semi	Curtain semi	(10.732, 0.250, 11.158)	Center: (10.71, 1.51, 11.15), Extents: (0.47, 1.24, 0.21)
annex building/Ground Level/Objects/Painting 4	Painting 4	(3.267, 1.750, 11.980)	Center: (3.28, 1.75, 11.98), Extents: (0.01, 0.50, 0.75)
annex building/Ground Level/Objects/mv_wall_light	wall light	(3.071, 1.500, 17.250)	Center: (3.07, 1.50, 17.32), Extents: (0.05, 0.10, 0.07)
annex building/Ground Level/Objects/mv_wall_light/light	light	(3.150, 1.500, 17.329)	Center: (3.07, 1.50, 17.33), Extents: (0.05, 0.10, 0.05)
annex building/Ground Level/Objects/mv_wall_light (1)	wall light	(3.071, 1.500, 14.250)	Center: (3.07, 1.50, 14.32), Extents: (0.05, 0.10, 0.07)
annex building/Ground Level/Objects/mv_wall_light (1)/light	light	(3.150, 1.500, 14.329)	Center: (3.07, 1.50, 14.33), Extents: (0.05, 0.10, 0.05)
annex building/Ground Level/Objects/mv_wall_light (2)	wall light	(3.071, 1.500, 10.500)	Center: (3.07, 1.50, 10.57), Extents: (0.05, 0.10, 0.07)
annex building/Ground Level/Objects/mv_wall_light (2)/light	light	(3.150, 1.500, 10.579)	Center: (3.07, 1.50, 10.58), Extents: (0.05, 0.10, 0.05)
annex building/Ground Level/Wall 2x2,5 door single	Wall 2x2,5 door single	(3.000, 0.250, 17.000)	Center: (3.13, 1.50, 18.00), Extents: (0.13, 1.25, 1.00)
annex building/Ground Level/Wall 2x2,5 door single/exterior Door	exterior Door	(3.130, 0.250, 17.377)	Center: (3.11, 1.25, 17.98), Extents: (0.07, 1.00, 0.62)
annex building/Ground Level/Wall 2x2,5 door single/exterior Door/Glass	Glass	(3.102, 1.412, 18.269)	Center: (3.10, 1.41, 18.31), Extents: (0.01, 0.71, 0.20)
annex building/Ground Level/Wall inner 1x2,5	Wall inner 1x2,5	(4.250, 0.250, 17.000)	Center: (3.75, 1.50, 17.08), Extents: (0.50, 1.25, 0.08)
annex building/Ground Level/Wall inner 1x2,5 (1)	Wall inner 1x2,5	(5.250, 0.250, 17.000)	Center: (4.75, 1.50, 17.08), Extents: (0.50, 1.25, 0.08)
annex building/Ground Level/Wall inner 1x2,5 (2)	Wall inner 1x2,5	(6.250, 0.250, 17.000)	Center: (5.75, 1.50, 17.08), Extents: (0.50, 1.25, 0.08)
annex building/Ground Level/Wall inner 1x2,5 (3)	Wall inner 1x2,5	(7.250, 0.250, 17.000)	Center: (6.75, 1.50, 17.08), Extents: (0.50, 1.25, 0.08)
annex building/Ground Level/Wall inner 1x2,5 (4)	Wall inner 1x2,5	(8.250, 0.250, 17.000)	Center: (7.75, 1.50, 17.08), Extents: (0.50, 1.25, 0.08)
annex building/Ground Level/Wall inner 1x2,5 (5)	Wall inner 1x2,5	(9.250, 0.250, 17.000)	Center: (8.75, 1.50, 17.08), Extents: (0.50, 1.25, 0.08)
annex building/Ground Level/Wall inner 1x2,5 (6)	Wall inner 1x2,5	(10.250, 0.250, 17.000)	Center: (9.75, 1.50, 17.08), Extents: (0.50, 1.25, 0.08)
annex building/Level 1/Walls/Wall corner 2,5	Wall corner 2,5	(9.500, 3.050, 20.500)	Center: (9.37, 4.30, 20.63), Extents: (0.13, 1.25, 0.13)
annex building/Level 1/Walls/Wall corner 2,5 (1)	Wall corner 2,5	(3.173, 3.050, 19.500)	Center: (3.05, 4.30, 19.63), Extents: (0.13, 1.25, 0.13)
annex building/Level 1/Walls/Wall 2x2,5	Wall 2x2,5	(3.171, 3.050, 10.500)	Center: (3.30, 4.30, 11.50), Extents: (0.13, 1.25, 1.00)
annex building/Level 1/Walls/Wall corner 2,5	Wall corner 2,5	(3.421, 3.050, 10.500)	Center: (3.30, 4.30, 10.38), Extents: (0.13, 1.25, 0.13)
annex building/Level 1/Walls/Wall 2x2,5 (1)	Wall 2x2,5	(9.290, 3.050, 10.500)	Center: (9.42, 4.30, 11.50), Extents: (0.13, 1.25, 1.00)
annex building/Level 1/Walls/Wall corner 2,5 (1)	Wall corner 2,5	(9.290, 3.050, 10.500)	Center: (9.42, 4.30, 10.38), Extents: (0.13, 1.25, 0.13)
annex building/Level 1/Walls/Window straight (2)/Window 2x2,5  straight window	Window 2x2,5  straight window	(9.293, 3.050, 14.500)	Center: (9.36, 4.29, 15.50), Extents: (0.01, 1.21, 1.00)
annex building/Level 1/Walls/Window straight (2)/Window 2x2,5 straight frame	Window 2x2,5 straight frame	(9.293, 3.050, 14.500)	Center: (9.36, 4.30, 15.50), Extents: (0.07, 1.25, 1.00)
annex building/Level 1/Walls/Wall 2x2,5 (2)	Wall 2x2,5	(3.171, 3.050, 12.500)	Center: (3.30, 4.30, 13.50), Extents: (0.13, 1.25, 1.00)
annex building/Level 1/Walls/Wall 2x2,5 (3)	Wall 2x2,5	(3.171, 3.050, 14.500)	Center: (3.30, 4.30, 15.50), Extents: (0.13, 1.25, 1.00)
annex building/Level 1/Walls/Wall 2x2,5 (4)	Wall 2x2,5	(3.171, 3.050, 16.500)	Center: (3.30, 4.30, 17.50), Extents: (0.13, 1.25, 1.00)
annex building/Level 1/Walls/Window straight (5)/Window 2x2,5  straight window	Window 2x2,5  straight window	(9.293, 3.050, 18.500)	Center: (9.36, 4.29, 19.50), Extents: (0.01, 1.21, 1.00)
annex building/Level 1/Walls/Window straight (5)/Window 2x2,5 straight frame	Window 2x2,5 straight frame	(9.293, 3.050, 18.500)	Center: (9.36, 4.30, 19.50), Extents: (0.07, 1.25, 1.00)
annex building/Level 1/Walls/Window straight (4)/Window 2x2,5  straight window	Window 2x2,5  straight window	(9.293, 3.050, 12.500)	Center: (9.36, 4.29, 13.50), Extents: (0.01, 1.21, 1.00)
annex building/Level 1/Walls/Window straight (4)/Window 2x2,5 straight frame	Window 2x2,5 straight frame	(9.293, 3.050, 12.500)	Center: (9.36, 4.30, 13.50), Extents: (0.07, 1.25, 1.00)
annex building/Level 1/Walls/Wall 2x2,5 (5)	Wall 2x2,5	(3.171, 3.050, 18.500)	Center: (3.30, 4.30, 19.50), Extents: (0.13, 1.25, 1.00)
annex building/Level 1/Walls/Window Door/Window door frame	Window door frame	(3.500, 3.050, 10.250)	Center: (5.50, 4.30, 10.32), Extents: (2.00, 1.25, 0.07)
annex building/Level 1/Walls/Window Door/Window door frame/Window door door	Window door door	(5.500, 3.050, 10.321)	Center: (4.62, 4.29, 10.32), Extents: (0.88, 1.21, 0.01)
annex building/Level 1/Walls/Window Door/Window door frame/Window door knob	Window door knob	(3.858, 3.975, 10.321)	Center: (3.86, 3.98, 10.32), Extents: (0.01, 0.08, 0.07)
annex building/Level 1/Walls/Window Door/Window door frame/Window door windows side	Window door wall	(5.500, 3.050, 10.321)	Center: (5.50, 4.29, 10.32), Extents: (2.00, 1.21, 0.01)
annex building/Level 1/Walls/Window Door/Window door frame/Window door window	Window door window	(7.268, 3.050, 10.305)	Center: (6.38, 4.29, 10.30), Extents: (0.88, 1.21, 0.01)
annex building/Level 1/Walls/Window straight (3)/Window 2x2,5  straight window	Window 2x2,5  straight window	(9.250, 3.050, 10.250)	Center: (8.25, 4.29, 10.32), Extents: (1.00, 1.21, 0.01)
annex building/Level 1/Walls/Window straight (3)/Window 2x2,5 straight frame	Window 2x2,5 straight frame	(9.250, 3.050, 10.250)	Center: (8.25, 4.30, 10.32), Extents: (1.00, 1.25, 0.07)
annex building/Level 1/Walls/Wall 2x2,5 (8)	Wall 2x2,5	(9.250, 3.050, 20.500)	Center: (8.25, 4.30, 20.63), Extents: (1.00, 1.25, 0.13)
annex building/Level 1/Walls/Wall inner 1x2,5	Wall inner 1x2,5	(4.250, 3.050, 16.750)	Center: (3.75, 4.30, 16.83), Extents: (0.50, 1.25, 0.08)
annex building/Level 1/Walls/Wall inner 1x2,5 (1)	Wall inner 1x2,5	(4.750, 3.050, 16.750)	Center: (4.25, 4.30, 16.83), Extents: (0.50, 1.25, 0.08)
annex building/Level 1/Walls/Wall inner 1x2,5 (4)	Wall inner 1x2,5	(9.250, 3.050, 16.750)	Center: (8.75, 4.30, 16.83), Extents: (0.50, 1.25, 0.08)
annex building/Level 1/Walls/Wall inner 1x2,5 (2)	Wall inner 1x2,5	(5.250, 3.050, 16.750)	Center: (4.75, 4.30, 16.83), Extents: (0.50, 1.25, 0.08)
annex building/Level 1/Walls/Window Door (1)/Window door frame	Window door frame	(7.250, 3.050, 20.750)	Center: (5.25, 4.30, 20.68), Extents: (2.00, 1.25, 0.07)
annex building/Level 1/Walls/Window Door (1)/Window door frame/Window door door	Window door door	(5.250, 3.050, 20.679)	Center: (6.13, 4.29, 20.68), Extents: (0.88, 1.21, 0.01)
annex building/Level 1/Walls/Window Door (1)/Window door frame/Window door knob	Window door knob	(6.730, 3.975, 20.679)	Center: (6.73, 3.98, 20.68), Extents: (0.01, 0.08, 0.07)
annex building/Level 1/Walls/Window Door (1)/Window door frame/Window door windows side	Window door wall	(5.250, 3.050, 20.679)	Center: (5.25, 4.29, 20.68), Extents: (2.00, 1.21, 0.01)
annex building/Level 1/Walls/Window Door (1)/Window door frame/Window door window	Window door window	(3.482, 3.050, 20.695)	Center: (4.37, 4.29, 20.70), Extents: (0.88, 1.21, 0.01)
annex building/Level 1/Walls/Window Door (1)/Curtain	Curtain	(3.940, 3.050, 20.450)	Center: (3.91, 4.30, 20.48), Extents: (0.62, 1.25, 0.18)
annex building/Level 1/Walls/Window Door (1)/Curtain (1)	Curtain	(5.190, 3.050, 20.450)	Center: (5.16, 4.30, 20.48), Extents: (0.62, 1.25, 0.18)
annex building/Level 1/Walls/Wall inner 1x2,5 (3)	Wall inner 1x2,5	(8.250, 3.050, 16.750)	Center: (7.75, 4.30, 16.83), Extents: (0.50, 1.25, 0.08)
annex building/Level 1/Walls/Wall 2x2,5 (9)	Wall 2x2,5	(9.250, 3.050, 16.500)	Center: (9.38, 4.30, 17.50), Extents: (0.13, 1.25, 1.00)
annex building/Level 1/Walls/Wall inner 1x2,5 door	Wall inner 1x2,5 door	(6.250, 3.050, 16.750)	Center: (5.75, 4.30, 16.83), Extents: (0.50, 1.25, 0.08)
annex building/Level 1/Walls/Wall inner 1x2,5 door/interior door	interior door	(5.436, 3.050, 16.747)	Center: (5.75, 4.05, 16.76), Extents: (0.32, 1.00, 0.08)
annex building/Level 1/Walls/Wall inner 1x2,5 (5)	Wall inner 1x2,5	(7.250, 3.050, 16.750)	Center: (6.75, 4.30, 16.83), Extents: (0.50, 1.25, 0.08)
annex building/Level 1/Objects/Curtains/Curtain	Curtain	(3.950, 3.050, 10.530)	Center: (3.92, 4.30, 10.56), Extents: (0.62, 1.25, 0.18)
annex building/Level 1/Objects/Curtains/Curtain (1)	Curtain	(8.630, 3.050, 10.500)	Center: (8.60, 4.30, 10.53), Extents: (0.62, 1.25, 0.18)
annex building/Level 1/Objects/Curtains/Curtain (2)	Curtain	(10.880, 3.050, 9.500)	Center: (10.91, 4.30, 9.53), Extents: (0.18, 1.25, 0.62)
annex building/Level 1/Objects/Curtains/Curtain (3)	Curtain	(10.880, 3.050, 10.750)	Center: (10.91, 4.30, 10.78), Extents: (0.18, 1.25, 0.62)
annex building/Level 1/Objects/Curtains/Curtain (4)	Curtain	(10.880, 3.050, 12.000)	Center: (10.91, 4.30, 12.03), Extents: (0.18, 1.25, 0.62)
annex building/Level 1/Objects/Curtains/Curtain (5)	Curtain	(10.880, 3.050, 13.250)	Center: (10.91, 4.30, 13.28), Extents: (0.18, 1.25, 0.62)
annex building/Level 1/Objects/Curtains/Curtain (6)	Curtain	(10.880, 3.050, 14.500)	Center: (10.91, 4.30, 14.53), Extents: (0.18, 1.25, 0.62)
annex building/Level 1/Objects/Curtains/Curtain (7)	Curtain	(10.880, 3.050, 15.750)	Center: (10.91, 4.30, 15.78), Extents: (0.18, 1.25, 0.62)
annex building/Level 1/Objects/Curtains/Curtain (8)	Curtain	(10.880, 3.050, 17.000)	Center: (10.91, 4.30, 17.03), Extents: (0.18, 1.25, 0.62)
annex building/Level 1/Objects/Curtains/Curtain (9)	Curtain	(10.880, 3.050, 18.250)	Center: (10.91, 4.30, 18.28), Extents: (0.18, 1.25, 0.62)
annex building/Level 1/Objects/Table/dining table	dining table	(7.500, 3.050, 22.000)	Center: (7.50, 3.44, 22.00), Extents: (1.11, 0.39, 0.52)
annex building/Level 1/Objects/Table/dining table/dining chair	dining chair	(8.151, 3.050, 21.402)	Center: (8.15, 3.50, 21.35), Extents: (0.29, 0.46, 0.25)
annex building/Level 1/Objects/Table/dining table/dining chair (1)	dining chair	(7.522, 3.050, 21.402)	Center: (7.52, 3.50, 21.35), Extents: (0.29, 0.46, 0.25)
annex building/Level 1/Objects/Table/dining table/dining chair (2)	dining chair	(6.875, 3.050, 21.402)	Center: (6.88, 3.50, 21.35), Extents: (0.29, 0.46, 0.25)
annex building/Level 1/Objects/Table/dining table/dining chair (3)	dining chair	(8.151, 3.050, 22.600)	Center: (8.15, 3.50, 22.66), Extents: (0.29, 0.46, 0.25)
annex building/Level 1/Objects/Table/dining table/dining chair (4)	dining chair	(7.522, 3.050, 22.600)	Center: (7.52, 3.50, 22.66), Extents: (0.29, 0.46, 0.25)
annex building/Level 1/Objects/Table/dining table/dining chair (5)	dining chair	(6.875, 3.050, 22.600)	Center: (6.88, 3.50, 22.66), Extents: (0.29, 0.46, 0.25)
annex building/Level 1/Objects/Table/dining table/Placeholder/fork	fork	(7.941, 3.853, 21.519)	Center: (7.94, 3.84, 21.62), Extents: (0.02, 0.01, 0.10)
annex building/Level 1/Objects/Table/dining table/Placeholder/fork (1)	fork	(7.900, 3.853, 21.550)	Center: (7.90, 3.84, 21.65), Extents: (0.02, 0.01, 0.10)
annex building/Level 1/Objects/Table/dining table/Placeholder/knife	knife	(8.342, 3.835, 21.523)	Center: (8.34, 3.84, 21.64), Extents: (0.01, 0.00, 0.12)
annex building/Level 1/Objects/Table/dining table/Placeholder/Spoon	Spoon	(8.396, 3.835, 21.552)	Center: (8.40, 3.85, 21.67), Extents: (0.03, 0.01, 0.12)
annex building/Level 1/Objects/Table/dining table/Placeholder/red wine glas	red wine glas	(8.280, 3.835, 21.882)	Center: (8.28, 3.95, 21.88), Extents: (0.05, 0.11, 0.05)
annex building/Level 1/Objects/Table/dining table/Placeholder/white wine glas	white wine glas	(8.389, 3.835, 21.823)	Center: (8.39, 3.94, 21.82), Extents: (0.04, 0.10, 0.04)
annex building/Level 1/Objects/Table/dining table/Placeholder/Placeholder	Placeholder	(8.149, 3.835, 21.733)	Center: (8.15, 3.84, 21.73), Extents: (0.28, 0.00, 0.22)
annex building/Level 1/Objects/Table/dining table/Placeholder/LargeAntipastiPlate/LargeAntipastiPlate_LOD0	LargeAntipastiPlate_LOD0	(8.149, 3.835, 21.677)	Center: (8.15, 3.84, 21.68), Extents: (0.16, 0.01, 0.16)
annex building/Level 1/Objects/Table/dining table/Placeholder/LargeAntipastiPlate/LargeAntipastiPlate_LOD1	LargeAntipastiPlate_LOD1	(8.149, 3.835, 21.677)	Center: (8.15, 3.84, 21.68), Extents: (0.16, 0.01, 0.16)
annex building/Level 1/Objects/Table/dining table/Placeholder/LargeAntipastiPlate/LargePlate/LargePlate_LOD0	LargePlate_LOD0	(8.149, 3.848, 21.678)	Center: (8.15, 3.85, 21.68), Extents: (0.16, 0.01, 0.16)
annex building/Level 1/Objects/Table/dining table/Placeholder/LargeAntipastiPlate/LargePlate/LargePlate_LOD1	LargePlate_LOD1	(8.149, 3.848, 21.678)	Center: (8.15, 3.85, 21.68), Extents: (0.16, 0.01, 0.16)
annex building/Level 1/Objects/Table/dining table/Placeholder/LargeAntipastiPlate/SoupBowl/SoupBowl/SoupBowl_LOD0	SoupBowl_LOD0	(8.149, 3.852, 21.678)	Center: (8.15, 3.88, 21.68), Extents: (0.12, 0.03, 0.12)
annex building/Level 1/Objects/Table/dining table/Placeholder/LargeAntipastiPlate/SoupBowl/SoupBowl/SoupBowl_LOD1	SoupBowl_LOD1	(8.149, 3.852, 21.678)	Center: (8.15, 3.88, 21.68), Extents: (0.12, 0.03, 0.12)
annex building/Level 1/Objects/Table/dining table/Placeholder/LargeAntipastiPlate/SoupBowl/SoupBowl/SoupBowl_LOD2	SoupBowl_LOD2	(8.149, 3.852, 21.678)	Center: (8.15, 3.88, 21.68), Extents: (0.12, 0.03, 0.12)
annex building/Level 1/Objects/Table/dining table/mv_lantern	lantern	(7.866, 3.832, 22.000)	Center: (7.87, 3.95, 22.00), Extents: (0.10, 0.12, 0.10)
annex building/Level 1/Objects/Table/dining table/mv_lantern/candle/candle_LOD0	candle_LOD0	(7.866, 3.846, 22.000)	Center: (7.87, 3.88, 22.00), Extents: (0.03, 0.03, 0.03)
annex building/Level 1/Objects/Table/dining table/mv_lantern/candle/wax_LOD0	wax_LOD0	(7.866, 3.846, 22.000)	Center: (7.87, 3.87, 22.00), Extents: (0.03, 0.01, 0.03)
annex building/Level 1/Objects/Table/dining table/mv_lantern/candle/candle_LOD1	candle_LOD1	(7.866, 3.846, 22.000)	Center: (7.87, 3.88, 22.00), Extents: (0.03, 0.03, 0.03)
annex building/Level 1/Objects/Table/dining table/mv_lantern/candle/wax_LOD1	wax_LOD1	(7.866, 3.846, 22.000)	Center: (7.87, 3.87, 22.00), Extents: (0.03, 0.01, 0.03)
annex building/Level 1/Objects/Table/dining table/mv_lantern (1)	lantern	(7.209, 3.832, 22.000)	Center: (7.21, 3.95, 22.00), Extents: (0.10, 0.12, 0.10)
annex building/Level 1/Objects/Table/dining table/mv_lantern (1)/candle/candle_LOD0	candle_LOD0	(7.209, 3.845, 22.000)	Center: (7.21, 3.88, 22.00), Extents: (0.03, 0.03, 0.03)
annex building/Level 1/Objects/Table/dining table/mv_lantern (1)/candle/wax_LOD0	wax_LOD0	(7.209, 3.845, 22.000)	Center: (7.21, 3.87, 22.00), Extents: (0.03, 0.01, 0.03)
annex building/Level 1/Objects/Table/dining table/mv_lantern (1)/candle/candle_LOD1	candle_LOD1	(7.209, 3.845, 22.000)	Center: (7.21, 3.88, 22.00), Extents: (0.03, 0.03, 0.03)
annex building/Level 1/Objects/Table/dining table/mv_lantern (1)/candle/wax_LOD1	wax_LOD1	(7.209, 3.845, 22.000)	Center: (7.21, 3.87, 22.00), Extents: (0.03, 0.01, 0.03)
annex building/Level 1/Objects/Table/dining table/Placeholder (1)/fork	fork	(7.305, 3.853, 21.519)	Center: (7.30, 3.84, 21.62), Extents: (0.02, 0.01, 0.10)
annex building/Level 1/Objects/Table/dining table/Placeholder (1)/fork (1)	fork	(7.264, 3.853, 21.550)	Center: (7.26, 3.84, 21.65), Extents: (0.02, 0.01, 0.10)
annex building/Level 1/Objects/Table/dining table/Placeholder (1)/knife	knife	(7.706, 3.835, 21.523)	Center: (7.70, 3.84, 21.64), Extents: (0.01, 0.00, 0.12)
annex building/Level 1/Objects/Table/dining table/Placeholder (1)/Spoon	Spoon	(7.760, 3.835, 21.552)	Center: (7.76, 3.85, 21.67), Extents: (0.03, 0.01, 0.12)
annex building/Level 1/Objects/Table/dining table/Placeholder (1)/red wine glas	red wine glas	(7.644, 3.835, 21.882)	Center: (7.64, 3.95, 21.88), Extents: (0.05, 0.11, 0.05)
annex building/Level 1/Objects/Table/dining table/Placeholder (1)/white wine glas	white wine glas	(7.753, 3.835, 21.823)	Center: (7.75, 3.94, 21.82), Extents: (0.04, 0.10, 0.04)
annex building/Level 1/Objects/Table/dining table/Placeholder (1)/Placeholder	Placeholder	(7.513, 3.835, 21.733)	Center: (7.51, 3.84, 21.73), Extents: (0.28, 0.00, 0.22)
annex building/Level 1/Objects/Table/dining table/Placeholder (1)/LargeAntipastiPlate/LargeAntipastiPlate_LOD0	LargeAntipastiPlate_LOD0	(7.513, 3.835, 21.677)	Center: (7.51, 3.84, 21.68), Extents: (0.16, 0.01, 0.16)
annex building/Level 1/Objects/Table/dining table/Placeholder (1)/LargeAntipastiPlate/LargeAntipastiPlate_LOD1	LargeAntipastiPlate_LOD1	(7.513, 3.835, 21.677)	Center: (7.51, 3.84, 21.68), Extents: (0.16, 0.01, 0.16)
annex building/Level 1/Objects/Table/dining table/Placeholder (1)/LargeAntipastiPlate/LargePlate/LargePlate_LOD0	LargePlate_LOD0	(7.513, 3.848, 21.678)	Center: (7.51, 3.85, 21.68), Extents: (0.16, 0.01, 0.16)
annex building/Level 1/Objects/Table/dining table/Placeholder (1)/LargeAntipastiPlate/LargePlate/LargePlate_LOD1	LargePlate_LOD1	(7.513, 3.848, 21.678)	Center: (7.51, 3.85, 21.68), Extents: (0.16, 0.01, 0.16)
annex building/Level 1/Objects/Table/dining table/Placeholder (1)/LargeAntipastiPlate/SoupBowl/SoupBowl/SoupBowl_LOD0	SoupBowl_LOD0	(7.513, 3.852, 21.678)	Center: (7.51, 3.88, 21.68), Extents: (0.12, 0.03, 0.12)
annex building/Level 1/Objects/Table/dining table/Placeholder (1)/LargeAntipastiPlate/SoupBowl/SoupBowl/SoupBowl_LOD1	SoupBowl_LOD1	(7.513, 3.852, 21.678)	Center: (7.51, 3.88, 21.68), Extents: (0.12, 0.03, 0.12)
annex building/Level 1/Objects/Table/dining table/Placeholder (1)/LargeAntipastiPlate/SoupBowl/SoupBowl/SoupBowl_LOD2	SoupBowl_LOD2	(7.513, 3.852, 21.678)	Center: (7.51, 3.88, 21.68), Extents: (0.12, 0.03, 0.12)
annex building/Level 1/Objects/Table/dining table/Placeholder (2)/fork	fork	(6.691, 3.853, 21.519)	Center: (6.69, 3.84, 21.62), Extents: (0.02, 0.01, 0.10)
annex building/Level 1/Objects/Table/dining table/Placeholder (2)/fork (1)	fork	(6.650, 3.853, 21.550)	Center: (6.65, 3.84, 21.65), Extents: (0.02, 0.01, 0.10)
annex building/Level 1/Objects/Table/dining table/Placeholder (2)/knife	knife	(7.092, 3.835, 21.523)	Center: (7.09, 3.84, 21.64), Extents: (0.01, 0.00, 0.12)
annex building/Level 1/Objects/Table/dining table/Placeholder (2)/Spoon	Spoon	(7.146, 3.835, 21.552)	Center: (7.15, 3.85, 21.67), Extents: (0.03, 0.01, 0.12)
annex building/Level 1/Objects/Table/dining table/Placeholder (2)/red wine glas	red wine glas	(7.030, 3.835, 21.882)	Center: (7.03, 3.95, 21.88), Extents: (0.05, 0.11, 0.05)
annex building/Level 1/Objects/Table/dining table/Placeholder (2)/white wine glas	white wine glas	(7.139, 3.835, 21.823)	Center: (7.14, 3.94, 21.82), Extents: (0.04, 0.10, 0.04)
annex building/Level 1/Objects/Table/dining table/Placeholder (2)/Placeholder	Placeholder	(6.899, 3.835, 21.733)	Center: (6.90, 3.84, 21.73), Extents: (0.28, 0.00, 0.22)
annex building/Level 1/Objects/Table/dining table/Placeholder (2)/LargeAntipastiPlate/LargeAntipastiPlate_LOD0	LargeAntipastiPlate_LOD0	(6.899, 3.835, 21.677)	Center: (6.90, 3.84, 21.68), Extents: (0.16, 0.01, 0.16)
annex building/Level 1/Objects/Table/dining table/Placeholder (2)/LargeAntipastiPlate/LargeAntipastiPlate_LOD1	LargeAntipastiPlate_LOD1	(6.899, 3.835, 21.677)	Center: (6.90, 3.84, 21.68), Extents: (0.16, 0.01, 0.16)
annex building/Level 1/Objects/Table/dining table/Placeholder (2)/LargeAntipastiPlate/LargePlate/LargePlate_LOD0	LargePlate_LOD0	(6.899, 3.848, 21.678)	Center: (6.90, 3.85, 21.68), Extents: (0.16, 0.01, 0.16)
annex building/Level 1/Objects/Table/dining table/Placeholder (2)/LargeAntipastiPlate/LargePlate/LargePlate_LOD1	LargePlate_LOD1	(6.899, 3.848, 21.678)	Center: (6.90, 3.85, 21.68), Extents: (0.16, 0.01, 0.16)
annex building/Level 1/Objects/Table/dining table/Placeholder (2)/LargeAntipastiPlate/SoupBowl/SoupBowl/SoupBowl_LOD0	SoupBowl_LOD0	(6.899, 3.852, 21.678)	Center: (6.90, 3.88, 21.68), Extents: (0.12, 0.03, 0.12)
annex building/Level 1/Objects/Table/dining table/Placeholder (2)/LargeAntipastiPlate/SoupBowl/SoupBowl/SoupBowl_LOD1	SoupBowl_LOD1	(6.899, 3.852, 21.678)	Center: (6.90, 3.88, 21.68), Extents: (0.12, 0.03, 0.12)
annex building/Level 1/Objects/Table/dining table/Placeholder (2)/LargeAntipastiPlate/SoupBowl/SoupBowl/SoupBowl_LOD2	SoupBowl_LOD2	(6.899, 3.852, 21.678)	Center: (6.90, 3.88, 21.68), Extents: (0.12, 0.03, 0.12)
annex building/Level 1/Objects/Table/dining table/Placeholder (3)/fork	fork	(7.721, 3.853, 22.495)	Center: (7.72, 3.84, 22.40), Extents: (0.02, 0.01, 0.10)
annex building/Level 1/Objects/Table/dining table/Placeholder (3)/fork (1)	fork	(7.762, 3.853, 22.464)	Center: (7.76, 3.84, 22.37), Extents: (0.02, 0.01, 0.10)
annex building/Level 1/Objects/Table/dining table/Placeholder (3)/knife	knife	(7.320, 3.835, 22.491)	Center: (7.32, 3.84, 22.38), Extents: (0.01, 0.00, 0.12)
annex building/Level 1/Objects/Table/dining table/Placeholder (3)/Spoon	Spoon	(7.266, 3.835, 22.462)	Center: (7.27, 3.85, 22.34), Extents: (0.03, 0.01, 0.12)
annex building/Level 1/Objects/Table/dining table/Placeholder (3)/red wine glas	red wine glas	(7.382, 3.835, 22.132)	Center: (7.38, 3.95, 22.13), Extents: (0.05, 0.11, 0.05)
annex building/Level 1/Objects/Table/dining table/Placeholder (3)/white wine glas	white wine glas	(7.273, 3.835, 22.191)	Center: (7.27, 3.94, 22.19), Extents: (0.04, 0.10, 0.04)
annex building/Level 1/Objects/Table/dining table/Placeholder (3)/Placeholder	Placeholder	(7.513, 3.835, 22.281)	Center: (7.51, 3.84, 22.28), Extents: (0.28, 0.00, 0.22)
annex building/Level 1/Objects/Table/dining table/Placeholder (3)/LargeAntipastiPlate/LargeAntipastiPlate_LOD0	LargeAntipastiPlate_LOD0	(7.513, 3.835, 22.337)	Center: (7.51, 3.84, 22.34), Extents: (0.16, 0.01, 0.16)
annex building/Level 1/Objects/Table/dining table/Placeholder (3)/LargeAntipastiPlate/LargeAntipastiPlate_LOD1	LargeAntipastiPlate_LOD1	(7.513, 3.835, 22.337)	Center: (7.51, 3.84, 22.34), Extents: (0.16, 0.01, 0.16)
annex building/Level 1/Objects/Table/dining table/Placeholder (3)/LargeAntipastiPlate/LargePlate/LargePlate_LOD0	LargePlate_LOD0	(7.513, 3.848, 22.336)	Center: (7.51, 3.85, 22.34), Extents: (0.16, 0.01, 0.16)
annex building/Level 1/Objects/Table/dining table/Placeholder (3)/LargeAntipastiPlate/LargePlate/LargePlate_LOD1	LargePlate_LOD1	(7.513, 3.848, 22.336)	Center: (7.51, 3.85, 22.34), Extents: (0.16, 0.01, 0.16)
annex building/Level 1/Objects/Table/dining table/Placeholder (3)/LargeAntipastiPlate/SoupBowl/SoupBowl/SoupBowl_LOD0	SoupBowl_LOD0	(7.513, 3.852, 22.336)	Center: (7.51, 3.88, 22.34), Extents: (0.12, 0.03, 0.12)
annex building/Level 1/Objects/Table/dining table/Placeholder (3)/LargeAntipastiPlate/SoupBowl/SoupBowl/SoupBowl_LOD1	SoupBowl_LOD1	(7.513, 3.852, 22.336)	Center: (7.51, 3.88, 22.34), Extents: (0.12, 0.03, 0.12)
annex building/Level 1/Objects/Table/dining table/Placeholder (3)/LargeAntipastiPlate/SoupBowl/SoupBowl/SoupBowl_LOD2	SoupBowl_LOD2	(7.513, 3.852, 22.336)	Center: (7.51, 3.88, 22.34), Extents: (0.12, 0.03, 0.12)
annex building/Level 1/Objects/Table/dining table/Placeholder (4)/fork	fork	(8.357, 3.853, 22.495)	Center: (8.36, 3.84, 22.40), Extents: (0.02, 0.01, 0.10)
annex building/Level 1/Objects/Table/dining table/Placeholder (4)/fork (1)	fork	(8.398, 3.853, 22.464)	Center: (8.40, 3.84, 22.37), Extents: (0.02, 0.01, 0.10)
annex building/Level 1/Objects/Table/dining table/Placeholder (4)/knife	knife	(7.956, 3.835, 22.491)	Center: (7.96, 3.84, 22.38), Extents: (0.01, 0.00, 0.12)
annex building/Level 1/Objects/Table/dining table/Placeholder (4)/Spoon	Spoon	(7.902, 3.835, 22.462)	Center: (7.90, 3.85, 22.34), Extents: (0.03, 0.01, 0.12)
annex building/Level 1/Objects/Table/dining table/Placeholder (4)/red wine glas	red wine glas	(8.018, 3.835, 22.132)	Center: (8.02, 3.95, 22.13), Extents: (0.05, 0.11, 0.05)
annex building/Level 1/Objects/Table/dining table/Placeholder (4)/white wine glas	white wine glas	(7.909, 3.835, 22.191)	Center: (7.91, 3.94, 22.19), Extents: (0.04, 0.10, 0.04)
annex building/Level 1/Objects/Table/dining table/Placeholder (4)/Placeholder	Placeholder	(8.149, 3.835, 22.281)	Center: (8.15, 3.84, 22.28), Extents: (0.28, 0.00, 0.22)
annex building/Level 1/Objects/Table/dining table/Placeholder (4)/LargeAntipastiPlate/LargeAntipastiPlate_LOD0	LargeAntipastiPlate_LOD0	(8.149, 3.835, 22.337)	Center: (8.15, 3.84, 22.34), Extents: (0.16, 0.01, 0.16)
annex building/Level 1/Objects/Table/dining table/Placeholder (4)/LargeAntipastiPlate/LargeAntipastiPlate_LOD1	LargeAntipastiPlate_LOD1	(8.149, 3.835, 22.337)	Center: (8.15, 3.84, 22.34), Extents: (0.16, 0.01, 0.16)
annex building/Level 1/Objects/Table/dining table/Placeholder (4)/LargeAntipastiPlate/LargePlate/LargePlate_LOD0	LargePlate_LOD0	(8.149, 3.848, 22.336)	Center: (8.15, 3.85, 22.34), Extents: (0.16, 0.01, 0.16)
annex building/Level 1/Objects/Table/dining table/Placeholder (4)/LargeAntipastiPlate/LargePlate/LargePlate_LOD1	LargePlate_LOD1	(8.149, 3.848, 22.336)	Center: (8.15, 3.85, 22.34), Extents: (0.16, 0.01, 0.16)
annex building/Level 1/Objects/Table/dining table/Placeholder (4)/LargeAntipastiPlate/SoupBowl/SoupBowl/SoupBowl_LOD0	SoupBowl_LOD0	(8.149, 3.852, 22.336)	Center: (8.15, 3.88, 22.34), Extents: (0.12, 0.03, 0.12)
annex building/Level 1/Objects/Table/dining table/Placeholder (4)/LargeAntipastiPlate/SoupBowl/SoupBowl/SoupBowl_LOD1	SoupBowl_LOD1	(8.149, 3.852, 22.336)	Center: (8.15, 3.88, 22.34), Extents: (0.12, 0.03, 0.12)
annex building/Level 1/Objects/Table/dining table/Placeholder (4)/LargeAntipastiPlate/SoupBowl/SoupBowl/SoupBowl_LOD2	SoupBowl_LOD2	(8.149, 3.852, 22.336)	Center: (8.15, 3.88, 22.34), Extents: (0.12, 0.03, 0.12)
annex building/Level 1/Objects/Table/dining table/Placeholder (5)/fork	fork	(7.107, 3.853, 22.495)	Center: (7.11, 3.84, 22.40), Extents: (0.02, 0.01, 0.10)
annex building/Level 1/Objects/Table/dining table/Placeholder (5)/fork (1)	fork	(7.148, 3.853, 22.464)	Center: (7.15, 3.84, 22.37), Extents: (0.02, 0.01, 0.10)
annex building/Level 1/Objects/Table/dining table/Placeholder (5)/knife	knife	(6.706, 3.835, 22.491)	Center: (6.71, 3.84, 22.38), Extents: (0.01, 0.00, 0.12)
annex building/Level 1/Objects/Table/dining table/Placeholder (5)/Spoon	Spoon	(6.652, 3.835, 22.462)	Center: (6.65, 3.85, 22.34), Extents: (0.03, 0.01, 0.12)
annex building/Level 1/Objects/Table/dining table/Placeholder (5)/red wine glas	red wine glas	(6.768, 3.835, 22.132)	Center: (6.77, 3.95, 22.13), Extents: (0.05, 0.11, 0.05)
annex building/Level 1/Objects/Table/dining table/Placeholder (5)/white wine glas	white wine glas	(6.659, 3.835, 22.191)	Center: (6.66, 3.94, 22.19), Extents: (0.04, 0.10, 0.04)
annex building/Level 1/Objects/Table/dining table/Placeholder (5)/Placeholder	Placeholder	(6.899, 3.835, 22.281)	Center: (6.90, 3.84, 22.28), Extents: (0.28, 0.00, 0.22)
annex building/Level 1/Objects/Table/dining table/Placeholder (5)/LargeAntipastiPlate/LargeAntipastiPlate_LOD0	LargeAntipastiPlate_LOD0	(6.899, 3.835, 22.337)	Center: (6.90, 3.84, 22.34), Extents: (0.16, 0.01, 0.16)
annex building/Level 1/Objects/Table/dining table/Placeholder (5)/LargeAntipastiPlate/LargeAntipastiPlate_LOD1	LargeAntipastiPlate_LOD1	(6.899, 3.835, 22.337)	Center: (6.90, 3.84, 22.34), Extents: (0.16, 0.01, 0.16)
annex building/Level 1/Objects/Table/dining table/Placeholder (5)/LargeAntipastiPlate/LargePlate/LargePlate_LOD0	LargePlate_LOD0	(6.899, 3.848, 22.336)	Center: (6.90, 3.85, 22.34), Extents: (0.16, 0.01, 0.16)
annex building/Level 1/Objects/Table/dining table/Placeholder (5)/LargeAntipastiPlate/LargePlate/LargePlate_LOD1	LargePlate_LOD1	(6.899, 3.848, 22.336)	Center: (6.90, 3.85, 22.34), Extents: (0.16, 0.01, 0.16)
annex building/Level 1/Objects/Table/dining table/Placeholder (5)/LargeAntipastiPlate/SoupBowl/SoupBowl/SoupBowl_LOD0	SoupBowl_LOD0	(6.899, 3.852, 22.336)	Center: (6.90, 3.88, 22.34), Extents: (0.12, 0.03, 0.12)
annex building/Level 1/Objects/Table/dining table/Placeholder (5)/LargeAntipastiPlate/SoupBowl/SoupBowl/SoupBowl_LOD1	SoupBowl_LOD1	(6.899, 3.852, 22.336)	Center: (6.90, 3.88, 22.34), Extents: (0.12, 0.03, 0.12)
annex building/Level 1/Objects/Table/dining table/Placeholder (5)/LargeAntipastiPlate/SoupBowl/SoupBowl/SoupBowl_LOD2	SoupBowl_LOD2	(6.899, 3.852, 22.336)	Center: (6.90, 3.88, 22.34), Extents: (0.12, 0.03, 0.12)
annex building/Level 1/Objects/Bench/bench corner	bench corner	(10.839, 3.050, 24.431)	Center: (10.84, 3.38, 24.43), Extents: (0.38, 0.33, 0.38)
annex building/Level 1/Objects/Bench/bench corner/bench straight	bench straight	(10.839, 3.050, 23.681)	Center: (10.89, 3.38, 23.68), Extents: (0.33, 0.33, 0.38)
annex building/Level 1/Objects/Bench/bench corner/bench straight/mv_pillow_seat (3)	pillow seat	(10.811, 3.701, 23.701)	Center: (10.81, 3.73, 23.70), Extents: (0.18, 0.03, 0.18)
annex building/Level 1/Objects/Bench/bench corner/bench straight/glas railing .75m	glas railing .75m	(11.173, 3.702, 23.681)	Center: (11.17, 3.76, 23.68), Extents: (0.03, 0.06, 0.38)
annex building/Level 1/Objects/Bench/bench corner/bench straight/glas railing .75m/window .75m	window .75m	(11.173, 4.359, 23.681)	Center: (11.17, 4.36, 23.68), Extents: (0.01, 0.54, 0.37)
annex building/Level 1/Objects/Bench/bench corner/bench straight (3)	bench straight	(10.089, 3.050, 24.431)	Center: (10.09, 3.38, 24.48), Extents: (0.38, 0.33, 0.33)
annex building/Level 1/Objects/Bench/bench corner/bench straight (3)/mv_pillow_seat (3)	pillow seat	(10.069, 3.701, 24.403)	Center: (10.07, 3.73, 24.40), Extents: (0.18, 0.03, 0.18)
annex building/Level 1/Objects/Bench/bench corner/bench straight (3)/glas railing .75m (1)	glas railing .75m	(10.089, 3.700, 24.777)	Center: (10.09, 3.76, 24.78), Extents: (0.38, 0.06, 0.03)
annex building/Level 1/Objects/Bench/bench corner/bench straight (3)/glas railing .75m (1)/window .75m	window .75m	(10.089, 4.357, 24.777)	Center: (10.09, 4.36, 24.78), Extents: (0.37, 0.54, 0.01)
annex building/Level 1/Objects/Bench/bench corner/bench straight (4)	bench straight	(9.339, 3.050, 24.431)	Center: (9.34, 3.38, 24.48), Extents: (0.38, 0.33, 0.33)
annex building/Level 1/Objects/Bench/bench corner/bench straight (4)/mv_pillow_seat (3)	pillow seat	(9.319, 3.701, 24.403)	Center: (9.32, 3.73, 24.40), Extents: (0.18, 0.03, 0.18)
annex building/Level 1/Objects/Bench/bench corner/bench straight (4)/glas railing .75m (1)	glas railing .75m	(9.339, 3.700, 24.777)	Center: (9.34, 3.76, 24.78), Extents: (0.38, 0.06, 0.03)
annex building/Level 1/Objects/Bench/bench corner/bench straight (4)/glas railing .75m (1)/window .75m	window .75m	(9.339, 4.357, 24.777)	Center: (9.34, 4.36, 24.78), Extents: (0.37, 0.54, 0.01)
annex building/Level 1/Objects/Bench/bench corner/mv_pillow_seat (2)	pillow seat	(10.735, 3.701, 24.378)	Center: (10.74, 3.73, 24.38), Extents: (0.18, 0.03, 0.18)
annex building/Level 1/Objects/Bench/bench corner/bench straight (5)	bench straight	(8.589, 3.050, 24.431)	Center: (8.59, 3.38, 24.48), Extents: (0.38, 0.33, 0.33)
annex building/Level 1/Objects/Bench/bench corner/bench straight (5)/mv_pillow_seat (3)	pillow seat	(8.569, 3.701, 24.403)	Center: (8.57, 3.73, 24.40), Extents: (0.18, 0.03, 0.18)
annex building/Level 1/Objects/Bench/bench corner/bench straight (5)/glas railing .75m (1)	glas railing .75m	(8.589, 3.700, 24.777)	Center: (8.59, 3.76, 24.78), Extents: (0.38, 0.06, 0.03)
annex building/Level 1/Objects/Bench/bench corner/bench straight (5)/glas railing .75m (1)/window .75m	window .75m	(8.589, 4.357, 24.777)	Center: (8.59, 4.36, 24.78), Extents: (0.37, 0.54, 0.01)
annex building/Level 1/Objects/Bench/bench corner/glas railing .75m corner	glas railing .75m corner	(11.181, 3.704, 24.786)	Center: (10.83, 3.76, 24.43), Extents: (0.38, 0.06, 0.38)
annex building/Level 1/Objects/Bench/bench corner/glas railing .75m corner/window .75m corner	window .75m corner	(11.181, 4.361, 24.791)	Center: (10.84, 4.36, 24.45), Extents: (0.36, 0.54, 0.36)
annex building/Level 1/Objects/Bench/glas railing 2m	glas railing 2m	(7.209, 3.050, 24.698)	Center: (7.21, 3.11, 24.70), Extents: (1.00, 0.06, 0.03)
annex building/Level 1/Objects/Bench/glas railing 2m/window 2m	window 2m	(7.209, 3.707, 24.698)	Center: (7.21, 3.71, 24.70), Extents: (0.99, 0.54, 0.01)
annex building/Level 1/Objects/Bench/glas railing 2m (1)	glas railing 2m	(5.209, 3.050, 24.698)	Center: (5.21, 3.11, 24.70), Extents: (1.00, 0.06, 0.03)
annex building/Level 1/Objects/Bench/glas railing 2m (1)/window 2m	window 2m	(5.209, 3.707, 24.698)	Center: (5.21, 3.71, 24.70), Extents: (0.99, 0.54, 0.01)
annex building/Level 1/Objects/Bench/glas railing 1m	glas railing 1m	(3.709, 3.050, 24.693)	Center: (3.71, 3.11, 24.69), Extents: (0.50, 0.06, 0.03)
annex building/Level 1/Objects/Bench/glas railing 1m/window 1m	window 1m	(3.709, 3.707, 24.693)	Center: (3.71, 3.71, 24.69), Extents: (0.50, 0.54, 0.01)
annex building/Level 1/Objects/Bench/glas railing 1m (1)	glas railing 1m	(3.125, 3.050, 24.193)	Center: (3.13, 3.11, 24.19), Extents: (0.03, 0.06, 0.50)
annex building/Level 1/Objects/Bench/glas railing 1m (1)/window 1m	window 1m	(3.125, 3.707, 24.193)	Center: (3.13, 3.71, 24.19), Extents: (0.01, 0.54, 0.50)
annex building/Level 1/Objects/Bench/glas railing 2m (2)	glas railing 2m	(3.124, 3.050, 22.681)	Center: (3.12, 3.11, 22.68), Extents: (0.03, 0.06, 1.00)
annex building/Level 1/Objects/Bench/glas railing 2m (2)/window 2m	window 2m	(3.124, 3.707, 22.681)	Center: (3.12, 3.71, 22.68), Extents: (0.01, 0.54, 0.99)
annex building/Level 1/Objects/Bench/glas railing 1m (2)	glas railing 1m	(3.125, 3.050, 21.193)	Center: (3.13, 3.11, 21.19), Extents: (0.03, 0.06, 0.50)
annex building/Level 1/Objects/Bench/glas railing 1m (2)/window 1m	window 1m	(3.125, 3.707, 21.193)	Center: (3.13, 3.71, 21.19), Extents: (0.01, 0.54, 0.50)
annex building/Level 1/Objects/Bench/glas railing .75m	glas railing .75m	(3.124, 3.050, 20.317)	Center: (3.12, 3.11, 20.32), Extents: (0.03, 0.06, 0.38)
annex building/Level 1/Objects/Bench/glas railing .75m/window .75m	window .75m	(3.124, 3.707, 20.317)	Center: (3.12, 3.71, 20.32), Extents: (0.01, 0.54, 0.37)
annex building/Level 1/Objects/mv_roof_lamp	lamp	(6.250, 5.081, 11.750)	Center: (6.25, 5.00, 11.75), Extents: (0.20, 0.08, 0.20)
annex building/Level 1/Objects/mv_roof_lamp/bulb	bulb	(6.250, 5.019, 11.750)	Center: (6.25, 5.02, 11.75), Extents: (0.02, 0.03, 0.02)
annex building/Level 1/Objects/mv_roof_lamp/cable	cable	(6.250, 5.319, 11.750)	Center: (6.25, 5.57, 11.75), Extents: (0.00, 0.25, 0.00)
annex building/Level 1/Objects/Painting 4	Painting 4	(3.328, 4.614, 19.029)	Center: (3.34, 4.61, 19.03), Extents: (0.01, 0.50, 0.75)
annex building/Level 1/Objects/lights/mv_wall_light	wall light	(8.950, 5.008, 20.748)	Center: (8.95, 5.01, 20.81), Extents: (0.05, 0.10, 0.07)
annex building/Level 1/Objects/lights/mv_wall_light/light	light	(9.029, 5.008, 20.827)	Center: (8.95, 5.01, 20.83), Extents: (0.05, 0.10, 0.05)
annex building/Level 1/Objects/lights/mv_wall_light (1)	wall light	(7.450, 5.008, 20.748)	Center: (7.45, 5.01, 20.81), Extents: (0.05, 0.10, 0.07)
annex building/Level 1/Objects/lights/mv_wall_light (1)/light	light	(7.529, 5.008, 20.827)	Center: (7.45, 5.01, 20.83), Extents: (0.05, 0.10, 0.05)
annex building/Level 1/Objects/lights/mv_wall_light (2)	wall light	(3.143, 5.008, 20.099)	Center: (3.21, 5.01, 20.10), Extents: (0.07, 0.10, 0.05)
annex building/Level 1/Objects/lights/mv_wall_light (2)/light	light	(3.222, 5.008, 20.020)	Center: (3.22, 5.01, 20.10), Extents: (0.05, 0.10, 0.05)
annex building/roof 1/Roof 2x2	Roof 2x2	(7.140, 2.750, 10.750)	Center: (6.14, 2.90, 11.75), Extents: (1.00, 0.15, 1.00)
annex building/roof 1/Roof 2x2 side	Roof 2x2 side	(5.140, 2.750, 10.750)	Center: (4.09, 2.90, 11.75), Extents: (1.05, 0.15, 1.00)
annex building/roof 1/Roof 2x2 side (1)	Roof 2x2 side	(9.140, 2.750, 12.750)	Center: (10.19, 2.90, 11.75), Extents: (1.05, 0.15, 1.00)
annex building/roof 1/Roof 2x2 side (2)	Roof 2x2 side	(7.140, 2.750, 10.750)	Center: (6.14, 2.90, 9.70), Extents: (1.00, 0.15, 1.05)
annex building/roof 1/Roof 2x2 corner	Roof 2x2 corner	(5.140, 2.750, 10.750)	Center: (4.09, 2.90, 9.70), Extents: (1.05, 0.15, 1.05)
annex building/roof 1/Roof 2x2 corner (1)	Roof 2x2 corner	(9.140, 2.750, 10.750)	Center: (10.19, 2.90, 9.70), Extents: (1.05, 0.15, 1.05)
annex building/roof 1/Roof 2x2 (1)	Roof 2x2	(7.140, 2.750, 12.750)	Center: (6.14, 2.90, 13.75), Extents: (1.00, 0.15, 1.00)
annex building/roof 1/Roof 2x2 side (4)	Roof 2x2 side	(9.140, 2.750, 14.750)	Center: (10.19, 2.90, 13.75), Extents: (1.05, 0.15, 1.00)
annex building/roof 1/Railing/railing corner 1m	railing corner 1m	(3.140, 3.046, 8.750)	Center: (3.60, 3.46, 9.22), Extents: (0.51, 0.41, 0.51)
annex building/roof 1/Railing/railing .5m	railing .5m	(3.140, 3.046, 9.750)	Center: (3.14, 3.46, 9.97), Extents: (0.04, 0.41, 0.25)
annex building/roof 1/Railing/railing 1m	railing 1m	(4.140, 3.046, 8.750)	Center: (4.61, 3.46, 8.75), Extents: (0.50, 0.41, 0.04)
annex building/roof 1/Railing/railing 1m (1)	railing 1m	(5.140, 3.046, 8.750)	Center: (5.61, 3.46, 8.75), Extents: (0.50, 0.41, 0.04)
annex building/roof 1/Railing/railing 1m (2)	railing 1m	(6.140, 3.046, 8.750)	Center: (6.61, 3.46, 8.75), Extents: (0.50, 0.41, 0.04)
annex building/roof 1/Railing/railing 1m (3)	railing 1m	(7.140, 3.046, 8.750)	Center: (7.61, 3.46, 8.75), Extents: (0.50, 0.41, 0.04)
annex building/roof 1/Railing/railing 1m (4)	railing 1m	(8.140, 3.046, 8.750)	Center: (8.61, 3.46, 8.75), Extents: (0.50, 0.41, 0.04)
annex building/roof 1/Railing/railing 1m (5)	railing 1m	(9.140, 3.046, 8.750)	Center: (9.61, 3.46, 8.75), Extents: (0.50, 0.41, 0.04)
annex building/roof 1/Railing/railing corner 1m (1)	railing corner 1m	(11.140, 3.046, 8.750)	Center: (10.67, 3.46, 9.21), Extents: (0.51, 0.41, 0.51)
annex building/roof 1/Railing/railing  post	railing  post	(10.140, 3.046, 8.750)	Center: (10.14, 3.46, 8.75), Extents: (0.03, 0.41, 0.04)
annex building/roof 1/Railing/railing 1m (6)	railing 1m	(11.140, 3.046, 9.750)	Center: (11.14, 3.46, 10.22), Extents: (0.04, 0.41, 0.50)
annex building/roof 1/Railing/railing 1m (7)	railing 1m	(11.140, 3.046, 10.750)	Center: (11.14, 3.46, 11.22), Extents: (0.04, 0.41, 0.50)
annex building/roof 1/Railing/railing 1m (8)	railing 1m	(11.140, 3.046, 11.750)	Center: (11.14, 3.46, 12.22), Extents: (0.04, 0.41, 0.50)
annex building/roof 1/Railing/railing 1m (9)	railing 1m	(11.140, 3.046, 12.750)	Center: (11.14, 3.46, 13.22), Extents: (0.04, 0.41, 0.50)
annex building/roof 1/Railing/railing 1m (10)	railing 1m	(11.140, 3.046, 13.750)	Center: (11.14, 3.46, 14.22), Extents: (0.04, 0.41, 0.50)
annex building/roof 1/Railing/railing 1m (11)	railing 1m	(11.140, 3.046, 14.750)	Center: (11.14, 3.46, 15.22), Extents: (0.04, 0.41, 0.50)
annex building/roof 1/Railing/railing 1m (12)	railing 1m	(11.140, 3.046, 15.750)	Center: (11.14, 3.46, 16.22), Extents: (0.04, 0.41, 0.50)
annex building/roof 1/Railing/railing 1m (13)	railing 1m	(11.140, 3.046, 16.750)	Center: (11.14, 3.46, 17.22), Extents: (0.04, 0.41, 0.50)
annex building/roof 1/Railing/railing 1m (14)	railing 1m	(11.140, 3.046, 17.750)	Center: (11.14, 3.46, 18.22), Extents: (0.04, 0.41, 0.50)
annex building/roof 1/Railing/railing 1m (15)	railing 1m	(11.140, 3.046, 18.750)	Center: (11.14, 3.46, 19.22), Extents: (0.04, 0.41, 0.50)
annex building/roof 1/Railing/railing 1m (16)	railing 1m	(11.140, 3.046, 19.750)	Center: (11.14, 3.46, 20.22), Extents: (0.04, 0.41, 0.50)
annex building/roof 1/Railing/railing 1m (17)	railing 1m	(11.140, 3.046, 20.750)	Center: (11.14, 3.46, 21.22), Extents: (0.04, 0.41, 0.50)
annex building/roof 1/Railing/railing 1m (18)	railing 1m	(11.140, 3.046, 21.750)	Center: (11.14, 3.46, 22.22), Extents: (0.04, 0.41, 0.50)
annex building/roof 1/Railing/railing .5m (1)	railing .5m	(11.140, 3.046, 22.750)	Center: (11.14, 3.46, 22.97), Extents: (0.04, 0.41, 0.25)
annex building/roof 1/Railing/railing end short	railing end short	(11.140, 3.046, 23.250)	Center: (11.14, 3.46, 23.25), Extents: (0.04, 0.41, 0.03)
annex building/roof 1/Roof 2x2 side (6)	Roof 2x2 side	(9.140, 2.750, 16.750)	Center: (10.19, 2.90, 15.75), Extents: (1.05, 0.15, 1.00)
annex building/roof 1/Roof 2x2 (3)	Roof 2x2	(7.140, 2.750, 16.750)	Center: (6.14, 2.90, 17.75), Extents: (1.00, 0.15, 1.00)
annex building/roof 1/Roof 2x2 side (7)	Roof 2x2 side	(5.140, 2.750, 16.750)	Center: (4.09, 2.90, 17.75), Extents: (1.05, 0.15, 1.00)
annex building/roof 1/Roof 2x2 side (8)	Roof 2x2 side	(9.140, 2.750, 18.750)	Center: (10.19, 2.90, 17.75), Extents: (1.05, 0.15, 1.00)
annex building/roof 1/Roof 2x2 (4)	Roof 2x2	(7.140, 2.750, 18.750)	Center: (6.14, 2.90, 19.75), Extents: (1.00, 0.15, 1.00)
annex building/roof 1/Roof 2x2 side (9)	Roof 2x2 side	(5.140, 2.750, 18.750)	Center: (4.09, 2.90, 19.75), Extents: (1.05, 0.15, 1.00)
annex building/roof 1/Roof 2x2 side (10)	Roof 2x2 side	(9.156, 2.765, 20.750)	Center: (10.21, 2.92, 19.75), Extents: (1.05, 0.15, 1.00)
annex building/roof 1/Roof 2x2 side (11)	Roof 2x2 side	(5.140, 2.750, 22.750)	Center: (6.14, 2.90, 23.80), Extents: (1.00, 0.15, 1.05)
annex building/roof 1/Roof 2x2 corner (2)	Roof 2x2 corner	(5.140, 2.750, 22.750)	Center: (4.09, 2.90, 23.80), Extents: (1.05, 0.15, 1.05)
annex building/roof 1/Roof 2x2 corner (3)	Roof 2x2 corner	(9.140, 2.750, 22.750)	Center: (10.19, 2.90, 23.80), Extents: (1.05, 0.15, 1.05)
annex building/roof 1/Roof 2x2 (5)	Roof 2x2	(9.140, 2.750, 10.750)	Center: (8.14, 2.90, 11.75), Extents: (1.00, 0.15, 1.00)
annex building/roof 1/Roof 2x2 side (12)	Roof 2x2 side	(9.140, 2.750, 10.750)	Center: (8.14, 2.90, 9.70), Extents: (1.00, 0.15, 1.05)
annex building/roof 1/Roof 2x2 (6)	Roof 2x2	(9.140, 2.750, 12.750)	Center: (8.14, 2.90, 13.75), Extents: (1.00, 0.15, 1.00)
annex building/roof 1/Roof 2x2 (7)	Roof 2x2	(9.140, 2.750, 14.750)	Center: (8.14, 2.90, 15.75), Extents: (1.00, 0.15, 1.00)
annex building/roof 1/Roof 2x2 (8)	Roof 2x2	(9.140, 2.750, 16.750)	Center: (8.14, 2.90, 17.75), Extents: (1.00, 0.15, 1.00)
annex building/roof 1/Roof 2x2 (9)	Roof 2x2	(9.140, 2.750, 18.750)	Center: (8.14, 2.90, 19.75), Extents: (1.00, 0.15, 1.00)
annex building/roof 1/Roof 2x2 side (13)	Roof 2x2 side	(7.140, 2.750, 22.750)	Center: (8.14, 2.90, 23.80), Extents: (1.00, 0.15, 1.05)
annex building/roof 1/Roof 2x2 (10)	Roof 2x2	(7.140, 2.750, 20.750)	Center: (6.14, 2.90, 21.75), Extents: (1.00, 0.15, 1.00)
annex building/roof 1/Roof 2x2 side (14)	Roof 2x2 side	(5.140, 2.750, 20.750)	Center: (4.09, 2.90, 21.75), Extents: (1.05, 0.15, 1.00)
annex building/roof 1/Roof 2x2 side (15)	Roof 2x2 side	(9.140, 2.750, 22.750)	Center: (10.19, 2.90, 21.75), Extents: (1.05, 0.15, 1.00)
annex building/roof 1/Roof 2x2 (12)	Roof 2x2	(7.140, 2.750, 14.750)	Center: (6.14, 2.90, 15.75), Extents: (1.00, 0.15, 1.00)
annex building/roof 1/Roof 2x2 (11)	Roof 2x2	(9.140, 2.750, 20.750)	Center: (8.14, 2.90, 21.75), Extents: (1.00, 0.15, 1.00)
annex building/roof 1/Roof .2x.2	Roof .2x1	(3.160, 2.750, 12.750)	Center: (3.28, 2.90, 13.25), Extents: (0.12, 0.15, 0.50)
annex building/roof 1/Roof .2x.2 (1)	Roof .2x1	(3.160, 2.750, 13.750)	Center: (3.28, 2.90, 14.25), Extents: (0.12, 0.15, 0.50)
annex building/roof 1/Roof .2x.2 (2)	Roof .2x1	(3.160, 2.750, 14.750)	Center: (3.28, 2.90, 15.25), Extents: (0.12, 0.15, 0.50)
annex building/roof 1/Roof .2x.2 (3)	Roof .2x1	(3.160, 2.750, 15.750)	Center: (3.28, 2.90, 16.25), Extents: (0.12, 0.15, 0.50)
annex building/roof 2/Roof 2x2	Roof 2x2	(7.250, 5.500, 11.000)	Center: (6.25, 5.65, 12.00), Extents: (1.00, 0.15, 1.00)
annex building/roof 2/Roof 2x2 side	Roof 2x2 side	(5.250, 5.500, 11.000)	Center: (4.20, 5.65, 12.00), Extents: (1.05, 0.15, 1.00)
annex building/roof 2/Roof 2x2 side (1)	Roof 2x2 side	(9.250, 5.500, 13.000)	Center: (10.30, 5.65, 12.00), Extents: (1.05, 0.15, 1.00)
annex building/roof 2/Roof 2x2 side (2)	Roof 2x2 side	(7.250, 5.500, 11.000)	Center: (6.25, 5.65, 9.95), Extents: (1.00, 0.15, 1.05)
annex building/roof 2/Roof 2x2 corner	Roof 2x2 corner	(5.250, 5.500, 11.000)	Center: (4.20, 5.65, 9.95), Extents: (1.05, 0.15, 1.05)
annex building/roof 2/Roof 2x2 corner (1)	Roof 2x2 corner	(9.250, 5.500, 11.000)	Center: (10.30, 5.65, 9.95), Extents: (1.05, 0.15, 1.05)
annex building/roof 2/Roof 2x2 (1)	Roof 2x2	(7.250, 5.500, 13.000)	Center: (6.25, 5.65, 14.00), Extents: (1.00, 0.15, 1.00)
annex building/roof 2/Roof 2x2 side (3)	Roof 2x2 side	(5.250, 5.500, 13.000)	Center: (4.20, 5.65, 14.00), Extents: (1.05, 0.15, 1.00)
annex building/roof 2/Roof 2x2 side (4)	Roof 2x2 side	(9.250, 5.500, 15.000)	Center: (10.30, 5.65, 14.00), Extents: (1.05, 0.15, 1.00)
annex building/roof 2/Roof 2x2 (2)	Roof 2x2	(7.250, 5.500, 15.000)	Center: (6.25, 5.65, 16.00), Extents: (1.00, 0.15, 1.00)
annex building/roof 2/Roof 2x2 side (5)	Roof 2x2 side	(5.250, 5.500, 15.000)	Center: (4.20, 5.65, 16.00), Extents: (1.05, 0.15, 1.00)
annex building/roof 2/Roof 2x2 side (6)	Roof 2x2 side	(9.250, 5.500, 17.000)	Center: (10.30, 5.65, 16.00), Extents: (1.05, 0.15, 1.00)
annex building/roof 2/Roof 2x2 (3)	Roof 2x2	(7.250, 5.500, 17.000)	Center: (6.25, 5.65, 18.00), Extents: (1.00, 0.15, 1.00)
annex building/roof 2/Roof 2x2 side (7)	Roof 2x2 side	(5.250, 5.500, 17.000)	Center: (4.20, 5.65, 18.00), Extents: (1.05, 0.15, 1.00)
annex building/roof 2/Roof 2x2 side (8)	Roof 2x2 side	(9.250, 5.500, 19.000)	Center: (10.30, 5.65, 18.00), Extents: (1.05, 0.15, 1.00)
annex building/roof 2/Roof 2x2 (4)	Roof 2x2	(7.250, 5.500, 19.000)	Center: (6.25, 5.65, 20.00), Extents: (1.00, 0.15, 1.00)
annex building/roof 2/Roof 2x2 side (9)	Roof 2x2 side	(5.250, 5.500, 19.000)	Center: (4.20, 5.65, 20.00), Extents: (1.05, 0.15, 1.00)
annex building/roof 2/Roof 2x2 side (10)	Roof 2x2 side	(9.250, 5.500, 21.000)	Center: (10.30, 5.65, 20.00), Extents: (1.05, 0.15, 1.00)
annex building/roof 2/Roof 2x2 side (11)	Roof 2x2 side	(5.250, 5.500, 21.000)	Center: (6.25, 5.65, 22.05), Extents: (1.00, 0.15, 1.05)
annex building/roof 2/Roof 2x2 corner (2)	Roof 2x2 corner	(5.250, 5.500, 21.000)	Center: (4.20, 5.65, 22.05), Extents: (1.05, 0.15, 1.05)
annex building/roof 2/Roof 2x2 corner (3)	Roof 2x2 corner	(9.250, 5.500, 21.000)	Center: (10.30, 5.65, 22.05), Extents: (1.05, 0.15, 1.05)
annex building/roof 2/Roof 2x2 (5)	Roof 2x2	(9.250, 5.500, 11.000)	Center: (8.25, 5.65, 12.00), Extents: (1.00, 0.15, 1.00)
annex building/roof 2/Roof 2x2 side (12)	Roof 2x2 side	(9.250, 5.500, 11.000)	Center: (8.25, 5.65, 9.95), Extents: (1.00, 0.15, 1.05)
annex building/roof 2/Roof 2x2 (6)	Roof 2x2	(9.250, 5.500, 13.000)	Center: (8.25, 5.65, 14.00), Extents: (1.00, 0.15, 1.00)
annex building/roof 2/Roof 2x2 (7)	Roof 2x2	(9.250, 5.500, 15.000)	Center: (8.25, 5.65, 16.00), Extents: (1.00, 0.15, 1.00)
annex building/roof 2/Roof 2x2 (8)	Roof 2x2	(9.250, 5.500, 17.000)	Center: (8.25, 5.65, 18.00), Extents: (1.00, 0.15, 1.00)
annex building/roof 2/Roof 2x2 (9)	Roof 2x2	(9.250, 5.500, 19.000)	Center: (8.25, 5.65, 20.00), Extents: (1.00, 0.15, 1.00)
annex building/roof 2/Roof 2x2 side (13)	Roof 2x2 side	(7.250, 5.500, 21.000)	Center: (8.25, 5.65, 22.05), Extents: (1.00, 0.15, 1.05)
Backyard/Pool back/Pool2/Bottom/Pool Bottom (1)	Pool Bottom 1x1	(-11.000, -1.787, 28.500)	Center: (-10.50, -1.84, 28.00), Extents: (0.50, 0.05, 0.50)
Backyard/Pool back/Pool2/Bottom/Pool Bottom (2)	Pool Bottom 1x1	(-11.000, -1.787, 27.500)	Center: (-10.50, -1.84, 27.00), Extents: (0.50, 0.05, 0.50)
Backyard/Pool back/Pool2/Bottom/Pool Bottom (3)	Pool Bottom 1x1	(-11.000, -1.787, 26.500)	Center: (-10.50, -1.84, 26.00), Extents: (0.50, 0.05, 0.50)
Backyard/Pool back/Pool2/Bottom/Pool Bottom (4)	Pool Bottom 1x1	(-11.000, -1.787, 25.500)	Center: (-10.50, -1.84, 25.00), Extents: (0.50, 0.05, 0.50)
Backyard/Pool back/Pool2/Bottom/Pool Bottom (5)	Pool Bottom 1x1	(-11.000, -1.787, 24.500)	Center: (-10.50, -1.84, 24.00), Extents: (0.50, 0.05, 0.50)
Backyard/Pool back/Pool2/Bottom/Pool Bottom (6)	Pool Bottom 1x1	(-10.000, -1.787, 28.500)	Center: (-9.50, -1.84, 28.00), Extents: (0.50, 0.05, 0.50)
Backyard/Pool back/Pool2/Bottom/Pool Bottom (7)	Pool Bottom 1x1	(-10.000, -1.787, 27.500)	Center: (-9.50, -1.84, 27.00), Extents: (0.50, 0.05, 0.50)
Backyard/Pool back/Pool2/Bottom/Pool Bottom (8)	Pool Bottom 1x1	(-10.000, -1.787, 26.500)	Center: (-9.50, -1.84, 26.00), Extents: (0.50, 0.05, 0.50)
Backyard/Pool back/Pool2/Bottom/Pool Bottom (9)	Pool Bottom 1x1	(-10.000, -1.787, 25.500)	Center: (-9.50, -1.84, 25.00), Extents: (0.50, 0.05, 0.50)
Backyard/Pool back/Pool2/Bottom/Pool Bottom (10)	Pool Bottom 1x1	(-10.000, -1.787, 24.500)	Center: (-9.50, -1.84, 24.00), Extents: (0.50, 0.05, 0.50)
Backyard/Pool back/Pool2/Bottom/Pool Bottom (11)	Pool Bottom 1x1	(-9.000, -1.787, 28.500)	Center: (-8.50, -1.84, 28.00), Extents: (0.50, 0.05, 0.50)
Backyard/Pool back/Pool2/Bottom/Pool Bottom (12)	Pool Bottom 1x1	(-9.000, -1.787, 27.500)	Center: (-8.50, -1.84, 27.00), Extents: (0.50, 0.05, 0.50)
Backyard/Pool back/Pool2/Bottom/Pool Bottom (13)	Pool Bottom 1x1	(-9.000, -1.787, 26.500)	Center: (-8.50, -1.84, 26.00), Extents: (0.50, 0.05, 0.50)
Backyard/Pool back/Pool2/Bottom/Pool Bottom (14)	Pool Bottom 1x1	(-9.000, -1.787, 25.500)	Center: (-8.50, -1.84, 25.00), Extents: (0.50, 0.05, 0.50)
Backyard/Pool back/Pool2/Bottom/Pool Bottom (15)	Pool Bottom 1x1	(-9.000, -1.787, 24.500)	Center: (-8.50, -1.84, 24.00), Extents: (0.50, 0.05, 0.50)
Backyard/Pool back/Pool2/Bottom/Pool Bottom (16)	Pool Bottom 1x1	(-8.000, -1.787, 28.500)	Center: (-7.50, -1.84, 28.00), Extents: (0.50, 0.05, 0.50)
Backyard/Pool back/Pool2/Bottom/Pool Bottom (17)	Pool Bottom 1x1	(-8.000, -1.787, 27.500)	Center: (-7.50, -1.84, 27.00), Extents: (0.50, 0.05, 0.50)
Backyard/Pool back/Pool2/Bottom/Pool Bottom (18)	Pool Bottom 1x1	(-8.000, -1.787, 26.500)	Center: (-7.50, -1.84, 26.00), Extents: (0.50, 0.05, 0.50)
Backyard/Pool back/Pool2/Bottom/Pool Bottom (19)	Pool Bottom 1x1	(-8.000, -1.787, 25.500)	Center: (-7.50, -1.84, 25.00), Extents: (0.50, 0.05, 0.50)
Backyard/Pool back/Pool2/Bottom/Pool Bottom (20)	Pool Bottom 1x1	(-8.000, -1.787, 24.500)	Center: (-7.50, -1.84, 24.00), Extents: (0.50, 0.05, 0.50)
Backyard/Pool back/Pool2/Bottom/Pool Bottom (21)	Pool Bottom 1x1	(-7.000, -1.787, 28.500)	Center: (-6.50, -1.84, 28.00), Extents: (0.50, 0.05, 0.50)
Backyard/Pool back/Pool2/Bottom/Pool Bottom (22)	Pool Bottom 1x1	(-7.000, -1.787, 27.500)	Center: (-6.50, -1.84, 27.00), Extents: (0.50, 0.05, 0.50)
Backyard/Pool back/Pool2/Bottom/Pool Bottom (23)	Pool Bottom 1x1	(-7.000, -1.787, 26.500)	Center: (-6.50, -1.84, 26.00), Extents: (0.50, 0.05, 0.50)
Backyard/Pool back/Pool2/Bottom/Pool Bottom (24)	Pool Bottom 1x1	(-7.000, -1.787, 25.500)	Center: (-6.50, -1.84, 25.00), Extents: (0.50, 0.05, 0.50)
Backyard/Pool back/Pool2/Bottom/Pool Bottom (25)	Pool Bottom 1x1	(-7.000, -1.787, 24.500)	Center: (-6.50, -1.84, 24.00), Extents: (0.50, 0.05, 0.50)
Backyard/Pool back/Pool2/Bottom/Pool Bottom (26)	Pool Bottom 1x1	(-6.000, -1.787, 28.500)	Center: (-5.50, -1.84, 28.00), Extents: (0.50, 0.05, 0.50)
Backyard/Pool back/Pool2/Bottom/Pool Bottom (27)	Pool Bottom 1x1	(-6.000, -1.787, 27.500)	Center: (-5.50, -1.84, 27.00), Extents: (0.50, 0.05, 0.50)
Backyard/Pool back/Pool2/Bottom/Pool Bottom (28)	Pool Bottom 1x1	(-6.000, -1.787, 26.500)	Center: (-5.50, -1.84, 26.00), Extents: (0.50, 0.05, 0.50)
Backyard/Pool back/Pool2/Bottom/Pool Bottom (29)	Pool Bottom 1x1	(-6.000, -1.787, 25.500)	Center: (-5.50, -1.84, 25.00), Extents: (0.50, 0.05, 0.50)
Backyard/Pool back/Pool2/Bottom/Pool Bottom (30)	Pool Bottom 1x1	(-6.000, -1.787, 24.500)	Center: (-5.50, -1.84, 24.00), Extents: (0.50, 0.05, 0.50)
Backyard/Pool back/Pool2/Bottom/Pool Bottom (31)	Pool Bottom 1x1	(-5.000, -1.787, 28.500)	Center: (-4.50, -1.84, 28.00), Extents: (0.50, 0.05, 0.50)
Backyard/Pool back/Pool2/Bottom/Pool Bottom (32)	Pool Bottom 1x1	(-5.000, -1.787, 27.500)	Center: (-4.50, -1.84, 27.00), Extents: (0.50, 0.05, 0.50)
Backyard/Pool back/Pool2/Bottom/Pool Bottom (33)	Pool Bottom 1x1	(-5.000, -1.787, 26.500)	Center: (-4.50, -1.84, 26.00), Extents: (0.50, 0.05, 0.50)
Backyard/Pool back/Pool2/Bottom/Pool Bottom (34)	Pool Bottom 1x1	(-5.000, -1.787, 25.500)	Center: (-4.50, -1.84, 25.00), Extents: (0.50, 0.05, 0.50)
Backyard/Pool back/Pool2/Bottom/Pool Bottom (35)	Pool Bottom 1x1	(-5.000, -1.787, 24.500)	Center: (-4.50, -1.84, 24.00), Extents: (0.50, 0.05, 0.50)
Backyard/Pool back/Pool2/Bottom/Pool Bottom (36)	Pool Bottom 1x1	(-4.000, -1.787, 28.500)	Center: (-3.50, -1.84, 28.00), Extents: (0.50, 0.05, 0.50)
Backyard/Pool back/Pool2/Bottom/Pool Bottom (37)	Pool Bottom 1x1	(-4.000, -1.787, 27.500)	Center: (-3.50, -1.84, 27.00), Extents: (0.50, 0.05, 0.50)
Backyard/Pool back/Pool2/Bottom/Pool Bottom (38)	Pool Bottom 1x1	(-4.000, -1.787, 26.500)	Center: (-3.50, -1.84, 26.00), Extents: (0.50, 0.05, 0.50)
Backyard/Pool back/Pool2/Bottom/Pool Bottom (39)	Pool Bottom 1x1	(-4.000, -1.787, 25.500)	Center: (-3.50, -1.84, 25.00), Extents: (0.50, 0.05, 0.50)
Backyard/Pool back/Pool2/Bottom/Pool Bottom (40)	Pool Bottom 1x1	(-4.000, -1.787, 24.500)	Center: (-3.50, -1.84, 24.00), Extents: (0.50, 0.05, 0.50)
Backyard/Pool back/Pool2/Bottom/Pool Bottom (41)	Pool Bottom 1x1	(-3.000, -1.787, 28.500)	Center: (-2.50, -1.84, 28.00), Extents: (0.50, 0.05, 0.50)
Backyard/Pool back/Pool2/Bottom/Pool Bottom (42)	Pool Bottom 1x1	(-3.000, -1.787, 27.500)	Center: (-2.50, -1.84, 27.00), Extents: (0.50, 0.05, 0.50)
Backyard/Pool back/Pool2/Bottom/Pool Bottom (43)	Pool Bottom 1x1	(-3.000, -1.787, 26.500)	Center: (-2.50, -1.84, 26.00), Extents: (0.50, 0.05, 0.50)
Backyard/Pool back/Pool2/Bottom/Pool Bottom (44)	Pool Bottom 1x1	(-3.000, -1.787, 25.500)	Center: (-2.50, -1.84, 25.00), Extents: (0.50, 0.05, 0.50)
Backyard/Pool back/Pool2/Bottom/Pool Bottom (51)	Pool Bottom 1x1	(-12.000, -1.787, 26.500)	Center: (-11.50, -1.84, 26.00), Extents: (0.50, 0.05, 0.50)
Backyard/Pool back/Pool2/Bottom/Pool Bottom (52)	Pool Bottom 1x1	(-13.000, -1.787, 26.500)	Center: (-12.50, -1.84, 26.00), Extents: (0.50, 0.05, 0.50)
Backyard/Pool back/Pool2/Bottom/Pool Bottom (53)	Pool Bottom 1x1	(-12.000, -1.787, 27.500)	Center: (-11.50, -1.84, 27.00), Extents: (0.50, 0.05, 0.50)
Backyard/Pool back/Pool2/Bottom/Pool Bottom (54)	Pool Bottom 1x1	(-13.000, -1.787, 27.500)	Center: (-12.50, -1.84, 27.00), Extents: (0.50, 0.05, 0.50)
Backyard/Pool back/Pool2/Bottom/Pool Bottom (55)	Pool Bottom 1x1	(-11.000, -1.787, 29.500)	Center: (-10.50, -1.84, 29.00), Extents: (0.50, 0.05, 0.50)
Backyard/Pool back/Pool2/Bottom/Pool Bottom (56)	Pool Bottom 1x1	(-10.000, -1.787, 29.500)	Center: (-9.50, -1.84, 29.00), Extents: (0.50, 0.05, 0.50)
Backyard/Pool back/Pool2/Bottom/Pool Bottom (57)	Pool Bottom 1x1	(-9.000, -1.787, 29.500)	Center: (-8.50, -1.84, 29.00), Extents: (0.50, 0.05, 0.50)
Backyard/Pool back/Pool2/Bottom/Pool Bottom (58)	Pool Bottom 1x1	(-8.000, -1.787, 29.500)	Center: (-7.50, -1.84, 29.00), Extents: (0.50, 0.05, 0.50)
Backyard/Pool back/Pool2/Bottom/Pool Bottom (59)	Pool Bottom 1x1	(-7.000, -1.787, 29.500)	Center: (-6.50, -1.84, 29.00), Extents: (0.50, 0.05, 0.50)
Backyard/Pool back/Pool2/Bottom/Pool Bottom (60)	Pool Bottom 1x1	(-6.000, -1.787, 29.500)	Center: (-5.50, -1.84, 29.00), Extents: (0.50, 0.05, 0.50)
Backyard/Pool back/Pool2/Bottom/Pool Bottom (61)	Pool Bottom 1x1	(-5.000, -1.787, 29.500)	Center: (-4.50, -1.84, 29.00), Extents: (0.50, 0.05, 0.50)
Backyard/Pool back/Pool2/Bottom/Pool Bottom (62)	Pool Bottom 1x1	(-4.000, -1.787, 29.500)	Center: (-3.50, -1.84, 29.00), Extents: (0.50, 0.05, 0.50)
Backyard/Pool back/Pool2/Floor/Floor 2x2	Floor 2x2	(0.000, -0.750, 21.500)	Center: (0.00, -0.25, 21.50), Extents: (1.00, 0.50, 1.00)
Backyard/Pool back/Pool2/Floor/Floor 2x2 (1)	Floor 2x2	(0.000, -0.750, 29.500)	Center: (0.00, -0.25, 29.50), Extents: (1.00, 0.50, 1.00)
Backyard/Pool back/Pool2/Floor/Floor 2x2 (2)	Floor 2x2	(0.000, -0.750, 23.500)	Center: (0.00, -0.25, 23.50), Extents: (1.00, 0.50, 1.00)
Backyard/Pool back/Pool2/Floor/Floor 2x2 (3)	Floor 2x2	(-2.000, -0.750, 21.500)	Center: (-2.00, -0.25, 21.50), Extents: (1.00, 0.50, 1.00)
Backyard/Pool back/Pool2/Floor/Floor 2x2 (4)	Floor 2x2	(-4.000, -0.750, 21.500)	Center: (-4.00, -0.25, 21.50), Extents: (1.00, 0.50, 1.00)
Backyard/Pool back/Pool2/Floor/Floor 2x2 (5)	Floor 2x2	(-6.000, -0.750, 21.500)	Center: (-6.00, -0.25, 21.50), Extents: (1.00, 0.50, 1.00)
Backyard/Pool back/Pool2/Floor/Floor 2x2 (6)	Floor 2x2	(-8.000, -0.750, 21.500)	Center: (-8.00, -0.25, 21.50), Extents: (1.00, 0.50, 1.00)
Backyard/Pool back/Pool2/Floor/Floor 2x2 (7)	Floor 2x2	(-10.000, -0.750, 21.500)	Center: (-10.00, -0.25, 21.50), Extents: (1.00, 0.50, 1.00)
Backyard/Pool back/Pool2/Floor/Floor 2x2 (8)	Floor 2x2	(-11.750, -0.750, 21.500)	Center: (-11.75, -0.25, 21.50), Extents: (0.75, 0.50, 1.00)
Backyard/Pool back/Pool2/Floor/Floor 2x2 side	Floor 2x2 side	(-13.500, -0.750, 21.500)	Center: (-13.50, -0.25, 21.50), Extents: (1.00, 0.50, 1.00)
Backyard/Pool back/Pool2/Floor/Floor 1x1 side	Floor 1x1 side	(-14.500, -0.750, 23.000)	Center: (-14.50, -0.25, 23.00), Extents: (0.50, 0.50, 0.50)
Backyard/Pool back/Pool2/Floor/Floor 1x1 side (1)	Floor 1x1 side	(-14.500, -0.750, 24.000)	Center: (-14.50, -0.25, 24.00), Extents: (0.50, 0.50, 0.50)
Backyard/Pool back/Pool2/Floor/Floor 1x1 side (2)	Floor 1x1 side	(-14.500, -0.750, 25.000)	Center: (-14.50, -0.25, 25.00), Extents: (0.50, 0.50, 0.50)
Backyard/Pool back/Pool2/Floor/Floor 1x1 side (3)	Floor 1x1 side	(-14.500, -0.750, 26.000)	Center: (-14.50, -0.25, 26.00), Extents: (0.50, 0.50, 0.50)
Backyard/Pool back/Pool2/Floor/Floor 1x1 side (4)	Floor 1x1 side	(-14.500, -0.750, 27.000)	Center: (-14.50, -0.25, 27.00), Extents: (0.50, 0.50, 0.50)
Backyard/Pool back/Pool2/Floor/Floor 1x1 side (5)	Floor 1x1 side	(-14.500, -0.750, 28.000)	Center: (-14.50, -0.25, 28.00), Extents: (0.50, 0.50, 0.50)
Backyard/Pool back/Pool2/Floor/Floor 1x1 side (6)	Floor 1x1 side	(-14.500, -0.750, 29.000)	Center: (-14.50, -0.25, 29.00), Extents: (0.50, 0.50, 0.50)
Backyard/Pool back/Pool2/Floor/Floor 1x1 side (7)	Floor 1x1 side	(-14.500, -0.750, 30.000)	Center: (-14.50, -0.25, 30.00), Extents: (0.50, 0.50, 0.50)
Backyard/Pool back/Pool2/Swimming Pool Steps	Swimming Pool Steps	(0.000, -0.750, 26.500)	Center: (0.00, -0.25, 26.50), Extents: (1.50, 0.50, 2.00)
Backyard/Pool back/Pool2/Swimming Pool Steps/Swimming Pool Steps Floor	Swimming Pool Steps Floor	(0.000, -0.750, 26.500)	Center: (-0.48, -0.24, 26.50), Extents: (1.03, 0.51, 2.00)
Backyard/Pool back/Pool2/Swimming Pool Steps/pool straight side	pool straight side	(-1.000, -0.750, 26.500)	Center: (-1.50, -1.25, 26.00), Extents: (0.01, 0.50, 0.50)
Backyard/Pool back/Pool2/Swimming Pool Steps/pool straight side (1)	pool straight side	(-1.000, -0.750, 25.500)	Center: (-1.50, -1.25, 25.00), Extents: (0.01, 0.50, 0.50)
Backyard/Pool back/Pool2/Swimming Pool Steps/pool straight side (2)	pool straight side	(-1.000, -0.750, 27.500)	Center: (-1.50, -1.25, 27.00), Extents: (0.01, 0.50, 0.50)
Backyard/Pool back/Pool2/Swimming Pool Steps/pool straight side (3)	pool straight side	(-1.000, -0.750, 28.500)	Center: (-1.50, -1.25, 28.00), Extents: (0.01, 0.50, 0.50)
Backyard/Pool back/Pool2/pool straight top	pool straight top	(-14.000, 0.250, 26.500)	Center: (-13.75, -0.24, 27.00), Extents: (0.25, 0.51, 0.50)
Backyard/Pool back/Pool2/pool straight top/pool straight side	pool straight side	(-14.000, -0.750, 26.500)	Center: (-13.51, -1.25, 27.00), Extents: (0.01, 0.50, 0.50)
Backyard/Pool back/Pool2/pool straight top/Pool Bottom side	Pool Bottom side	(-13.500, -1.750, 26.500)	Center: (-13.25, -1.82, 27.00), Extents: (0.26, 0.07, 0.50)
Backyard/Pool back/Pool2/pool straight top (6)	pool straight top	(-11.000, 0.250, 30.500)	Center: (-10.50, -0.24, 30.25), Extents: (0.50, 0.51, 0.25)
Backyard/Pool back/Pool2/pool straight top (6)/Pool Bottom side	Pool Bottom side	(-11.000, -1.750, 30.000)	Center: (-10.50, -1.82, 29.75), Extents: (0.50, 0.07, 0.26)
Backyard/Pool back/Pool2/pool straight top (6)/pool straight side	pool straight side	(-11.000, -0.750, 30.500)	Center: (-10.50, -1.25, 30.01), Extents: (0.50, 0.50, 0.01)
Backyard/Pool back/Pool2/pool corner top 3x3	pool corner top 3x3	(-14.000, 0.250, 27.500)	Center: (-12.50, -0.24, 29.00), Extents: (1.50, 0.51, 1.50)
Backyard/Pool back/Pool2/pool corner top 3x3/pool corner top 3x3.001	pool corner top 3x3.001	(-14.000, 0.250, 27.500)	Center: (-12.50, -0.25, 29.00), Extents: (1.50, 0.50, 1.50)
Backyard/Pool back/Pool2/pool corner top 3x3/pool corner side 3x3	pool corner side 3x3	(-14.000, -0.750, 27.500)	Center: (-12.25, -1.25, 28.76), Extents: (1.25, 0.50, 1.26)
Backyard/Pool back/Pool2/pool corner top 3x3/pool corner bottom 3x3	pool corner bottom 3x3	(-14.000, -1.734, 27.500)	Center: (-12.25, -1.79, 28.76), Extents: (1.25, 0.06, 1.26)
Backyard/Pool back/Pool2/pool corner top 2x2	pool corner top 2x2	(-1.000, 0.250, 24.500)	Center: (-2.00, -0.23, 23.51), Extents: (1.00, 0.51, 1.00)
Backyard/Pool back/Pool2/pool corner top 2x2/pool corner top 2x2.001	pool corner top 2x2.001	(-1.000, 0.250, 24.500)	Center: (-2.00, -0.24, 23.51), Extents: (1.00, 0.50, 1.00)
Backyard/Pool back/Pool2/pool corner top 2x2/pool corner side 2x2	pool corner side 2x2	(-1.000, -0.750, 24.500)	Center: (-2.25, -1.25, 23.75), Extents: (0.75, 0.50, 0.75)
Backyard/Pool back/Pool2/pool corner top 2x2/pool corner bottom 2x2	pool corner bottom 2x2	(-1.000, -1.750, 24.500)	Center: (-2.25, -1.81, 23.75), Extents: (0.75, 0.06, 0.75)
Backyard/Pool back/Pool2/pool straight top (18)	pool straight top	(-14.000, 0.250, 25.500)	Center: (-13.75, -0.24, 26.00), Extents: (0.25, 0.51, 0.50)
Backyard/Pool back/Pool2/pool straight top (18)/pool straight side	pool straight side	(-14.000, -0.750, 25.500)	Center: (-13.51, -1.25, 26.00), Extents: (0.01, 0.50, 0.50)
Backyard/Pool back/Pool2/pool straight top (18)/Pool Bottom side (1)	Pool Bottom side	(-13.500, -1.750, 25.500)	Center: (-13.25, -1.82, 26.00), Extents: (0.26, 0.07, 0.50)
Backyard/Pool back/Pool2/pool corner top 3x3 (1)	pool corner top 3x3	(-11.000, 0.259, 22.500)	Center: (-12.50, -0.23, 24.00), Extents: (1.50, 0.51, 1.50)
Backyard/Pool back/Pool2/pool corner top 3x3 (1)/pool corner top 3x3.001	pool corner top 3x3.001	(-11.000, 0.259, 22.500)	Center: (-12.50, -0.24, 24.00), Extents: (1.50, 0.50, 1.50)
Backyard/Pool back/Pool2/pool corner top 3x3 (1)/pool corner side 3x3	pool corner side 3x3	(-11.000, -0.741, 22.500)	Center: (-12.26, -1.24, 24.25), Extents: (1.26, 0.50, 1.25)
Backyard/Pool back/Pool2/pool corner top 3x3 (1)/pool corner bottom 3x3	pool corner bottom 3x3	(-11.000, -1.744, 22.500)	Center: (-12.26, -1.80, 24.25), Extents: (1.26, 0.06, 1.25)
Backyard/Pool back/Pool2/pool corner top 2x2 (1)	pool corner top 2x2	(-3.000, 0.250, 30.500)	Center: (-2.01, -0.23, 29.50), Extents: (1.00, 0.51, 1.00)
Backyard/Pool back/Pool2/pool corner top 2x2 (1)/pool corner top 2x2.001	pool corner top 2x2.001	(-3.000, 0.250, 30.500)	Center: (-2.01, -0.24, 29.50), Extents: (1.00, 0.50, 1.00)
Backyard/Pool back/Pool2/pool corner top 2x2 (1)/pool corner side 2x2	pool corner side 2x2	(-3.000, -0.750, 30.500)	Center: (-2.25, -1.25, 29.25), Extents: (0.75, 0.50, 0.75)
Backyard/Pool back/Pool2/pool corner top 2x2 (1)/pool corner bottom 2x2	pool corner bottom 2x2	(-3.000, -1.756, 30.500)	Center: (-2.25, -1.82, 29.25), Extents: (0.75, 0.06, 0.75)
Backyard/Pool back/Pool2/mv_pool_ladder	pool ladder	(-6.000, 0.284, 22.874)	Center: (-6.00, 0.10, 23.01), Extents: (0.29, 0.75, 0.18)
Backyard/Pool back/Pool2/mv_pool_shower	shower	(-8.500, 0.250, 22.385)	Center: (-8.50, 1.16, 23.04), Extents: (0.31, 0.92, 0.97)
Backyard/Pool back/Pool2/pool slide	pool slide	(-1.500, -1.813, 26.500)	Center: (-2.00, -1.65, 26.00), Extents: (0.50, 0.17, 0.50)
Backyard/Pool back/Pool2/pool slide (1)	pool slide	(-1.500, -1.813, 27.500)	Center: (-2.00, -1.65, 27.00), Extents: (0.50, 0.17, 0.50)
Backyard/Pool back/Pool2/pool slide (2)	pool slide	(-1.500, -1.813, 28.500)	Center: (-2.00, -1.65, 28.00), Extents: (0.50, 0.17, 0.50)
Backyard/Pool back/Pool2/pool slide (3)	pool slide	(-1.500, -1.813, 25.500)	Center: (-2.00, -1.65, 25.00), Extents: (0.50, 0.17, 0.50)
Backyard/Pool back/Pool2/mv_pool_light	floor light	(-3.000, -1.822, 28.000)	Center: (-3.00, -1.80, 28.00), Extents: (0.07, 0.03, 0.07)
Backyard/Pool back/Pool2/mv_pool_light (1)	floor light	(-3.000, -1.822, 24.750)	Center: (-3.00, -1.80, 24.75), Extents: (0.07, 0.03, 0.07)
Backyard/Pool back/Pool2/mv_pool_light (2)	floor light	(-7.500, -1.822, 28.000)	Center: (-7.50, -1.80, 28.00), Extents: (0.07, 0.03, 0.07)
Backyard/Pool back/Pool2/mv_pool_light (3)	floor light	(-7.500, -1.822, 24.750)	Center: (-7.50, -1.80, 24.75), Extents: (0.07, 0.03, 0.07)
Backyard/Pool back/Pool2/mv_pool_light (4)	floor light	(-12.250, -1.828, 28.000)	Center: (-12.25, -1.80, 28.00), Extents: (0.07, 0.03, 0.07)
Backyard/Pool back/Pool2/mv_pool_light (5)	floor light	(-12.250, -1.833, 24.750)	Center: (-12.25, -1.81, 24.75), Extents: (0.07, 0.03, 0.07)
Backyard/Pool back/Pool2/pool straight top (7)	pool straight top	(-10.000, 0.250, 30.500)	Center: (-9.50, -0.24, 30.25), Extents: (0.50, 0.51, 0.25)
Backyard/Pool back/Pool2/pool straight top (7)/Pool Bottom side	Pool Bottom side	(-10.000, -1.750, 30.000)	Center: (-9.50, -1.82, 29.75), Extents: (0.50, 0.07, 0.26)
Backyard/Pool back/Pool2/pool straight top (7)/pool straight side	pool straight side	(-10.000, -0.750, 30.500)	Center: (-9.50, -1.25, 30.01), Extents: (0.50, 0.50, 0.01)
Backyard/Pool back/Pool2/pool straight top (8)	pool straight top	(-9.010, 0.250, 30.510)	Center: (-8.51, -0.24, 30.26), Extents: (0.50, 0.51, 0.25)
Backyard/Pool back/Pool2/pool straight top (8)/Pool Bottom side	Pool Bottom side	(-9.010, -1.750, 30.010)	Center: (-8.51, -1.82, 29.76), Extents: (0.50, 0.07, 0.26)
Backyard/Pool back/Pool2/pool straight top (8)/pool straight side	pool straight side	(-9.010, -0.750, 30.510)	Center: (-8.51, -1.25, 30.02), Extents: (0.50, 0.50, 0.01)
Backyard/Pool back/Pool2/pool straight top (9)	pool straight top	(-8.010, 0.250, 30.510)	Center: (-7.51, -0.24, 30.26), Extents: (0.50, 0.51, 0.25)
Backyard/Pool back/Pool2/pool straight top (9)/Pool Bottom side	Pool Bottom side	(-8.010, -1.750, 30.010)	Center: (-7.51, -1.82, 29.76), Extents: (0.50, 0.07, 0.26)
Backyard/Pool back/Pool2/pool straight top (9)/pool straight side	pool straight side	(-8.010, -0.750, 30.510)	Center: (-7.51, -1.25, 30.02), Extents: (0.50, 0.50, 0.01)
Backyard/Pool back/Pool2/pool straight top (10)	pool straight top	(-7.010, 0.250, 30.510)	Center: (-6.51, -0.24, 30.26), Extents: (0.50, 0.51, 0.25)
Backyard/Pool back/Pool2/pool straight top (10)/Pool Bottom side	Pool Bottom side	(-7.010, -1.750, 30.010)	Center: (-6.51, -1.82, 29.76), Extents: (0.50, 0.07, 0.26)
Backyard/Pool back/Pool2/pool straight top (10)/pool straight side	pool straight side	(-7.010, -0.750, 30.510)	Center: (-6.51, -1.25, 30.02), Extents: (0.50, 0.50, 0.01)
Backyard/Pool back/Pool2/pool straight top (11)	pool straight top	(-6.010, 0.250, 30.510)	Center: (-5.51, -0.24, 30.26), Extents: (0.50, 0.51, 0.25)
Backyard/Pool back/Pool2/pool straight top (11)/Pool Bottom side	Pool Bottom side	(-6.010, -1.750, 30.010)	Center: (-5.51, -1.82, 29.76), Extents: (0.50, 0.07, 0.26)
Backyard/Pool back/Pool2/pool straight top (11)/pool straight side	pool straight side	(-6.010, -0.750, 30.510)	Center: (-5.51, -1.25, 30.02), Extents: (0.50, 0.50, 0.01)
Backyard/Pool back/Pool2/pool straight top (12)	pool straight top	(-5.010, 0.250, 30.510)	Center: (-4.51, -0.24, 30.26), Extents: (0.50, 0.51, 0.25)
Backyard/Pool back/Pool2/pool straight top (12)/Pool Bottom side	Pool Bottom side	(-5.010, -1.750, 30.010)	Center: (-4.51, -1.82, 29.76), Extents: (0.50, 0.07, 0.26)
Backyard/Pool back/Pool2/pool straight top (12)/pool straight side	pool straight side	(-5.010, -0.750, 30.510)	Center: (-4.51, -1.25, 30.02), Extents: (0.50, 0.50, 0.01)
Backyard/Pool back/Pool2/pool straight top (13)	pool straight top	(-4.010, 0.250, 30.510)	Center: (-3.51, -0.24, 30.26), Extents: (0.50, 0.51, 0.25)
Backyard/Pool back/Pool2/pool straight top (13)/Pool Bottom side	Pool Bottom side	(-4.010, -1.750, 30.010)	Center: (-3.51, -1.82, 29.76), Extents: (0.50, 0.07, 0.26)
Backyard/Pool back/Pool2/pool straight top (13)/pool straight side	pool straight side	(-4.010, -0.750, 30.510)	Center: (-3.51, -1.25, 30.02), Extents: (0.50, 0.50, 0.01)
Backyard/Pool back/Pool2/pool straight top (14)	pool straight top	(-9.990, 0.250, 22.500)	Center: (-10.49, -0.24, 22.75), Extents: (0.50, 0.51, 0.25)
Backyard/Pool back/Pool2/pool straight top (14)/Pool Bottom side	Pool Bottom side	(-9.990, -1.750, 23.000)	Center: (-10.49, -1.82, 23.26), Extents: (0.50, 0.07, 0.26)
Backyard/Pool back/Pool2/pool straight top (14)/pool straight side	pool straight side	(-9.990, -0.750, 22.500)	Center: (-10.49, -1.25, 23.00), Extents: (0.50, 0.50, 0.01)
Backyard/Pool back/Pool2/pool straight top (15)	pool straight top	(-8.990, 0.250, 22.500)	Center: (-9.49, -0.24, 22.75), Extents: (0.50, 0.51, 0.25)
Backyard/Pool back/Pool2/pool straight top (15)/Pool Bottom side	Pool Bottom side	(-8.990, -1.750, 23.000)	Center: (-9.49, -1.82, 23.26), Extents: (0.50, 0.07, 0.26)
Backyard/Pool back/Pool2/pool straight top (15)/pool straight side	pool straight side	(-8.990, -0.750, 22.500)	Center: (-9.49, -1.25, 23.00), Extents: (0.50, 0.50, 0.01)
Backyard/Pool back/Pool2/pool straight top (16)	pool straight top	(-8.000, 0.250, 22.500)	Center: (-8.50, -0.24, 22.75), Extents: (0.50, 0.51, 0.25)
Backyard/Pool back/Pool2/pool straight top (16)/Pool Bottom side	Pool Bottom side	(-8.000, -1.750, 23.000)	Center: (-8.50, -1.82, 23.26), Extents: (0.50, 0.07, 0.26)
Backyard/Pool back/Pool2/pool straight top (16)/pool straight side	pool straight side	(-8.000, -0.750, 22.500)	Center: (-8.50, -1.25, 23.00), Extents: (0.50, 0.50, 0.01)
Backyard/Pool back/Pool2/pool straight top (17)	pool straight top	(-7.000, 0.250, 22.500)	Center: (-7.50, -0.24, 22.75), Extents: (0.50, 0.51, 0.25)
Backyard/Pool back/Pool2/pool straight top (17)/Pool Bottom side	Pool Bottom side	(-7.000, -1.750, 23.000)	Center: (-7.50, -1.82, 23.26), Extents: (0.50, 0.07, 0.26)
Backyard/Pool back/Pool2/pool straight top (17)/pool straight side	pool straight side	(-7.000, -0.750, 22.500)	Center: (-7.50, -1.25, 23.00), Extents: (0.50, 0.50, 0.01)
Backyard/Pool back/Pool2/pool straight top (19)	pool straight top	(-4.000, 0.250, 22.500)	Center: (-4.50, -0.24, 22.75), Extents: (0.50, 0.51, 0.25)
Backyard/Pool back/Pool2/pool straight top (19)/Pool Bottom side	Pool Bottom side	(-4.000, -1.750, 23.000)	Center: (-4.50, -1.82, 23.26), Extents: (0.50, 0.07, 0.26)
Backyard/Pool back/Pool2/pool straight top (19)/pool straight side	pool straight side	(-4.000, -0.750, 22.500)	Center: (-4.50, -1.25, 23.00), Extents: (0.50, 0.50, 0.01)
Backyard/Pool back/Pool2/pool straight top (20)	pool straight top	(-6.000, 0.250, 22.500)	Center: (-6.50, -0.24, 22.75), Extents: (0.50, 0.51, 0.25)
Backyard/Pool back/Pool2/pool straight top (20)/Pool Bottom side	Pool Bottom side	(-6.000, -1.750, 23.000)	Center: (-6.50, -1.82, 23.26), Extents: (0.50, 0.07, 0.26)
Backyard/Pool back/Pool2/pool straight top (20)/pool straight side	pool straight side	(-6.000, -0.750, 22.500)	Center: (-6.50, -1.25, 23.00), Extents: (0.50, 0.50, 0.01)
Backyard/Pool back/Pool2/pool straight top (21)	pool straight top	(-5.000, 0.250, 22.500)	Center: (-5.50, -0.24, 22.75), Extents: (0.50, 0.51, 0.25)
Backyard/Pool back/Pool2/pool straight top (21)/Pool Bottom side	Pool Bottom side	(-5.000, -1.750, 23.000)	Center: (-5.50, -1.82, 23.26), Extents: (0.50, 0.07, 0.26)
Backyard/Pool back/Pool2/pool straight top (21)/pool straight side	pool straight side	(-5.000, -0.750, 22.500)	Center: (-5.50, -1.25, 23.00), Extents: (0.50, 0.50, 0.01)
Backyard/Pool back/Pool2/pool straight top (22)	pool straight top	(-3.000, 0.250, 22.500)	Center: (-3.50, -0.24, 22.75), Extents: (0.50, 0.51, 0.25)
Backyard/Pool back/Pool2/pool straight top (22)/Pool Bottom side	Pool Bottom side	(-3.000, -1.750, 23.000)	Center: (-3.50, -1.82, 23.26), Extents: (0.50, 0.07, 0.26)
Backyard/Pool back/Pool2/pool straight top (22)/pool straight side	pool straight side	(-3.000, -0.750, 22.500)	Center: (-3.50, -1.25, 23.00), Extents: (0.50, 0.50, 0.01)
Backyard/Pool back/Pool2/Pool stair lower connection/Pool lower step 1	Step Block	(-1.650, -1.800, 26.500)	Center: (-1.65, -1.15, 26.50), Extents: (0.15, 0.65, 1.70)
Backyard/Pool back/Pool2/Pool stair lower connection/Pool lower step 2	Step Block	(-1.950, -1.800, 26.500)	Center: (-1.95, -1.24, 26.50), Extents: (0.15, 0.56, 1.70)
Backyard/Pool back/Pool2/Pool stair lower connection/Pool lower step 3	Step Block	(-2.250, -1.800, 26.500)	Center: (-2.25, -1.34, 26.50), Extents: (0.15, 0.46, 1.70)
Backyard/Pool back/Pool2/Pool stair lower connection/Pool lower step 4	Step Block	(-2.550, -1.800, 26.500)	Center: (-2.55, -1.43, 26.50), Extents: (0.15, 0.37, 1.70)
Backyard/Pool back/Pool2/Pool stair lower connection/Pool lower step 5	Step Block	(-2.850, -1.800, 26.500)	Center: (-2.85, -1.52, 26.50), Extents: (0.15, 0.28, 1.70)
Backyard/Pool back/Pool2/Pool stair lower connection/Pool lower step 6	Step Block	(-3.150, -1.800, 26.500)	Center: (-3.15, -1.61, 26.50), Extents: (0.15, 0.19, 1.70)
Backyard/Pool back/Pool2/Pool stair lower connection/Pool lower step 7	Step Block	(-3.450, -1.800, 26.500)	Center: (-3.45, -1.71, 26.50), Extents: (0.15, 0.09, 1.70)
Backyard/Pool back/objects/mv_pool_light	floor light	(-0.563, 0.113, 24.165)	Center: (-0.56, 0.14, 24.17), Extents: (0.07, 0.03, 0.07)
Backyard/Pool back/objects/mv_pool_light (1)	floor light	(-0.563, 0.113, 28.608)	Center: (-0.56, 0.14, 28.61), Extents: (0.07, 0.03, 0.07)
Backyard/Pool back/objects/mv_pool_light (2)	floor light	(-13.750, 0.113, 23.320)	Center: (-13.75, 0.14, 23.32), Extents: (0.07, 0.03, 0.07)
Backyard/Pool back/objects/mv_pool_light (3)	floor light	(-13.433, 0.113, 29.441)	Center: (-13.43, 0.14, 29.44), Extents: (0.07, 0.03, 0.07)
Backyard/Floor 2/objects/mv_step_block	Step Block	(2.071, 0.000, 11.631)	Center: (2.07, 0.10, 11.63), Extents: (0.50, 0.10, 0.15)
Backyard/Floor 2/objects/mv_step_block (1)	Step Block	(2.071, 0.130, 11.355)	Center: (2.07, 0.23, 11.36), Extents: (0.50, 0.10, 0.15)
Backyard/Floor 2/objects/mv_step_block (2)	Step Block	(2.071, 0.284, 11.105)	Center: (2.07, 0.38, 11.11), Extents: (0.50, 0.10, 0.15)
Backyard/Floor 2/objects/mv_step_block (3)	Step Block	(2.071, 0.455, 10.881)	Center: (2.07, 0.55, 10.88), Extents: (0.50, 0.10, 0.15)
Backyard/Floor 2/objects/mv_step_block (4)	Step Block	(1.071, 0.000, 11.631)	Center: (1.07, 0.10, 11.63), Extents: (0.50, 0.10, 0.15)
Backyard/Floor 2/objects/mv_step_block (5)	Step Block	(1.071, 0.130, 11.355)	Center: (1.07, 0.23, 11.36), Extents: (0.50, 0.10, 0.15)
Backyard/Floor 2/objects/mv_step_block (6)	Step Block	(1.071, 0.284, 11.105)	Center: (1.07, 0.38, 11.11), Extents: (0.50, 0.10, 0.15)
Backyard/Floor 2/objects/mv_step_block (7)	Step Block	(1.071, 0.455, 10.881)	Center: (1.07, 0.55, 10.88), Extents: (0.50, 0.10, 0.15)
Backyard/Floor 2/objects/stonebox high	stonebox high	(0.315, 0.250, 11.250)	Center: (0.31, 0.50, 11.25), Extents: (0.25, 0.25, 0.50)
Backyard/Floor 2/objects/stonebox high/Shrub/Shrub_LOD0	Shrub_LOD0	(0.277, 0.750, 11.235)	Center: (0.29, 0.99, 11.22), Extents: (0.52, 0.24, 0.55)
Backyard/Floor 2/objects/stonebox high/Shrub/Shrub_LOD1	Shrub_LOD1	(0.277, 0.750, 11.235)	Center: (0.29, 0.99, 11.22), Extents: (0.52, 0.24, 0.55)
Backyard/Floor 2/objects/stonebox large	stonebox large	(1.000, 0.250, 16.250)	Center: (1.00, 0.37, 16.25), Extents: (2.00, 0.13, 1.00)
Backyard/Floor 2/objects/stonebox large/VasePalmSmall	vase palm small	(1.910, 0.250, 16.250)	Center: (1.85, 1.29, 16.28), Extents: (1.03, 1.04, 1.06)
Backyard/Floor 2/objects/stonebox large/VasePalmSmall (1)	vase palm small	(0.020, 0.250, 16.250)	Center: (-0.05, 1.45, 16.22), Extents: (1.70, 1.20, 1.70)
Backyard/Floor 2/objects/Seats/mv_couch_table	couch table	(-6.500, 0.260, 21.500)	Center: (-6.50, 0.46, 21.50), Extents: (0.28, 0.20, 0.28)
Backyard/Floor 2/objects/Seats/mv_couch_table/tablet	tablet	(-6.500, 0.660, 21.500)	Center: (-6.50, 0.69, 21.50), Extents: (0.28, 0.03, 0.27)
Backyard/Floor 2/objects/Seats/mv_couch_table/tablet/glas	glas	(-6.455, 0.660, 21.332)	Center: (-6.46, 0.73, 21.33), Extents: (0.06, 0.07, 0.06)
Backyard/Floor 2/objects/Seats/mv_couch_table/tablet/glas/juice	juice	(-6.455, 0.730, 21.332)	Center: (-6.46, 0.72, 21.33), Extents: (0.06, 0.05, 0.06)
Backyard/Floor 2/objects/Seats/mv_couch_table/tablet/napkin	napkin	(-6.627, 0.673, 21.523)	Center: (-6.63, 0.69, 21.52), Extents: (0.10, 0.02, 0.11)
Backyard/Floor 2/objects/Seats/mv_couch_table/tablet/Small Plate/SmallPlate/SmallPlate_LOD0	SmallPlate_LOD0	(-6.443, 0.676, 21.521)	Center: (-6.44, 0.68, 21.52), Extents: (0.12, 0.01, 0.12)
Backyard/Floor 2/objects/Seats/mv_couch_table/tablet/Small Plate/SmallPlate/SmallPlate_LOD1	SmallPlate_LOD1	(-6.443, 0.676, 21.521)	Center: (-6.44, 0.68, 21.52), Extents: (0.12, 0.01, 0.12)
Backyard/Floor 2/objects/Seats/mv_couch_table/tablet/Small Plate/bowl	bowl	(-6.443, 0.681, 21.521)	Center: (-6.44, 0.71, 21.52), Extents: (0.11, 0.03, 0.11)
Backyard/Floor 2/objects/Seats/mv_couch_table/tablet/Small Plate/bowl/bowl liquid	bowl liquid	(-6.443, 0.723, 21.521)	Center: (-6.44, 0.72, 21.52), Extents: (0.11, 0.01, 0.11)
Backyard/Floor 2/objects/Seats/mv_lounger	lounger	(-5.709, 0.260, 21.500)	Center: (-5.71, 0.39, 21.59), Extents: (0.35, 0.13, 1.09)
Backyard/Floor 2/objects/Seats/mv_lounger/lounger backing	lounger backing	(-5.709, 0.573, 20.604)	Center: (-5.71, 0.57, 20.60), Extents: (0.17, 0.17, 0.06)
Backyard/Floor 2/objects/Seats/mv_lounger/lounger rest	lounger rest	(-5.709, 0.444, 21.321)	Center: (-5.71, 0.66, 20.94), Extents: (0.31, 0.23, 0.43)
Backyard/Floor 2/objects/Seats/mv_grand_sunshade	stand	(-6.500, 0.260, 20.000)	Center: (-6.50, 1.38, 20.51), Extents: (0.22, 1.12, 1.02)
Backyard/Floor 2/objects/Seats/mv_grand_sunshade/shade l	shade l	(-6.494, 2.402, 21.460)	Center: (-6.49, 2.18, 21.46), Extents: (1.50, 0.23, 1.50)
Backyard/Floor 2/objects/Seats/mv_lounger (1)	lounger	(-7.409, 0.260, 21.500)	Center: (-7.41, 0.39, 21.59), Extents: (0.35, 0.13, 1.09)
Backyard/Floor 2/objects/Seats/mv_lounger (1)/lounger backing	lounger backing	(-7.409, 0.573, 20.604)	Center: (-7.41, 0.57, 20.60), Extents: (0.17, 0.17, 0.06)
Backyard/Floor 2/objects/Seats/mv_lounger (1)/lounger rest	lounger rest	(-7.409, 0.444, 21.321)	Center: (-7.41, 0.66, 20.94), Extents: (0.31, 0.23, 0.43)
Backyard/Floor 2/objects/Seats (1)/mv_lounger	lounger	(2.074, 0.260, 26.474)	Center: (2.01, 0.39, 26.41), Extents: (1.02, 0.13, 1.02)
Backyard/Floor 2/objects/Seats (1)/mv_lounger/lounger backing	lounger backing	(2.713, 0.573, 27.103)	Center: (2.71, 0.57, 27.10), Extents: (0.16, 0.17, 0.16)
Backyard/Floor 2/objects/Seats (1)/mv_lounger/lounger rest	lounger rest	(2.201, 0.444, 26.600)	Center: (2.47, 0.66, 26.87), Extents: (0.52, 0.23, 0.52)
Backyard/Floor 2/objects/Seats (1)/mv_lounger (1)	lounger	(3.126, 0.260, 25.406)	Center: (3.07, 0.39, 25.35), Extents: (1.02, 0.13, 1.02)
Backyard/Floor 2/objects/Seats (1)/mv_lounger (1)/lounger backing	lounger backing	(3.765, 0.573, 26.034)	Center: (3.76, 0.57, 26.03), Extents: (0.16, 0.17, 0.16)
Backyard/Floor 2/objects/Seats (1)/mv_lounger (1)/lounger rest	lounger rest	(3.253, 0.444, 25.531)	Center: (3.53, 0.66, 25.80), Extents: (0.52, 0.23, 0.52)
Backyard/Floor 2/objects/Seats (1)/mv_couch_table	couch table	(2.600, 0.260, 25.940)	Center: (2.60, 0.46, 25.94), Extents: (0.39, 0.20, 0.39)
Backyard/Floor 2/objects/Seats (1)/mv_couch_table/tablet	tablet	(2.600, 0.660, 25.940)	Center: (2.60, 0.69, 25.94), Extents: (0.21, 0.03, 0.24)
Backyard/Floor 2/objects/Seats (1)/mv_couch_table/tablet/glas	glas	(2.688, 0.660, 26.090)	Center: (2.69, 0.73, 26.09), Extents: (0.05, 0.07, 0.05)
Backyard/Floor 2/objects/Seats (1)/mv_couch_table/tablet/glas/juice	juice	(2.688, 0.730, 26.090)	Center: (2.69, 0.72, 26.09), Extents: (0.05, 0.05, 0.05)
Backyard/Floor 2/objects/Seats (1)/mv_couch_table/tablet/napkin	napkin	(2.673, 0.660, 25.833)	Center: (2.67, 0.68, 25.83), Extents: (0.11, 0.02, 0.06)
Backyard/Floor 2/objects/Seats (1)/mv_couch_table/tablet/Small Plate/SmallPlate/SmallPlate_LOD0	SmallPlate_LOD0	(2.545, 0.676, 25.966)	Center: (2.55, 0.68, 25.97), Extents: (0.10, 0.01, 0.10)
Backyard/Floor 2/objects/Seats (1)/mv_couch_table/tablet/Small Plate/SmallPlate/SmallPlate_LOD1	SmallPlate_LOD1	(2.545, 0.676, 25.966)	Center: (2.55, 0.68, 25.97), Extents: (0.10, 0.01, 0.10)
Backyard/Floor 2/objects/Seats (1)/mv_couch_table/tablet/Small Plate/bowl	bowl	(2.545, 0.681, 25.966)	Center: (2.55, 0.71, 25.97), Extents: (0.09, 0.03, 0.09)
Backyard/Floor 2/objects/Seats (1)/mv_couch_table/tablet/Small Plate/bowl/bowl liquid	bowl liquid	(2.545, 0.723, 25.966)	Center: (2.55, 0.72, 25.97), Extents: (0.09, 0.01, 0.09)
Backyard/Floor 2/objects/Seats (1)/mv_grand_sunshade	stand	(3.669, 0.260, 26.992)	Center: (3.31, 1.38, 26.64), Extents: (0.88, 1.12, 0.87)
Backyard/Floor 2/objects/Seats (1)/mv_grand_sunshade/shade l	shade l	(2.624, 2.402, 25.973)	Center: (2.62, 2.18, 25.97), Extents: (2.13, 0.23, 2.13)
Backyard/Floor 2/objects/XL stonebox	XL stonebox	(-6.000, 0.250, 16.250)	Center: (-6.00, 0.43, 16.25), Extents: (3.00, 0.18, 1.00)
Backyard/Floor 2/objects/XL stonebox/glas railing 2m	glas railing 2m	(-4.050, 0.523, 17.130)	Center: (-4.05, 0.58, 17.13), Extents: (1.00, 0.06, 0.03)
Backyard/Floor 2/objects/XL stonebox/glas railing 2m/window 2m	window 2m	(-4.050, 1.180, 17.130)	Center: (-4.05, 1.18, 17.13), Extents: (0.99, 0.54, 0.01)
Backyard/Floor 2/objects/XL stonebox/glas railing 2m (1)	glas railing 2m	(-7.942, 0.523, 17.130)	Center: (-7.94, 0.58, 17.13), Extents: (1.00, 0.06, 0.03)
Backyard/Floor 2/objects/XL stonebox/glas railing 2m (1)/window 2m	window 2m	(-7.942, 1.180, 17.130)	Center: (-7.94, 1.18, 17.13), Extents: (0.99, 0.54, 0.01)
Backyard/Floor 2/objects/XL stonebox/glas railing 1m	glas railing 1m	(-6.000, 0.523, 17.132)	Center: (-6.00, 0.58, 17.13), Extents: (0.50, 0.06, 0.03)
Backyard/Floor 2/objects/XL stonebox/glas railing 1m/window 1m	window 1m	(-6.000, 1.180, 17.132)	Center: (-6.00, 1.18, 17.13), Extents: (0.50, 0.54, 0.01)
Backyard/Floor 2/objects/XL stonebox/VasePalmLarge	vase palm large	(-6.000, 0.250, 16.250)	Center: (-5.88, 1.75, 15.96), Extents: (2.13, 1.50, 1.74)
Backyard/Floor 2/objects/XL stonebox/Shrub/Shrub_LOD0	Shrub_LOD0	(-3.679, 0.569, 16.250)	Center: (-3.66, 0.81, 16.23), Extents: (0.52, 0.24, 0.55)
Backyard/Floor 2/objects/XL stonebox/Shrub/Shrub_LOD1	Shrub_LOD1	(-3.679, 0.569, 16.250)	Center: (-3.66, 0.81, 16.23), Extents: (0.52, 0.24, 0.55)
Backyard/Floor 2/objects/XL stonebox/Shrub (2)/Shrub_LOD0	Shrub_LOD0	(-6.703, 0.569, 16.250)	Center: (-6.69, 0.81, 16.23), Extents: (0.52, 0.24, 0.55)
Backyard/Floor 2/objects/XL stonebox/Shrub (2)/Shrub_LOD1	Shrub_LOD1	(-6.703, 0.569, 16.250)	Center: (-6.69, 0.81, 16.23), Extents: (0.52, 0.24, 0.55)
Backyard/Floor 2/objects/XL stonebox/Shrub (1)/Shrub_LOD0	Shrub_LOD0	(-5.060, 0.569, 16.250)	Center: (-5.05, 0.81, 16.23), Extents: (0.52, 0.24, 0.55)
Backyard/Floor 2/objects/XL stonebox/Shrub (1)/Shrub_LOD1	Shrub_LOD1	(-5.060, 0.569, 16.250)	Center: (-5.05, 0.81, 16.23), Extents: (0.52, 0.24, 0.55)
Backyard/Floor 2/objects/XL stonebox/Shrub (3)/Shrub_LOD0	Shrub_LOD0	(-8.084, 0.569, 16.250)	Center: (-8.07, 0.81, 16.23), Extents: (0.52, 0.24, 0.55)
Backyard/Floor 2/objects/XL stonebox/Shrub (3)/Shrub_LOD1	Shrub_LOD1	(-8.084, 0.569, 16.250)	Center: (-8.07, 0.81, 16.23), Extents: (0.52, 0.24, 0.55)
Backyard/Floor 2/objects/stonebox large (1)	stonebox large	(-13.000, 0.250, 16.250)	Center: (-13.00, 0.38, 16.25), Extents: (2.00, 0.13, 1.00)
Backyard/Floor 2/objects/stonebox large (1)/VasePalmSmall	vase palm small	(-11.870, 0.250, 16.250)	Center: (-11.93, 1.29, 16.28), Extents: (1.03, 1.04, 1.06)
Backyard/Floor 2/objects/stonebox large (1)/VasePalmSmall (1)	vase palm small	(-13.638, 0.250, 16.250)	Center: (-13.68, 1.29, 16.19), Extents: (1.28, 1.04, 1.26)
Backyard/Floor 2/objects/GameObject/mv_firebowl/fire wood	fire wood	(0.000, 0.350, 19.339)	Center: (0.00, 0.36, 19.33), Extents: (0.13, 0.04, 0.04)
Backyard/Floor 2/objects/GameObject/mv_firebowl/Foot	Foot	(0.000, 0.250, 19.380)	Center: (0.00, 0.28, 19.38), Extents: (0.25, 0.03, 0.25)
Backyard/Floor 2/objects/GameObject/mv_firebowl/Foot/Bowl	Bowl	(0.000, 0.250, 19.380)	Center: (0.00, 0.38, 19.38), Extents: (0.40, 0.09, 0.40)
Backyard/Floor 2/objects/GameObject/mv_firebowl/fire wood (1)	fire wood	(-0.006, 0.411, 19.296)	Center: (0.00, 0.42, 19.29), Extents: (0.04, 0.09, 0.14)
Backyard/Floor 2/objects/GameObject/mv_firebowl/fire wood (2)	fire wood	(0.107, 0.439, 19.291)	Center: (0.12, 0.45, 19.29), Extents: (0.11, 0.11, 0.13)
Backyard/Floor 2/objects/GameObject/mv_firebowl/fire wood (3)	fire wood	(0.042, 0.439, 19.455)	Center: (0.04, 0.45, 19.47), Extents: (0.12, 0.13, 0.12)
Backyard/Floor 2/objects/GameObject/mv_garden_chair	garden chair	(0.837, 0.250, 18.491)	Center: (0.89, 0.69, 18.44), Extents: (0.52, 0.44, 0.52)
Backyard/Floor 2/objects/GameObject/mv_garden_chair (1)	garden chair	(-0.827, 0.250, 18.493)	Center: (-0.87, 0.69, 18.44), Extents: (0.51, 0.44, 0.51)
Backyard/Floor 2/objects/VasePalmLarge	vase palm large	(1.335, 0.250, 20.099)	Center: (1.45, 1.75, 19.81), Extents: (2.13, 1.50, 1.74)
Backyard/Floor 2/Floor 2x2	Floor 2x2	(2.000, -0.750, 11.625)	Center: (2.00, -0.25, 11.63), Extents: (1.00, 0.50, 0.88)
Backyard/Floor 2/Floor 2x2 (1)	Floor 2x2	(0.000, -0.750, 11.625)	Center: (0.00, -0.25, 11.63), Extents: (1.00, 0.50, 0.88)
Backyard/Floor 2/Floor 2x2 (2)	Floor 2x2	(-2.000, -0.750, 11.625)	Center: (-2.00, -0.25, 11.63), Extents: (1.00, 0.50, 0.88)
Backyard/Floor 2/Floor 2x2 (3)	Floor 2x2	(-4.000, -0.750, 11.625)	Center: (-4.00, -0.25, 11.63), Extents: (1.00, 0.50, 0.88)
Backyard/Floor 2/Floor 2x2 (4)	Floor 2x2	(2.000, -0.750, 13.500)	Center: (2.00, -0.25, 13.50), Extents: (1.00, 0.50, 1.00)
Backyard/Floor 2/Floor 2x2 (5)	Floor 2x2	(0.000, -0.750, 13.500)	Center: (0.00, -0.25, 13.50), Extents: (1.00, 0.50, 1.00)
Backyard/Floor 2/Floor 2x2 (6)	Floor 2x2	(-2.000, -0.750, 13.500)	Center: (-2.00, -0.25, 13.50), Extents: (1.00, 0.50, 1.00)
Backyard/Floor 2/Floor 2x2 (7)	Floor 2x2	(-4.000, -0.750, 13.500)	Center: (-4.00, -0.25, 13.50), Extents: (1.00, 0.50, 1.00)
Backyard/Floor 2/Floor 2x2 (8)	Floor 2x2	(2.000, -0.750, 15.500)	Center: (2.00, -0.25, 15.50), Extents: (1.00, 0.50, 1.00)
Backyard/Floor 2/Floor 2x2 (9)	Floor 2x2	(0.000, -0.750, 15.500)	Center: (0.00, -0.25, 15.50), Extents: (1.00, 0.50, 1.00)
Backyard/Floor 2/Floor 2x2 (10)	Floor 2x2	(-2.000, -0.750, 15.500)	Center: (-2.00, -0.25, 15.50), Extents: (1.00, 0.50, 1.00)
Backyard/Floor 2/Floor 2x2 (12)	Floor 2x2	(2.000, -0.750, 17.500)	Center: (2.00, -0.25, 17.50), Extents: (1.00, 0.50, 1.00)
Backyard/Floor 2/Floor 2x2 (13)	Floor 2x2	(0.000, -0.750, 17.500)	Center: (0.00, -0.25, 17.50), Extents: (1.00, 0.50, 1.00)
Backyard/Floor 2/Floor 2x2 (14)	Floor 2x2	(-2.000, -0.750, 17.500)	Center: (-2.00, -0.25, 17.50), Extents: (1.00, 0.50, 1.00)
Backyard/Floor 2/Floor 2x2 (15)	Floor 2x2	(-4.000, -0.750, 17.500)	Center: (-4.00, -0.25, 17.50), Extents: (1.00, 0.50, 1.00)
Backyard/Floor 2/Floor 2x2 (16)	Floor 2x2	(2.000, -0.750, 19.500)	Center: (2.00, -0.25, 19.50), Extents: (1.00, 0.50, 1.00)
Backyard/Floor 2/Floor 2x2 (17)	Floor 2x2	(0.000, -0.750, 19.500)	Center: (0.00, -0.25, 19.50), Extents: (1.00, 0.50, 1.00)
Backyard/Floor 2/Floor 2x2 (18)	Floor 2x2	(-2.000, -0.750, 19.500)	Center: (-2.00, -0.25, 19.50), Extents: (1.00, 0.50, 1.00)
Backyard/Floor 2/Floor 2x2 (19)	Floor 2x2	(-4.000, -0.750, 19.500)	Center: (-4.00, -0.25, 19.50), Extents: (1.00, 0.50, 1.00)
Backyard/Floor 2/Floor 2x2 (20)	Floor 2x2	(1.500, -0.750, 21.500)	Center: (1.50, -0.25, 21.50), Extents: (0.50, 0.50, 1.00)
Backyard/Floor 2/Floor 2x2 (21)	Floor 2x2	(-6.000, -0.750, 11.625)	Center: (-6.00, -0.25, 11.63), Extents: (1.00, 0.50, 0.88)
Backyard/Floor 2/Floor 2x2 (22)	Floor 2x2	(-6.000, -0.750, 13.500)	Center: (-6.00, -0.25, 13.50), Extents: (1.00, 0.50, 1.00)
Backyard/Floor 2/Floor 2x2 (23)	Floor 2x2	(-6.000, -0.750, 15.500)	Center: (-6.00, -0.25, 15.50), Extents: (1.00, 0.50, 1.00)
Backyard/Floor 2/Floor 2x2 (24)	Floor 2x2	(-6.000, -0.750, 17.500)	Center: (-6.00, -0.25, 17.50), Extents: (1.00, 0.50, 1.00)
Backyard/Floor 2/Floor 2x2 (25)	Floor 2x2	(-6.000, -0.750, 19.500)	Center: (-6.00, -0.25, 19.50), Extents: (1.00, 0.50, 1.00)
Backyard/Floor 2/Floor 2x2 (26)	Floor 2x2	(-8.000, -0.750, 11.625)	Center: (-8.00, -0.25, 11.63), Extents: (1.00, 0.50, 0.88)
Backyard/Floor 2/Floor 2x2 (27)	Floor 2x2	(-8.000, -0.750, 13.500)	Center: (-8.00, -0.25, 13.50), Extents: (1.00, 0.50, 1.00)
Backyard/Floor 2/Floor 2x2 (28)	Floor 2x2	(-8.000, -0.750, 15.500)	Center: (-8.00, -0.25, 15.50), Extents: (1.00, 0.50, 1.00)
Backyard/Floor 2/Floor 2x2 (29)	Floor 2x2	(-8.000, -0.750, 17.500)	Center: (-8.00, -0.25, 17.50), Extents: (1.00, 0.50, 1.00)
Backyard/Floor 2/Floor 2x2 (30)	Floor 2x2	(-8.000, -0.750, 19.500)	Center: (-8.00, -0.25, 19.50), Extents: (1.00, 0.50, 1.00)
Backyard/Floor 2/Floor 2x2 (31)	Floor 2x2	(-10.000, -0.750, 11.625)	Center: (-10.00, -0.25, 11.63), Extents: (1.00, 0.50, 0.88)
Backyard/Floor 2/Floor 2x2 (32)	Floor 2x2	(-10.000, -0.750, 13.500)	Center: (-10.00, -0.25, 13.50), Extents: (1.00, 0.50, 1.00)
Backyard/Floor 2/Floor 2x2 (33)	Floor 2x2	(-10.000, -0.750, 15.500)	Center: (-10.00, -0.25, 15.50), Extents: (1.00, 0.50, 1.00)
Backyard/Floor 2/Floor 2x2 (34)	Floor 2x2	(-10.000, -0.750, 17.500)	Center: (-10.00, -0.25, 17.50), Extents: (1.00, 0.50, 1.00)
Backyard/Floor 2/Floor 2x2 (35)	Floor 2x2	(-10.000, -0.750, 19.500)	Center: (-10.00, -0.25, 19.50), Extents: (1.00, 0.50, 1.00)
Backyard/Floor 2/Floor 2x2 (36)	Floor 2x2	(-12.000, -0.750, 11.625)	Center: (-12.00, -0.25, 11.63), Extents: (1.00, 0.50, 0.88)
Backyard/Floor 2/Floor 2x2 (37)	Floor 2x2	(-12.000, -0.750, 13.500)	Center: (-12.00, -0.25, 13.50), Extents: (1.00, 0.50, 1.00)
Backyard/Floor 2/Floor 2x2 (38)	Floor 2x2	(-12.000, -0.750, 15.500)	Center: (-12.00, -0.25, 15.50), Extents: (1.00, 0.50, 1.00)
Backyard/Floor 2/Floor 2x2 (39)	Floor 2x2	(-12.000, -0.750, 17.500)	Center: (-12.00, -0.25, 17.50), Extents: (1.00, 0.50, 1.00)
Backyard/Floor 2/Floor 2x2 (40)	Floor 2x2	(-12.000, -0.750, 19.500)	Center: (-12.00, -0.25, 19.50), Extents: (1.00, 0.50, 1.00)
Backyard/Floor 2/Floor 2x2 (41)	Floor 2x2	(-14.000, -0.750, 11.625)	Center: (-14.00, -0.25, 11.63), Extents: (1.00, 0.50, 0.88)
Backyard/Floor 2/Floor 2x2 (42)	Floor 2x2	(-14.000, -0.750, 13.500)	Center: (-14.00, -0.25, 13.50), Extents: (1.00, 0.50, 1.00)
Backyard/Floor 2/Floor 2x2 (43)	Floor 2x2	(-14.000, -0.750, 15.500)	Center: (-14.00, -0.25, 15.50), Extents: (1.00, 0.50, 1.00)
Backyard/Floor 2/Floor 2x2 (44)	Floor 2x2	(-14.000, -0.750, 17.500)	Center: (-14.00, -0.25, 17.50), Extents: (1.00, 0.50, 1.00)
Backyard/Floor 2/Floor 2x2 (45)	Floor 2x2	(-14.000, -0.750, 19.500)	Center: (-14.00, -0.25, 19.50), Extents: (1.00, 0.50, 1.00)
Backyard/Floor 2/Floor 2x2 (46)	Floor 2x2	(3.000, -0.750, 23.250)	Center: (3.00, -0.25, 23.25), Extents: (1.00, 0.50, 1.00)
Backyard/Floor 2/Floor 2x2 (47)	Floor 2x2	(3.000, -0.750, 25.250)	Center: (3.00, -0.25, 25.25), Extents: (1.00, 0.50, 1.00)
Backyard/Floor 2/Floor 2x2 (48)	Floor 2x2	(3.000, -0.750, 27.250)	Center: (3.00, -0.25, 27.25), Extents: (1.00, 0.50, 1.00)
Backyard/Floor 2/Floor 2x2 (49)	Floor 2x2	(3.000, -0.750, 29.000)	Center: (3.00, -0.25, 29.00), Extents: (1.00, 0.50, 0.75)
Backyard/Floor 2/Floor 2x2 (50)	Floor 2x2	(3.000, -0.750, 30.750)	Center: (3.00, -0.25, 30.75), Extents: (1.00, 0.50, 1.00)
Backyard/Floor 2/Floor 2x2 (51)	Floor 2x2	(5.000, -0.750, 23.250)	Center: (5.00, -0.25, 23.25), Extents: (1.00, 0.50, 1.00)
Backyard/Floor 2/Floor 2x2 (52)	Floor 2x2	(5.000, -0.750, 25.250)	Center: (5.00, -0.25, 25.25), Extents: (1.00, 0.50, 1.00)
Backyard/Floor 2/Floor 2x2 (53)	Floor 2x2	(5.000, -0.750, 27.250)	Center: (5.00, -0.25, 27.25), Extents: (1.00, 0.50, 1.00)
Backyard/Floor 2/Floor 2x2 (54)	Floor 2x2	(5.000, -0.750, 29.000)	Center: (5.00, -0.25, 29.00), Extents: (1.00, 0.50, 0.75)
Backyard/Floor 2/Floor 2x2 (55)	Floor 2x2	(5.000, -0.750, 30.750)	Center: (5.00, -0.25, 30.75), Extents: (1.00, 0.50, 1.00)
Backyard/Floor 2/Floor 2x2 (56)	Floor 2x2	(7.000, -0.750, 23.250)	Center: (7.00, -0.25, 23.25), Extents: (1.00, 0.50, 1.00)
Backyard/Floor 2/Floor 2x2 (57)	Floor 2x2	(7.000, -0.750, 25.250)	Center: (7.00, -0.25, 25.25), Extents: (1.00, 0.50, 1.00)
Backyard/Floor 2/Floor 2x2 (58)	Floor 2x2	(7.000, -0.750, 27.250)	Center: (7.00, -0.25, 27.25), Extents: (1.00, 0.50, 1.00)
Backyard/Floor 2/Floor 2x2 (59)	Floor 2x2	(7.000, -0.750, 29.000)	Center: (7.00, -0.25, 29.00), Extents: (1.00, 0.50, 0.75)
Backyard/Floor 2/Floor 2x2 (60)	Floor 2x2	(7.000, -0.750, 30.750)	Center: (7.00, -0.25, 30.75), Extents: (1.00, 0.50, 1.00)
Backyard/Floor 2/Floor 2x2 (61)	Floor 2x2	(9.000, -0.750, 23.250)	Center: (9.00, -0.25, 23.25), Extents: (1.00, 0.50, 1.00)
Backyard/Floor 2/Floor 2x2 (62)	Floor 2x2	(9.000, -0.750, 25.250)	Center: (9.00, -0.25, 25.25), Extents: (1.00, 0.50, 1.00)
Backyard/Floor 2/Floor 2x2 (63)	Floor 2x2	(9.000, -0.750, 27.250)	Center: (9.00, -0.25, 27.25), Extents: (1.00, 0.50, 1.00)
Backyard/Floor 2/Floor 2x2 (64)	Floor 2x2	(9.000, -0.750, 29.000)	Center: (9.00, -0.25, 29.00), Extents: (1.00, 0.50, 0.75)
Backyard/Floor 2/Floor 2x2 (65)	Floor 2x2	(9.000, -0.750, 30.750)	Center: (9.00, -0.25, 30.75), Extents: (1.00, 0.50, 1.00)
Backyard/Floor 2/Floor 2x2 (66)	Floor 2x2	(11.000, -0.750, 23.250)	Center: (11.00, -0.25, 23.25), Extents: (1.00, 0.50, 1.00)
Backyard/Floor 2/Floor 2x2 (67)	Floor 2x2	(11.000, -0.750, 25.250)	Center: (11.00, -0.25, 25.25), Extents: (1.00, 0.50, 1.00)
Backyard/Floor 2/Floor 2x2 (68)	Floor 2x2	(11.000, -0.750, 27.250)	Center: (11.00, -0.25, 27.25), Extents: (1.00, 0.50, 1.00)
Backyard/Floor 2/Floor 2x2 (69)	Floor 2x2	(11.000, -0.750, 29.000)	Center: (11.00, -0.25, 29.00), Extents: (1.00, 0.50, 0.75)
Backyard/Floor 2/Floor 2x2 (70)	Floor 2x2	(11.000, -0.750, 30.750)	Center: (11.00, -0.25, 30.75), Extents: (1.00, 0.50, 1.00)
Backyard/Floor 2/Floor 1x1	Floor 1x1	(1.500, -0.750, 23.000)	Center: (1.50, -0.25, 23.00), Extents: (0.50, 0.50, 0.50)
Backyard/Floor 2/Floor 1x1 (1)	Floor 1x1	(1.500, -0.750, 24.000)	Center: (1.50, -0.25, 24.00), Extents: (0.50, 0.50, 0.50)
Backyard/Floor 2/Floor 1x1 (2)	Floor 1x1	(1.750, -0.750, 25.000)	Center: (1.75, -0.25, 25.00), Extents: (0.25, 0.50, 0.50)
Backyard/Floor 2/Floor 1x1 (3)	Floor 1x1	(1.750, -0.750, 26.000)	Center: (1.75, -0.25, 26.00), Extents: (0.25, 0.50, 0.50)
Backyard/Floor 2/Floor 1x1 (4)	Floor 1x1	(1.750, -0.750, 27.000)	Center: (1.75, -0.25, 27.00), Extents: (0.25, 0.50, 0.50)
Backyard/Floor 2/Floor 1x1 (5)	Floor 1x1	(1.750, -0.750, 28.000)	Center: (1.75, -0.25, 28.00), Extents: (0.25, 0.50, 0.50)
Backyard/Floor 2/Floor 1x1 (6)	Floor 1x1	(1.500, -0.750, 29.000)	Center: (1.50, -0.25, 29.00), Extents: (0.50, 0.50, 0.50)
Backyard/Floor 2/Floor 1x1 (7)	Floor 1x1	(1.500, -0.750, 30.000)	Center: (1.50, -0.25, 30.00), Extents: (0.50, 0.50, 0.50)
Backyard/Floor 2/Floor 2x2 (11)	Floor 2x2	(-4.000, -0.750, 15.500)	Center: (-4.00, -0.25, 15.50), Extents: (1.00, 0.50, 1.00)
Backyard/Floor 2/Floor seam infill	Floor 2x2	(2.500, -0.750, 21.375)	Center: (2.50, -0.25, 21.38), Extents: (0.50, 0.50, 0.88)
Backyard/Pavillon/Pavillon 3	Pavillon 3	(-16.400, 0.260, 25.750)	Center: (-16.40, 2.00, 25.75), Extents: (1.81, 1.74, 1.81)
Backyard/Pavillon/Pavillon 3/pavillon_side_table	pavillon_side_table	(-15.919, 0.363, 26.732)	Center: (-15.92, 0.66, 26.73), Extents: (0.21, 0.30, 0.21)
Backyard/Pavillon/Pavillon 3/pavillon_side_table/white wine glas	white wine glas	(-15.996, 0.956, 26.716)	Center: (-16.00, 1.06, 26.72), Extents: (0.04, 0.10, 0.04)
Backyard/Pavillon/Pavillon 3/pavillon_seat (1)	seat	(-16.750, 0.360, 26.400)	Center: (-16.79, 0.84, 26.43), Extents: (0.72, 0.48, 0.69)
Backyard/Pavillon/Pavillon 3/pavillon_seat (1)/pavillon pillow 1	pavillon pillow 1	(-16.563, 0.791, 26.293)	Center: (-16.56, 0.79, 26.29), Extents: (0.42, 0.03, 0.44)
Backyard/Pavillon/Pavillon 3/pavillon_seat (1)/Pavillon Pillow 2	Pavillon Pillow 2	(-16.531, 0.803, 26.275)	Center: (-16.94, 0.80, 26.52), Extents: (0.32, 0.04, 0.38)
Backyard/Pavillon/Pavillon 3/pavillon_seat (1)/Pavillon Pillow 3	Pavillon Pillow 3	(-16.900, 1.050, 26.501)	Center: (-16.90, 1.05, 26.50), Extents: (0.28, 0.23, 0.31)
Backyard/Pavillon/Pavillon 3/pavillon_seat	seat	(-15.755, 0.360, 25.020)	Center: (-15.74, 0.84, 24.97), Extents: (0.65, 0.48, 0.70)
Backyard/Pavillon/Pavillon 3/pavillon_seat/pavillon pillow 1	pavillon pillow 1	(-15.844, 0.791, 25.216)	Center: (-15.84, 0.79, 25.22), Extents: (0.43, 0.03, 0.39)
Backyard/Pavillon/Pavillon 3/pavillon_seat/Pavillon Pillow 2	Pavillon Pillow 2	(-15.859, 0.803, 25.250)	Center: (-15.67, 0.80, 24.81), Extents: (0.38, 0.04, 0.29)
Backyard/Pavillon/Pavillon 3/pavillon_seat/Pavillon Pillow 3	Pavillon Pillow 3	(-15.693, 1.050, 24.850)	Center: (-15.69, 1.05, 24.85), Extents: (0.31, 0.23, 0.26)
Backyard/Benches/bench corner	bench corner	(-14.500, 0.250, 19.012)	Center: (-14.50, 0.58, 19.01), Extents: (0.38, 0.33, 0.38)
Backyard/Benches/bench corner/glas railing .75m corner	glas railing .75m corner	(-14.860, 0.901, 18.650)	Center: (-14.51, 0.96, 19.00), Extents: (0.38, 0.06, 0.38)
Backyard/Benches/bench corner/glas railing .75m corner/window .75m corner	window .75m corner	(-14.860, 1.558, 18.645)	Center: (-14.51, 1.56, 18.99), Extents: (0.36, 0.54, 0.36)
Backyard/Benches/bench corner/mv_pillow_seat	pillow seat	(-14.424, 0.899, 19.088)	Center: (-14.42, 0.93, 19.09), Extents: (0.18, 0.03, 0.18)
Backyard/Benches/bench straight (1)	bench straight	(-13.750, 0.250, 19.012)	Center: (-13.75, 0.58, 18.96), Extents: (0.38, 0.33, 0.33)
Backyard/Benches/bench straight (1)/glas railing .75m	glas railing .75m	(-13.750, 0.899, 18.656)	Center: (-13.75, 0.96, 18.66), Extents: (0.38, 0.06, 0.03)
Backyard/Benches/bench straight (1)/glas railing .75m/window .75m	window .75m	(-13.750, 1.556, 18.656)	Center: (-13.75, 1.56, 18.66), Extents: (0.37, 0.54, 0.01)
Backyard/Benches/bench straight (1)/mv_lantern	lantern	(-13.901, 0.908, 18.890)	Center: (-13.90, 1.06, 18.89), Extents: (0.10, 0.16, 0.10)
Backyard/Benches/bench straight (1)/mv_lantern/candle/candle_LOD0	candle_LOD0	(-13.901, 0.934, 18.890)	Center: (-13.90, 0.97, 18.89), Extents: (0.03, 0.04, 0.03)
Backyard/Benches/bench straight (1)/mv_lantern/candle/wax_LOD0	wax_LOD0	(-13.901, 0.934, 18.890)	Center: (-13.90, 0.96, 18.89), Extents: (0.03, 0.02, 0.03)
Backyard/Benches/bench straight (1)/mv_lantern/candle/candle_LOD1	candle_LOD1	(-13.901, 0.934, 18.890)	Center: (-13.90, 0.97, 18.89), Extents: (0.03, 0.04, 0.03)
Backyard/Benches/bench straight (1)/mv_lantern/candle/wax_LOD1	wax_LOD1	(-13.901, 0.934, 18.890)	Center: (-13.90, 0.96, 18.89), Extents: (0.03, 0.02, 0.03)
Backyard/Benches/bench straight (1)/mv_lantern (1)	lantern	(-13.796, 0.908, 19.115)	Center: (-13.80, 1.03, 19.12), Extents: (0.08, 0.12, 0.08)
Backyard/Benches/bench straight (1)/mv_lantern (2)	lantern	(-13.586, 0.908, 18.863)	Center: (-13.59, 0.97, 18.86), Extents: (0.05, 0.06, 0.05)
Backyard/Benches/bench straight (1)/Couch Clip outdoor	Couch Clip outdoor	(-13.750, 0.496, 19.252)	Center: (-13.75, 0.55, 19.25), Extents: (0.05, 0.05, 0.01)
Backyard/Benches/bench straight (1)/Couch Clip outdoor/clip light	clip light	(-13.750, 0.507, 19.259)	Center: (-13.75, 0.53, 19.26), Extents: (0.03, 0.02, 0.00)
Backyard/Benches/bench straight (2)	bench straight	(-13.000, 0.250, 19.012)	Center: (-13.00, 0.58, 18.96), Extents: (0.38, 0.33, 0.33)
Backyard/Benches/bench straight (2)/glas railing .75m	glas railing .75m	(-13.000, 0.899, 18.656)	Center: (-13.00, 0.96, 18.66), Extents: (0.38, 0.06, 0.03)
Backyard/Benches/bench straight (2)/glas railing .75m/window .75m	window .75m	(-13.000, 1.556, 18.656)	Center: (-13.00, 1.56, 18.66), Extents: (0.37, 0.54, 0.01)
Backyard/Benches/bench straight (2)/mv_pillow_seat	pillow seat	(-13.000, 0.896, 19.089)	Center: (-13.00, 0.92, 19.09), Extents: (0.18, 0.03, 0.18)
Backyard/Benches/bench straight (4)	bench straight	(-14.500, 0.250, 20.512)	Center: (-14.55, 0.58, 20.51), Extents: (0.33, 0.33, 0.38)
Backyard/Benches/bench straight (4)/glas railing .75m	glas railing .75m	(-14.852, 0.896, 20.512)	Center: (-14.85, 0.96, 20.51), Extents: (0.03, 0.06, 0.38)
Backyard/Benches/bench straight (4)/glas railing .75m/window .75m	window .75m	(-14.852, 1.553, 20.512)	Center: (-14.85, 1.55, 20.51), Extents: (0.01, 0.54, 0.37)
Backyard/Benches/bench straight (3)	bench straight	(-14.500, 0.250, 19.762)	Center: (-14.55, 0.58, 19.76), Extents: (0.33, 0.33, 0.38)
Backyard/Benches/bench straight (3)/glas railing .75m	glas railing .75m	(-14.852, 0.896, 19.762)	Center: (-14.85, 0.96, 19.76), Extents: (0.03, 0.06, 0.38)
Backyard/Benches/bench straight (3)/glas railing .75m/window .75m	window .75m	(-14.852, 1.553, 19.762)	Center: (-14.85, 1.55, 19.76), Extents: (0.01, 0.54, 0.37)
Backyard/Benches/bench straight (3)/mv_pillow_seat	pillow seat	(-14.445, 0.897, 19.900)	Center: (-14.45, 0.93, 19.90), Extents: (0.18, 0.03, 0.18)
Backyard/Benches/bench straight (3)/Couch Clip outdoor	Couch Clip outdoor	(-14.262, 0.522, 19.762)	Center: (-14.26, 0.57, 19.76), Extents: (0.01, 0.05, 0.05)
Backyard/Benches/bench straight (3)/Couch Clip outdoor/clip light	clip light	(-14.255, 0.533, 19.762)	Center: (-14.25, 0.56, 19.76), Extents: (0.00, 0.02, 0.03)
Backyard/Benches/bench straight (5)	bench straight	(-14.500, 0.250, 21.262)	Center: (-14.55, 0.58, 21.26), Extents: (0.33, 0.33, 0.38)
Backyard/Benches/bench straight (5)/glas railing .75m	glas railing .75m	(-14.852, 0.896, 21.262)	Center: (-14.85, 0.96, 21.26), Extents: (0.03, 0.06, 0.38)
Backyard/Benches/bench straight (5)/glas railing .75m/window .75m	window .75m	(-14.852, 1.553, 21.262)	Center: (-14.85, 1.55, 21.26), Extents: (0.01, 0.54, 0.37)
Backyard/Benches/bench straight (5)/mv_pillow_seat	pillow seat	(-14.733, 1.004, 21.226)	Center: (-14.72, 1.03, 21.23), Extents: (0.17, 0.14, 0.18)
Backyard/Benches/bench straight (5)/mv_pillow_seat (1)	pillow seat	(-14.748, 1.054, 19.958)	Center: (-14.73, 1.07, 19.96), Extents: (0.14, 0.16, 0.18)
Backyard/Benches/bench straight (5)/mv_pillow_seat (2)	pillow seat	(-14.658, 0.980, 21.378)	Center: (-14.65, 1.00, 21.39), Extents: (0.25, 0.13, 0.24)
Backyard/Benches/bench straight (5)/mv_pillow_seat (3)	pillow seat	(-14.748, 1.054, 20.182)	Center: (-14.73, 1.07, 20.20), Extents: (0.23, 0.16, 0.23)
Backyard/Benches/bench straight (5)/mv_pillow_seat (4)	pillow seat	(-14.592, 0.953, 20.967)	Center: (-14.58, 0.99, 20.96), Extents: (0.29, 0.12, 0.29)
Backyard/Benches/railing 1m	railing 1m	(-14.921, 0.250, 24.186)	Center: (-14.92, 0.66, 23.72), Extents: (0.04, 0.41, 0.50)
Backyard/Benches/railing end short	railing end short	(-14.921, 0.250, 23.189)	Center: (-14.92, 0.66, 23.19), Extents: (0.04, 0.41, 0.03)
Backyard/Benches/bench straight (6)	bench straight	(-14.500, 0.250, 22.012)	Center: (-14.55, 0.58, 22.01), Extents: (0.33, 0.33, 0.38)
Backyard/Benches/bench straight (6)/glas railing .75m	glas railing .75m	(-14.852, 0.896, 22.012)	Center: (-14.85, 0.96, 22.01), Extents: (0.03, 0.06, 0.38)
Backyard/Benches/bench straight (6)/glas railing .75m/window .75m	window .75m	(-14.852, 1.553, 22.012)	Center: (-14.85, 1.55, 22.01), Extents: (0.01, 0.54, 0.37)
Backyard/Benches/bench straight (6)/Couch Clip outdoor	Couch Clip outdoor	(-14.273, 0.488, 22.012)	Center: (-14.27, 0.54, 22.01), Extents: (0.01, 0.05, 0.05)
Backyard/Benches/bench straight (6)/Couch Clip outdoor/clip light	clip light	(-14.266, 0.499, 22.012)	Center: (-14.27, 0.53, 22.01), Extents: (0.00, 0.02, 0.03)
Backyard/Benches/bench straight (6)/tablet	tablet	(-14.500, 0.892, 22.012)	Center: (-14.50, 0.92, 22.01), Extents: (0.25, 0.03, 0.27)
Backyard/Benches/bench straight (6)/tablet/red wine glas	red wine glas	(-14.540, 0.909, 21.879)	Center: (-14.54, 1.02, 21.88), Extents: (0.06, 0.11, 0.06)
Backyard/Benches/bench straight (6)/tablet/napkin	napkin	(-14.644, 0.919, 22.093)	Center: (-14.64, 0.93, 22.09), Extents: (0.10, 0.04, 0.06)
Backyard/Benches/bench straight (6)/tablet/bowl	bowl	(-14.539, 0.892, 21.979)	Center: (-14.54, 0.92, 21.98), Extents: (0.10, 0.03, 0.10)
Backyard/Benches/bench straight (6)/tablet/bowl/bowl liquid	bowl liquid	(-14.539, 0.934, 21.979)	Center: (-14.54, 0.93, 21.98), Extents: (0.10, 0.01, 0.10)
Backyard/Benches/bench straight (6)/tablet/glas	glas	(-14.460, 0.892, 21.845)	Center: (-14.46, 0.96, 21.84), Extents: (0.05, 0.07, 0.05)
Backyard/Benches/bench straight (6)/tablet/glas/juice	juice	(-14.460, 0.962, 21.845)	Center: (-14.46, 0.96, 21.85), Extents: (0.05, 0.05, 0.05)
Backyard/Benches/bench straight (7)	bench straight	(-14.500, 0.250, 22.762)	Center: (-14.55, 0.58, 22.76), Extents: (0.33, 0.33, 0.38)
Backyard/Benches/bench straight (7)/glas railing .75m	glas railing .75m	(-14.852, 0.896, 22.762)	Center: (-14.85, 0.96, 22.76), Extents: (0.03, 0.06, 0.38)
Backyard/Benches/bench straight (7)/glas railing .75m/window .75m	window .75m	(-14.852, 1.553, 22.762)	Center: (-14.85, 1.55, 22.76), Extents: (0.01, 0.54, 0.37)
Backyard/Benches/bench straight (7)/mv_pillow_seat	pillow seat	(-14.500, 0.880, 22.762)	Center: (-14.50, 0.91, 22.76), Extents: (0.22, 0.03, 0.22)
Backyard/Benches/fire box/fire box	fire box	(-13.187, 0.250, 20.378)	Center: (-13.19, 0.41, 20.38), Extents: (0.36, 0.16, 0.37)
Backyard/Benches/fire box/fire box/Pile of Coal	Pile of Coal	(-13.187, 0.250, 20.378)	Center: (-13.19, 0.57, 20.38), Extents: (0.33, 0.03, 0.34)
Modern Villa - Interior Furnishing/01 Main ground - family dining/Family dining table	DiningTableA	(-4.700, 0.760, 8.100)	Center: (-4.70, 1.12, 8.10), Extents: (1.49, 0.37, 0.49)
Modern Villa - Interior Furnishing/01 Main ground - family dining/Dining chair/DiningChairB_LOD0	DiningChairB_LOD0	(-5.600, 0.750, 7.224)	Center: (-5.60, 1.29, 7.15), Extents: (0.27, 0.54, 0.33)
Modern Villa - Interior Furnishing/01 Main ground - family dining/Dining chair/DiningChairB_LOD1	DiningChairB_LOD1	(-5.600, 0.750, 7.224)	Center: (-5.60, 1.29, 7.15), Extents: (0.27, 0.54, 0.33)
Modern Villa - Interior Furnishing/01 Main ground - family dining/Dining chair/DiningChairB_LOD2	DiningChairB_LOD2	(-5.600, 0.750, 7.224)	Center: (-5.60, 1.29, 7.15), Extents: (0.27, 0.54, 0.33)
Modern Villa - Interior Furnishing/01 Main ground - family dining/Place setting/LargePlate_LOD0	LargePlate_LOD0	(-5.600, 1.496, 7.820)	Center: (-5.60, 1.50, 7.82), Extents: (0.16, 0.01, 0.16)
Modern Villa - Interior Furnishing/01 Main ground - family dining/Place setting/LargePlate_LOD1	LargePlate_LOD1	(-5.600, 1.496, 7.820)	Center: (-5.60, 1.50, 7.82), Extents: (0.16, 0.01, 0.16)
Modern Villa - Interior Furnishing/01 Main ground - family dining/Water glass	glas	(-5.390, 1.495, 7.980)	Center: (-5.39, 1.56, 7.98), Extents: (0.04, 0.07, 0.04)
Modern Villa - Interior Furnishing/01 Main ground - family dining/Water glass/juice	juice	(-5.390, 1.565, 7.980)	Center: (-5.39, 1.56, 7.98), Extents: (0.04, 0.05, 0.04)
Modern Villa - Interior Furnishing/01 Main ground - family dining/Dining chair/DiningChairB_LOD0	DiningChairB_LOD0	(-4.700, 0.750, 7.224)	Center: (-4.70, 1.29, 7.15), Extents: (0.27, 0.54, 0.33)
Modern Villa - Interior Furnishing/01 Main ground - family dining/Dining chair/DiningChairB_LOD1	DiningChairB_LOD1	(-4.700, 0.750, 7.224)	Center: (-4.70, 1.29, 7.15), Extents: (0.27, 0.54, 0.33)
Modern Villa - Interior Furnishing/01 Main ground - family dining/Dining chair/DiningChairB_LOD2	DiningChairB_LOD2	(-4.700, 0.750, 7.224)	Center: (-4.70, 1.29, 7.15), Extents: (0.27, 0.54, 0.33)
Modern Villa - Interior Furnishing/01 Main ground - family dining/Place setting/LargePlate_LOD0	LargePlate_LOD0	(-4.700, 1.496, 7.820)	Center: (-4.70, 1.50, 7.82), Extents: (0.16, 0.01, 0.16)
Modern Villa - Interior Furnishing/01 Main ground - family dining/Place setting/LargePlate_LOD1	LargePlate_LOD1	(-4.700, 1.496, 7.820)	Center: (-4.70, 1.50, 7.82), Extents: (0.16, 0.01, 0.16)
Modern Villa - Interior Furnishing/01 Main ground - family dining/Water glass	glas	(-4.490, 1.495, 7.980)	Center: (-4.49, 1.56, 7.98), Extents: (0.04, 0.07, 0.04)
Modern Villa - Interior Furnishing/01 Main ground - family dining/Water glass/juice	juice	(-4.490, 1.565, 7.980)	Center: (-4.49, 1.56, 7.98), Extents: (0.04, 0.05, 0.04)
Modern Villa - Interior Furnishing/01 Main ground - family dining/Dining chair/DiningChairB_LOD0	DiningChairB_LOD0	(-3.800, 0.750, 7.224)	Center: (-3.80, 1.29, 7.15), Extents: (0.27, 0.54, 0.33)
Modern Villa - Interior Furnishing/01 Main ground - family dining/Dining chair/DiningChairB_LOD1	DiningChairB_LOD1	(-3.800, 0.750, 7.224)	Center: (-3.80, 1.29, 7.15), Extents: (0.27, 0.54, 0.33)
Modern Villa - Interior Furnishing/01 Main ground - family dining/Dining chair/DiningChairB_LOD2	DiningChairB_LOD2	(-3.800, 0.750, 7.224)	Center: (-3.80, 1.29, 7.15), Extents: (0.27, 0.54, 0.33)
Modern Villa - Interior Furnishing/01 Main ground - family dining/Place setting/LargePlate_LOD0	LargePlate_LOD0	(-3.800, 1.496, 7.820)	Center: (-3.80, 1.50, 7.82), Extents: (0.16, 0.01, 0.16)
Modern Villa - Interior Furnishing/01 Main ground - family dining/Place setting/LargePlate_LOD1	LargePlate_LOD1	(-3.800, 1.496, 7.820)	Center: (-3.80, 1.50, 7.82), Extents: (0.16, 0.01, 0.16)
Modern Villa - Interior Furnishing/01 Main ground - family dining/Water glass	glas	(-3.590, 1.495, 7.980)	Center: (-3.59, 1.56, 7.98), Extents: (0.04, 0.07, 0.04)
Modern Villa - Interior Furnishing/01 Main ground - family dining/Water glass/juice	juice	(-3.590, 1.565, 7.980)	Center: (-3.59, 1.56, 7.98), Extents: (0.04, 0.05, 0.04)
Modern Villa - Interior Furnishing/01 Main ground - family dining/Dining chair/DiningChairB_LOD0	DiningChairB_LOD0	(-5.600, 0.750, 8.976)	Center: (-5.60, 1.29, 9.05), Extents: (0.27, 0.54, 0.33)
Modern Villa - Interior Furnishing/01 Main ground - family dining/Dining chair/DiningChairB_LOD1	DiningChairB_LOD1	(-5.600, 0.750, 8.976)	Center: (-5.60, 1.29, 9.05), Extents: (0.27, 0.54, 0.33)
Modern Villa - Interior Furnishing/01 Main ground - family dining/Dining chair/DiningChairB_LOD2	DiningChairB_LOD2	(-5.600, 0.750, 8.976)	Center: (-5.60, 1.29, 9.05), Extents: (0.27, 0.54, 0.33)
Modern Villa - Interior Furnishing/01 Main ground - family dining/Place setting/LargePlate_LOD0	LargePlate_LOD0	(-5.600, 1.496, 8.380)	Center: (-5.60, 1.50, 8.38), Extents: (0.16, 0.01, 0.16)
Modern Villa - Interior Furnishing/01 Main ground - family dining/Place setting/LargePlate_LOD1	LargePlate_LOD1	(-5.600, 1.496, 8.380)	Center: (-5.60, 1.50, 8.38), Extents: (0.16, 0.01, 0.16)
Modern Villa - Interior Furnishing/01 Main ground - family dining/Water glass	glas	(-5.390, 1.495, 8.220)	Center: (-5.39, 1.56, 8.22), Extents: (0.04, 0.07, 0.04)
Modern Villa - Interior Furnishing/01 Main ground - family dining/Water glass/juice	juice	(-5.390, 1.565, 8.220)	Center: (-5.39, 1.56, 8.22), Extents: (0.04, 0.05, 0.04)
Modern Villa - Interior Furnishing/01 Main ground - family dining/Dining chair/DiningChairB_LOD0	DiningChairB_LOD0	(-4.700, 0.750, 8.976)	Center: (-4.70, 1.29, 9.05), Extents: (0.27, 0.54, 0.33)
Modern Villa - Interior Furnishing/01 Main ground - family dining/Dining chair/DiningChairB_LOD1	DiningChairB_LOD1	(-4.700, 0.750, 8.976)	Center: (-4.70, 1.29, 9.05), Extents: (0.27, 0.54, 0.33)
Modern Villa - Interior Furnishing/01 Main ground - family dining/Dining chair/DiningChairB_LOD2	DiningChairB_LOD2	(-4.700, 0.750, 8.976)	Center: (-4.70, 1.29, 9.05), Extents: (0.27, 0.54, 0.33)
Modern Villa - Interior Furnishing/01 Main ground - family dining/Place setting/LargePlate_LOD0	LargePlate_LOD0	(-4.700, 1.496, 8.380)	Center: (-4.70, 1.50, 8.38), Extents: (0.16, 0.01, 0.16)
Modern Villa - Interior Furnishing/01 Main ground - family dining/Place setting/LargePlate_LOD1	LargePlate_LOD1	(-4.700, 1.496, 8.380)	Center: (-4.70, 1.50, 8.38), Extents: (0.16, 0.01, 0.16)
Modern Villa - Interior Furnishing/01 Main ground - family dining/Water glass	glas	(-4.490, 1.495, 8.220)	Center: (-4.49, 1.56, 8.22), Extents: (0.04, 0.07, 0.04)
Modern Villa - Interior Furnishing/01 Main ground - family dining/Water glass/juice	juice	(-4.490, 1.565, 8.220)	Center: (-4.49, 1.56, 8.22), Extents: (0.04, 0.05, 0.04)
Modern Villa - Interior Furnishing/01 Main ground - family dining/Dining chair/DiningChairB_LOD0	DiningChairB_LOD0	(-3.800, 0.750, 8.976)	Center: (-3.80, 1.29, 9.05), Extents: (0.27, 0.54, 0.33)
Modern Villa - Interior Furnishing/01 Main ground - family dining/Dining chair/DiningChairB_LOD1	DiningChairB_LOD1	(-3.800, 0.750, 8.976)	Center: (-3.80, 1.29, 9.05), Extents: (0.27, 0.54, 0.33)
Modern Villa - Interior Furnishing/01 Main ground - family dining/Dining chair/DiningChairB_LOD2	DiningChairB_LOD2	(-3.800, 0.750, 8.976)	Center: (-3.80, 1.29, 9.05), Extents: (0.27, 0.54, 0.33)
Modern Villa - Interior Furnishing/01 Main ground - family dining/Place setting/LargePlate_LOD0	LargePlate_LOD0	(-3.800, 1.496, 8.380)	Center: (-3.80, 1.50, 8.38), Extents: (0.16, 0.01, 0.16)
Modern Villa - Interior Furnishing/01 Main ground - family dining/Place setting/LargePlate_LOD1	LargePlate_LOD1	(-3.800, 1.496, 8.380)	Center: (-3.80, 1.50, 8.38), Extents: (0.16, 0.01, 0.16)
Modern Villa - Interior Furnishing/01 Main ground - family dining/Water glass	glas	(-3.590, 1.495, 8.220)	Center: (-3.59, 1.56, 8.22), Extents: (0.04, 0.07, 0.04)
Modern Villa - Interior Furnishing/01 Main ground - family dining/Water glass/juice	juice	(-3.590, 1.565, 8.220)	Center: (-3.59, 1.56, 8.22), Extents: (0.04, 0.05, 0.04)
Modern Villa - Interior Furnishing/01 Main ground - family dining/Dining flowers/VaseA_LOD0	VaseA_LOD0	(-4.693, 1.497, 8.053)	Center: (-4.70, 1.73, 8.10), Extents: (0.15, 0.24, 0.11)
Modern Villa - Interior Furnishing/01 Main ground - family dining/Dining flowers/VaseA_LOD1	VaseA_LOD1	(-4.693, 1.497, 8.053)	Center: (-4.70, 1.73, 8.10), Extents: (0.15, 0.24, 0.11)
Modern Villa - Interior Furnishing/01 Main ground - family dining/Dining corner plant/PottedPlantA_LOD0	PottedPlantA_LOD0	(-2.134, 0.749, 9.603)	Center: (-2.15, 1.43, 9.65), Extents: (0.76, 0.68, 0.76)
Modern Villa - Interior Furnishing/01 Main ground - family dining/Dining corner plant/PottedPlantA_LOD1	PottedPlantA_LOD1	(-2.134, 0.749, 9.603)	Center: (-2.15, 1.43, 9.65), Extents: (0.76, 0.68, 0.76)
Modern Villa - Interior Furnishing/01 Main ground - family dining/Dining corner plant/PottedPlantA_LOD2	PottedPlantA_LOD2	(-2.134, 0.749, 9.603)	Center: (-2.15, 1.43, 9.65), Extents: (0.77, 0.68, 0.77)
Modern Villa - Interior Furnishing/01 Main ground - family dining/Dining artwork	Painting 4	(-4.700, 2.250, 10.480)	Center: (-4.70, 2.25, 10.47), Extents: (0.75, 0.50, 0.01)
Modern Villa - Interior Furnishing/02 Main upper - writing and coffee/Writing desk	DiningTableA	(-4.900, 3.565, 4.800)	Center: (-4.90, 3.93, 4.80), Extents: (1.49, 0.37, 0.49)
Modern Villa - Interior Furnishing/02 Main upper - writing and coffee/Desk chair/DiningChairB_LOD0	DiningChairB_LOD0	(-4.900, 3.555, 3.954)	Center: (-4.90, 4.09, 3.88), Extents: (0.27, 0.54, 0.33)
Modern Villa - Interior Furnishing/02 Main upper - writing and coffee/Desk chair/DiningChairB_LOD1	DiningChairB_LOD1	(-4.900, 3.555, 3.954)	Center: (-4.90, 4.09, 3.88), Extents: (0.27, 0.54, 0.33)
Modern Villa - Interior Furnishing/02 Main upper - writing and coffee/Desk chair/DiningChairB_LOD2	DiningChairB_LOD2	(-4.900, 3.555, 3.954)	Center: (-4.90, 4.09, 3.88), Extents: (0.27, 0.54, 0.33)
Modern Villa - Interior Furnishing/02 Main upper - writing and coffee/Current reading on desk	mv_bookA	(-4.903, 4.316, 4.619)	Center: (-5.05, 4.32, 4.65), Extents: (0.17, 0.02, 0.13)
Modern Villa - Interior Furnishing/02 Main upper - writing and coffee/Reference book	mv_bookA	(-4.253, 4.316, 4.889)	Center: (-4.40, 4.32, 4.92), Extents: (0.17, 0.02, 0.13)
Modern Villa - Interior Furnishing/02 Main upper - writing and coffee/Desk coffee/CoffeeCupC_LOD0	CoffeeCupC_LOD0	(-4.570, 4.304, 4.625)	Center: (-4.57, 4.35, 4.61), Extents: (0.05, 0.04, 0.07)
Modern Villa - Interior Furnishing/02 Main upper - writing and coffee/Desk coffee/CoffeeCupC_LOD1	CoffeeCupC_LOD1	(-4.570, 4.304, 4.625)	Center: (-4.57, 4.35, 4.61), Extents: (0.05, 0.04, 0.07)
Modern Villa - Interior Furnishing/02 Main upper - writing and coffee/Desk coffee/CoffeeCupC_LOD2	CoffeeCupC_LOD2	(-4.570, 4.304, 4.625)	Center: (-4.57, 4.35, 4.61), Extents: (0.05, 0.04, 0.07)
Modern Villa - Interior Furnishing/02 Main upper - writing and coffee/Desk coffee/CoffeeCupC_LOD3	CoffeeCupC_LOD3	(-4.570, 4.304, 4.625)	Center: (-4.57, 4.35, 4.61), Extents: (0.05, 0.05, 0.07)
Modern Villa - Interior Furnishing/02 Main upper - writing and coffee/Desk lamp/GardenTableLamp_LOD0	GardenTableLamp_LOD0	(-6.030, 4.301, 4.860)	Center: (-6.03, 4.53, 4.86), Extents: (0.11, 0.23, 0.11)
Modern Villa - Interior Furnishing/02 Main upper - writing and coffee/Desk lamp/GardenTableLamp_LOD1	GardenTableLamp_LOD1	(-6.030, 4.301, 4.860)	Center: (-6.03, 4.53, 4.86), Extents: (0.11, 0.23, 0.11)
Modern Villa - Interior Furnishing/02 Main upper - writing and coffee/Desk lamp/GardenTableLamp_LOD2	GardenTableLamp_LOD2	(-6.030, 4.301, 4.860)	Center: (-6.03, 4.53, 4.86), Extents: (0.11, 0.23, 0.11)
Modern Villa - Interior Furnishing/02 Main upper - writing and coffee/Small desk flowers/VaseA_LOD0	VaseA_LOD0	(-3.773, 4.302, 4.833)	Center: (-3.78, 4.54, 4.88), Extents: (0.15, 0.24, 0.11)
Modern Villa - Interior Furnishing/02 Main upper - writing and coffee/Small desk flowers/VaseA_LOD1	VaseA_LOD1	(-3.773, 4.302, 4.833)	Center: (-3.78, 4.54, 4.88), Extents: (0.15, 0.24, 0.11)
Modern Villa - Interior Furnishing/02 Main upper - writing and coffee/Window armchair	leather seat	(-5.808, 3.554, 1.497)	Center: (-5.81, 3.66, 1.49), Extents: (0.38, 0.10, 0.38)
Modern Villa - Interior Furnishing/02 Main upper - writing and coffee/Window armchair/seat	seat	(-5.779, 3.831, 1.548)	Center: (-5.80, 4.05, 1.50), Extents: (0.53, 0.30, 0.50)
Modern Villa - Interior Furnishing/02 Main upper - writing and coffee/Window companion chair	leather seat	(-3.702, 3.554, 1.491)	Center: (-3.70, 3.66, 1.48), Extents: (0.38, 0.10, 0.38)
Modern Villa - Interior Furnishing/02 Main upper - writing and coffee/Window companion chair/seat	seat	(-3.731, 3.831, 1.542)	Center: (-3.70, 4.05, 1.50), Extents: (0.53, 0.30, 0.50)
Modern Villa - Interior Furnishing/02 Main upper - writing and coffee/Window coffee table/CouchTableB_LOD0	CouchTableB_LOD0	(-4.746, 3.554, 2.448)	Center: (-4.75, 3.73, 2.45), Extents: (0.39, 0.18, 0.38)
Modern Villa - Interior Furnishing/02 Main upper - writing and coffee/Window coffee table/CouchTableB_LOD1	CouchTableB_LOD1	(-4.746, 3.554, 2.448)	Center: (-4.75, 3.73, 2.45), Extents: (0.39, 0.18, 0.38)
Modern Villa - Interior Furnishing/02 Main upper - writing and coffee/Window coffee/CoffeeCupC_LOD0	CoffeeCupC_LOD0	(-4.930, 3.909, 2.465)	Center: (-4.93, 3.95, 2.45), Extents: (0.05, 0.04, 0.07)
Modern Villa - Interior Furnishing/02 Main upper - writing and coffee/Window coffee/CoffeeCupC_LOD1	CoffeeCupC_LOD1	(-4.930, 3.909, 2.465)	Center: (-4.93, 3.95, 2.45), Extents: (0.05, 0.04, 0.07)
Modern Villa - Interior Furnishing/02 Main upper - writing and coffee/Window coffee/CoffeeCupC_LOD2	CoffeeCupC_LOD2	(-4.930, 3.909, 2.465)	Center: (-4.93, 3.95, 2.45), Extents: (0.05, 0.04, 0.07)
Modern Villa - Interior Furnishing/02 Main upper - writing and coffee/Window coffee/CoffeeCupC_LOD3	CoffeeCupC_LOD3	(-4.930, 3.909, 2.465)	Center: (-4.93, 3.95, 2.45), Extents: (0.05, 0.05, 0.07)
Modern Villa - Interior Furnishing/02 Main upper - writing and coffee/Window book	mv_bookA	(-4.473, 3.922, 2.419)	Center: (-4.62, 3.92, 2.45), Extents: (0.17, 0.02, 0.13)
Modern Villa - Interior Furnishing/02 Main upper - writing and coffee/Window corner plant/PottedPlantA_LOD0	PottedPlantA_LOD0	(-6.480, 3.554, 0.505)	Center: (-6.50, 4.23, 0.55), Extents: (0.72, 0.68, 0.73)
Modern Villa - Interior Furnishing/02 Main upper - writing and coffee/Window corner plant/PottedPlantA_LOD1	PottedPlantA_LOD1	(-6.480, 3.554, 0.505)	Center: (-6.50, 4.23, 0.55), Extents: (0.72, 0.68, 0.73)
Modern Villa - Interior Furnishing/02 Main upper - writing and coffee/Window corner plant/PottedPlantA_LOD2	PottedPlantA_LOD2	(-6.480, 3.554, 0.505)	Center: (-6.50, 4.24, 0.55), Extents: (0.73, 0.68, 0.73)
Modern Villa - Interior Furnishing/03 Main upper - quiet reading room/Reading armchair	leather seat	(-5.748, 3.554, 8.108)	Center: (-5.75, 3.66, 8.12), Extents: (0.37, 0.10, 0.37)
Modern Villa - Interior Furnishing/03 Main upper - quiet reading room/Reading armchair/seat	seat	(-5.723, 3.831, 8.056)	Center: (-5.75, 4.05, 8.10), Extents: (0.52, 0.30, 0.49)
Modern Villa - Interior Furnishing/03 Main upper - quiet reading room/Companion armchair	leather seat	(-4.042, 3.554, 8.103)	Center: (-4.04, 3.66, 8.11), Extents: (0.37, 0.10, 0.37)
Modern Villa - Interior Furnishing/03 Main upper - quiet reading room/Companion armchair/seat	seat	(-4.067, 3.831, 8.051)	Center: (-4.05, 4.05, 8.10), Extents: (0.52, 0.30, 0.49)
Modern Villa - Interior Furnishing/03 Main upper - quiet reading room/Shared reading table/CouchTableB_LOD0	CouchTableB_LOD0	(-4.896, 3.554, 7.198)	Center: (-4.90, 3.73, 7.20), Extents: (0.39, 0.18, 0.38)
Modern Villa - Interior Furnishing/03 Main upper - quiet reading room/Shared reading table/CouchTableB_LOD1	CouchTableB_LOD1	(-4.896, 3.554, 7.198)	Center: (-4.90, 3.73, 7.20), Extents: (0.39, 0.18, 0.38)
Modern Villa - Interior Furnishing/03 Main upper - quiet reading room/Book left after reading	mv_bookA	(-4.913, 3.922, 7.169)	Center: (-5.06, 3.92, 7.20), Extents: (0.17, 0.02, 0.13)
Modern Villa - Interior Furnishing/03 Main upper - quiet reading room/Coffee beside book/CoffeeCupC_LOD0	CoffeeCupC_LOD0	(-4.700, 3.909, 7.345)	Center: (-4.70, 3.95, 7.33), Extents: (0.05, 0.04, 0.07)
Modern Villa - Interior Furnishing/03 Main upper - quiet reading room/Coffee beside book/CoffeeCupC_LOD1	CoffeeCupC_LOD1	(-4.700, 3.909, 7.345)	Center: (-4.70, 3.95, 7.33), Extents: (0.05, 0.04, 0.07)
Modern Villa - Interior Furnishing/03 Main upper - quiet reading room/Coffee beside book/CoffeeCupC_LOD2	CoffeeCupC_LOD2	(-4.700, 3.909, 7.345)	Center: (-4.70, 3.95, 7.33), Extents: (0.05, 0.04, 0.07)
Modern Villa - Interior Furnishing/03 Main upper - quiet reading room/Coffee beside book/CoffeeCupC_LOD3	CoffeeCupC_LOD3	(-4.700, 3.909, 7.345)	Center: (-4.70, 3.95, 7.33), Extents: (0.05, 0.05, 0.07)
Modern Villa - Interior Furnishing/03 Main upper - quiet reading room/Reading side table/SideTable_LOD0	SideTable_LOD0	(-6.703, 3.559, 8.051)	Center: (-6.70, 3.89, 8.05), Extents: (0.25, 0.33, 0.25)
Modern Villa - Interior Furnishing/03 Main upper - quiet reading room/Reading side table/SideTable_LOD1	SideTable_LOD1	(-6.703, 3.559, 8.051)	Center: (-6.70, 3.89, 8.05), Extents: (0.25, 0.33, 0.25)
Modern Villa - Interior Furnishing/03 Main upper - quiet reading room/Reading lamp/GardenTableLamp_LOD0	GardenTableLamp_LOD0	(-6.700, 4.226, 8.050)	Center: (-6.70, 4.46, 8.05), Extents: (0.11, 0.23, 0.11)
Modern Villa - Interior Furnishing/03 Main upper - quiet reading room/Reading lamp/GardenTableLamp_LOD1	GardenTableLamp_LOD1	(-6.700, 4.226, 8.050)	Center: (-6.70, 4.46, 8.05), Extents: (0.11, 0.23, 0.11)
Modern Villa - Interior Furnishing/03 Main upper - quiet reading room/Reading lamp/GardenTableLamp_LOD2	GardenTableLamp_LOD2	(-6.700, 4.226, 8.050)	Center: (-6.70, 4.46, 8.05), Extents: (0.11, 0.23, 0.11)
Modern Villa - Interior Furnishing/03 Main upper - quiet reading room/Reading room plant/PottedPlantA_LOD0	PottedPlantA_LOD0	(-2.119, 3.554, 8.612)	Center: (-2.15, 4.23, 8.65), Extents: (0.59, 0.68, 0.60)
Modern Villa - Interior Furnishing/03 Main upper - quiet reading room/Reading room plant/PottedPlantA_LOD1	PottedPlantA_LOD1	(-2.119, 3.554, 8.612)	Center: (-2.15, 4.23, 8.65), Extents: (0.59, 0.68, 0.60)
Modern Villa - Interior Furnishing/03 Main upper - quiet reading room/Reading room plant/PottedPlantA_LOD2	PottedPlantA_LOD2	(-2.119, 3.554, 8.612)	Center: (-2.15, 4.24, 8.65), Extents: (0.60, 0.68, 0.60)
Modern Villa - Interior Furnishing/03 Main upper - quiet reading room/Reading room artwork	Painting 1	(-4.900, 5.050, 9.480)	Center: (-4.90, 5.05, 9.47), Extents: (0.50, 0.32, 0.01)
Modern Villa - Interior Furnishing/04 Annex ground - family living/Sofa seat 1	leather couch straight	(6.650, 0.250, 16.150)	Center: (6.65, 0.66, 16.15), Extents: (0.38, 0.41, 0.48)
Modern Villa - Interior Furnishing/04 Annex ground - family living/Sofa seat 1/couch pillow straight	couch pillow straight	(6.650, 0.550, 15.982)	Center: (6.65, 0.55, 15.98), Extents: (0.38, 0.10, 0.31)
Modern Villa - Interior Furnishing/04 Annex ground - family living/Sofa seat 1/emissive line straight	emissive line straight	(6.650, 0.250, 16.150)	Center: (6.65, 0.30, 15.68), Extents: (0.38, 0.02, 0.01)
Modern Villa - Interior Furnishing/04 Annex ground - family living/Sofa seat 2	leather couch straight	(7.400, 0.250, 16.150)	Center: (7.40, 0.66, 16.15), Extents: (0.38, 0.41, 0.48)
Modern Villa - Interior Furnishing/04 Annex ground - family living/Sofa seat 2/couch pillow straight	couch pillow straight	(7.400, 0.550, 15.982)	Center: (7.40, 0.55, 15.98), Extents: (0.38, 0.10, 0.31)
Modern Villa - Interior Furnishing/04 Annex ground - family living/Sofa seat 2/emissive line straight	emissive line straight	(7.400, 0.250, 16.150)	Center: (7.40, 0.30, 15.68), Extents: (0.38, 0.02, 0.01)
Modern Villa - Interior Furnishing/04 Annex ground - family living/Sofa seat 3	leather couch straight	(8.150, 0.250, 16.150)	Center: (8.15, 0.66, 16.15), Extents: (0.38, 0.41, 0.48)
Modern Villa - Interior Furnishing/04 Annex ground - family living/Sofa seat 3/couch pillow straight	couch pillow straight	(8.150, 0.550, 15.982)	Center: (8.15, 0.55, 15.98), Extents: (0.38, 0.10, 0.31)
Modern Villa - Interior Furnishing/04 Annex ground - family living/Sofa seat 3/emissive line straight	emissive line straight	(8.150, 0.250, 16.150)	Center: (8.15, 0.30, 15.68), Extents: (0.38, 0.02, 0.01)
Modern Villa - Interior Furnishing/04 Annex ground - family living/Sofa left arm	leather side element l	(8.665, 0.250, 16.150)	Center: (8.67, 0.55, 16.15), Extents: (0.14, 0.30, 0.48)
Modern Villa - Interior Furnishing/04 Annex ground - family living/Sofa left arm/emission l	emission l	(8.665, 0.250, 16.150)	Center: (8.60, 0.53, 16.13), Extents: (0.07, 0.12, 0.37)
Modern Villa - Interior Furnishing/04 Annex ground - family living/Sofa right arm	leather side element  r	(6.135, 0.250, 16.150)	Center: (6.14, 0.55, 16.15), Extents: (0.14, 0.30, 0.48)
Modern Villa - Interior Furnishing/04 Annex ground - family living/Sofa right arm/emisson r	emisson r	(6.135, 0.250, 16.150)	Center: (6.07, 0.53, 16.17), Extents: (0.07, 0.12, 0.37)
Modern Villa - Interior Furnishing/04 Annex ground - family living/Conversation rug	CarpetB	(7.400, 0.260, 14.450)	Center: (7.40, 0.26, 14.45), Extents: (1.00, 0.01, 1.00)
Modern Villa - Interior Furnishing/04 Annex ground - family living/Round coffee table/CouchTableF_LOD0	CouchTableF_LOD0	(7.400, 0.270, 14.450)	Center: (7.40, 0.46, 14.45), Extents: (0.70, 0.19, 0.70)
Modern Villa - Interior Furnishing/04 Annex ground - family living/Round coffee table/CouchTableF_LOD1	CouchTableF_LOD1	(7.400, 0.270, 14.450)	Center: (7.40, 0.46, 14.45), Extents: (0.70, 0.19, 0.70)
Modern Villa - Interior Furnishing/04 Annex ground - family living/Living armchair left	leather seat	(6.042, 0.249, 12.847)	Center: (6.04, 0.35, 12.84), Extents: (0.38, 0.10, 0.38)
Modern Villa - Interior Furnishing/04 Annex ground - family living/Living armchair left/seat	seat	(6.071, 0.526, 12.898)	Center: (6.05, 0.74, 12.85), Extents: (0.53, 0.30, 0.50)
Modern Villa - Interior Furnishing/04 Annex ground - family living/Living armchair right	leather seat	(8.798, 0.249, 12.841)	Center: (8.80, 0.35, 12.83), Extents: (0.38, 0.10, 0.38)
Modern Villa - Interior Furnishing/04 Annex ground - family living/Living armchair right/seat	seat	(8.769, 0.526, 12.892)	Center: (8.80, 0.74, 12.85), Extents: (0.53, 0.30, 0.50)
Modern Villa - Interior Furnishing/04 Annex ground - family living/Living room book	mv_bookA	(7.297, 0.671, 14.419)	Center: (7.15, 0.67, 14.45), Extents: (0.17, 0.02, 0.13)
Modern Villa - Interior Furnishing/04 Annex ground - family living/Living coffee/CoffeeCupC_LOD0	CoffeeCupC_LOD0	(7.670, 0.658, 14.285)	Center: (7.67, 0.70, 14.27), Extents: (0.05, 0.04, 0.07)
Modern Villa - Interior Furnishing/04 Annex ground - family living/Living coffee/CoffeeCupC_LOD1	CoffeeCupC_LOD1	(7.670, 0.658, 14.285)	Center: (7.67, 0.70, 14.27), Extents: (0.05, 0.04, 0.07)
Modern Villa - Interior Furnishing/04 Annex ground - family living/Living coffee/CoffeeCupC_LOD2	CoffeeCupC_LOD2	(7.670, 0.658, 14.285)	Center: (7.67, 0.70, 14.27), Extents: (0.05, 0.04, 0.07)
Modern Villa - Interior Furnishing/04 Annex ground - family living/Living coffee/CoffeeCupC_LOD3	CoffeeCupC_LOD3	(7.670, 0.658, 14.285)	Center: (7.67, 0.70, 14.27), Extents: (0.05, 0.05, 0.07)
Modern Villa - Interior Furnishing/04 Annex ground - family living/Living flowers/VaseA_LOD0	VaseA_LOD0	(7.507, 0.657, 14.683)	Center: (7.50, 0.89, 14.73), Extents: (0.15, 0.24, 0.11)
Modern Villa - Interior Furnishing/04 Annex ground - family living/Living flowers/VaseA_LOD1	VaseA_LOD1	(7.507, 0.657, 14.683)	Center: (7.50, 0.89, 14.73), Extents: (0.15, 0.24, 0.11)
Modern Villa - Interior Furnishing/04 Annex ground - family living/Sofa end table/SideTable_LOD0	SideTable_LOD0	(9.497, 0.254, 16.101)	Center: (9.50, 0.58, 16.10), Extents: (0.25, 0.33, 0.25)
Modern Villa - Interior Furnishing/04 Annex ground - family living/Sofa end table/SideTable_LOD1	SideTable_LOD1	(9.497, 0.254, 16.101)	Center: (9.50, 0.58, 16.10), Extents: (0.25, 0.33, 0.25)
Modern Villa - Interior Furnishing/04 Annex ground - family living/Sofa lamp/GardenTableLamp_LOD0	GardenTableLamp_LOD0	(9.500, 0.921, 16.100)	Center: (9.50, 1.15, 16.10), Extents: (0.11, 0.23, 0.11)
Modern Villa - Interior Furnishing/04 Annex ground - family living/Sofa lamp/GardenTableLamp_LOD1	GardenTableLamp_LOD1	(9.500, 0.921, 16.100)	Center: (9.50, 1.15, 16.10), Extents: (0.11, 0.23, 0.11)
Modern Villa - Interior Furnishing/04 Annex ground - family living/Sofa lamp/GardenTableLamp_LOD2	GardenTableLamp_LOD2	(9.500, 0.921, 16.100)	Center: (9.50, 1.15, 16.10), Extents: (0.11, 0.23, 0.11)
Modern Villa - Interior Furnishing/04 Annex ground - family living/Living corner plant/PottedPlantA_LOD0	PottedPlantA_LOD0	(10.274, 0.249, 15.557)	Center: (10.25, 0.93, 15.60), Extents: (0.68, 0.68, 0.69)
Modern Villa - Interior Furnishing/04 Annex ground - family living/Living corner plant/PottedPlantA_LOD1	PottedPlantA_LOD1	(10.274, 0.249, 15.557)	Center: (10.25, 0.93, 15.60), Extents: (0.68, 0.68, 0.69)
Modern Villa - Interior Furnishing/04 Annex ground - family living/Living corner plant/PottedPlantA_LOD2	PottedPlantA_LOD2	(10.274, 0.249, 15.557)	Center: (10.25, 0.93, 15.60), Extents: (0.69, 0.68, 0.69)
Modern Villa - Interior Furnishing/04 Annex ground - family living/Living artwork	Painting 4	(7.400, 1.750, 16.980)	Center: (7.40, 1.75, 16.97), Extents: (0.75, 0.50, 0.01)
Modern Villa - Interior Furnishing/05 Annex ground - breakfast room/Breakfast table	DiningTableA	(6.500, 0.260, 19.150)	Center: (6.50, 0.62, 19.15), Extents: (1.49, 0.37, 0.49)
Modern Villa - Interior Furnishing/05 Annex ground - breakfast room/Breakfast chair/DiningChairB_LOD0	DiningChairB_LOD0	(5.850, 0.250, 18.324)	Center: (5.85, 0.79, 18.25), Extents: (0.27, 0.54, 0.33)
Modern Villa - Interior Furnishing/05 Annex ground - breakfast room/Breakfast chair/DiningChairB_LOD1	DiningChairB_LOD1	(5.850, 0.250, 18.324)	Center: (5.85, 0.79, 18.25), Extents: (0.27, 0.54, 0.33)
Modern Villa - Interior Furnishing/05 Annex ground - breakfast room/Breakfast chair/DiningChairB_LOD2	DiningChairB_LOD2	(5.850, 0.250, 18.324)	Center: (5.85, 0.79, 18.25), Extents: (0.27, 0.54, 0.33)
Modern Villa - Interior Furnishing/05 Annex ground - breakfast room/Breakfast chair/DiningChairB_LOD0	DiningChairB_LOD0	(7.150, 0.250, 18.324)	Center: (7.15, 0.79, 18.25), Extents: (0.27, 0.54, 0.33)
Modern Villa - Interior Furnishing/05 Annex ground - breakfast room/Breakfast chair/DiningChairB_LOD1	DiningChairB_LOD1	(7.150, 0.250, 18.324)	Center: (7.15, 0.79, 18.25), Extents: (0.27, 0.54, 0.33)
Modern Villa - Interior Furnishing/05 Annex ground - breakfast room/Breakfast chair/DiningChairB_LOD2	DiningChairB_LOD2	(7.150, 0.250, 18.324)	Center: (7.15, 0.79, 18.25), Extents: (0.27, 0.54, 0.33)
Modern Villa - Interior Furnishing/05 Annex ground - breakfast room/Breakfast chair/DiningChairB_LOD0	DiningChairB_LOD0	(5.850, 0.250, 19.976)	Center: (5.85, 0.79, 20.05), Extents: (0.27, 0.54, 0.33)
Modern Villa - Interior Furnishing/05 Annex ground - breakfast room/Breakfast chair/DiningChairB_LOD1	DiningChairB_LOD1	(5.850, 0.250, 19.976)	Center: (5.85, 0.79, 20.05), Extents: (0.27, 0.54, 0.33)
Modern Villa - Interior Furnishing/05 Annex ground - breakfast room/Breakfast chair/DiningChairB_LOD2	DiningChairB_LOD2	(5.850, 0.250, 19.976)	Center: (5.85, 0.79, 20.05), Extents: (0.27, 0.54, 0.33)
Modern Villa - Interior Furnishing/05 Annex ground - breakfast room/Breakfast chair/DiningChairB_LOD0	DiningChairB_LOD0	(7.150, 0.250, 19.976)	Center: (7.15, 0.79, 20.05), Extents: (0.27, 0.54, 0.33)
Modern Villa - Interior Furnishing/05 Annex ground - breakfast room/Breakfast chair/DiningChairB_LOD1	DiningChairB_LOD1	(7.150, 0.250, 19.976)	Center: (7.15, 0.79, 20.05), Extents: (0.27, 0.54, 0.33)
Modern Villa - Interior Furnishing/05 Annex ground - breakfast room/Breakfast chair/DiningChairB_LOD2	DiningChairB_LOD2	(7.150, 0.250, 19.976)	Center: (7.15, 0.79, 20.05), Extents: (0.27, 0.54, 0.33)
Modern Villa - Interior Furnishing/05 Annex ground - breakfast room/Breakfast cup one/CoffeeCupC_LOD0	CoffeeCupC_LOD0	(5.850, 0.999, 18.915)	Center: (5.85, 1.04, 18.90), Extents: (0.05, 0.04, 0.07)
Modern Villa - Interior Furnishing/05 Annex ground - breakfast room/Breakfast cup one/CoffeeCupC_LOD1	CoffeeCupC_LOD1	(5.850, 0.999, 18.915)	Center: (5.85, 1.04, 18.90), Extents: (0.05, 0.04, 0.07)
Modern Villa - Interior Furnishing/05 Annex ground - breakfast room/Breakfast cup one/CoffeeCupC_LOD2	CoffeeCupC_LOD2	(5.850, 0.999, 18.915)	Center: (5.85, 1.04, 18.90), Extents: (0.05, 0.04, 0.07)
Modern Villa - Interior Furnishing/05 Annex ground - breakfast room/Breakfast cup one/CoffeeCupC_LOD3	CoffeeCupC_LOD3	(5.850, 0.999, 18.915)	Center: (5.85, 1.04, 18.90), Extents: (0.05, 0.05, 0.07)
Modern Villa - Interior Furnishing/05 Annex ground - breakfast room/Breakfast cup two/CoffeeCupC_LOD0	CoffeeCupC_LOD0	(7.150, 0.999, 19.415)	Center: (7.15, 1.04, 19.40), Extents: (0.05, 0.04, 0.07)
Modern Villa - Interior Furnishing/05 Annex ground - breakfast room/Breakfast cup two/CoffeeCupC_LOD1	CoffeeCupC_LOD1	(7.150, 0.999, 19.415)	Center: (7.15, 1.04, 19.40), Extents: (0.05, 0.04, 0.07)
Modern Villa - Interior Furnishing/05 Annex ground - breakfast room/Breakfast cup two/CoffeeCupC_LOD2	CoffeeCupC_LOD2	(7.150, 0.999, 19.415)	Center: (7.15, 1.04, 19.40), Extents: (0.05, 0.04, 0.07)
Modern Villa - Interior Furnishing/05 Annex ground - breakfast room/Breakfast cup two/CoffeeCupC_LOD3	CoffeeCupC_LOD3	(7.150, 0.999, 19.415)	Center: (7.15, 1.04, 19.40), Extents: (0.05, 0.05, 0.07)
Modern Villa - Interior Furnishing/05 Annex ground - breakfast room/Breakfast reading	mv_bookA	(6.547, 1.011, 18.989)	Center: (6.40, 1.01, 19.02), Extents: (0.17, 0.02, 0.13)
Modern Villa - Interior Furnishing/05 Annex ground - breakfast room/Breakfast flowers/VaseA_LOD0	VaseA_LOD0	(7.157, 0.997, 19.043)	Center: (7.15, 1.23, 19.09), Extents: (0.15, 0.24, 0.11)
Modern Villa - Interior Furnishing/05 Annex ground - breakfast room/Breakfast flowers/VaseA_LOD1	VaseA_LOD1	(7.157, 0.997, 19.043)	Center: (7.15, 1.23, 19.09), Extents: (0.15, 0.24, 0.11)
Modern Villa - Interior Furnishing/05 Annex ground - breakfast room/Breakfast window plant/PottedPlantA_LOD0	PottedPlantA_LOD0	(9.324, 0.249, 20.057)	Center: (9.30, 0.93, 20.10), Extents: (0.68, 0.68, 0.69)
Modern Villa - Interior Furnishing/05 Annex ground - breakfast room/Breakfast window plant/PottedPlantA_LOD1	PottedPlantA_LOD1	(9.324, 0.249, 20.057)	Center: (9.30, 0.93, 20.10), Extents: (0.68, 0.68, 0.69)
Modern Villa - Interior Furnishing/05 Annex ground - breakfast room/Breakfast window plant/PottedPlantA_LOD2	PottedPlantA_LOD2	(9.324, 0.249, 20.057)	Center: (9.30, 0.93, 20.10), Extents: (0.69, 0.68, 0.69)
Modern Villa - Interior Furnishing/06 Annex upper - home studio/Studio work table	DiningTableA	(7.650, 3.060, 13.350)	Center: (7.65, 3.42, 13.35), Extents: (0.49, 0.37, 1.49)
Modern Villa - Interior Furnishing/06 Annex upper - home studio/Studio chair/DiningChairB_LOD0	DiningChairB_LOD0	(6.774, 3.050, 13.350)	Center: (6.70, 3.59, 13.35), Extents: (0.33, 0.54, 0.27)
Modern Villa - Interior Furnishing/06 Annex upper - home studio/Studio chair/DiningChairB_LOD1	DiningChairB_LOD1	(6.774, 3.050, 13.350)	Center: (6.70, 3.59, 13.35), Extents: (0.33, 0.54, 0.27)
Modern Villa - Interior Furnishing/06 Annex upper - home studio/Studio chair/DiningChairB_LOD2	DiningChairB_LOD2	(6.774, 3.050, 13.350)	Center: (6.70, 3.59, 13.35), Extents: (0.33, 0.54, 0.27)
Modern Villa - Interior Furnishing/06 Annex upper - home studio/Studio reference	mv_bookA	(7.697, 3.811, 13.219)	Center: (7.55, 3.81, 13.25), Extents: (0.17, 0.02, 0.13)
Modern Villa - Interior Furnishing/06 Annex upper - home studio/Second reference	mv_bookA	(7.897, 3.811, 13.869)	Center: (7.75, 3.81, 13.90), Extents: (0.17, 0.02, 0.13)
Modern Villa - Interior Furnishing/06 Annex upper - home studio/Studio coffee/CoffeeCupC_LOD0	CoffeeCupC_LOD0	(7.430, 3.799, 12.885)	Center: (7.43, 3.84, 12.87), Extents: (0.05, 0.04, 0.07)
Modern Villa - Interior Furnishing/06 Annex upper - home studio/Studio coffee/CoffeeCupC_LOD1	CoffeeCupC_LOD1	(7.430, 3.799, 12.885)	Center: (7.43, 3.84, 12.87), Extents: (0.05, 0.04, 0.07)
Modern Villa - Interior Furnishing/06 Annex upper - home studio/Studio coffee/CoffeeCupC_LOD2	CoffeeCupC_LOD2	(7.430, 3.799, 12.885)	Center: (7.43, 3.84, 12.87), Extents: (0.05, 0.04, 0.07)
Modern Villa - Interior Furnishing/06 Annex upper - home studio/Studio coffee/CoffeeCupC_LOD3	CoffeeCupC_LOD3	(7.430, 3.799, 12.885)	Center: (7.43, 3.84, 12.87), Extents: (0.05, 0.05, 0.07)
Modern Villa - Interior Furnishing/06 Annex upper - home studio/Studio lamp/GardenTableLamp_LOD0	GardenTableLamp_LOD0	(7.730, 3.796, 12.250)	Center: (7.73, 4.03, 12.25), Extents: (0.11, 0.23, 0.11)
Modern Villa - Interior Furnishing/06 Annex upper - home studio/Studio lamp/GardenTableLamp_LOD1	GardenTableLamp_LOD1	(7.730, 3.796, 12.250)	Center: (7.73, 4.03, 12.25), Extents: (0.11, 0.23, 0.11)
Modern Villa - Interior Furnishing/06 Annex upper - home studio/Studio lamp/GardenTableLamp_LOD2	GardenTableLamp_LOD2	(7.730, 3.796, 12.250)	Center: (7.73, 4.03, 12.25), Extents: (0.11, 0.23, 0.11)
Modern Villa - Interior Furnishing/06 Annex upper - home studio/Studio flowers/VaseA_LOD0	VaseA_LOD0	(7.697, 3.797, 14.383)	Center: (7.69, 4.03, 14.43), Extents: (0.15, 0.24, 0.11)
Modern Villa - Interior Furnishing/06 Annex upper - home studio/Studio flowers/VaseA_LOD1	VaseA_LOD1	(7.697, 3.797, 14.383)	Center: (7.69, 4.03, 14.43), Extents: (0.15, 0.24, 0.11)
Modern Villa - Interior Furnishing/06 Annex upper - home studio/Studio reading chair	leather seat	(4.942, 3.049, 12.098)	Center: (4.93, 3.15, 12.09), Extents: (0.39, 0.10, 0.39)
Modern Villa - Interior Furnishing/06 Annex upper - home studio/Studio reading chair/seat	seat	(4.975, 3.326, 12.146)	Center: (4.95, 3.54, 12.10), Extents: (0.54, 0.30, 0.52)
Modern Villa - Interior Furnishing/06 Annex upper - home studio/Studio reading side table/SideTable_LOD0	SideTable_LOD0	(5.797, 3.054, 12.151)	Center: (5.80, 3.38, 12.15), Extents: (0.25, 0.33, 0.25)
Modern Villa - Interior Furnishing/06 Annex upper - home studio/Studio reading side table/SideTable_LOD1	SideTable_LOD1	(5.797, 3.054, 12.151)	Center: (5.80, 3.38, 12.15), Extents: (0.25, 0.33, 0.25)
Modern Villa - Interior Furnishing/06 Annex upper - home studio/Studio reading book	mv_bookA	(5.947, 3.736, 12.119)	Center: (5.80, 3.74, 12.15), Extents: (0.17, 0.02, 0.13)
Modern Villa - Interior Furnishing/06 Annex upper - home studio/Studio corner plant/PottedPlantA_LOD0	PottedPlantA_LOD0	(8.474, 3.049, 15.807)	Center: (8.45, 3.73, 15.85), Extents: (0.68, 0.68, 0.69)
Modern Villa - Interior Furnishing/06 Annex upper - home studio/Studio corner plant/PottedPlantA_LOD1	PottedPlantA_LOD1	(8.474, 3.049, 15.807)	Center: (8.45, 3.73, 15.85), Extents: (0.68, 0.68, 0.69)
Modern Villa - Interior Furnishing/06 Annex upper - home studio/Studio corner plant/PottedPlantA_LOD2	PottedPlantA_LOD2	(8.474, 3.049, 15.807)	Center: (8.45, 3.73, 15.85), Extents: (0.69, 0.68, 0.69)
Modern Villa - Interior Furnishing/07 Annex upper - terrace reading/Retreat chair one	leather seat	(4.192, 3.049, 18.004)	Center: (4.18, 3.15, 18.00), Extents: (0.34, 0.10, 0.34)
Modern Villa - Interior Furnishing/07 Annex upper - terrace reading/Retreat chair one/seat	seat	(4.248, 3.326, 18.019)	Center: (4.20, 3.54, 18.00), Extents: (0.44, 0.30, 0.49)
Modern Villa - Interior Furnishing/07 Annex upper - terrace reading/Retreat chair two	leather seat	(4.195, 3.049, 19.357)	Center: (4.19, 3.15, 19.36), Extents: (0.34, 0.10, 0.34)
Modern Villa - Interior Furnishing/07 Annex upper - terrace reading/Retreat chair two/seat	seat	(4.251, 3.326, 19.342)	Center: (4.20, 3.54, 19.35), Extents: (0.44, 0.30, 0.49)
Modern Villa - Interior Furnishing/07 Annex upper - terrace reading/Retreat tea table/CouchTableB_LOD0	CouchTableB_LOD0	(5.454, 3.049, 18.698)	Center: (5.45, 3.23, 18.70), Extents: (0.39, 0.18, 0.38)
Modern Villa - Interior Furnishing/07 Annex upper - terrace reading/Retreat tea table/CouchTableB_LOD1	CouchTableB_LOD1	(5.454, 3.049, 18.698)	Center: (5.45, 3.23, 18.70), Extents: (0.39, 0.18, 0.38)
Modern Villa - Interior Furnishing/07 Annex upper - terrace reading/Retreat tea cup/CoffeeCupC_LOD0	CoffeeCupC_LOD0	(5.450, 3.404, 18.515)	Center: (5.45, 3.45, 18.50), Extents: (0.05, 0.04, 0.07)
Modern Villa - Interior Furnishing/07 Annex upper - terrace reading/Retreat tea cup/CoffeeCupC_LOD1	CoffeeCupC_LOD1	(5.450, 3.404, 18.515)	Center: (5.45, 3.45, 18.50), Extents: (0.05, 0.04, 0.07)
Modern Villa - Interior Furnishing/07 Annex upper - terrace reading/Retreat tea cup/CoffeeCupC_LOD2	CoffeeCupC_LOD2	(5.450, 3.404, 18.515)	Center: (5.45, 3.45, 18.50), Extents: (0.05, 0.04, 0.07)
Modern Villa - Interior Furnishing/07 Annex upper - terrace reading/Retreat tea cup/CoffeeCupC_LOD3	CoffeeCupC_LOD3	(5.450, 3.404, 18.515)	Center: (5.45, 3.45, 18.50), Extents: (0.05, 0.05, 0.07)
Modern Villa - Interior Furnishing/07 Annex upper - terrace reading/Retreat reading	mv_bookA	(5.597, 3.417, 18.799)	Center: (5.45, 3.42, 18.83), Extents: (0.17, 0.02, 0.13)
Modern Villa - Interior Furnishing/07 Annex upper - terrace reading/Retreat corner plant/PottedPlantA_LOD0	PottedPlantA_LOD0	(8.381, 3.049, 19.512)	Center: (8.35, 3.73, 19.55), Extents: (0.59, 0.68, 0.60)
Modern Villa - Interior Furnishing/07 Annex upper - terrace reading/Retreat corner plant/PottedPlantA_LOD1	PottedPlantA_LOD1	(8.381, 3.049, 19.512)	Center: (8.35, 3.73, 19.55), Extents: (0.59, 0.68, 0.60)
Modern Villa - Interior Furnishing/07 Annex upper - terrace reading/Retreat corner plant/PottedPlantA_LOD2	PottedPlantA_LOD2	(8.381, 3.049, 19.512)	Center: (8.35, 3.73, 19.55), Extents: (0.60, 0.68, 0.60)
Modern Villa - Search Details/01 Writing desk - look behind reference books/Desk reference stack - large base	mv_bookC	(-5.442, 4.316, 4.712)	Center: (-5.63, 4.32, 4.67), Extents: (0.19, 0.02, 0.14)
Modern Villa - Search Details/01 Writing desk - look behind reference books/Desk reference stack - volume 1	mv_bookE	(-5.490, 4.374, 4.676)	Center: (-5.63, 4.37, 4.67), Extents: (0.15, 0.04, 0.11)
Modern Villa - Search Details/01 Writing desk - look behind reference books/Desk reference stack - volume 2	mv_bookE	(-5.482, 4.459, 4.657)	Center: (-5.62, 4.46, 4.67), Extents: (0.15, 0.04, 0.11)
Modern Villa - Search Details/01 Writing desk - look behind reference books/Desk reference stack - volume 3	mv_bookE	(-5.490, 4.544, 4.676)	Center: (-5.63, 4.54, 4.67), Extents: (0.15, 0.04, 0.11)
Modern Villa - Search Details/02 Sofa - look around cushions and end table/Sofa left back cushion/PillowG_LOD0	PillowG_LOD0	(6.847, 0.857, 16.131)	Center: (6.85, 0.86, 16.13), Extents: (0.36, 0.20, 0.17)
Modern Villa - Search Details/02 Sofa - look around cushions and end table/Sofa left back cushion/PillowG_LOD1	PillowG_LOD1	(6.849, 0.854, 16.129)	Center: (6.85, 0.85, 16.13), Extents: (0.36, 0.20, 0.17)
Modern Villa - Search Details/02 Sofa - look around cushions and end table/Sofa left back cushion/PillowG_LOD2	PillowG_LOD2	(6.849, 0.854, 16.129)	Center: (6.85, 0.85, 16.13), Extents: (0.36, 0.20, 0.17)
Modern Villa - Search Details/02 Sofa - look around cushions and end table/Sofa right back cushion/PillowG_LOD0	PillowG_LOD0	(8.077, 0.857, 16.131)	Center: (8.08, 0.86, 16.13), Extents: (0.36, 0.20, 0.17)
Modern Villa - Search Details/02 Sofa - look around cushions and end table/Sofa right back cushion/PillowG_LOD1	PillowG_LOD1	(8.079, 0.854, 16.129)	Center: (8.08, 0.85, 16.13), Extents: (0.36, 0.20, 0.17)
Modern Villa - Search Details/02 Sofa - look around cushions and end table/Sofa right back cushion/PillowG_LOD2	PillowG_LOD2	(8.079, 0.854, 16.129)	Center: (8.08, 0.85, 16.13), Extents: (0.36, 0.20, 0.17)
Modern Villa - Search Details/02 Sofa - look around cushions and end table/Low palm by sofa end table/PottedPlantC_LOD0	PottedPlantC_LOD0	(9.415, 0.250, 15.263)	Center: (9.40, 0.51, 15.25), Extents: (0.34, 0.26, 0.33)
Modern Villa - Search Details/02 Sofa - look around cushions and end table/Low palm by sofa end table/PottedPlantC_LOD1	PottedPlantC_LOD1	(9.415, 0.250, 15.263)	Center: (9.40, 0.51, 15.25), Extents: (0.34, 0.26, 0.33)
Modern Villa - Search Details/02 Sofa - look around cushions and end table/Low palm by sofa end table/PottedPlantC_LOD2	PottedPlantC_LOD2	(9.415, 0.250, 15.263)	Center: (9.40, 0.51, 15.25), Extents: (0.34, 0.26, 0.33)
Modern Villa - Search Details/03 Breakfast - look behind coffee service/Breakfast coffee tray	tablet	(5.580, 0.996, 19.260)	Center: (5.58, 1.03, 19.26), Extents: (0.22, 0.03, 0.18)
Modern Villa - Search Details/03 Breakfast - look behind coffee service/Coffee pot on serving tray/CoffeePot_LOD0	CoffeePot_LOD0	(5.591, 1.012, 19.260)	Center: (5.58, 1.14, 19.26), Extents: (0.16, 0.13, 0.10)
Modern Villa - Search Details/03 Breakfast - look behind coffee service/Coffee pot on serving tray/CoffeePot_LOD1	CoffeePot_LOD1	(5.591, 1.012, 19.260)	Center: (5.58, 1.14, 19.26), Extents: (0.16, 0.13, 0.10)
Modern Villa - Search Details/03 Breakfast - look behind coffee service/Coffee pot on serving tray/CoffeePot_LOD2	CoffeePot_LOD2	(5.591, 1.012, 19.260)	Center: (5.58, 1.14, 19.26), Extents: (0.16, 0.13, 0.10)
Modern Villa - Search Details/04 Reading corner - inspect low planting/Reading corner low palm/PottedPlantC_LOD0	PottedPlantC_LOD0	(-2.968, 3.555, 8.796)	Center: (-2.98, 3.81, 8.78), Extents: (0.30, 0.26, 0.29)
Modern Villa - Search Details/04 Reading corner - inspect low planting/Reading corner low palm/PottedPlantC_LOD1	PottedPlantC_LOD1	(-2.968, 3.555, 8.796)	Center: (-2.98, 3.81, 8.78), Extents: (0.30, 0.26, 0.29)
Modern Villa - Search Details/04 Reading corner - inspect low planting/Reading corner low palm/PottedPlantC_LOD2	PottedPlantC_LOD2	(-2.968, 3.555, 8.796)	Center: (-2.98, 3.81, 8.78), Extents: (0.30, 0.26, 0.29)
Modern Villa - Search Details/05 Terrace room - look beside planting/Retreat low palm/PottedPlantC_LOD0	PottedPlantC_LOD0	(7.650, 3.050, 19.270)	Center: (7.65, 3.31, 19.25), Extents: (0.34, 0.26, 0.33)
Modern Villa - Search Details/05 Terrace room - look beside planting/Retreat low palm/PottedPlantC_LOD1	PottedPlantC_LOD1	(7.650, 3.050, 19.270)	Center: (7.65, 3.31, 19.25), Extents: (0.34, 0.26, 0.33)
Modern Villa - Search Details/05 Terrace room - look beside planting/Retreat low palm/PottedPlantC_LOD2	PottedPlantC_LOD2	(7.650, 3.050, 19.270)	Center: (7.65, 3.31, 19.25), Extents: (0.34, 0.26, 0.33)
Modern Villa - Interior Lighting/Main dining pendant	lamp	(-4.700, 2.277, 8.100)	Center: (-4.70, 2.19, 8.10), Extents: (0.20, 0.08, 0.20)
Modern Villa - Interior Lighting/Main dining pendant/bulb	bulb	(-4.700, 2.215, 8.100)	Center: (-4.70, 2.21, 8.10), Extents: (0.02, 0.03, 0.02)
Modern Villa - Interior Lighting/Main dining pendant/cable	cable	(-4.700, 2.255, 8.100)	Center: (-4.70, 2.76, 8.10), Extents: (0.00, 0.50, 0.00)
Modern Villa - Interior Lighting/Breakfast pendant	lamp	(6.500, 1.772, 19.150)	Center: (6.50, 1.69, 19.15), Extents: (0.20, 0.08, 0.20)
Modern Villa - Interior Lighting/Breakfast pendant/bulb	bulb	(6.500, 1.710, 19.150)	Center: (6.50, 1.71, 19.15), Extents: (0.02, 0.03, 0.02)
Modern Villa - Interior Lighting/Breakfast pendant/cable	cable	(6.500, 1.750, 19.150)	Center: (6.50, 2.25, 19.15), Extents: (0.00, 0.50, 0.00)
Modern Villa - Interior Lighting/Main study wall lamp	wall light	(-7.245, 5.250, 3.300)	Center: (-7.18, 5.25, 3.30), Extents: (0.07, 0.10, 0.05)
Modern Villa - Interior Lighting/Main study wall lamp/light	light	(-7.167, 5.250, 3.221)	Center: (-7.17, 5.25, 3.30), Extents: (0.05, 0.10, 0.05)
Modern Villa - Interior Lighting/Main reading wall lamp	wall light	(-7.245, 5.250, 7.150)	Center: (-7.18, 5.25, 7.15), Extents: (0.07, 0.10, 0.05)
Modern Villa - Interior Lighting/Main reading wall lamp/light	light	(-7.167, 5.250, 7.071)	Center: (-7.17, 5.25, 7.15), Extents: (0.05, 0.10, 0.05)
Modern Villa - Interior Lighting/Living wall lamp	wall light	(5.550, 2.100, 16.995)	Center: (5.55, 2.10, 16.93), Extents: (0.05, 0.10, 0.07)
Modern Villa - Interior Lighting/Living wall lamp/light	light	(5.471, 2.100, 16.917)	Center: (5.55, 2.10, 16.92), Extents: (0.05, 0.10, 0.05)
Modern Villa - Interior Lighting/Retreat wall lamp	wall light	(3.255, 4.800, 17.550)	Center: (3.32, 4.80, 17.55), Extents: (0.07, 0.10, 0.05)
Modern Villa - Interior Lighting/Retreat wall lamp/light	light	(3.334, 4.800, 17.471)	Center: (3.33, 4.80, 17.55), Extents: (0.05, 0.10, 0.05)
Modern Villa - Interior Lighting/Dining wall lamp	wall light	(-6.200, 2.600, 10.495)	Center: (-6.20, 2.60, 10.43), Extents: (0.05, 0.10, 0.07)
Modern Villa - Interior Lighting/Dining wall lamp/light	light	(-6.279, 2.600, 10.417)	Center: (-6.20, 2.60, 10.42), Extents: (0.05, 0.10, 0.05)
Modern Villa - Interior Lighting/Reading back wall lamp	wall light	(-3.450, 5.300, 9.495)	Center: (-3.45, 5.30, 9.43), Extents: (0.05, 0.10, 0.07)
Modern Villa - Interior Lighting/Reading back wall lamp/light	light	(-3.529, 5.300, 9.417)	Center: (-3.45, 5.30, 9.42), Extents: (0.05, 0.10, 0.05)
