path	type	enabled	trigger	center	size
Floor/Objects/mv_lounger	MeshCollider	True	False	(0.136, 0.882, -1.310)	(2.180, 0.264, 0.707)
Floor/Objects/mv_lounger (1)	MeshCollider	True	False	(0.136, 0.882, -2.310)	(2.180, 0.264, 0.707)
Floor/Objects/mv_oil_vase	MeshCollider	True	False	(1.500, 1.271, 8.750)	(1.128, 1.000, 1.128)
Floor/Floor 2x2 (5)	BoxCollider	True	False	(0.000, 0.250, -0.250)	(2.000, 1.000, 2.000)
Floor/Floor 2x2 (6)	BoxCollider	True	False	(-2.000, 0.250, -0.250)	(2.000, 1.000, 2.000)
Floor/Floor 2x2 (7)	BoxCollider	True	False	(-4.000, 0.250, -0.250)	(2.000, 1.000, 2.000)
Floor/Floor 2x2 (9)	BoxCollider	True	False	(0.000, 0.250, 1.750)	(2.000, 1.000, 2.000)
Floor/Floor 2x2 (10)	BoxCollider	True	False	(-2.000, 0.250, 1.750)	(2.000, 1.000, 2.000)
Floor/Floor 2x2 (11)	BoxCollider	True	False	(-4.000, 0.250, 1.750)	(2.000, 1.000, 2.000)
Floor/Floor 2x2 (13)	BoxCollider	True	False	(0.000, 0.250, 3.750)	(2.000, 1.000, 2.000)
Floor/Floor 2x2 (14)	BoxCollider	True	False	(-2.000, 0.250, 3.750)	(2.000, 1.000, 2.000)
Floor/Floor 2x2 (15)	BoxCollider	True	False	(-4.000, 0.250, 3.750)	(2.000, 1.000, 2.000)
Floor/Floor 2x2 (17)	BoxCollider	True	False	(0.000, 0.250, 5.750)	(2.000, 1.000, 2.000)
Floor/Floor 2x2 (18)	BoxCollider	True	False	(-2.000, 0.250, 5.750)	(2.000, 1.000, 2.000)
Floor/Floor 2x2 (19)	BoxCollider	True	False	(-4.000, 0.250, 5.750)	(2.000, 1.000, 2.000)
Floor/Floor 2x2 (21)	BoxCollider	True	False	(0.000, 0.250, 7.750)	(2.000, 1.000, 2.000)
Floor/Floor 2x2 (22)	BoxCollider	True	False	(-2.000, 0.250, 7.750)	(2.000, 1.000, 2.000)
Floor/Floor 2x2 (23)	BoxCollider	True	False	(-4.000, 0.250, 7.750)	(2.000, 1.000, 2.000)
Floor/Floor 2x2 corner	BoxCollider	True	False	(2.000, 0.250, -2.250)	(2.000, 1.000, 2.000)
Floor/Floor 2x2 side	BoxCollider	True	False	(2.000, 0.250, -0.250)	(2.000, 1.000, 2.000)
Floor/Floor 2x2 side (1)	BoxCollider	True	False	(2.000, 0.250, 1.750)	(2.000, 1.000, 2.000)
Floor/Floor 2x2 side (2)	BoxCollider	True	False	(2.000, 0.250, 3.750)	(2.000, 1.000, 2.000)
Floor/Floor 2x2 side (3)	BoxCollider	True	False	(2.000, 0.250, 5.750)	(2.000, 1.000, 2.000)
Floor/Floor 2x2 side (4)	BoxCollider	True	False	(2.000, 0.250, 7.750)	(2.000, 1.000, 2.000)
Floor/Floor 2x2 side (5)	BoxCollider	True	False	(2.000, 0.250, 9.750)	(2.000, 1.000, 2.000)
Floor/Floor 2x2 side (8)	BoxCollider	True	False	(-4.000, 0.250, -2.250)	(2.000, 1.000, 2.000)
Floor/Floor 2x2 side (9)	BoxCollider	True	False	(-2.000, 0.250, -2.250)	(2.000, 1.000, 2.000)
Floor/Floor 2x2 (25)	BoxCollider	True	False	(-6.000, 0.250, -0.250)	(2.000, 1.000, 2.000)
Floor/Floor 2x2 (26)	BoxCollider	True	False	(-6.000, 0.250, 1.750)	(2.000, 1.000, 2.000)
Floor/Floor 2x2 (27)	BoxCollider	True	False	(-6.000, 0.250, 3.750)	(2.000, 1.000, 2.000)
Floor/Floor 2x2 (28)	BoxCollider	True	False	(-6.000, 0.250, 5.750)	(2.000, 1.000, 2.000)
Floor/Floor 2x2 (29)	BoxCollider	True	False	(-6.000, 0.250, 7.750)	(2.000, 1.000, 2.000)
Floor/Floor 2x2 (31)	BoxCollider	True	False	(-8.000, 0.250, -0.250)	(2.000, 1.000, 2.000)
Floor/Floor 2x2 (32)	BoxCollider	True	False	(-8.000, 0.250, 1.750)	(2.000, 1.000, 2.000)
Floor/Floor 2x2 (33)	BoxCollider	True	False	(-8.000, 0.250, 3.750)	(2.000, 1.000, 2.000)
Floor/Floor 2x2 (34)	BoxCollider	True	False	(-8.000, 0.250, 5.750)	(2.000, 1.000, 2.000)
Floor/Floor 2x2 (35)	BoxCollider	True	False	(-8.000, 0.250, 7.750)	(2.000, 1.000, 2.000)
Floor/Floor 2x2 (37)	BoxCollider	True	False	(-10.000, 0.250, -0.250)	(2.000, 1.000, 2.000)
Floor/Floor 2x2 (38)	BoxCollider	True	False	(-10.000, 0.250, 1.750)	(2.000, 1.000, 2.000)
Floor/Floor 2x2 (39)	BoxCollider	True	False	(-10.000, 0.250, 3.750)	(2.000, 1.000, 2.000)
Floor/Floor 2x2 (40)	BoxCollider	True	False	(-10.000, 0.250, 5.750)	(2.000, 1.000, 2.000)
Floor/Floor 2x2 (41)	BoxCollider	True	False	(-10.000, 0.250, 7.750)	(2.000, 1.000, 2.000)
Floor/Floor 2x2 (43)	BoxCollider	True	False	(-12.000, 0.250, -0.250)	(2.000, 1.000, 2.000)
Floor/Floor 2x2 (44)	BoxCollider	True	False	(-12.000, 0.250, 1.750)	(2.000, 1.000, 2.000)
Floor/Floor 2x2 (45)	BoxCollider	True	False	(-12.000, 0.250, 3.750)	(2.000, 1.000, 2.000)
Floor/Floor 2x2 (46)	BoxCollider	True	False	(-12.000, 0.250, 5.750)	(2.000, 1.000, 2.000)
Floor/Floor 2x2 (47)	BoxCollider	True	False	(-12.000, 0.250, 7.750)	(2.000, 1.000, 2.000)
Floor/Floor 2x2 side (17)	BoxCollider	True	False	(-12.000, 0.250, -2.250)	(2.000, 1.000, 2.000)
Floor/Floor 2x2 side (18)	BoxCollider	True	False	(-6.000, 0.250, -2.250)	(2.000, 1.000, 2.000)
Floor/Floor 2x2 side (19)	BoxCollider	True	False	(-8.000, 0.250, -2.250)	(2.000, 1.000, 2.000)
Floor/Floor 2x2 side (20)	BoxCollider	True	False	(-10.000, 0.250, -2.250)	(2.000, 1.000, 2.000)
Floor/mv_oil_vase (1)	MeshCollider	True	False	(5.537, 0.262, 23.719)	(1.128, 1.000, 1.128)
Floor/Floor 2x2 side (30)	BoxCollider	True	False	(0.000, 0.250, -2.250)	(2.000, 1.000, 2.000)
Floor/Floor 2x2 (64)	BoxCollider	True	False	(0.000, 0.250, 9.750)	(2.000, 1.000, 2.000)
Floor/Floor 2x2 (65)	BoxCollider	True	False	(-2.000, 0.250, 9.750)	(2.000, 1.000, 2.000)
Floor/Floor 2x2 (66)	BoxCollider	True	False	(-4.000, 0.250, 9.750)	(2.000, 1.000, 2.000)
Floor/Floor 2x2 (67)	BoxCollider	True	False	(-6.000, 0.250, 9.750)	(2.000, 1.000, 2.000)
Floor/Floor 2x2 (68)	BoxCollider	True	False	(-8.000, 0.250, 9.750)	(2.000, 1.000, 2.000)
Floor/Floor 2x2 (69)	BoxCollider	True	False	(-10.000, 0.250, 9.750)	(2.000, 1.000, 2.000)
Floor/Floor 2x2 (70)	BoxCollider	True	False	(-12.000, 0.250, 9.750)	(2.000, 1.000, 2.000)
Main Building/Ground Level/Wall 2x2,5	BoxCollider	True	False	(-7.400, 2.000, 1.500)	(0.200, 2.500, 2.000)
Main Building/Ground Level/Wall 2x2,5 (1)	BoxCollider	True	False	(-7.400, 2.000, 3.500)	(0.200, 2.500, 2.000)
Main Building/Ground Level/Wall 2x2,5 (2)	BoxCollider	True	False	(-7.400, 2.000, 5.500)	(0.200, 2.500, 2.000)
Main Building/Ground Level/Wall 2x2,5 (4)	BoxCollider	True	False	(-7.400, 2.000, 9.500)	(0.200, 2.500, 2.000)
Main Building/Ground Level/WindowDoor/Window door frame	BoxCollider	False	False	(-3.250, 0.750, 0.500)	(0.000, 0.000, 0.000)
Main Building/Ground Level/WindowDoor/Window door frame	MeshCollider	True	False	(-5.250, 2.000, 0.430)	(4.000, 2.500, 0.140)
Main Building/Ground Level/WindowDoor/Window door frame/Window door door	BoxCollider	True	False	(-4.366, 1.994, 0.429)	(1.768, 2.425, 0.040)
Main Building/Ground Level/WindowDoor/Window door frame/Window door windows side	MeshCollider	True	False	(-5.250, 1.994, 0.429)	(4.000, 2.425, 0.013)
Main Building/Ground Level/WindowDoor/Window door frame/Window door window	MeshCollider	True	False	(-6.134, 1.994, 0.445)	(1.768, 2.425, 0.013)
Main Building/Ground Level/Wall corner 2,5	BoxCollider	True	False	(-7.375, 2.000, 0.375)	(0.250, 2.500, 0.250)
Main Building/Ground Level/window corner l/Window 2x2,5 l frame	MeshCollider	True	False	(-2.180, 2.000, 1.430)	(2.140, 2.500, 2.140)
Main Building/Ground Level/window corner l/Window 2x2,5 l windows	MeshCollider	True	False	(-2.211, 1.994, 1.458)	(2.077, 2.425, 2.084)
Main Building/Ground Level/Window straight onesided/Window straight onesided 2x2,5 frame	BoxCollider	True	False	(-1.180, 2.000, 3.500)	(0.140, 2.500, 2.000)
Main Building/Ground Level/Window straight onesided (1)/Window straight onesided 2x2,5 frame	BoxCollider	True	False	(-1.180, 2.000, 5.500)	(0.140, 2.500, 2.000)
Main Building/Ground Level/Window straight onesided (2)/Window straight onesided 2x2,5 frame	BoxCollider	True	False	(-1.180, 2.000, 7.500)	(0.140, 2.500, 2.000)
Main Building/Ground Level/Window straight onesided (3)/Window straight onesided 2x2,5 frame	BoxCollider	True	False	(-1.180, 2.000, 9.500)	(0.140, 2.500, 2.000)
Main Building/Ground Level/Objects/Couch Group/leather side element l	MeshCollider	True	False	(-4.680, 1.050, 4.500)	(0.280, 0.600, 0.960)
Main Building/Ground Level/Objects/Couch Group/leather couch corner	MeshCollider	True	False	(-6.803, 1.151, 4.500)	(0.960, 0.802, 0.960)
Main Building/Ground Level/Objects/Couch Group/leather couch straight	MeshCollider	True	False	(-6.804, 1.157, 3.640)	(0.963, 0.813, 0.753)
Main Building/Ground Level/Objects/Couch Group/leather couch straight (1)	MeshCollider	True	False	(-6.804, 1.157, 2.890)	(0.963, 0.813, 0.753)
Main Building/Ground Level/Objects/Couch Group/leather couch corner (1)	MeshCollider	True	False	(-6.803, 1.151, 2.029)	(0.960, 0.802, 0.960)
Main Building/Ground Level/Objects/Couch Group/leather couch straight (2)	MeshCollider	True	False	(-5.947, 1.157, 2.013)	(0.753, 0.813, 0.963)
Main Building/Ground Level/Objects/Couch Group/leather couch straight (3)	MeshCollider	True	False	(-5.947, 1.157, 4.494)	(0.753, 0.813, 0.963)
Main Building/Ground Level/Objects/Couch Group/leather couch straight (4)	MeshCollider	True	False	(-5.197, 1.157, 4.494)	(0.753, 0.813, 0.963)
Main Building/Ground Level/Objects/Couch Group/leather side element  r	MeshCollider	True	False	(-5.416, 1.050, 2.011)	(0.280, 0.600, 0.960)
Main Building/Ground Level/Objects/Couch Group/mv_leather_seat	MeshCollider	True	False	(-4.064, 0.852, 2.385)	(0.791, 0.203, 0.791)
Main Building/Ground Level/Objects/Couch Group/mv_couch_table	MeshCollider	True	False	(-5.553, 0.950, 3.250)	(0.557, 0.400, 0.557)
Main Building/Ground Level/Objects/Couch Group/mv_couch_table/candle	MeshCollider	True	False	(-5.434, 1.194, 3.347)	(0.090, 0.120, 0.090)
Main Building/Ground Level/Objects/Couch Group/mv_couch_table/candle/candle_LOD0	MeshCollider	True	False	(-5.434, 1.194, 3.347)	(0.089, 0.120, 0.089)
Main Building/Ground Level/Objects/Couch Group/mv_couch_table/candle/wax_LOD0	MeshCollider	True	False	(-5.434, 1.179, 3.347)	(0.080, 0.060, 0.080)
Main Building/Ground Level/Objects/Couch Group/mv_couch_table/candle/candle_LOD1	MeshCollider	True	False	(-5.434, 1.194, 3.347)	(0.090, 0.120, 0.090)
Main Building/Ground Level/Objects/Couch Group/mv_couch_table/candle/wax_LOD1	MeshCollider	True	False	(-5.434, 1.179, 3.347)	(0.080, 0.060, 0.080)
Main Building/Ground Level/Objects/Couch Group/mv_couch_table/white wine glas	MeshCollider	True	False	(-5.362, 1.266, 3.489)	(0.085, 0.200, 0.085)
Main Building/Ground Level/Objects/Couch Group/mv_couch_table/red wine glas	MeshCollider	True	False	(-5.404, 1.270, 3.093)	(0.099, 0.225, 0.099)
Main Building/Ground Level/Objects/Curtain (3)	MeshCollider	True	False	(-6.653, 2.050, 0.632)	(1.247, 2.504, 0.361)
Main Building/Ground Level/Objects/Painting 1	BoxCollider	True	False	(-7.240, 2.250, 1.694)	(0.020, 0.630, 1.000)
Main Building/Ground Level/Objects/Painting 4	BoxCollider	True	False	(-7.163, 2.215, 4.750)	(0.020, 1.000, 1.500)
Main Building/Ground Level/Objects/mv_roof_lamp	MeshCollider	True	False	(-5.773, 2.514, 3.199)	(0.410, 0.165, 0.410)
Main Building/Ground Level/Wall 2x2,5 (5)	BoxCollider	True	False	(-6.250, 2.000, 10.600)	(2.000, 2.500, 0.200)
Main Building/Ground Level/Wall 2x2,5 (6)	BoxCollider	True	False	(-4.250, 2.000, 10.600)	(2.000, 2.500, 0.200)
Main Building/Ground Level/Wall 2x2,5 (7)	BoxCollider	True	False	(-2.250, 2.000, 10.600)	(2.000, 2.500, 0.200)
Main Building/Ground Level/Wall corner 2,5 (1)	BoxCollider	True	False	(-1.125, 2.000, 10.625)	(0.250, 2.500, 0.250)
Main Building/Ground Level/Wall corner 2,5 (2)	BoxCollider	True	False	(-7.375, 2.000, 10.625)	(0.250, 2.500, 0.250)
Main Building/Ground Level/Wall 2x2,5 door single	MeshCollider	True	False	(-7.377, 2.000, 7.496)	(0.250, 2.500, 2.000)
Main Building/Ground Level/Wall 2x2,5 door single/exterior Door	BoxCollider	True	False	(-7.383, 1.748, 7.476)	(0.143, 1.993, 1.230)
Main Building/Level 1/Wall 2x2,5	BoxCollider	True	False	(-7.400, 4.800, 0.500)	(0.200, 2.500, 2.000)
Main Building/Level 1/Wall 2x2,5 (1)	BoxCollider	True	False	(-7.400, 4.800, 2.500)	(0.200, 2.500, 2.000)
Main Building/Level 1/Wall 2x2,5 (2)	BoxCollider	True	False	(-7.400, 4.800, 4.500)	(0.200, 2.500, 2.000)
Main Building/Level 1/Wall 2x2,5 (3)	BoxCollider	True	False	(-7.400, 4.800, 6.500)	(0.200, 2.500, 2.000)
Main Building/Level 1/Wall 2x2,5 (4)	BoxCollider	True	False	(-7.400, 4.800, 8.500)	(0.200, 2.500, 2.000)
Main Building/Level 1/WindowDoor/Window door frame	BoxCollider	False	False	(-3.250, 3.550, -0.500)	(0.000, 0.000, 0.000)
Main Building/Level 1/WindowDoor/Window door frame	MeshCollider	True	False	(-5.250, 4.800, -0.570)	(4.000, 2.500, 0.140)
Main Building/Level 1/WindowDoor/Window door frame/Window door door	BoxCollider	True	False	(-4.366, 4.794, -0.571)	(1.768, 2.425, 0.040)
Main Building/Level 1/WindowDoor/Window door frame/Window door windows side	MeshCollider	True	False	(-5.250, 4.794, -0.571)	(4.000, 2.425, 0.013)
Main Building/Level 1/WindowDoor/Window door frame/Window door window	MeshCollider	True	False	(-6.134, 4.794, -0.555)	(1.768, 2.425, 0.013)
Main Building/Level 1/Wall corner 2,5	BoxCollider	True	False	(-7.375, 4.800, -0.625)	(0.250, 2.500, 0.250)
Main Building/Level 1/Wall 2x2,5 (5)	BoxCollider	True	False	(-1.150, 4.800, 2.500)	(0.200, 2.500, 2.000)
Main Building/Level 1/Wall 2x2,5.window 1	BoxCollider	True	False	(-1.125, 4.800, 4.500)	(0.250, 2.500, 2.000)
Main Building/Level 1/Wall 2x2,5 (6)	BoxCollider	True	False	(-1.150, 4.800, 6.500)	(0.200, 2.500, 2.000)
Main Building/Level 1/Wall 2x2,5.window 1 (1)	BoxCollider	True	False	(-1.125, 4.800, 0.500)	(0.250, 2.500, 2.000)
Main Building/Level 1/Window straight onesided/Window straight onesided 2x2,5 frame	BoxCollider	True	False	(-2.248, 4.800, -0.596)	(2.000, 2.500, 0.140)
Main Building/Level 1/Wall 2x2,5 (7)	BoxCollider	True	False	(-1.150, 4.800, 8.500)	(0.200, 2.500, 2.000)
Main Building/Level 1/Wall corner 2,5 (1)	BoxCollider	True	False	(-1.125, 4.800, -0.625)	(0.250, 2.500, 0.250)
Main Building/Level 1/Wall 2x2,5 (8)	BoxCollider	True	False	(-2.250, 4.800, 9.600)	(2.000, 2.500, 0.200)
Main Building/Level 1/Wall 2x2,5 (9)	BoxCollider	True	False	(-4.250, 4.800, 9.600)	(2.000, 2.500, 0.200)
Main Building/Level 1/Wall 2x2,5 (10)	BoxCollider	True	False	(-6.250, 4.800, 9.600)	(2.000, 2.500, 0.200)
Main Building/Level 1/Objects/Curtain	MeshCollider	True	False	(-7.216, 4.800, -1.225)	(0.361, 2.504, 1.247)
Main Building/Level 1/Objects/Curtain (1)	MeshCollider	True	False	(-6.275, 4.800, -0.216)	(1.247, 2.504, 0.361)
Main Building/Level 1/Objects/Curtain (2)	MeshCollider	True	False	(-2.025, 4.800, -0.216)	(1.247, 2.504, 0.361)
Main Building/Level 1/Objects/Curtain (3)	MeshCollider	True	False	(-1.275, 4.800, 0.747)	(0.361, 2.504, 1.247)
Main Building/Level 1/Objects/Curtain (4)	MeshCollider	True	False	(-1.246, 4.800, 4.775)	(0.361, 2.504, 1.247)
Main Building/Level 1/Objects/Painting 2	BoxCollider	True	False	(4.324, 4.252, 17.666)	(0.500, 0.670, 0.020)
Main Building/Level 1/Objects/Painting 3	BoxCollider	True	False	(-7.235, 4.800, 1.750)	(0.020, 1.000, 0.760)
Main Building/Level 1/Wall corner 2,5 (2)	BoxCollider	True	False	(-1.125, 4.800, 9.625)	(0.250, 2.500, 0.250)
Main Building/Level 1/Wall corner 2,5 (3)	BoxCollider	True	False	(-7.375, 4.800, 9.625)	(0.250, 2.500, 0.250)
Main Building/Level 1/Wall inner 1x2,5 door	MeshCollider	True	False	(-2.750, 4.800, 5.832)	(1.000, 2.500, 0.165)
Main Building/Level 1/Wall inner 1x2,5	BoxCollider	True	False	(-1.750, 4.800, 5.825)	(1.000, 2.500, 0.150)
Main Building/Level 1/Wall inner 1x2,5 (1)	BoxCollider	True	False	(-3.750, 4.800, 5.825)	(1.000, 2.500, 0.150)
Main Building/Level 1/Wall inner 1x2,5 (2)	BoxCollider	True	False	(-4.750, 4.800, 5.825)	(1.000, 2.500, 0.150)
Main Building/Level 1/Wall inner 1x2,5 (3)	BoxCollider	True	False	(-5.750, 4.800, 5.825)	(1.000, 2.500, 0.150)
Main Building/Level 1/Wall inner 1x2,5 (4)	BoxCollider	True	False	(-6.750, 4.800, 5.825)	(1.000, 2.500, 0.150)
Main Building/roof 2/Roof 2x2	BoxCollider	True	False	(-4.000, 6.200, 1.250)	(2.000, 0.300, 2.000)
Main Building/roof 2/Roof 2x2 side	BoxCollider	True	False	(-6.550, 6.200, 1.250)	(2.100, 0.300, 2.000)
Main Building/roof 2/Roof 2x2 side (1)	BoxCollider	True	False	(-1.950, 6.200, 1.250)	(2.100, 0.300, 2.000)
Main Building/roof 2/Roof 2x2 side (2)	BoxCollider	True	False	(-4.000, 6.200, -0.800)	(2.000, 0.300, 2.100)
Main Building/roof 2/Roof 2x2 corner	BoxCollider	True	False	(-6.550, 6.200, -0.800)	(2.100, 0.300, 2.100)
Main Building/roof 2/Roof 2x2 corner (1)	BoxCollider	True	False	(-1.950, 6.200, -0.800)	(2.100, 0.300, 2.100)
Main Building/roof 2/Roof 2x2 (1)	BoxCollider	True	False	(-4.000, 6.200, 3.250)	(2.000, 0.300, 2.000)
Main Building/roof 2/Roof 2x2 side (3)	BoxCollider	True	False	(-6.550, 6.200, 3.250)	(2.100, 0.300, 2.000)
Main Building/roof 2/Roof 2x2 side (4)	BoxCollider	True	False	(-1.950, 6.200, 3.250)	(2.100, 0.300, 2.000)
Main Building/roof 2/Roof 2x2 (2)	BoxCollider	True	False	(-4.000, 6.200, 5.250)	(2.000, 0.300, 2.000)
Main Building/roof 2/Roof 2x2 side (5)	BoxCollider	True	False	(-6.550, 6.200, 5.250)	(2.100, 0.300, 2.000)
Main Building/roof 2/Roof 2x2 side (6)	BoxCollider	True	False	(-1.950, 6.200, 5.250)	(2.100, 0.300, 2.000)
Main Building/roof 2/Roof 2x2 (3)	BoxCollider	True	False	(-4.000, 6.200, 7.250)	(2.000, 0.300, 2.000)
Main Building/roof 2/Roof 2x2 side (7)	BoxCollider	True	False	(-6.550, 6.200, 7.250)	(2.100, 0.300, 2.000)
Main Building/roof 2/Roof 2x2 side (8)	BoxCollider	True	False	(-1.950, 6.200, 7.250)	(2.100, 0.300, 2.000)
Main Building/roof 2/Roof 2x2 side (11)	BoxCollider	True	False	(-4.000, 6.200, 9.300)	(2.000, 0.300, 2.100)
Main Building/roof 2/Roof 2x2 corner (2)	BoxCollider	True	False	(-6.550, 6.200, 9.300)	(2.100, 0.300, 2.100)
Main Building/roof 2/Roof 2x2 corner (3)	BoxCollider	True	False	(-1.950, 6.200, 9.300)	(2.100, 0.300, 2.100)
Main Building/roof 2/Roof ,5x,5 (26)	BoxCollider	True	False	(-5.250, 6.200, -1.000)	(0.500, 0.300, 0.500)
Main Building/roof 2/Roof ,5x,5 (26)	BoxCollider	True	False	(-5.250, 6.200, -1.000)	(0.500, 0.300, 0.500)
Main Building/roof 2/Roof ,5x,5 (27)	BoxCollider	True	False	(-5.250, 6.200, -0.500)	(0.500, 0.300, 0.500)
Main Building/roof 2/Roof ,5x,5 (27)	BoxCollider	True	False	(-5.250, 6.200, -0.500)	(0.500, 0.300, 0.500)
Main Building/roof 2/Roof ,5x,5 (28)	BoxCollider	True	False	(-5.250, 6.200, 0.000)	(0.500, 0.300, 0.500)
Main Building/roof 2/Roof ,5x,5 (28)	BoxCollider	True	False	(-5.250, 6.200, 0.000)	(0.500, 0.300, 0.500)
Main Building/roof 2/Roof ,5x,5 (29)	BoxCollider	True	False	(-5.250, 6.200, 0.500)	(0.500, 0.300, 0.500)
Main Building/roof 2/Roof ,5x,5 (29)	BoxCollider	True	False	(-5.250, 6.200, 0.500)	(0.500, 0.300, 0.500)
Main Building/roof 2/Roof ,5x,5 (30)	BoxCollider	True	False	(-5.250, 6.200, 1.000)	(0.500, 0.300, 0.500)
Main Building/roof 2/Roof ,5x,5 (30)	BoxCollider	True	False	(-5.250, 6.200, 1.000)	(0.500, 0.300, 0.500)
Main Building/roof 2/Roof ,5x,5 (31)	BoxCollider	True	False	(-5.250, 6.200, 1.500)	(0.500, 0.300, 0.500)
Main Building/roof 2/Roof ,5x,5 (31)	BoxCollider	True	False	(-5.250, 6.200, 1.500)	(0.500, 0.300, 0.500)
Main Building/roof 2/Roof ,5x,5 (32)	BoxCollider	True	False	(-5.250, 6.200, 2.000)	(0.500, 0.300, 0.500)
Main Building/roof 2/Roof ,5x,5 (32)	BoxCollider	True	False	(-5.250, 6.200, 2.000)	(0.500, 0.300, 0.500)
Main Building/roof 2/Roof ,5x,5 (33)	BoxCollider	True	False	(-5.250, 6.200, 2.500)	(0.500, 0.300, 0.500)
Main Building/roof 2/Roof ,5x,5 (33)	BoxCollider	True	False	(-5.250, 6.200, 2.500)	(0.500, 0.300, 0.500)
Main Building/roof 2/Roof ,5x,5 (34)	BoxCollider	True	False	(-5.250, 6.200, 3.000)	(0.500, 0.300, 0.500)
Main Building/roof 2/Roof ,5x,5 (34)	BoxCollider	True	False	(-5.250, 6.200, 3.000)	(0.500, 0.300, 0.500)
Main Building/roof 2/Roof ,5x,5 (35)	BoxCollider	True	False	(-5.250, 6.200, 3.500)	(0.500, 0.300, 0.500)
Main Building/roof 2/Roof ,5x,5 (35)	BoxCollider	True	False	(-5.250, 6.200, 3.500)	(0.500, 0.300, 0.500)
Main Building/roof 2/Roof ,5x,5 (36)	BoxCollider	True	False	(-5.250, 6.200, 4.000)	(0.500, 0.300, 0.500)
Main Building/roof 2/Roof ,5x,5 (36)	BoxCollider	True	False	(-5.250, 6.200, 4.000)	(0.500, 0.300, 0.500)
Main Building/roof 2/Roof ,5x,5 (37)	BoxCollider	True	False	(-5.250, 6.200, 4.500)	(0.500, 0.300, 0.500)
Main Building/roof 2/Roof ,5x,5 (37)	BoxCollider	True	False	(-5.250, 6.200, 4.500)	(0.500, 0.300, 0.500)
Main Building/roof 2/Roof ,5x,5 (38)	BoxCollider	True	False	(-5.250, 6.200, 5.000)	(0.500, 0.300, 0.500)
Main Building/roof 2/Roof ,5x,5 (38)	BoxCollider	True	False	(-5.250, 6.200, 5.000)	(0.500, 0.300, 0.500)
Main Building/roof 2/Roof ,5x,5 (39)	BoxCollider	True	False	(-5.250, 6.200, 5.500)	(0.500, 0.300, 0.500)
Main Building/roof 2/Roof ,5x,5 (39)	BoxCollider	True	False	(-5.250, 6.200, 5.500)	(0.500, 0.300, 0.500)
Main Building/roof 2/Roof ,5x,5 (40)	BoxCollider	True	False	(-5.250, 6.200, 6.000)	(0.500, 0.300, 0.500)
Main Building/roof 2/Roof ,5x,5 (40)	BoxCollider	True	False	(-5.250, 6.200, 6.000)	(0.500, 0.300, 0.500)
Main Building/roof 2/Roof ,5x,5 (41)	BoxCollider	True	False	(-5.250, 6.200, 6.500)	(0.500, 0.300, 0.500)
Main Building/roof 2/Roof ,5x,5 (41)	BoxCollider	True	False	(-5.250, 6.200, 6.500)	(0.500, 0.300, 0.500)
Main Building/roof 2/Roof ,5x,5 (42)	BoxCollider	True	False	(-5.250, 6.200, 7.000)	(0.500, 0.300, 0.500)
Main Building/roof 2/Roof ,5x,5 (42)	BoxCollider	True	False	(-5.250, 6.200, 7.000)	(0.500, 0.300, 0.500)
Main Building/roof 2/Roof ,5x,5 (43)	BoxCollider	True	False	(-5.250, 6.200, 7.500)	(0.500, 0.300, 0.500)
Main Building/roof 2/Roof ,5x,5 (43)	BoxCollider	True	False	(-5.250, 6.200, 7.500)	(0.500, 0.300, 0.500)
Main Building/roof 2/Roof ,5x,5 (44)	BoxCollider	True	False	(-5.250, 6.200, 8.000)	(0.500, 0.300, 0.500)
Main Building/roof 2/Roof ,5x,5 (44)	BoxCollider	True	False	(-5.250, 6.200, 8.000)	(0.500, 0.300, 0.500)
Main Building/roof 2/Roof ,5x,5 (45)	BoxCollider	True	False	(-5.250, 6.200, 8.500)	(0.500, 0.300, 0.500)
Main Building/roof 2/Roof ,5x,5 (45)	BoxCollider	True	False	(-5.250, 6.200, 8.500)	(0.500, 0.300, 0.500)
Main Building/roof 2/Roof ,5x,5 (46)	BoxCollider	True	False	(-5.250, 6.200, 9.000)	(0.500, 0.300, 0.500)
Main Building/roof 2/Roof ,5x,5 (46)	BoxCollider	True	False	(-5.250, 6.200, 9.000)	(0.500, 0.300, 0.500)
Main Building/roof 2/Roof ,5x,5 (47)	BoxCollider	True	False	(-5.250, 6.200, 9.500)	(0.500, 0.300, 0.500)
Main Building/roof 2/Roof ,5x,5 (47)	BoxCollider	True	False	(-5.250, 6.200, 9.500)	(0.500, 0.300, 0.500)
Main Building/roof 2/Roof ,5x,5 side (3)	BoxCollider	True	False	(-5.250, 6.200, 10.050)	(0.500, 0.300, 0.600)
Main Building/roof 2/Roof ,5x,5 side (2)	BoxCollider	True	False	(-5.250, 6.200, -1.550)	(0.500, 0.300, 0.600)
Main Building/roof 2 (1)/Roof 2x2	BoxCollider	True	False	(-4.000, 3.405, 1.000)	(2.000, 0.300, 2.000)
Main Building/roof 2 (1)/Roof 2x2 side	BoxCollider	True	False	(-6.550, 3.405, 1.000)	(2.100, 0.300, 2.000)
Main Building/roof 2 (1)/Roof 2x2 side (1)	BoxCollider	True	False	(-1.950, 3.405, 1.000)	(2.100, 0.300, 2.000)
Main Building/roof 2 (1)/Roof 2x2 side (2)	BoxCollider	True	False	(-4.000, 3.405, -1.050)	(2.000, 0.300, 2.100)
Main Building/roof 2 (1)/Roof 2x2 corner	BoxCollider	True	False	(-6.550, 3.405, -1.050)	(2.100, 0.300, 2.100)
Main Building/roof 2 (1)/Roof 2x2 corner (1)	BoxCollider	True	False	(-1.950, 3.405, -1.050)	(2.100, 0.300, 2.100)
Main Building/roof 2 (1)/Roof 2x2 (1)	BoxCollider	True	False	(-4.000, 3.405, 3.000)	(2.000, 0.300, 2.000)
Main Building/roof 2 (1)/Roof 2x2 side (3)	BoxCollider	True	False	(-6.550, 3.405, 3.000)	(2.100, 0.300, 2.000)
Main Building/roof 2 (1)/Roof 2x2 side (4)	BoxCollider	True	False	(-1.950, 3.405, 3.000)	(2.100, 0.300, 2.000)
Main Building/roof 2 (1)/Roof 2x2 (2)	BoxCollider	True	False	(-4.000, 3.405, 5.000)	(2.000, 0.300, 2.000)
Main Building/roof 2 (1)/Roof 2x2 side (5)	BoxCollider	True	False	(-6.550, 3.405, 5.000)	(2.100, 0.300, 2.000)
Main Building/roof 2 (1)/Roof 2x2 side (6)	BoxCollider	True	False	(-1.950, 3.405, 5.000)	(2.100, 0.300, 2.000)
Main Building/roof 2 (1)/Roof 2x2 (3)	BoxCollider	True	False	(-4.000, 3.405, 7.000)	(2.000, 0.300, 2.000)
Main Building/roof 2 (1)/Roof 2x2 side (7)	BoxCollider	True	False	(-6.550, 3.405, 7.000)	(2.100, 0.300, 2.000)
Main Building/roof 2 (1)/Roof 2x2 side (8)	BoxCollider	True	False	(-1.950, 3.405, 7.000)	(2.100, 0.300, 2.000)
Main Building/roof 2 (1)/Roof 2x2 (4)	BoxCollider	True	False	(-4.000, 3.405, 9.000)	(2.000, 0.300, 2.000)
Main Building/roof 2 (1)/Roof 2x2 side (9)	BoxCollider	True	False	(-6.550, 3.405, 9.000)	(2.100, 0.300, 2.000)
Main Building/roof 2 (1)/Roof 2x2 side (10)	BoxCollider	True	False	(-1.950, 3.405, 9.000)	(2.100, 0.300, 2.000)
Main Building/roof 2 (1)/Roof 2x2 side (11)	BoxCollider	True	False	(-4.000, 3.405, 11.050)	(2.000, 0.300, 2.100)
Main Building/roof 2 (1)/Roof 2x2 corner (2)	BoxCollider	True	False	(-6.550, 3.405, 11.050)	(2.100, 0.300, 2.100)
Main Building/roof 2 (1)/Roof 2x2 corner (3)	BoxCollider	True	False	(-1.950, 3.405, 11.050)	(2.100, 0.300, 2.100)
Main Building/roof 2 (1)/Railing/Front/railing corner 1m	MeshCollider	True	False	(-1.522, 3.968, -1.538)	(1.020, 0.827, 1.016)
Main Building/roof 2 (1)/Railing/Front/railing .5m	BoxCollider	True	False	(-1.050, 3.967, -0.836)	(0.071, 0.827, 0.500)
Main Building/roof 2 (1)/Railing/Front/railing 1m	BoxCollider	True	False	(-2.470, 3.967, -2.000)	(1.000, 0.827, 0.071)
Main Building/roof 2 (1)/Railing/Front/railing 1m (1)	BoxCollider	True	False	(-3.470, 3.967, -2.000)	(1.000, 0.827, 0.071)
Main Building/roof 2 (1)/Railing/Front/railing 1m (2)	BoxCollider	True	False	(-4.470, 3.967, -2.000)	(1.000, 0.827, 0.071)
Main Building/roof 2 (1)/Railing/Front/railing 1m (3)	BoxCollider	True	False	(-5.470, 3.967, -2.000)	(1.000, 0.827, 0.071)
Main Building/roof 2 (1)/Railing/Front/railing .5m (1)	BoxCollider	True	False	(-7.450, 3.967, -0.733)	(0.071, 0.827, 0.500)
Main Building/roof 2 (1)/Railing/Front/railing 1m (4)	BoxCollider	True	False	(-6.470, 3.967, -2.000)	(1.000, 0.827, 0.071)
Main Building/roof 2 (1)/Railing/Front/railing corner short	BoxCollider	True	False	(-7.448, 3.968, -1.996)	(0.075, 0.827, 0.082)
Main Building/roof 2 (1)/Railing/Front/Railing.5m	BoxCollider	True	False	(-7.220, 3.967, -2.000)	(0.500, 0.827, 0.071)
Main Building/roof 2 (1)/Railing/Front/railing 1m (5)	BoxCollider	True	False	(-7.450, 3.967, -1.470)	(0.071, 0.827, 1.000)
Main Building/roof 2 (1)/Railing/Back/railing corner 1m (1)	MeshCollider	True	False	(-1.505, 3.968, 11.528)	(1.016, 0.827, 1.020)
Main Building/roof 2 (1)/Railing/Back/railing 1m (6)	BoxCollider	True	False	(-2.513, 3.967, 12.000)	(1.000, 0.827, 0.071)
Main Building/roof 2 (1)/Railing/Back/railing corner 1m (2)	MeshCollider	True	False	(-6.904, 3.968, 11.538)	(1.020, 0.827, 1.016)
Main Building/roof 2 (1)/Railing/Back/railing 1m (7)	BoxCollider	True	False	(-3.513, 3.967, 12.000)	(1.000, 0.827, 0.071)
Main Building/roof 2 (1)/Railing/Back/railing 1m (8)	BoxCollider	True	False	(-4.513, 3.967, 12.000)	(1.000, 0.827, 0.071)
Main Building/roof 2 (1)/Railing/Back/railing 1m (9)	BoxCollider	True	False	(-5.513, 3.967, 12.000)	(1.000, 0.827, 0.071)
Main Building/roof 2 (1)/Railing/Back/railing  post	BoxCollider	True	False	(-6.043, 3.967, 12.000)	(0.060, 0.827, 0.071)
Main Building/roof 2 (1)/Railing/Back/railing 1m (10)	BoxCollider	True	False	(-1.043, 3.967, 10.530)	(0.071, 0.827, 1.000)
Main Building/roof 2 (1)/Railing/Back/railing 1m (11)	BoxCollider	True	False	(-1.043, 3.967, 9.530)	(0.071, 0.827, 1.000)
Main Building/roof 2 (1)/Railing/Back/railing 1m (12)	BoxCollider	True	False	(-7.376, 3.967, 10.530)	(0.071, 0.827, 1.000)
Main Building/roof 2 (1)/Railing/Back/railing 1m (13)	BoxCollider	True	False	(-7.376, 3.967, 9.530)	(0.071, 0.827, 1.000)
Main Building/roof 2 (1)/Railing/Back/Railing.5m	BoxCollider	True	False	(-6.323, 3.967, 12.000)	(0.500, 0.827, 0.071)
Main Building/roof 2 (1)/Roof ,5x,5	BoxCollider	True	False	(-5.250, 3.405, -1.250)	(0.500, 0.300, 0.500)
Main Building/roof 2 (1)/Roof ,5x,5	BoxCollider	True	False	(-5.250, 3.405, -1.250)	(0.500, 0.300, 0.500)
Main Building/roof 2 (1)/Roof ,5x,5 (1)	BoxCollider	True	False	(-5.250, 3.405, -0.750)	(0.500, 0.300, 0.500)
Main Building/roof 2 (1)/Roof ,5x,5 (1)	BoxCollider	True	False	(-5.250, 3.405, -0.750)	(0.500, 0.300, 0.500)
Main Building/roof 2 (1)/Roof ,5x,5 (2)	BoxCollider	True	False	(-5.250, 3.405, -0.250)	(0.500, 0.300, 0.500)
Main Building/roof 2 (1)/Roof ,5x,5 (2)	BoxCollider	True	False	(-5.250, 3.405, -0.250)	(0.500, 0.300, 0.500)
Main Building/roof 2 (1)/Roof ,5x,5 (3)	BoxCollider	True	False	(-5.250, 3.405, 0.250)	(0.500, 0.300, 0.500)
Main Building/roof 2 (1)/Roof ,5x,5 (3)	BoxCollider	True	False	(-5.250, 3.405, 0.250)	(0.500, 0.300, 0.500)
Main Building/roof 2 (1)/Roof ,5x,5 (4)	BoxCollider	True	False	(-5.250, 3.405, 0.750)	(0.500, 0.300, 0.500)
Main Building/roof 2 (1)/Roof ,5x,5 (4)	BoxCollider	True	False	(-5.250, 3.405, 0.750)	(0.500, 0.300, 0.500)
Main Building/roof 2 (1)/Roof ,5x,5 (5)	BoxCollider	True	False	(-5.250, 3.405, 1.250)	(0.500, 0.300, 0.500)
Main Building/roof 2 (1)/Roof ,5x,5 (5)	BoxCollider	True	False	(-5.250, 3.405, 1.250)	(0.500, 0.300, 0.500)
Main Building/roof 2 (1)/Roof ,5x,5 (6)	BoxCollider	True	False	(-5.250, 3.405, 1.750)	(0.500, 0.300, 0.500)
Main Building/roof 2 (1)/Roof ,5x,5 (6)	BoxCollider	True	False	(-5.250, 3.405, 1.750)	(0.500, 0.300, 0.500)
Main Building/roof 2 (1)/Roof ,5x,5 (7)	BoxCollider	True	False	(-5.250, 3.405, 2.250)	(0.500, 0.300, 0.500)
Main Building/roof 2 (1)/Roof ,5x,5 (7)	BoxCollider	True	False	(-5.250, 3.405, 2.250)	(0.500, 0.300, 0.500)
Main Building/roof 2 (1)/Roof ,5x,5 (8)	BoxCollider	True	False	(-5.250, 3.405, 2.750)	(0.500, 0.300, 0.500)
Main Building/roof 2 (1)/Roof ,5x,5 (8)	BoxCollider	True	False	(-5.250, 3.405, 2.750)	(0.500, 0.300, 0.500)
Main Building/roof 2 (1)/Roof ,5x,5 (9)	BoxCollider	True	False	(-5.250, 3.405, 3.250)	(0.500, 0.300, 0.500)
Main Building/roof 2 (1)/Roof ,5x,5 (9)	BoxCollider	True	False	(-5.250, 3.405, 3.250)	(0.500, 0.300, 0.500)
Main Building/roof 2 (1)/Roof ,5x,5 (10)	BoxCollider	True	False	(-5.250, 3.405, 3.750)	(0.500, 0.300, 0.500)
Main Building/roof 2 (1)/Roof ,5x,5 (10)	BoxCollider	True	False	(-5.250, 3.405, 3.750)	(0.500, 0.300, 0.500)
Main Building/roof 2 (1)/Roof ,5x,5 (11)	BoxCollider	True	False	(-5.250, 3.405, 4.250)	(0.500, 0.300, 0.500)
Main Building/roof 2 (1)/Roof ,5x,5 (11)	BoxCollider	True	False	(-5.250, 3.405, 4.250)	(0.500, 0.300, 0.500)
Main Building/roof 2 (1)/Roof ,5x,5 (12)	BoxCollider	True	False	(-5.250, 3.405, 4.750)	(0.500, 0.300, 0.500)
Main Building/roof 2 (1)/Roof ,5x,5 (12)	BoxCollider	True	False	(-5.250, 3.405, 4.750)	(0.500, 0.300, 0.500)
Main Building/roof 2 (1)/Roof ,5x,5 (13)	BoxCollider	True	False	(-5.250, 3.405, 5.250)	(0.500, 0.300, 0.500)
Main Building/roof 2 (1)/Roof ,5x,5 (13)	BoxCollider	True	False	(-5.250, 3.405, 5.250)	(0.500, 0.300, 0.500)
Main Building/roof 2 (1)/Roof ,5x,5 (14)	BoxCollider	True	False	(-5.250, 3.405, 5.750)	(0.500, 0.300, 0.500)
Main Building/roof 2 (1)/Roof ,5x,5 (14)	BoxCollider	True	False	(-5.250, 3.405, 5.750)	(0.500, 0.300, 0.500)
Main Building/roof 2 (1)/Roof ,5x,5 (15)	BoxCollider	True	False	(-5.250, 3.405, 6.250)	(0.500, 0.300, 0.500)
Main Building/roof 2 (1)/Roof ,5x,5 (15)	BoxCollider	True	False	(-5.250, 3.405, 6.250)	(0.500, 0.300, 0.500)
Main Building/roof 2 (1)/Roof ,5x,5 (16)	BoxCollider	True	False	(-5.250, 3.405, 6.750)	(0.500, 0.300, 0.500)
Main Building/roof 2 (1)/Roof ,5x,5 (16)	BoxCollider	True	False	(-5.250, 3.405, 6.750)	(0.500, 0.300, 0.500)
Main Building/roof 2 (1)/Roof ,5x,5 (17)	BoxCollider	True	False	(-5.250, 3.405, 7.250)	(0.500, 0.300, 0.500)
Main Building/roof 2 (1)/Roof ,5x,5 (17)	BoxCollider	True	False	(-5.250, 3.405, 7.250)	(0.500, 0.300, 0.500)
Main Building/roof 2 (1)/Roof ,5x,5 (18)	BoxCollider	True	False	(-5.250, 3.405, 7.750)	(0.500, 0.300, 0.500)
Main Building/roof 2 (1)/Roof ,5x,5 (18)	BoxCollider	True	False	(-5.250, 3.405, 7.750)	(0.500, 0.300, 0.500)
Main Building/roof 2 (1)/Roof ,5x,5 (19)	BoxCollider	True	False	(-5.250, 3.405, 8.250)	(0.500, 0.300, 0.500)
Main Building/roof 2 (1)/Roof ,5x,5 (19)	BoxCollider	True	False	(-5.250, 3.405, 8.250)	(0.500, 0.300, 0.500)
Main Building/roof 2 (1)/Roof ,5x,5 (20)	BoxCollider	True	False	(-5.250, 3.405, 8.750)	(0.500, 0.300, 0.500)
Main Building/roof 2 (1)/Roof ,5x,5 (20)	BoxCollider	True	False	(-5.250, 3.405, 8.750)	(0.500, 0.300, 0.500)
Main Building/roof 2 (1)/Roof ,5x,5 (21)	BoxCollider	True	False	(-5.250, 3.405, 9.250)	(0.500, 0.300, 0.500)
Main Building/roof 2 (1)/Roof ,5x,5 (21)	BoxCollider	True	False	(-5.250, 3.405, 9.250)	(0.500, 0.300, 0.500)
Main Building/roof 2 (1)/Roof ,5x,5 (22)	BoxCollider	True	False	(-5.250, 3.405, 9.750)	(0.500, 0.300, 0.500)
Main Building/roof 2 (1)/Roof ,5x,5 (22)	BoxCollider	True	False	(-5.250, 3.405, 9.750)	(0.500, 0.300, 0.500)
Main Building/roof 2 (1)/Roof ,5x,5 (23)	BoxCollider	True	False	(-5.250, 3.405, 10.250)	(0.500, 0.300, 0.500)
Main Building/roof 2 (1)/Roof ,5x,5 (23)	BoxCollider	True	False	(-5.250, 3.405, 10.250)	(0.500, 0.300, 0.500)
Main Building/roof 2 (1)/Roof ,5x,5 (24)	BoxCollider	True	False	(-5.250, 3.405, 10.750)	(0.500, 0.300, 0.500)
Main Building/roof 2 (1)/Roof ,5x,5 (24)	BoxCollider	True	False	(-5.250, 3.405, 10.750)	(0.500, 0.300, 0.500)
Main Building/roof 2 (1)/Roof ,5x,5 (25)	BoxCollider	True	False	(-5.250, 3.405, 11.250)	(0.500, 0.300, 0.500)
Main Building/roof 2 (1)/Roof ,5x,5 (25)	BoxCollider	True	False	(-5.250, 3.405, 11.250)	(0.500, 0.300, 0.500)
Main Building/roof 2 (1)/Roof ,5x,5 side	BoxCollider	True	False	(-5.250, 3.405, -1.800)	(0.500, 0.300, 0.600)
Main Building/roof 2 (1)/Roof ,5x,5 side (1)	BoxCollider	True	False	(-5.250, 3.405, 11.800)	(0.500, 0.300, 0.600)
Pool Level/Pool/Pool Corner Top	MeshCollider	True	False	(5.500, -0.740, 2.250)	(1.000, 1.020, 1.000)
Pool Level/Pool/Pool Corner Top (1)	MeshCollider	True	False	(5.500, -0.740, -2.750)	(1.000, 1.020, 1.000)
Pool Level/Pool/pool straight top (1)	BoxCollider	True	False	(5.250, -0.740, 0.250)	(0.500, 1.020, 1.000)
Pool Level/Pool/pool straight top (1)	MeshCollider	True	False	(5.250, -0.740, 0.250)	(0.500, 1.020, 1.000)
Pool Level/Pool/pool straight top (2)	BoxCollider	True	False	(5.250, -0.740, 1.250)	(0.500, 1.020, 1.000)
Pool Level/Pool/pool straight top (2)	MeshCollider	True	False	(5.250, -0.740, 1.250)	(0.500, 1.020, 1.000)
Pool Level/Pool/pool straight top (3)	BoxCollider	True	False	(6.500, -0.740, -3.000)	(1.000, 1.020, 0.500)
Pool Level/Pool/pool straight top (3)	MeshCollider	True	False	(6.500, -0.740, -3.000)	(1.000, 1.020, 0.500)
Pool Level/Pool/pool straight top (4)	BoxCollider	True	False	(6.500, -0.740, 2.500)	(1.000, 1.020, 0.500)
Pool Level/Pool/pool straight top (4)	MeshCollider	True	False	(6.500, -0.740, 2.500)	(1.000, 1.020, 0.500)
Pool Level/Pool/Pool Corner Top (3)	MeshCollider	True	False	(9.500, -0.740, -2.750)	(1.000, 1.020, 1.000)
Pool Level/Pool/pool straight top (5)	BoxCollider	True	False	(9.750, -0.740, 0.250)	(0.500, 1.020, 1.000)
Pool Level/Pool/pool straight top (5)	MeshCollider	True	False	(9.750, -0.740, 0.250)	(0.500, 1.020, 1.000)
Pool Level/Pool/pool straight top (6)	BoxCollider	True	False	(9.750, -0.740, 1.250)	(0.500, 1.020, 1.000)
Pool Level/Pool/pool straight top (6)	MeshCollider	True	False	(9.750, -0.740, 1.250)	(0.500, 1.020, 1.000)
Pool Level/Pool/pool straight top (7)	BoxCollider	True	False	(5.250, -0.740, -1.750)	(0.500, 1.020, 1.000)
Pool Level/Pool/pool straight top (7)	MeshCollider	True	False	(5.250, -0.740, -1.750)	(0.500, 1.020, 1.000)
Pool Level/Pool/pool straight top (8)	BoxCollider	True	False	(5.250, -0.740, -0.750)	(0.500, 1.020, 1.000)
Pool Level/Pool/pool straight top (8)	MeshCollider	True	False	(5.250, -0.740, -0.750)	(0.500, 1.020, 1.000)
Pool Level/Pool/pool straight top (9)	BoxCollider	True	False	(9.750, -0.740, -1.750)	(0.500, 1.020, 1.000)
Pool Level/Pool/pool straight top (9)	MeshCollider	True	False	(9.750, -0.740, -1.750)	(0.500, 1.020, 1.000)
Pool Level/Pool/pool straight top (10)	BoxCollider	True	False	(9.750, -0.740, -0.750)	(0.500, 1.020, 1.000)
Pool Level/Pool/pool straight top (10)	MeshCollider	True	False	(9.750, -0.740, -0.750)	(0.500, 1.020, 1.000)
Pool Level/Pool/pool straight top (11)	BoxCollider	True	False	(8.500, -0.740, -3.000)	(1.000, 1.020, 0.500)
Pool Level/Pool/pool straight top (11)	MeshCollider	True	False	(8.500, -0.740, -3.000)	(1.000, 1.020, 0.500)
Pool Level/Pool/pool straight top (12)	BoxCollider	True	False	(8.500, -0.740, 2.500)	(1.000, 1.020, 0.500)
Pool Level/Pool/pool straight top (12)	MeshCollider	True	False	(8.500, -0.740, 2.500)	(1.000, 1.020, 0.500)
Pool Level/Pool/Bottom/Pool Bottom	BoxCollider	True	False	(6.500, -1.300, -0.750)	(1.000, 0.100, 1.000)
Pool Level/Pool/Bottom/Pool Bottom (1)	BoxCollider	True	False	(5.500, -1.300, -0.750)	(1.000, 0.100, 1.000)
Pool Level/Pool/Bottom/Pool Bottom (2)	BoxCollider	True	False	(9.500, -1.300, -0.750)	(1.000, 0.100, 1.000)
Pool Level/Pool/Bottom/Pool Bottom (3)	BoxCollider	True	False	(8.500, -1.300, -0.750)	(1.000, 0.100, 1.000)
Pool Level/Pool/Bottom/Pool Bottom (4)	BoxCollider	True	False	(6.500, -1.300, 0.250)	(1.000, 0.100, 1.000)
Pool Level/Pool/Bottom/Pool Bottom (5)	BoxCollider	True	False	(5.500, -1.300, 0.250)	(1.000, 0.100, 1.000)
Pool Level/Pool/Bottom/Pool Bottom (6)	BoxCollider	True	False	(9.500, -1.300, 0.250)	(1.000, 0.100, 1.000)
Pool Level/Pool/Bottom/Pool Bottom (7)	BoxCollider	True	False	(8.500, -1.300, 0.250)	(1.000, 0.100, 1.000)
Pool Level/Pool/Bottom/Pool Bottom (8)	BoxCollider	True	False	(6.500, -1.300, 1.250)	(1.000, 0.100, 1.000)
Pool Level/Pool/Bottom/Pool Bottom (9)	BoxCollider	True	False	(5.500, -1.300, 1.250)	(1.000, 0.100, 1.000)
Pool Level/Pool/Bottom/Pool Bottom (10)	BoxCollider	True	False	(9.500, -1.300, 1.250)	(1.000, 0.100, 1.000)
Pool Level/Pool/Bottom/Pool Bottom (11)	BoxCollider	True	False	(8.500, -1.300, 1.250)	(1.000, 0.100, 1.000)
Pool Level/Pool/Bottom/Pool Bottom (12)	BoxCollider	True	False	(6.500, -1.300, 2.250)	(1.000, 0.100, 1.000)
Pool Level/Pool/Bottom/Pool Bottom (13)	BoxCollider	True	False	(5.500, -1.300, 2.250)	(1.000, 0.100, 1.000)
Pool Level/Pool/Bottom/Pool Bottom (14)	BoxCollider	True	False	(9.500, -1.300, 2.250)	(1.000, 0.100, 1.000)
Pool Level/Pool/Bottom/Pool Bottom (15)	BoxCollider	True	False	(8.500, -1.300, 2.250)	(1.000, 0.100, 1.000)
Pool Level/Pool/Bottom/Pool Bottom (16)	BoxCollider	True	False	(6.500, -1.300, -1.750)	(1.000, 0.100, 1.000)
Pool Level/Pool/Bottom/Pool Bottom (17)	BoxCollider	True	False	(5.500, -1.300, -1.750)	(1.000, 0.100, 1.000)
Pool Level/Pool/Bottom/Pool Bottom (18)	BoxCollider	True	False	(9.500, -1.300, -1.750)	(1.000, 0.100, 1.000)
Pool Level/Pool/Bottom/Pool Bottom (19)	BoxCollider	True	False	(8.500, -1.300, -1.750)	(1.000, 0.100, 1.000)
Pool Level/Pool/Bottom/Pool Bottom (20)	BoxCollider	True	False	(6.500, -1.300, -2.750)	(1.000, 0.100, 1.000)
Pool Level/Pool/Bottom/Pool Bottom (21)	BoxCollider	True	False	(5.500, -1.300, -2.750)	(1.000, 0.100, 1.000)
Pool Level/Pool/Bottom/Pool Bottom (22)	BoxCollider	True	False	(9.500, -1.300, -2.750)	(1.000, 0.100, 1.000)
Pool Level/Pool/Bottom/Pool Bottom (23)	BoxCollider	True	False	(8.500, -1.300, -2.750)	(1.000, 0.100, 1.000)
Pool Level/Pool/Bottom/Pool Bottom (24)	BoxCollider	True	False	(7.500, -1.300, -0.750)	(1.000, 0.100, 1.000)
Pool Level/Pool/Bottom/Pool Bottom (25)	BoxCollider	True	False	(7.500, -1.300, 0.250)	(1.000, 0.100, 1.000)
Pool Level/Pool/Bottom/Pool Bottom (26)	BoxCollider	True	False	(7.500, -1.300, 1.250)	(1.000, 0.100, 1.000)
Pool Level/Pool/Bottom/Pool Bottom (27)	BoxCollider	True	False	(7.500, -1.300, 2.250)	(1.000, 0.100, 1.000)
Pool Level/Pool/Bottom/Pool Bottom (28)	BoxCollider	True	False	(7.500, -1.300, -1.750)	(1.000, 0.100, 1.000)
Pool Level/Pool/Bottom/Pool Bottom (29)	BoxCollider	True	False	(7.500, -1.300, -2.750)	(1.000, 0.100, 1.000)
Pool Level/Pool/pool straight top (13)	BoxCollider	True	False	(7.500, -0.740, 2.500)	(1.000, 1.020, 0.500)
Pool Level/Pool/pool straight top (13)	MeshCollider	True	False	(7.500, -0.740, 2.500)	(1.000, 1.020, 0.500)
Pool Level/Pool/pool straight top (14)	BoxCollider	True	False	(7.500, -0.740, -3.000)	(1.000, 1.020, 0.500)
Pool Level/Pool/pool straight top (14)	MeshCollider	True	False	(7.500, -0.740, -3.000)	(1.000, 1.020, 0.500)
Pool Level/Pool/Pool Corner Top (4)	MeshCollider	True	False	(9.500, -0.740, 2.250)	(1.000, 1.020, 1.000)
Pool Level/Floor/Floor 2x2	BoxCollider	True	False	(6.500, -0.740, 4.750)	(2.000, 1.000, 2.000)
Pool Level/Floor/Floor 2x2 (1)	BoxCollider	True	False	(4.500, -0.740, 4.750)	(2.000, 1.000, 2.000)
Pool Level/Floor/Floor 2x2 (2)	BoxCollider	True	False	(11.250, -0.740, 4.750)	(1.500, 1.000, 2.000)
Pool Level/Floor/Floor 2x2 (3)	BoxCollider	True	False	(9.500, -0.740, 4.750)	(2.000, 1.000, 2.000)
Pool Level/Floor/Floor 2x2 (4)	BoxCollider	True	False	(6.500, -0.740, 6.750)	(2.000, 1.000, 2.000)
Pool Level/Floor/Floor 2x2 (5)	BoxCollider	True	False	(4.500, -0.740, 6.750)	(2.000, 1.000, 2.000)
Pool Level/Floor/Floor 2x2 (6)	BoxCollider	True	False	(11.250, -0.740, 6.750)	(1.500, 1.000, 2.000)
Pool Level/Floor/Floor 2x2 (7)	BoxCollider	True	False	(9.500, -0.740, 6.750)	(2.000, 1.000, 2.000)
Pool Level/Floor/Floor 2x2 (8)	BoxCollider	True	False	(6.000, -0.740, 8.750)	(2.000, 1.000, 2.000)
Pool Level/Floor/Floor 2x2 (9)	BoxCollider	True	False	(4.000, -0.740, 8.750)	(2.000, 1.000, 2.000)
Pool Level/Floor/Floor 1x1	BoxCollider	True	False	(7.500, -0.740, 3.250)	(1.000, 1.000, 1.000)
Pool Level/Floor/Floor 1x1 (1)	BoxCollider	True	False	(8.000, -0.740, 4.250)	(1.000, 1.000, 1.000)
Pool Level/Floor/Floor 1x1 (2)	BoxCollider	True	False	(8.000, -0.740, 5.250)	(1.000, 1.000, 1.000)
Pool Level/Floor/Floor 1x1 (3)	BoxCollider	True	False	(8.000, -0.740, 6.250)	(1.000, 1.000, 1.000)
Pool Level/Floor/Floor 2x2 (16)	BoxCollider	True	False	(11.000, -0.740, 2.750)	(2.000, 1.000, 2.000)
Pool Level/Floor/Floor 1x1 (4)	BoxCollider	True	False	(8.000, -0.740, 7.750)	(1.000, 1.000, 1.000)
Pool Level/Floor/Floor 2x2 (22)	BoxCollider	True	False	(4.125, -0.740, -2.250)	(1.750, 1.000, 2.000)
Pool Level/Floor/Floor 2x2 (17)	BoxCollider	True	False	(4.250, -0.740, 2.750)	(2.000, 1.000, 2.000)
Pool Level/Floor/Floor 2x2 (24)	BoxCollider	True	False	(11.000, -0.740, -2.750)	(2.000, 1.000, 1.000)
Pool Level/Floor/Floor 2x2 (18)	BoxCollider	True	False	(4.250, -0.740, 0.750)	(2.000, 1.000, 2.000)
Pool Level/Floor/Floor 2x2 (19)	BoxCollider	True	False	(2.250, -0.740, -2.250)	(2.000, 1.000, 2.000)
Pool Level/Floor/Floor 2x2 (20)	BoxCollider	True	False	(11.000, -0.740, 0.750)	(2.000, 1.000, 2.000)
Pool Level/Floor/Floor 2x2 (21)	BoxCollider	True	False	(11.000, -0.740, -1.250)	(2.000, 1.000, 2.000)
Pool Level/Floor/Floor 2x2 (23)	BoxCollider	True	False	(0.250, -0.740, -2.250)	(2.000, 1.000, 2.000)
Pool Level/Floor/Floor 2x2 (25)	BoxCollider	True	False	(-1.750, -0.740, -2.250)	(2.000, 1.000, 2.000)
Pool Level/Floor/Floor 2x2 (26)	BoxCollider	True	False	(-3.750, -0.740, -2.250)	(2.000, 1.000, 2.000)
Pool Level/Stoneboxes/stonebox long	BoxCollider	True	False	(5.000, 0.100, 3.000)	(4.000, 0.700, 0.500)
Pool Level/Stoneboxes/stonebox long (1)	BoxCollider	True	False	(10.000, 0.100, 3.000)	(4.000, 0.700, 0.500)
Pool Level/Stoneboxes/stonebox medium	BoxCollider	True	False	(11.500, 0.100, 5.250)	(1.000, 0.700, 4.000)
Pool Level/Stoneboxes/stonebox medium/Shrub	MeshCollider	True	False	(11.481, 0.645, 3.933)	(1.103, 0.484, 1.040)
Pool Level/Stoneboxes/stonebox medium/Shrub (2)	MeshCollider	True	False	(11.483, 0.615, 5.821)	(0.967, 0.424, 0.912)
Pool Level/Stoneboxes/stonebox medium/Shrub (1)	MeshCollider	True	False	(11.496, 0.619, 4.937)	(1.355, 0.432, 1.350)
Pool Level/Stoneboxes/stonebox medium/Shrub (3)	MeshCollider	True	False	(11.496, 0.592, 6.825)	(1.187, 0.379, 1.183)
Pool Level/Stoneboxes/stonebox medium (1)	BoxCollider	True	False	(3.520, 0.100, 5.250)	(1.000, 0.700, 4.000)
Pool Level/Stoneboxes/stonebox medium (1)/Shrub	MeshCollider	True	False	(3.501, 0.645, 3.933)	(1.103, 0.484, 1.040)
Pool Level/Stoneboxes/stonebox medium (1)/Shrub (2)	MeshCollider	True	False	(3.503, 0.615, 5.821)	(0.967, 0.424, 0.912)
Pool Level/Stoneboxes/stonebox medium (1)/Shrub (1)	MeshCollider	True	False	(3.516, 0.619, 4.937)	(1.355, 0.432, 1.350)
Pool Level/Stoneboxes/stonebox medium (1)/Shrub (3)	MeshCollider	True	False	(3.516, 0.592, 6.825)	(1.187, 0.379, 1.183)
Pool Level/Stoneboxes/XL stonebox	BoxCollider	True	False	(4.000, -0.075, -0.250)	(2.000, 0.350, 6.000)
Pool Level/Stoneboxes/XL stonebox/mv_firebowl	MeshCollider	True	False	(3.956, 0.078, -0.488)	(0.000, 0.000, 0.000)
Pool Level/Stoneboxes/XL stonebox/mv_firebowl/fire wood	MeshCollider	True	False	(3.909, 0.189, -0.488)	(0.083, 0.083, 0.261)
Pool Level/Stoneboxes/XL stonebox/mv_firebowl/Foot	MeshCollider	True	False	(3.956, 0.103, -0.488)	(0.500, 0.050, 0.500)
Pool Level/Stoneboxes/XL stonebox/mv_firebowl/Foot/Bowl	MeshCollider	True	False	(3.956, 0.211, -0.488)	(0.794, 0.173, 0.794)
Pool Level/Stoneboxes/XL stonebox/mv_firebowl/fire wood (1)	MeshCollider	True	False	(3.868, 0.250, -0.488)	(0.275, 0.171, 0.086)
Pool Level/Stoneboxes/XL stonebox/mv_firebowl/fire wood (2)	MeshCollider	True	False	(3.869, 0.275, -0.605)	(0.262, 0.214, 0.230)
Pool Level/Stoneboxes/XL stonebox/mv_firebowl/fire wood (3)	MeshCollider	True	False	(4.042, 0.274, -0.528)	(0.233, 0.250, 0.231)
Pool Level/Stoneboxes/XL stonebox/mv_firebowl (1)	MeshCollider	True	False	(3.956, 0.078, 1.512)	(0.000, 0.000, 0.000)
Pool Level/Stoneboxes/XL stonebox/mv_firebowl (1)/fire wood	MeshCollider	True	False	(3.909, 0.189, 1.512)	(0.083, 0.083, 0.261)
Pool Level/Stoneboxes/XL stonebox/mv_firebowl (1)/Foot	MeshCollider	True	False	(3.956, 0.103, 1.512)	(0.500, 0.050, 0.500)
Pool Level/Stoneboxes/XL stonebox/mv_firebowl (1)/Foot/Bowl	MeshCollider	True	False	(3.956, 0.211, 1.512)	(0.794, 0.173, 0.794)
Pool Level/Stoneboxes/XL stonebox/mv_firebowl (1)/fire wood (1)	MeshCollider	True	False	(3.868, 0.250, 1.512)	(0.275, 0.171, 0.086)
Pool Level/Stoneboxes/XL stonebox/mv_firebowl (1)/fire wood (2)	MeshCollider	True	False	(3.869, 0.275, 1.395)	(0.262, 0.214, 0.230)
Pool Level/Stoneboxes/XL stonebox/mv_firebowl (1)/fire wood (3)	MeshCollider	True	False	(4.042, 0.274, 1.472)	(0.233, 0.250, 0.231)
Pool Level/Stoneboxes/XL stonebox/mv_firebowl (2)	MeshCollider	True	False	(3.956, 0.078, -2.584)	(0.000, 0.000, 0.000)
Pool Level/Stoneboxes/XL stonebox/mv_firebowl (2)/fire wood	MeshCollider	True	False	(3.909, 0.189, -2.584)	(0.083, 0.083, 0.261)
Pool Level/Stoneboxes/XL stonebox/mv_firebowl (2)/Foot	MeshCollider	True	False	(3.956, 0.103, -2.584)	(0.500, 0.050, 0.500)
Pool Level/Stoneboxes/XL stonebox/mv_firebowl (2)/Foot/Bowl	MeshCollider	True	False	(3.956, 0.211, -2.584)	(0.794, 0.173, 0.794)
Pool Level/Stoneboxes/XL stonebox/mv_firebowl (2)/fire wood (1)	MeshCollider	True	False	(3.868, 0.250, -2.584)	(0.275, 0.171, 0.086)
Pool Level/Stoneboxes/XL stonebox/mv_firebowl (2)/fire wood (2)	MeshCollider	True	False	(3.869, 0.275, -2.701)	(0.262, 0.214, 0.230)
Pool Level/Stoneboxes/XL stonebox/mv_firebowl (2)/fire wood (3)	MeshCollider	True	False	(4.042, 0.274, -2.624)	(0.233, 0.250, 0.231)
Pool Level/Stoneboxes/XL stonebox/VasePalmSmall	MeshCollider	True	False	(4.025, 1.020, -1.551)	(2.112, 2.087, 2.059)
Pool Level/Stoneboxes/XL stonebox/VasePalmLarge	MeshCollider	True	False	(3.713, 1.481, 0.800)	(3.477, 3.002, 4.251)
Pool Level/Stoneboxes/XL stonebox (1)	BoxCollider	True	False	(11.080, -0.075, -0.250)	(2.000, 0.350, 6.000)
Pool Level/Stoneboxes/XL stonebox (1)/mv_firebowl	MeshCollider	True	False	(11.036, 0.078, -0.488)	(0.000, 0.000, 0.000)
Pool Level/Stoneboxes/XL stonebox (1)/mv_firebowl/fire wood	MeshCollider	True	False	(10.989, 0.189, -0.488)	(0.083, 0.083, 0.261)
Pool Level/Stoneboxes/XL stonebox (1)/mv_firebowl/Foot	MeshCollider	True	False	(11.036, 0.103, -0.488)	(0.500, 0.050, 0.500)
Pool Level/Stoneboxes/XL stonebox (1)/mv_firebowl/Foot/Bowl	MeshCollider	True	False	(11.036, 0.211, -0.488)	(0.794, 0.173, 0.794)
Pool Level/Stoneboxes/XL stonebox (1)/mv_firebowl/fire wood (1)	MeshCollider	True	False	(10.948, 0.250, -0.488)	(0.275, 0.171, 0.086)
Pool Level/Stoneboxes/XL stonebox (1)/mv_firebowl/fire wood (2)	MeshCollider	True	False	(10.949, 0.275, -0.605)	(0.262, 0.214, 0.230)
Pool Level/Stoneboxes/XL stonebox (1)/mv_firebowl/fire wood (3)	MeshCollider	True	False	(11.122, 0.274, -0.528)	(0.233, 0.250, 0.231)
Pool Level/Stoneboxes/XL stonebox (1)/mv_firebowl (1)	MeshCollider	True	False	(11.036, 0.078, 1.512)	(0.000, 0.000, 0.000)
Pool Level/Stoneboxes/XL stonebox (1)/mv_firebowl (1)/fire wood	MeshCollider	True	False	(10.989, 0.189, 1.512)	(0.083, 0.083, 0.261)
Pool Level/Stoneboxes/XL stonebox (1)/mv_firebowl (1)/Foot	MeshCollider	True	False	(11.036, 0.103, 1.512)	(0.500, 0.050, 0.500)
Pool Level/Stoneboxes/XL stonebox (1)/mv_firebowl (1)/Foot/Bowl	MeshCollider	True	False	(11.036, 0.211, 1.512)	(0.794, 0.173, 0.794)
Pool Level/Stoneboxes/XL stonebox (1)/mv_firebowl (1)/fire wood (1)	MeshCollider	True	False	(10.948, 0.250, 1.512)	(0.275, 0.171, 0.086)
Pool Level/Stoneboxes/XL stonebox (1)/mv_firebowl (1)/fire wood (2)	MeshCollider	True	False	(10.949, 0.275, 1.395)	(0.262, 0.214, 0.230)
Pool Level/Stoneboxes/XL stonebox (1)/mv_firebowl (1)/fire wood (3)	MeshCollider	True	False	(11.122, 0.274, 1.472)	(0.233, 0.250, 0.231)
Pool Level/Stoneboxes/XL stonebox (1)/mv_firebowl (2)	MeshCollider	True	False	(11.036, 0.078, -2.584)	(0.000, 0.000, 0.000)
Pool Level/Stoneboxes/XL stonebox (1)/mv_firebowl (2)/fire wood	MeshCollider	True	False	(10.989, 0.189, -2.584)	(0.083, 0.083, 0.261)
Pool Level/Stoneboxes/XL stonebox (1)/mv_firebowl (2)/Foot	MeshCollider	True	False	(11.036, 0.103, -2.584)	(0.500, 0.050, 0.500)
Pool Level/Stoneboxes/XL stonebox (1)/mv_firebowl (2)/Foot/Bowl	MeshCollider	True	False	(11.036, 0.211, -2.584)	(0.794, 0.173, 0.794)
Pool Level/Stoneboxes/XL stonebox (1)/mv_firebowl (2)/fire wood (1)	MeshCollider	True	False	(10.948, 0.250, -2.584)	(0.275, 0.171, 0.086)
Pool Level/Stoneboxes/XL stonebox (1)/mv_firebowl (2)/fire wood (2)	MeshCollider	True	False	(10.949, 0.275, -2.701)	(0.262, 0.214, 0.230)
Pool Level/Stoneboxes/XL stonebox (1)/mv_firebowl (2)/fire wood (3)	MeshCollider	True	False	(11.122, 0.274, -2.624)	(0.233, 0.250, 0.231)
Pool Level/Stoneboxes/XL stonebox (1)/VasePalmSmall	MeshCollider	True	False	(11.105, 1.020, -1.551)	(2.112, 2.087, 2.059)
Pool Level/Stoneboxes/XL stonebox (1)/VasePalmLarge	MeshCollider	True	False	(10.793, 1.481, 0.800)	(3.477, 3.002, 4.251)
Pool Level/Steps/mv_step_block (1)	BoxCollider	True	False	(7.500, -0.213, 6.816)	(1.000, 0.200, 0.300)
Pool Level/Steps/mv_step_block (2)	BoxCollider	True	False	(7.500, -0.013, 7.086)	(1.000, 0.200, 0.300)
Pool Level/Steps/mv_step_block (3)	BoxCollider	True	False	(3.536, 0.349, 8.748)	(0.300, 0.200, 1.000)
Pool Level/Steps/mv_step_block (4)	BoxCollider	True	False	(3.374, 0.547, 8.748)	(0.300, 0.200, 1.000)
Pool Level/Steps/mv_step_block (5)	BoxCollider	True	False	(3.133, 0.731, 8.748)	(0.300, 0.200, 1.000)
Pool Level/seating area/left side/couch pool straight	MeshCollider	True	False	(4.496, -0.150, 5.748)	(1.000, 0.200, 1.000)
Pool Level/seating area/left side/couch pool straight (1)	MeshCollider	True	False	(4.496, -0.150, 4.748)	(1.000, 0.200, 1.000)
Pool Level/seating area/left side/couch pool straight (1)/pillow a	MeshCollider	True	False	(4.145, 0.303, 4.684)	(0.156, 0.328, 0.341)
Pool Level/seating area/left side/couch pool straight (2)	MeshCollider	True	False	(5.502, -0.150, 3.767)	(1.000, 0.200, 1.000)
Pool Level/seating area/left side/couch pool straight (2)/pillow b	MeshCollider	True	False	(5.500, 0.304, 3.384)	(0.557, 0.322, 0.116)
Pool Level/seating area/left side/couch pool straight (2)/pillow a	MeshCollider	True	False	(5.260, 0.303, 3.420)	(0.340, 0.327, 0.188)
Pool Level/seating area/left side/couch pool straight (3)	MeshCollider	True	False	(6.502, -0.150, 3.767)	(1.000, 0.200, 1.000)
Pool Level/seating area/left side/couch pool straight (4)	MeshCollider	True	False	(6.498, -0.150, 6.733)	(1.000, 0.200, 1.000)
Pool Level/seating area/left side/couch pool straight (5)	MeshCollider	True	False	(5.498, -0.150, 6.733)	(1.000, 0.200, 1.000)
Pool Level/seating area/left side/couch pool corner (1)	MeshCollider	True	False	(4.517, -0.150, 3.750)	(1.000, 0.200, 0.998)
Pool Level/seating area/left side/couch pool corner	MeshCollider	True	False	(4.500, -0.150, 6.733)	(0.998, 0.200, 1.000)
Pool Level/seating area/right side/couch pool straight	MeshCollider	True	False	(10.504, -0.150, 4.771)	(1.000, 0.200, 1.000)
Pool Level/seating area/right side/couch pool straight (1)	MeshCollider	True	False	(10.504, -0.150, 5.771)	(1.000, 0.200, 1.000)
Pool Level/seating area/right side/couch pool straight (1)/pillow a	MeshCollider	True	False	(10.855, 0.303, 5.835)	(0.156, 0.328, 0.341)
Pool Level/seating area/right side/couch pool straight (2)	MeshCollider	True	False	(9.498, -0.150, 6.752)	(1.000, 0.200, 1.000)
Pool Level/seating area/right side/couch pool straight (2)/pillow b	MeshCollider	True	False	(9.500, 0.304, 7.135)	(0.557, 0.322, 0.116)
Pool Level/seating area/right side/couch pool straight (2)/pillow a	MeshCollider	True	False	(9.740, 0.303, 7.099)	(0.340, 0.327, 0.188)
Pool Level/seating area/right side/couch pool straight (3)	MeshCollider	True	False	(8.498, -0.150, 6.752)	(1.000, 0.200, 1.000)
Pool Level/seating area/right side/couch pool straight (4)	MeshCollider	True	False	(8.502, -0.150, 3.786)	(1.000, 0.200, 1.000)
Pool Level/seating area/right side/couch pool straight (5)	MeshCollider	True	False	(9.502, -0.150, 3.786)	(1.000, 0.200, 1.000)
Pool Level/seating area/right side/couch pool corner (1)	MeshCollider	True	False	(10.483, -0.150, 6.769)	(1.000, 0.200, 0.998)
Pool Level/seating area/right side/couch pool corner (2)	MeshCollider	True	False	(10.500, -0.150, 3.786)	(0.998, 0.200, 1.000)
Pool Level/seating area/right side/PillowC Variant	MeshCollider	True	False	(9.592, 0.289, 3.581)	(0.509, 0.169, 0.274)
Pool Level/seating area/fire box/fire box	MeshCollider	True	False	(7.500, -0.125, 5.000)	(0.600, 0.250, 0.200)
Pool Level/seating area/fire box/fire box/Pile of Coal	MeshCollider	True	False	(7.497, -0.001, 5.004)	(0.566, 0.053, 0.163)
Pool Level/seating area/tables/tableA/CouchTableB	MeshCollider	True	False	(5.996, -0.074, 5.252)	(0.773, 0.351, 0.750)
Pool Level/seating area/tables/tableA/props/CouchTableLamp	MeshCollider	True	False	(6.000, 0.310, 5.250)	(0.211, 0.463, 0.211)
Pool Level/seating area/tables/tableA/props/CouchTableLamp/GardenTableLamp_LOD0	MeshCollider	True	False	(6.000, 0.310, 5.250)	(0.211, 0.463, 0.211)
Pool Level/seating area/tables/tableA/props/CouchTableLamp/GardenTableLamp_LOD1	MeshCollider	True	False	(6.000, 0.310, 5.250)	(0.211, 0.463, 0.211)
Pool Level/seating area/tables/tableA/props/CouchTableLamp/GardenTableLamp_LOD2	MeshCollider	True	False	(6.000, 0.310, 5.250)	(0.212, 0.463, 0.211)
Pool Level/seating area/tables/tableA/props/DecorativeBowl	MeshCollider	True	False	(5.805, 0.131, 5.055)	(0.428, 0.105, 0.428)
Pool Level/seating area/tables/tableA/props/DecorativeBowl/DecorativeBowl_LOD0	MeshCollider	True	False	(5.805, 0.131, 5.055)	(0.428, 0.105, 0.428)
Pool Level/seating area/tables/tableA/props/DecorativeBowl/DecorativeBowl_LOD1	MeshCollider	True	False	(5.805, 0.131, 5.055)	(0.428, 0.105, 0.428)
Pool Level/seating area/tables/tableA/props/DecorativeBowl/DecorativeBowl_LOD2	MeshCollider	True	False	(5.806, 0.132, 5.055)	(0.428, 0.105, 0.428)
Pool Level/seating area/tables/tableA/props/JugA	MeshCollider	True	False	(6.263, 0.235, 5.470)	(0.236, 0.312, 0.181)
Pool Level/seating area/tables/tableA/props/JugA/JugA_LOD0	MeshCollider	True	False	(6.263, 0.235, 5.470)	(0.236, 0.312, 0.181)
Pool Level/seating area/tables/tableA/props/JugA/JugA_LOD1	MeshCollider	True	False	(6.263, 0.235, 5.470)	(0.236, 0.312, 0.180)
Pool Level/seating area/tables/tableA/props/JugA/JugA_LOD2	MeshCollider	True	False	(6.261, 0.236, 5.470)	(0.239, 0.314, 0.183)
Pool Level/seating area/tables/tableA/props/Napkin	MeshCollider	True	False	(6.220, 0.094, 5.089)	(0.100, 0.033, 0.200)
Pool Level/seating area/tables/tableA (1)/CouchTableB	MeshCollider	True	False	(8.996, -0.074, 5.252)	(0.773, 0.351, 0.750)
Pool Level/seating area/tables/tableA (1)/props/CouchTableLamp	MeshCollider	True	False	(9.000, 0.310, 5.250)	(0.211, 0.463, 0.211)
Pool Level/seating area/tables/tableA (1)/props/CouchTableLamp/GardenTableLamp_LOD0	MeshCollider	True	False	(9.000, 0.310, 5.250)	(0.211, 0.463, 0.211)
Pool Level/seating area/tables/tableA (1)/props/CouchTableLamp/GardenTableLamp_LOD1	MeshCollider	True	False	(9.000, 0.310, 5.250)	(0.211, 0.463, 0.211)
Pool Level/seating area/tables/tableA (1)/props/CouchTableLamp/GardenTableLamp_LOD2	MeshCollider	True	False	(9.000, 0.310, 5.250)	(0.212, 0.463, 0.211)
Pool Level/seating area/tables/tableA (1)/props/mv_BottleA	MeshCollider	True	False	(9.097, 0.145, 5.415)	(0.067, 0.100, 0.081)
Pool Level/seating area/tables/tableA (1)/props/Glas	MeshCollider	True	False	(8.853, 0.149, 5.010)	(0.084, 0.137, 0.084)
Pool Level/seating area/tables/tableA (1)/props/JugB	MeshCollider	True	False	(8.790, 0.256, 5.539)	(0.221, 0.355, 0.266)
Pool Level/seating area/tables/tableA (1)/props/JugB/JugB_LOD0	MeshCollider	True	False	(8.790, 0.256, 5.539)	(0.221, 0.355, 0.266)
Pool Level/seating area/tables/tableA (1)/props/JugB/JugB_LOD1	MeshCollider	True	False	(8.790, 0.256, 5.539)	(0.221, 0.355, 0.265)
Pool Level/seating area/tables/tableA (1)/props/JugB/JugB_LOD2	MeshCollider	True	False	(8.790, 0.256, 5.538)	(0.225, 0.355, 0.269)
annex building/Floor/Floor 2x2	BoxCollider	True	False	(10.000, -0.250, 11.250)	(2.000, 1.000, 2.000)
annex building/Floor/Floor 2x2 (1)	BoxCollider	True	False	(8.000, -0.250, 11.250)	(2.000, 1.000, 2.000)
annex building/Floor/Floor 2x2 (2)	BoxCollider	True	False	(6.000, -0.250, 11.250)	(2.000, 1.000, 2.000)
annex building/Floor/Floor 2x2 (3)	BoxCollider	True	False	(4.000, -0.250, 11.250)	(2.000, 1.000, 2.000)
annex building/Floor/Floor 1x1	BoxCollider	True	False	(11.500, -0.250, 10.750)	(1.000, 1.000, 1.000)
annex building/Floor/Floor 1x1 (1)	BoxCollider	True	False	(11.500, -0.250, 11.750)	(1.000, 1.000, 1.000)
annex building/Floor/Floor 2x2 (4)	BoxCollider	True	False	(10.000, -0.250, 13.250)	(2.000, 1.000, 2.000)
annex building/Floor/Floor 2x2 (5)	BoxCollider	True	False	(8.000, -0.250, 13.250)	(2.000, 1.000, 2.000)
annex building/Floor/Floor 2x2 (6)	BoxCollider	True	False	(6.000, -0.250, 13.250)	(2.000, 1.000, 2.000)
annex building/Floor/Floor 2x2 (7)	BoxCollider	True	False	(4.000, -0.250, 13.250)	(2.000, 1.000, 2.000)
annex building/Floor/Floor 1x1 (2)	BoxCollider	True	False	(11.500, -0.250, 12.750)	(1.000, 1.000, 1.000)
annex building/Floor/Floor 1x1 (3)	BoxCollider	True	False	(11.500, -0.250, 13.750)	(1.000, 1.000, 1.000)
annex building/Floor/Floor 2x2 (8)	BoxCollider	True	False	(10.000, -0.250, 15.250)	(2.000, 1.000, 2.000)
annex building/Floor/Floor 2x2 (9)	BoxCollider	True	False	(8.000, -0.250, 15.250)	(2.000, 1.000, 2.000)
annex building/Floor/Floor 2x2 (10)	BoxCollider	True	False	(6.000, -0.250, 15.250)	(2.000, 1.000, 2.000)
annex building/Floor/Floor 2x2 (11)	BoxCollider	True	False	(4.000, -0.250, 15.250)	(2.000, 1.000, 2.000)
annex building/Floor/Floor 1x1 (4)	BoxCollider	True	False	(11.500, -0.250, 14.750)	(1.000, 1.000, 1.000)
annex building/Floor/Floor 1x1 (5)	BoxCollider	True	False	(11.500, -0.250, 15.750)	(1.000, 1.000, 1.000)
annex building/Floor/Floor 2x2 (12)	BoxCollider	True	False	(10.000, -0.250, 17.250)	(2.000, 1.000, 2.000)
annex building/Floor/Floor 2x2 (13)	BoxCollider	True	False	(8.000, -0.250, 17.250)	(2.000, 1.000, 2.000)
annex building/Floor/Floor 2x2 (14)	BoxCollider	True	False	(6.000, -0.250, 17.250)	(2.000, 1.000, 2.000)
annex building/Floor/Floor 2x2 (15)	BoxCollider	True	False	(4.000, -0.250, 17.250)	(2.000, 1.000, 2.000)
annex building/Floor/Floor 1x1 (6)	BoxCollider	True	False	(11.500, -0.250, 16.750)	(1.000, 1.000, 1.000)
annex building/Floor/Floor 1x1 (7)	BoxCollider	True	False	(11.500, -0.250, 17.750)	(1.000, 1.000, 1.000)
annex building/Floor/Floor 2x2 (16)	BoxCollider	True	False	(10.000, -0.250, 19.250)	(2.000, 1.000, 2.000)
annex building/Floor/Floor 2x2 (17)	BoxCollider	True	False	(8.000, -0.250, 19.250)	(2.000, 1.000, 2.000)
annex building/Floor/Floor 2x2 (18)	BoxCollider	True	False	(6.000, -0.250, 19.250)	(2.000, 1.000, 2.000)
annex building/Floor/Floor 2x2 (19)	BoxCollider	True	False	(4.000, -0.250, 19.250)	(2.000, 1.000, 2.000)
annex building/Floor/Floor 1x1 (8)	BoxCollider	True	False	(11.500, -0.250, 18.750)	(1.000, 1.000, 1.000)
annex building/Floor/Floor 1x1 (9)	BoxCollider	True	False	(11.500, -0.250, 19.750)	(1.000, 1.000, 1.000)
annex building/Floor/Floor 2x2 (20)	BoxCollider	True	False	(10.000, -0.250, 21.250)	(2.000, 1.000, 2.000)
annex building/Floor/Floor 2x2 (21)	BoxCollider	True	False	(8.000, -0.250, 21.250)	(2.000, 1.000, 2.000)
annex building/Floor/Floor 2x2 (22)	BoxCollider	True	False	(6.000, -0.250, 21.250)	(2.000, 1.000, 2.000)
annex building/Floor/Floor 2x2 (23)	BoxCollider	True	False	(4.000, -0.250, 21.250)	(2.000, 1.000, 2.000)
annex building/Floor/Floor 1x1 (10)	BoxCollider	True	False	(11.500, -0.250, 20.750)	(1.000, 1.000, 1.000)
annex building/Floor/Floor 1x1 (11)	BoxCollider	True	False	(11.500, -0.250, 21.750)	(1.000, 1.000, 1.000)
annex building/Floor/Floor 2x2 (12)	BoxCollider	True	False	(6.000, -0.250, 9.250)	(2.000, 1.000, 2.000)
annex building/Floor/Floor 2x2 (13)	BoxCollider	True	False	(4.000, -0.250, 9.250)	(2.000, 1.000, 2.000)
annex building/Floor/Floor 2x2 (14)	BoxCollider	True	False	(11.000, -0.250, 9.250)	(2.000, 1.000, 2.000)
annex building/Floor/Floor 2x2 (15)	BoxCollider	True	False	(9.000, -0.250, 9.250)	(2.000, 1.000, 2.000)
annex building/Floor/Floor 1x1 (6)	BoxCollider	True	False	(7.500, -0.250, 7.750)	(1.000, 1.000, 1.000)
annex building/Floor/Floor 1x1 (7)	BoxCollider	True	False	(7.500, -0.250, 8.750)	(1.000, 1.000, 1.000)
annex building/Floor/Floor 1x1 (12)	BoxCollider	True	False	(7.500, -0.250, 9.750)	(1.000, 1.000, 1.000)
annex building/Floor/Floor 1x1 (13)	BoxCollider	True	False	(8.500, -0.250, 7.750)	(1.000, 1.000, 1.000)
annex building/Floor/Floor 1x1 (14)	BoxCollider	False	False	(8.500, -0.750, 7.750)	(0.000, 0.000, 0.000)
annex building/Floor/Floor 1x1 (15)	BoxCollider	True	False	(9.500, -0.250, 7.750)	(1.000, 1.000, 1.000)
annex building/Floor/Floor 1x1 (16)	BoxCollider	True	False	(10.500, -0.250, 7.750)	(1.000, 1.000, 1.000)
annex building/Floor/Floor 1x1 (17)	BoxCollider	True	False	(11.500, -0.250, 7.750)	(1.000, 1.000, 1.000)
annex building/Floor/Floor 1x1 (18)	BoxCollider	True	False	(4.500, -0.250, 7.750)	(1.000, 1.000, 1.000)
annex building/Floor/Floor 1x1 (19)	BoxCollider	True	False	(5.500, -0.250, 7.750)	(1.000, 1.000, 1.000)
annex building/Floor/Floor 1x1 (20)	BoxCollider	True	False	(6.500, -0.250, 7.750)	(1.000, 1.000, 1.000)
annex building/Floor/Floor 1x1 (21)	BoxCollider	True	False	(3.500, -0.250, 7.750)	(1.000, 1.000, 1.000)
annex building/Ground Level/Wall 2x2,5	BoxCollider	True	False	(3.100, 1.500, 20.000)	(0.200, 2.500, 2.000)
annex building/Ground Level/Window Door/Window door frame	BoxCollider	False	False	(7.250, 0.250, 11.000)	(0.000, 0.000, 0.000)
annex building/Ground Level/Window Door/Window door frame	MeshCollider	True	False	(5.250, 1.500, 10.930)	(4.000, 2.500, 0.140)
annex building/Ground Level/Window Door/Window door frame/Window door door	BoxCollider	True	False	(6.134, 1.494, 10.929)	(1.768, 2.425, 0.040)
annex building/Ground Level/Window Door/Window door frame/Window door windows side	MeshCollider	True	False	(5.250, 1.494, 10.929)	(4.000, 2.425, 0.013)
annex building/Ground Level/Window Door/Window door frame/Window door window	MeshCollider	True	False	(4.366, 1.494, 10.945)	(1.768, 2.425, 0.013)
annex building/Ground Level/Window straight/Window 2x2,5 straight frame	BoxCollider	True	False	(8.250, 1.500, 10.930)	(2.000, 2.500, 0.140)
annex building/Ground Level/Window straight (1)/Window 2x2,5 straight frame	BoxCollider	True	False	(10.250, 1.500, 10.930)	(2.000, 2.500, 0.140)
annex building/Ground Level/Wall 2x2,5 (1)	BoxCollider	True	False	(11.100, 1.500, 12.000)	(0.200, 2.500, 2.000)
annex building/Ground Level/Wall 2x2,5 (2)	BoxCollider	True	False	(3.100, 1.500, 14.000)	(0.200, 2.500, 2.000)
annex building/Ground Level/Wall 2x2,5 (3)	BoxCollider	True	False	(3.100, 1.500, 16.000)	(0.200, 2.500, 2.000)
annex building/Ground Level/Wall 2x2,5 (4)	BoxCollider	True	False	(3.100, 1.500, 12.000)	(0.200, 2.500, 2.000)
annex building/Ground Level/Window straight (2)/Window 2x2,5 straight frame	BoxCollider	True	False	(11.153, 1.500, 14.000)	(0.140, 2.500, 2.000)
annex building/Ground Level/Window straight (3)/Window 2x2,5 straight frame	BoxCollider	True	False	(11.150, 1.500, 16.000)	(0.140, 2.500, 2.000)
annex building/Ground Level/Wall corner 2,5 (2)	BoxCollider	True	False	(3.125, 1.500, 10.875)	(0.250, 2.500, 0.250)
annex building/Ground Level/Window straight (5)/Window 2x2,5 straight frame	BoxCollider	True	False	(11.150, 1.500, 18.000)	(0.140, 2.500, 2.000)
annex building/Ground Level/Wall corner 2,5 (3)	BoxCollider	True	False	(11.125, 1.500, 10.875)	(0.250, 2.500, 0.250)
annex building/Ground Level/window corner/Window 2x2,5 window	MeshCollider	True	False	(10.122, 1.494, 20.039)	(2.084, 2.425, 2.077)
annex building/Ground Level/window corner/Window 2x2,5 frame	MeshCollider	True	False	(10.150, 1.500, 20.070)	(2.140, 2.500, 2.140)
annex building/Ground Level/Window straight onesided/Window straight onesided 2x2,5 frame	BoxCollider	True	False	(8.082, 1.500, 21.070)	(2.000, 2.500, 0.140)
annex building/Ground Level/Window straight onesided (1)/Window straight onesided 2x2,5 frame	BoxCollider	True	False	(6.082, 1.500, 21.070)	(2.000, 2.500, 0.140)
annex building/Ground Level/Window straight onesided (2)/Window straight onesided 2x2,5 frame	BoxCollider	True	False	(4.082, 1.500, 21.070)	(2.000, 2.500, 0.140)
annex building/Ground Level/Wall corner 2,5 (4)	BoxCollider	True	False	(3.125, 1.500, 21.125)	(0.250, 2.500, 0.250)
annex building/Ground Level/stairs	MeshCollider	True	False	(3.750, 1.571, 14.750)	(1.000, 2.650, 3.500)
annex building/Ground Level/Objects/Curtain quarter	MeshCollider	True	False	(3.512, 1.521, 11.226)	(0.611, 2.472, 0.496)
annex building/Ground Level/Objects/Curtain semi	MeshCollider	True	False	(10.714, 1.514, 11.152)	(0.942, 2.490, 0.413)
annex building/Ground Level/Objects/Painting 4	BoxCollider	True	False	(3.277, 1.750, 11.980)	(0.020, 1.000, 1.500)
annex building/Ground Level/Objects/mv_wall_light	MeshCollider	True	False	(3.071, 1.500, 17.315)	(0.104, 0.208, 0.130)
annex building/Ground Level/Objects/mv_wall_light (1)	MeshCollider	True	False	(3.071, 1.500, 14.315)	(0.104, 0.208, 0.130)
annex building/Ground Level/Objects/mv_wall_light (2)	MeshCollider	True	False	(3.071, 1.500, 10.565)	(0.104, 0.208, 0.130)
annex building/Ground Level/Wall 2x2,5 door single	MeshCollider	True	False	(3.125, 1.500, 18.000)	(0.250, 2.500, 2.000)
annex building/Ground Level/Wall 2x2,5 door single/exterior Door	BoxCollider	True	False	(3.114, 1.248, 17.983)	(0.143, 1.993, 1.230)
annex building/Ground Level/Wall inner 1x2,5	BoxCollider	True	False	(3.750, 1.500, 17.075)	(1.000, 2.500, 0.150)
annex building/Ground Level/Wall inner 1x2,5 (1)	BoxCollider	True	False	(4.750, 1.500, 17.075)	(1.000, 2.500, 0.150)
annex building/Ground Level/Wall inner 1x2,5 (2)	BoxCollider	True	False	(5.750, 1.500, 17.075)	(1.000, 2.500, 0.150)
annex building/Ground Level/Wall inner 1x2,5 (3)	BoxCollider	True	False	(6.750, 1.500, 17.075)	(1.000, 2.500, 0.150)
annex building/Ground Level/Wall inner 1x2,5 (4)	BoxCollider	True	False	(7.750, 1.500, 17.075)	(1.000, 2.500, 0.150)
annex building/Ground Level/Wall inner 1x2,5 (5)	BoxCollider	True	False	(8.750, 1.500, 17.075)	(1.000, 2.500, 0.150)
annex building/Ground Level/Wall inner 1x2,5 (6)	BoxCollider	True	False	(9.750, 1.500, 17.075)	(1.000, 2.500, 0.150)
annex building/Level 1/Walls/Wall corner 2,5	BoxCollider	True	False	(9.375, 4.300, 20.625)	(0.250, 2.500, 0.250)
annex building/Level 1/Walls/Wall corner 2,5 (1)	BoxCollider	True	False	(3.048, 4.300, 19.625)	(0.250, 2.500, 0.250)
annex building/Level 1/Walls/Wall 2x2,5	BoxCollider	True	False	(3.271, 4.300, 11.500)	(0.200, 2.500, 2.000)
annex building/Level 1/Walls/Wall corner 2,5	BoxCollider	True	False	(3.296, 4.300, 10.375)	(0.250, 2.500, 0.250)
annex building/Level 1/Walls/Wall 2x2,5 (1)	BoxCollider	True	False	(9.390, 4.300, 11.500)	(0.200, 2.500, 2.000)
annex building/Level 1/Walls/Wall corner 2,5 (1)	BoxCollider	True	False	(9.415, 4.300, 10.375)	(0.250, 2.500, 0.250)
annex building/Level 1/Walls/Window straight (2)/Window 2x2,5 straight frame	BoxCollider	True	False	(9.363, 4.300, 15.500)	(0.140, 2.500, 2.000)
annex building/Level 1/Walls/Wall 2x2,5 (2)	BoxCollider	True	False	(3.271, 4.300, 13.500)	(0.200, 2.500, 2.000)
annex building/Level 1/Walls/Wall 2x2,5 (3)	BoxCollider	True	False	(3.271, 4.300, 15.500)	(0.200, 2.500, 2.000)
annex building/Level 1/Walls/Wall 2x2,5 (4)	BoxCollider	True	False	(3.271, 4.300, 17.500)	(0.200, 2.500, 2.000)
annex building/Level 1/Walls/Window straight (5)/Window 2x2,5 straight frame	BoxCollider	True	False	(9.363, 4.300, 19.500)	(0.140, 2.500, 2.000)
annex building/Level 1/Walls/Window straight (4)/Window 2x2,5 straight frame	BoxCollider	True	False	(9.363, 4.300, 13.500)	(0.140, 2.500, 2.000)
annex building/Level 1/Walls/Wall 2x2,5 (5)	BoxCollider	True	False	(3.271, 4.300, 19.500)	(0.200, 2.500, 2.000)
annex building/Level 1/Walls/Window Door/Window door frame	BoxCollider	False	False	(3.500, 3.050, 10.250)	(0.000, 0.000, 0.000)
annex building/Level 1/Walls/Window Door/Window door frame	MeshCollider	True	False	(5.500, 4.300, 10.320)	(4.000, 2.500, 0.140)
annex building/Level 1/Walls/Window Door/Window door frame/Window door door	BoxCollider	True	False	(4.616, 4.294, 10.321)	(1.768, 2.425, 0.040)
annex building/Level 1/Walls/Window Door/Window door frame/Window door windows side	MeshCollider	True	False	(5.500, 4.294, 10.321)	(4.000, 2.425, 0.013)
annex building/Level 1/Walls/Window Door/Window door frame/Window door window	MeshCollider	True	False	(6.384, 4.294, 10.305)	(1.768, 2.425, 0.013)
annex building/Level 1/Walls/Window straight (3)/Window 2x2,5 straight frame	BoxCollider	True	False	(8.250, 4.300, 10.320)	(2.000, 2.500, 0.140)
annex building/Level 1/Walls/Wall 2x2,5 (8)	BoxCollider	True	False	(8.250, 4.300, 20.600)	(2.000, 2.500, 0.200)
annex building/Level 1/Walls/Wall inner 1x2,5	BoxCollider	True	False	(3.750, 4.300, 16.825)	(1.000, 2.500, 0.150)
annex building/Level 1/Walls/Wall inner 1x2,5 (1)	BoxCollider	True	False	(4.250, 4.300, 16.825)	(1.000, 2.500, 0.150)
annex building/Level 1/Walls/Wall inner 1x2,5 (4)	BoxCollider	True	False	(8.750, 4.300, 16.825)	(1.000, 2.500, 0.150)
annex building/Level 1/Walls/Wall inner 1x2,5 (2)	BoxCollider	True	False	(4.750, 4.300, 16.825)	(1.000, 2.500, 0.150)
annex building/Level 1/Walls/Window Door (1)/Window door frame	BoxCollider	False	False	(7.250, 3.050, 20.750)	(0.000, 0.000, 0.000)
annex building/Level 1/Walls/Window Door (1)/Window door frame	MeshCollider	True	False	(5.250, 4.300, 20.680)	(4.000, 2.500, 0.140)
annex building/Level 1/Walls/Window Door (1)/Window door frame/Window door door	BoxCollider	True	False	(6.134, 4.294, 20.679)	(1.768, 2.425, 0.040)
annex building/Level 1/Walls/Window Door (1)/Window door frame/Window door windows side	MeshCollider	True	False	(5.250, 4.294, 20.679)	(4.000, 2.425, 0.013)
annex building/Level 1/Walls/Window Door (1)/Window door frame/Window door window	MeshCollider	True	False	(4.366, 4.294, 20.695)	(1.768, 2.425, 0.013)
annex building/Level 1/Walls/Window Door (1)/Curtain	MeshCollider	True	False	(3.915, 4.300, 20.484)	(1.247, 2.504, 0.361)
annex building/Level 1/Walls/Window Door (1)/Curtain (1)	MeshCollider	True	False	(5.165, 4.300, 20.484)	(1.247, 2.504, 0.361)
annex building/Level 1/Walls/Wall inner 1x2,5 (3)	BoxCollider	True	False	(7.750, 4.300, 16.825)	(1.000, 2.500, 0.150)
annex building/Level 1/Walls/Wall 2x2,5 (9)	BoxCollider	True	False	(9.350, 4.300, 17.500)	(0.200, 2.500, 2.000)
annex building/Level 1/Walls/Wall inner 1x2,5 door	MeshCollider	True	False	(5.750, 4.300, 16.832)	(1.000, 2.500, 0.165)
annex building/Level 1/Walls/Wall inner 1x2,5 door/interior door	BoxCollider	True	False	(5.748, 4.046, 16.762)	(0.639, 1.991, 0.157)
annex building/Level 1/Walls/Wall inner 1x2,5 (5)	BoxCollider	True	False	(6.750, 4.300, 16.825)	(1.000, 2.500, 0.150)
annex building/Level 1/Objects/Curtains/Curtain	MeshCollider	True	False	(3.925, 4.300, 10.564)	(1.247, 2.504, 0.361)
annex building/Level 1/Objects/Curtains/Curtain (1)	MeshCollider	True	False	(8.605, 4.300, 10.534)	(1.247, 2.504, 0.361)
annex building/Level 1/Objects/Curtains/Curtain (2)	MeshCollider	True	False	(10.914, 4.300, 9.525)	(0.361, 2.504, 1.247)
annex building/Level 1/Objects/Curtains/Curtain (3)	MeshCollider	True	False	(10.914, 4.300, 10.775)	(0.361, 2.504, 1.247)
annex building/Level 1/Objects/Curtains/Curtain (4)	MeshCollider	True	False	(10.914, 4.300, 12.025)	(0.361, 2.504, 1.247)
annex building/Level 1/Objects/Curtains/Curtain (5)	MeshCollider	True	False	(10.914, 4.300, 13.275)	(0.361, 2.504, 1.247)
annex building/Level 1/Objects/Curtains/Curtain (6)	MeshCollider	True	False	(10.914, 4.300, 14.525)	(0.361, 2.504, 1.247)
annex building/Level 1/Objects/Curtains/Curtain (7)	MeshCollider	True	False	(10.914, 4.300, 15.775)	(0.361, 2.504, 1.247)
annex building/Level 1/Objects/Curtains/Curtain (8)	MeshCollider	True	False	(10.914, 4.300, 17.025)	(0.361, 2.504, 1.247)
annex building/Level 1/Objects/Curtains/Curtain (9)	MeshCollider	True	False	(10.914, 4.300, 18.275)	(0.361, 2.504, 1.247)
annex building/Level 1/Objects/Table/dining table	MeshCollider	True	False	(7.500, 3.441, 21.999)	(2.211, 0.782, 1.035)
annex building/Level 1/Objects/Table/dining table/dining chair	MeshCollider	True	False	(8.151, 3.498, 21.346)	(0.572, 0.910, 0.498)
annex building/Level 1/Objects/Table/dining table/dining chair (1)	MeshCollider	True	False	(7.522, 3.498, 21.346)	(0.572, 0.910, 0.498)
annex building/Level 1/Objects/Table/dining table/dining chair (2)	MeshCollider	True	False	(6.875, 3.498, 21.346)	(0.572, 0.910, 0.498)
annex building/Level 1/Objects/Table/dining table/dining chair (3)	MeshCollider	True	False	(8.151, 3.498, 22.656)	(0.572, 0.910, 0.498)
annex building/Level 1/Objects/Table/dining table/dining chair (4)	MeshCollider	True	False	(7.522, 3.498, 22.656)	(0.572, 0.910, 0.498)
annex building/Level 1/Objects/Table/dining table/dining chair (5)	MeshCollider	True	False	(6.875, 3.498, 22.656)	(0.572, 0.910, 0.498)
annex building/Level 1/Objects/Table/dining table/Placeholder/fork	MeshCollider	True	False	(7.941, 3.843, 21.616)	(0.034, 0.023, 0.196)
annex building/Level 1/Objects/Table/dining table/Placeholder/fork (1)	MeshCollider	True	False	(7.900, 3.843, 21.647)	(0.034, 0.023, 0.196)
annex building/Level 1/Objects/Table/dining table/Placeholder/knife	MeshCollider	True	False	(8.340, 3.838, 21.638)	(0.019, 0.006, 0.231)
annex building/Level 1/Objects/Table/dining table/Placeholder/Spoon	MeshCollider	True	False	(8.397, 3.845, 21.670)	(0.057, 0.019, 0.234)
annex building/Level 1/Objects/Table/dining table/Placeholder/red wine glas	MeshCollider	True	False	(8.280, 3.948, 21.882)	(0.099, 0.225, 0.099)
annex building/Level 1/Objects/Table/dining table/Placeholder/white wine glas	MeshCollider	True	False	(8.389, 3.935, 21.823)	(0.085, 0.200, 0.085)
annex building/Level 1/Objects/Table/dining table/Placeholder/Placeholder	MeshCollider	True	False	(8.149, 3.836, 21.733)	(0.564, 0.004, 0.443)
annex building/Level 1/Objects/Table/dining table/Placeholder/LargeAntipastiPlate	MeshCollider	True	False	(8.149, 3.844, 21.678)	(0.318, 0.017, 0.318)
annex building/Level 1/Objects/Table/dining table/Placeholder/LargeAntipastiPlate/LargePlate	MeshCollider	True	False	(8.149, 3.854, 21.678)	(0.318, 0.012, 0.318)
annex building/Level 1/Objects/Table/dining table/Placeholder/LargeAntipastiPlate/SoupBowl	MeshCollider	True	False	(8.149, 3.879, 21.678)	(0.244, 0.055, 0.244)
annex building/Level 1/Objects/Table/dining table/mv_lantern	MeshCollider	True	False	(7.866, 3.951, 22.000)	(0.193, 0.239, 0.193)
annex building/Level 1/Objects/Table/dining table/mv_lantern/candle	MeshCollider	True	False	(7.866, 3.876, 22.000)	(0.058, 0.060, 0.058)
annex building/Level 1/Objects/Table/dining table/mv_lantern/candle/candle_LOD0	MeshCollider	True	False	(7.866, 3.876, 22.000)	(0.058, 0.060, 0.058)
annex building/Level 1/Objects/Table/dining table/mv_lantern/candle/wax_LOD0	MeshCollider	True	False	(7.866, 3.869, 22.000)	(0.051, 0.030, 0.051)
annex building/Level 1/Objects/Table/dining table/mv_lantern/candle/candle_LOD1	MeshCollider	True	False	(7.866, 3.876, 22.000)	(0.058, 0.060, 0.058)
annex building/Level 1/Objects/Table/dining table/mv_lantern/candle/wax_LOD1	MeshCollider	True	False	(7.866, 3.869, 22.000)	(0.051, 0.030, 0.051)
annex building/Level 1/Objects/Table/dining table/mv_lantern (1)	MeshCollider	True	False	(7.209, 3.951, 22.000)	(0.203, 0.239, 0.203)
annex building/Level 1/Objects/Table/dining table/mv_lantern (1)/candle	MeshCollider	True	False	(7.209, 3.875, 22.000)	(0.061, 0.060, 0.061)
annex building/Level 1/Objects/Table/dining table/mv_lantern (1)/candle/candle_LOD0	MeshCollider	True	False	(7.209, 3.875, 22.000)	(0.061, 0.060, 0.061)
annex building/Level 1/Objects/Table/dining table/mv_lantern (1)/candle/wax_LOD0	MeshCollider	True	False	(7.209, 3.868, 22.000)	(0.054, 0.030, 0.054)
annex building/Level 1/Objects/Table/dining table/mv_lantern (1)/candle/candle_LOD1	MeshCollider	True	False	(7.209, 3.875, 22.000)	(0.061, 0.060, 0.061)
annex building/Level 1/Objects/Table/dining table/mv_lantern (1)/candle/wax_LOD1	MeshCollider	True	False	(7.209, 3.868, 22.000)	(0.054, 0.030, 0.054)
annex building/Level 1/Objects/Table/dining table/Placeholder (1)/fork	MeshCollider	True	False	(7.305, 3.843, 21.616)	(0.034, 0.023, 0.196)
annex building/Level 1/Objects/Table/dining table/Placeholder (1)/fork (1)	MeshCollider	True	False	(7.264, 3.843, 21.647)	(0.034, 0.023, 0.196)
annex building/Level 1/Objects/Table/dining table/Placeholder (1)/knife	MeshCollider	True	False	(7.704, 3.838, 21.638)	(0.019, 0.006, 0.231)
annex building/Level 1/Objects/Table/dining table/Placeholder (1)/Spoon	MeshCollider	True	False	(7.761, 3.845, 21.670)	(0.057, 0.019, 0.234)
annex building/Level 1/Objects/Table/dining table/Placeholder (1)/red wine glas	MeshCollider	True	False	(7.644, 3.948, 21.882)	(0.099, 0.225, 0.099)
annex building/Level 1/Objects/Table/dining table/Placeholder (1)/white wine glas	MeshCollider	True	False	(7.753, 3.935, 21.823)	(0.085, 0.200, 0.085)
annex building/Level 1/Objects/Table/dining table/Placeholder (1)/Placeholder	MeshCollider	True	False	(7.513, 3.836, 21.733)	(0.564, 0.004, 0.443)
annex building/Level 1/Objects/Table/dining table/Placeholder (1)/LargeAntipastiPlate	MeshCollider	True	False	(7.513, 3.844, 21.678)	(0.318, 0.017, 0.318)
annex building/Level 1/Objects/Table/dining table/Placeholder (1)/LargeAntipastiPlate/LargePlate	MeshCollider	True	False	(7.513, 3.854, 21.678)	(0.318, 0.012, 0.318)
annex building/Level 1/Objects/Table/dining table/Placeholder (1)/LargeAntipastiPlate/SoupBowl	MeshCollider	True	False	(7.513, 3.879, 21.678)	(0.244, 0.055, 0.244)
annex building/Level 1/Objects/Table/dining table/Placeholder (2)/fork	MeshCollider	True	False	(6.691, 3.843, 21.616)	(0.034, 0.023, 0.196)
annex building/Level 1/Objects/Table/dining table/Placeholder (2)/fork (1)	MeshCollider	True	False	(6.650, 3.843, 21.647)	(0.034, 0.023, 0.196)
annex building/Level 1/Objects/Table/dining table/Placeholder (2)/knife	MeshCollider	True	False	(7.090, 3.838, 21.638)	(0.019, 0.006, 0.231)
annex building/Level 1/Objects/Table/dining table/Placeholder (2)/Spoon	MeshCollider	True	False	(7.147, 3.845, 21.670)	(0.057, 0.019, 0.234)
annex building/Level 1/Objects/Table/dining table/Placeholder (2)/red wine glas	MeshCollider	True	False	(7.030, 3.948, 21.882)	(0.099, 0.225, 0.099)
annex building/Level 1/Objects/Table/dining table/Placeholder (2)/white wine glas	MeshCollider	True	False	(7.139, 3.935, 21.823)	(0.085, 0.200, 0.085)
annex building/Level 1/Objects/Table/dining table/Placeholder (2)/Placeholder	MeshCollider	True	False	(6.899, 3.836, 21.733)	(0.564, 0.004, 0.443)
annex building/Level 1/Objects/Table/dining table/Placeholder (2)/LargeAntipastiPlate	MeshCollider	True	False	(6.899, 3.844, 21.678)	(0.318, 0.017, 0.318)
annex building/Level 1/Objects/Table/dining table/Placeholder (2)/LargeAntipastiPlate/LargePlate	MeshCollider	True	False	(6.899, 3.854, 21.678)	(0.318, 0.012, 0.318)
annex building/Level 1/Objects/Table/dining table/Placeholder (2)/LargeAntipastiPlate/SoupBowl	MeshCollider	True	False	(6.899, 3.879, 21.678)	(0.244, 0.055, 0.244)
annex building/Level 1/Objects/Table/dining table/Placeholder (3)/fork	MeshCollider	True	False	(7.721, 3.843, 22.398)	(0.034, 0.023, 0.196)
annex building/Level 1/Objects/Table/dining table/Placeholder (3)/fork (1)	MeshCollider	True	False	(7.762, 3.843, 22.367)	(0.034, 0.023, 0.196)
annex building/Level 1/Objects/Table/dining table/Placeholder (3)/knife	MeshCollider	True	False	(7.322, 3.838, 22.376)	(0.019, 0.006, 0.231)
annex building/Level 1/Objects/Table/dining table/Placeholder (3)/Spoon	MeshCollider	True	False	(7.265, 3.845, 22.344)	(0.057, 0.019, 0.234)
annex building/Level 1/Objects/Table/dining table/Placeholder (3)/red wine glas	MeshCollider	True	False	(7.382, 3.948, 22.132)	(0.099, 0.225, 0.099)
annex building/Level 1/Objects/Table/dining table/Placeholder (3)/white wine glas	MeshCollider	True	False	(7.273, 3.935, 22.191)	(0.085, 0.200, 0.085)
annex building/Level 1/Objects/Table/dining table/Placeholder (3)/Placeholder	MeshCollider	True	False	(7.513, 3.836, 22.281)	(0.564, 0.004, 0.443)
annex building/Level 1/Objects/Table/dining table/Placeholder (3)/LargeAntipastiPlate	MeshCollider	True	False	(7.513, 3.844, 22.336)	(0.318, 0.017, 0.318)
annex building/Level 1/Objects/Table/dining table/Placeholder (3)/LargeAntipastiPlate/LargePlate	MeshCollider	True	False	(7.513, 3.854, 22.336)	(0.318, 0.012, 0.318)
annex building/Level 1/Objects/Table/dining table/Placeholder (3)/LargeAntipastiPlate/SoupBowl	MeshCollider	True	False	(7.513, 3.879, 22.336)	(0.244, 0.055, 0.244)
annex building/Level 1/Objects/Table/dining table/Placeholder (4)/fork	MeshCollider	True	False	(8.357, 3.843, 22.398)	(0.034, 0.023, 0.196)
annex building/Level 1/Objects/Table/dining table/Placeholder (4)/fork (1)	MeshCollider	True	False	(8.398, 3.843, 22.367)	(0.034, 0.023, 0.196)
annex building/Level 1/Objects/Table/dining table/Placeholder (4)/knife	MeshCollider	True	False	(7.958, 3.838, 22.376)	(0.019, 0.006, 0.231)
annex building/Level 1/Objects/Table/dining table/Placeholder (4)/Spoon	MeshCollider	True	False	(7.901, 3.845, 22.344)	(0.057, 0.019, 0.234)
annex building/Level 1/Objects/Table/dining table/Placeholder (4)/red wine glas	MeshCollider	True	False	(8.018, 3.948, 22.132)	(0.099, 0.225, 0.099)
annex building/Level 1/Objects/Table/dining table/Placeholder (4)/white wine glas	MeshCollider	True	False	(7.909, 3.935, 22.191)	(0.085, 0.200, 0.085)
annex building/Level 1/Objects/Table/dining table/Placeholder (4)/Placeholder	MeshCollider	True	False	(8.149, 3.836, 22.281)	(0.564, 0.004, 0.443)
annex building/Level 1/Objects/Table/dining table/Placeholder (4)/LargeAntipastiPlate	MeshCollider	True	False	(8.149, 3.844, 22.336)	(0.318, 0.017, 0.318)
annex building/Level 1/Objects/Table/dining table/Placeholder (4)/LargeAntipastiPlate/LargePlate	MeshCollider	True	False	(8.149, 3.854, 22.336)	(0.318, 0.012, 0.318)
annex building/Level 1/Objects/Table/dining table/Placeholder (4)/LargeAntipastiPlate/SoupBowl	MeshCollider	True	False	(8.149, 3.879, 22.336)	(0.244, 0.055, 0.244)
annex building/Level 1/Objects/Table/dining table/Placeholder (5)/fork	MeshCollider	True	False	(7.107, 3.843, 22.398)	(0.034, 0.023, 0.196)
annex building/Level 1/Objects/Table/dining table/Placeholder (5)/fork (1)	MeshCollider	True	False	(7.148, 3.843, 22.367)	(0.034, 0.023, 0.196)
annex building/Level 1/Objects/Table/dining table/Placeholder (5)/knife	MeshCollider	True	False	(6.708, 3.838, 22.376)	(0.019, 0.006, 0.231)
annex building/Level 1/Objects/Table/dining table/Placeholder (5)/Spoon	MeshCollider	True	False	(6.651, 3.845, 22.344)	(0.057, 0.019, 0.234)
annex building/Level 1/Objects/Table/dining table/Placeholder (5)/red wine glas	MeshCollider	True	False	(6.768, 3.948, 22.132)	(0.099, 0.225, 0.099)
annex building/Level 1/Objects/Table/dining table/Placeholder (5)/white wine glas	MeshCollider	True	False	(6.659, 3.935, 22.191)	(0.085, 0.200, 0.085)
annex building/Level 1/Objects/Table/dining table/Placeholder (5)/Placeholder	MeshCollider	True	False	(6.899, 3.836, 22.281)	(0.564, 0.004, 0.443)
annex building/Level 1/Objects/Table/dining table/Placeholder (5)/LargeAntipastiPlate	MeshCollider	True	False	(6.899, 3.844, 22.336)	(0.318, 0.017, 0.318)
annex building/Level 1/Objects/Table/dining table/Placeholder (5)/LargeAntipastiPlate/LargePlate	MeshCollider	True	False	(6.899, 3.854, 22.336)	(0.318, 0.012, 0.318)
annex building/Level 1/Objects/Table/dining table/Placeholder (5)/LargeAntipastiPlate/SoupBowl	MeshCollider	True	False	(6.899, 3.879, 22.336)	(0.244, 0.055, 0.244)
annex building/Level 1/Objects/Bench/bench corner	MeshCollider	True	False	(10.839, 3.375, 24.431)	(0.750, 0.650, 0.750)
annex building/Level 1/Objects/Bench/bench corner/bench straight	MeshCollider	True	False	(10.889, 3.375, 23.681)	(0.650, 0.650, 0.750)
annex building/Level 1/Objects/Bench/bench corner/bench straight/mv_pillow_seat (3)	MeshCollider	True	False	(10.811, 3.730, 23.701)	(0.369, 0.066, 0.369)
annex building/Level 1/Objects/Bench/bench corner/bench straight/glas railing .75m	BoxCollider	True	False	(11.173, 3.762, 23.681)	(0.050, 0.120, 0.750)
annex building/Level 1/Objects/Bench/bench corner/bench straight/glas railing .75m/window .75m	BoxCollider	True	False	(11.173, 4.359, 23.681)	(0.018, 1.082, 0.743)
annex building/Level 1/Objects/Bench/bench corner/bench straight (3)	MeshCollider	True	False	(10.089, 3.375, 24.481)	(0.750, 0.650, 0.650)
annex building/Level 1/Objects/Bench/bench corner/bench straight (3)/mv_pillow_seat (3)	MeshCollider	True	False	(10.069, 3.730, 24.403)	(0.369, 0.066, 0.369)
annex building/Level 1/Objects/Bench/bench corner/bench straight (3)/glas railing .75m (1)	BoxCollider	True	False	(10.089, 3.760, 24.777)	(0.750, 0.120, 0.050)
annex building/Level 1/Objects/Bench/bench corner/bench straight (3)/glas railing .75m (1)/window .75m	BoxCollider	True	False	(10.089, 4.357, 24.777)	(0.743, 1.082, 0.018)
annex building/Level 1/Objects/Bench/bench corner/bench straight (4)	MeshCollider	True	False	(9.339, 3.375, 24.481)	(0.750, 0.650, 0.650)
annex building/Level 1/Objects/Bench/bench corner/bench straight (4)/mv_pillow_seat (3)	MeshCollider	True	False	(9.319, 3.730, 24.403)	(0.369, 0.066, 0.369)
annex building/Level 1/Objects/Bench/bench corner/bench straight (4)/glas railing .75m (1)	BoxCollider	True	False	(9.339, 3.760, 24.777)	(0.750, 0.120, 0.050)
annex building/Level 1/Objects/Bench/bench corner/bench straight (4)/glas railing .75m (1)/window .75m	BoxCollider	True	False	(9.339, 4.357, 24.777)	(0.743, 1.082, 0.018)
annex building/Level 1/Objects/Bench/bench corner/mv_pillow_seat (2)	MeshCollider	True	False	(10.735, 3.730, 24.378)	(0.369, 0.066, 0.369)
annex building/Level 1/Objects/Bench/bench corner/bench straight (5)	MeshCollider	True	False	(8.589, 3.375, 24.481)	(0.750, 0.650, 0.650)
annex building/Level 1/Objects/Bench/bench corner/bench straight (5)/mv_pillow_seat (3)	MeshCollider	True	False	(8.569, 3.730, 24.403)	(0.369, 0.066, 0.369)
annex building/Level 1/Objects/Bench/bench corner/bench straight (5)/glas railing .75m (1)	BoxCollider	True	False	(8.589, 3.760, 24.777)	(0.750, 0.120, 0.050)
annex building/Level 1/Objects/Bench/bench corner/bench straight (5)/glas railing .75m (1)/window .75m	BoxCollider	True	False	(8.589, 4.357, 24.777)	(0.743, 1.082, 0.018)
annex building/Level 1/Objects/Bench/bench corner/glas railing .75m corner	MeshCollider	True	False	(10.826, 3.764, 24.432)	(0.750, 0.120, 0.750)
annex building/Level 1/Objects/Bench/glas railing 2m	BoxCollider	True	False	(7.209, 3.110, 24.698)	(2.000, 0.120, 0.050)
annex building/Level 1/Objects/Bench/glas railing 2m (1)	BoxCollider	True	False	(5.209, 3.110, 24.698)	(2.000, 0.120, 0.050)
annex building/Level 1/Objects/Bench/glas railing 1m	BoxCollider	True	False	(3.709, 3.110, 24.693)	(1.000, 0.120, 0.050)
annex building/Level 1/Objects/Bench/glas railing 1m/window 1m	BoxCollider	True	False	(3.709, 3.707, 24.693)	(0.990, 1.082, 0.018)
annex building/Level 1/Objects/Bench/glas railing 1m (1)	BoxCollider	True	False	(3.125, 3.110, 24.193)	(0.050, 0.120, 1.000)
annex building/Level 1/Objects/Bench/glas railing 1m (1)/window 1m	BoxCollider	True	False	(3.125, 3.707, 24.193)	(0.018, 1.082, 0.990)
annex building/Level 1/Objects/Bench/glas railing 2m (2)	BoxCollider	True	False	(3.124, 3.110, 22.681)	(0.050, 0.120, 2.000)
annex building/Level 1/Objects/Bench/glas railing 1m (2)	BoxCollider	True	False	(3.125, 3.110, 21.193)	(0.050, 0.120, 1.000)
annex building/Level 1/Objects/Bench/glas railing 1m (2)/window 1m	BoxCollider	True	False	(3.125, 3.707, 21.193)	(0.018, 1.082, 0.990)
annex building/Level 1/Objects/Bench/glas railing .75m	BoxCollider	True	False	(3.124, 3.110, 20.317)	(0.050, 0.120, 0.750)
annex building/Level 1/Objects/Bench/glas railing .75m/window .75m	BoxCollider	True	False	(3.124, 3.707, 20.317)	(0.018, 1.082, 0.743)
annex building/Level 1/Objects/mv_roof_lamp	MeshCollider	True	False	(6.250, 4.998, 11.750)	(0.410, 0.165, 0.410)
annex building/Level 1/Objects/Painting 4	BoxCollider	True	False	(3.338, 4.614, 19.029)	(0.020, 1.000, 1.500)
annex building/Level 1/Objects/lights/mv_wall_light	MeshCollider	True	False	(8.950, 5.008, 20.813)	(0.104, 0.208, 0.130)
annex building/Level 1/Objects/lights/mv_wall_light (1)	MeshCollider	True	False	(7.450, 5.008, 20.813)	(0.104, 0.208, 0.130)
annex building/Level 1/Objects/lights/mv_wall_light (2)	MeshCollider	True	False	(3.208, 5.008, 20.099)	(0.130, 0.208, 0.104)
annex building/roof 1/Roof 2x2	BoxCollider	True	False	(6.140, 2.900, 11.750)	(2.000, 0.300, 2.000)
annex building/roof 1/Roof 2x2 side	BoxCollider	True	False	(4.090, 2.900, 11.750)	(2.100, 0.300, 2.000)
annex building/roof 1/Roof 2x2 side (1)	BoxCollider	True	False	(10.190, 2.900, 11.750)	(2.100, 0.300, 2.000)
annex building/roof 1/Roof 2x2 side (2)	BoxCollider	True	False	(6.140, 2.900, 9.700)	(2.000, 0.300, 2.100)
annex building/roof 1/Roof 2x2 corner	BoxCollider	True	False	(4.090, 2.900, 9.700)	(2.100, 0.300, 2.100)
annex building/roof 1/Roof 2x2 corner (1)	BoxCollider	True	False	(10.190, 2.900, 9.700)	(2.100, 0.300, 2.100)
annex building/roof 1/Roof 2x2 (1)	BoxCollider	True	False	(6.140, 2.900, 13.750)	(2.000, 0.300, 2.000)
annex building/roof 1/Roof 2x2 side (4)	BoxCollider	True	False	(10.190, 2.900, 13.750)	(2.100, 0.300, 2.000)
annex building/roof 1/Railing/railing corner 1m	MeshCollider	True	False	(3.602, 3.460, 9.222)	(1.016, 0.827, 1.020)
annex building/roof 1/Railing/railing .5m	BoxCollider	True	False	(3.140, 3.459, 9.970)	(0.071, 0.827, 0.500)
annex building/roof 1/Railing/railing 1m	BoxCollider	True	False	(4.610, 3.459, 8.750)	(1.000, 0.827, 0.071)
annex building/roof 1/Railing/railing 1m (1)	BoxCollider	True	False	(5.610, 3.459, 8.750)	(1.000, 0.827, 0.071)
annex building/roof 1/Railing/railing 1m (2)	BoxCollider	True	False	(6.610, 3.459, 8.750)	(1.000, 0.827, 0.071)
annex building/roof 1/Railing/railing 1m (3)	BoxCollider	True	False	(7.610, 3.459, 8.750)	(1.000, 0.827, 0.071)
annex building/roof 1/Railing/railing 1m (4)	BoxCollider	True	False	(8.610, 3.459, 8.750)	(1.000, 0.827, 0.071)
annex building/roof 1/Railing/railing 1m (5)	BoxCollider	True	False	(9.610, 3.459, 8.750)	(1.000, 0.827, 0.071)
annex building/roof 1/Railing/railing corner 1m (1)	MeshCollider	True	False	(10.668, 3.460, 9.212)	(1.020, 0.827, 1.016)
annex building/roof 1/Railing/railing  post	BoxCollider	True	False	(10.140, 3.459, 8.750)	(0.060, 0.827, 0.071)
annex building/roof 1/Railing/railing 1m (6)	BoxCollider	True	False	(11.140, 3.459, 10.220)	(0.071, 0.827, 1.000)
annex building/roof 1/Railing/railing 1m (7)	BoxCollider	True	False	(11.140, 3.459, 11.220)	(0.071, 0.827, 1.000)
annex building/roof 1/Railing/railing 1m (8)	BoxCollider	True	False	(11.140, 3.459, 12.220)	(0.071, 0.827, 1.000)
annex building/roof 1/Railing/railing 1m (9)	BoxCollider	True	False	(11.140, 3.459, 13.220)	(0.071, 0.827, 1.000)
annex building/roof 1/Railing/railing 1m (10)	BoxCollider	True	False	(11.140, 3.459, 14.220)	(0.071, 0.827, 1.000)
annex building/roof 1/Railing/railing 1m (11)	BoxCollider	True	False	(11.140, 3.459, 15.220)	(0.071, 0.827, 1.000)
annex building/roof 1/Railing/railing 1m (12)	BoxCollider	True	False	(11.140, 3.459, 16.220)	(0.071, 0.827, 1.000)
annex building/roof 1/Railing/railing 1m (13)	BoxCollider	True	False	(11.140, 3.459, 17.220)	(0.071, 0.827, 1.000)
annex building/roof 1/Railing/railing 1m (14)	BoxCollider	True	False	(11.140, 3.459, 18.220)	(0.071, 0.827, 1.000)
annex building/roof 1/Railing/railing 1m (15)	BoxCollider	True	False	(11.140, 3.459, 19.220)	(0.071, 0.827, 1.000)
annex building/roof 1/Railing/railing 1m (16)	BoxCollider	True	False	(11.140, 3.459, 20.220)	(0.071, 0.827, 1.000)
annex building/roof 1/Railing/railing 1m (17)	BoxCollider	True	False	(11.140, 3.459, 21.220)	(0.071, 0.827, 1.000)
annex building/roof 1/Railing/railing 1m (18)	BoxCollider	True	False	(11.140, 3.459, 22.220)	(0.071, 0.827, 1.000)
annex building/roof 1/Railing/railing .5m (1)	BoxCollider	True	False	(11.140, 3.459, 22.970)	(0.071, 0.827, 0.500)
annex building/roof 1/Railing/railing end short	BoxCollider	True	False	(11.140, 3.459, 23.253)	(0.070, 0.827, 0.066)
annex building/roof 1/Roof 2x2 side (6)	BoxCollider	True	False	(10.190, 2.900, 15.750)	(2.100, 0.300, 2.000)
annex building/roof 1/Roof 2x2 (3)	BoxCollider	True	False	(6.140, 2.900, 17.750)	(2.000, 0.300, 2.000)
annex building/roof 1/Roof 2x2 side (7)	BoxCollider	True	False	(4.090, 2.900, 17.750)	(2.100, 0.300, 2.000)
annex building/roof 1/Roof 2x2 side (8)	BoxCollider	True	False	(10.190, 2.900, 17.750)	(2.100, 0.300, 2.000)
annex building/roof 1/Roof 2x2 (4)	BoxCollider	True	False	(6.140, 2.900, 19.750)	(2.000, 0.300, 2.000)
annex building/roof 1/Roof 2x2 side (9)	BoxCollider	True	False	(4.090, 2.900, 19.750)	(2.100, 0.300, 2.000)
annex building/roof 1/Roof 2x2 side (10)	BoxCollider	True	False	(10.206, 2.915, 19.750)	(2.100, 0.300, 2.000)
annex building/roof 1/Roof 2x2 side (11)	BoxCollider	True	False	(6.140, 2.900, 23.800)	(2.000, 0.300, 2.100)
annex building/roof 1/Roof 2x2 corner (2)	BoxCollider	True	False	(4.090, 2.900, 23.800)	(2.100, 0.300, 2.100)
annex building/roof 1/Roof 2x2 corner (3)	BoxCollider	True	False	(10.190, 2.900, 23.800)	(2.100, 0.300, 2.100)
annex building/roof 1/Roof 2x2 (5)	BoxCollider	True	False	(8.140, 2.900, 11.750)	(2.000, 0.300, 2.000)
annex building/roof 1/Roof 2x2 side (12)	BoxCollider	True	False	(8.140, 2.900, 9.700)	(2.000, 0.300, 2.100)
annex building/roof 1/Roof 2x2 (6)	BoxCollider	True	False	(8.140, 2.900, 13.750)	(2.000, 0.300, 2.000)
annex building/roof 1/Roof 2x2 (7)	BoxCollider	True	False	(8.140, 2.900, 15.750)	(2.000, 0.300, 2.000)
annex building/roof 1/Roof 2x2 (8)	BoxCollider	True	False	(8.140, 2.900, 17.750)	(2.000, 0.300, 2.000)
annex building/roof 1/Roof 2x2 (9)	BoxCollider	True	False	(8.140, 2.900, 19.750)	(2.000, 0.300, 2.000)
annex building/roof 1/Roof 2x2 side (13)	BoxCollider	True	False	(8.140, 2.900, 23.800)	(2.000, 0.300, 2.100)
annex building/roof 1/Roof 2x2 (10)	BoxCollider	True	False	(6.140, 2.900, 21.750)	(2.000, 0.300, 2.000)
annex building/roof 1/Roof 2x2 side (14)	BoxCollider	True	False	(4.090, 2.900, 21.750)	(2.100, 0.300, 2.000)
annex building/roof 1/Roof 2x2 side (15)	BoxCollider	True	False	(10.190, 2.900, 21.750)	(2.100, 0.300, 2.000)
annex building/roof 1/Roof 2x2 (12)	BoxCollider	True	False	(6.140, 2.900, 15.750)	(2.000, 0.300, 2.000)
annex building/roof 1/Roof 2x2 (11)	BoxCollider	True	False	(8.140, 2.900, 21.750)	(2.000, 0.300, 2.000)
annex building/roof 1/Roof .2x.2	BoxCollider	True	False	(3.275, 2.900, 13.250)	(0.230, 0.300, 1.000)
annex building/roof 1/Roof .2x.2 (1)	BoxCollider	True	False	(3.275, 2.900, 14.250)	(0.230, 0.300, 1.000)
annex building/roof 1/Roof .2x.2 (2)	BoxCollider	True	False	(3.275, 2.900, 15.250)	(0.230, 0.300, 1.000)
annex building/roof 1/Roof .2x.2 (3)	BoxCollider	True	False	(3.275, 2.900, 16.250)	(0.230, 0.300, 1.000)
annex building/roof 2/Roof 2x2	BoxCollider	True	False	(6.250, 5.650, 12.000)	(2.000, 0.300, 2.000)
annex building/roof 2/Roof 2x2 side	BoxCollider	True	False	(4.200, 5.650, 12.000)	(2.100, 0.300, 2.000)
annex building/roof 2/Roof 2x2 side (1)	BoxCollider	True	False	(10.300, 5.650, 12.000)	(2.100, 0.300, 2.000)
annex building/roof 2/Roof 2x2 side (2)	BoxCollider	True	False	(6.250, 5.650, 9.950)	(2.000, 0.300, 2.100)
annex building/roof 2/Roof 2x2 corner	BoxCollider	True	False	(4.200, 5.650, 9.950)	(2.100, 0.300, 2.100)
annex building/roof 2/Roof 2x2 corner (1)	BoxCollider	True	False	(10.300, 5.650, 9.950)	(2.100, 0.300, 2.100)
annex building/roof 2/Roof 2x2 (1)	BoxCollider	True	False	(6.250, 5.650, 14.000)	(2.000, 0.300, 2.000)
annex building/roof 2/Roof 2x2 side (3)	BoxCollider	True	False	(4.200, 5.650, 14.000)	(2.100, 0.300, 2.000)
annex building/roof 2/Roof 2x2 side (4)	BoxCollider	True	False	(10.300, 5.650, 14.000)	(2.100, 0.300, 2.000)
annex building/roof 2/Roof 2x2 (2)	BoxCollider	True	False	(6.250, 5.650, 16.000)	(2.000, 0.300, 2.000)
annex building/roof 2/Roof 2x2 side (5)	BoxCollider	True	False	(4.200, 5.650, 16.000)	(2.100, 0.300, 2.000)
annex building/roof 2/Roof 2x2 side (6)	BoxCollider	True	False	(10.300, 5.650, 16.000)	(2.100, 0.300, 2.000)
annex building/roof 2/Roof 2x2 (3)	BoxCollider	True	False	(6.250, 5.650, 18.000)	(2.000, 0.300, 2.000)
annex building/roof 2/Roof 2x2 side (7)	BoxCollider	True	False	(4.200, 5.650, 18.000)	(2.100, 0.300, 2.000)
annex building/roof 2/Roof 2x2 side (8)	BoxCollider	True	False	(10.300, 5.650, 18.000)	(2.100, 0.300, 2.000)
annex building/roof 2/Roof 2x2 (4)	BoxCollider	True	False	(6.250, 5.650, 20.000)	(2.000, 0.300, 2.000)
annex building/roof 2/Roof 2x2 side (9)	BoxCollider	True	False	(4.200, 5.650, 20.000)	(2.100, 0.300, 2.000)
annex building/roof 2/Roof 2x2 side (10)	BoxCollider	True	False	(10.300, 5.650, 20.000)	(2.100, 0.300, 2.000)
annex building/roof 2/Roof 2x2 side (11)	BoxCollider	True	False	(6.250, 5.650, 22.050)	(2.000, 0.300, 2.100)
annex building/roof 2/Roof 2x2 corner (2)	BoxCollider	True	False	(4.200, 5.650, 22.050)	(2.100, 0.300, 2.100)
annex building/roof 2/Roof 2x2 corner (3)	BoxCollider	True	False	(10.300, 5.650, 22.050)	(2.100, 0.300, 2.100)
annex building/roof 2/Roof 2x2 (5)	BoxCollider	True	False	(8.250, 5.650, 12.000)	(2.000, 0.300, 2.000)
annex building/roof 2/Roof 2x2 side (12)	BoxCollider	True	False	(8.250, 5.650, 9.950)	(2.000, 0.300, 2.100)
annex building/roof 2/Roof 2x2 (6)	BoxCollider	True	False	(8.250, 5.650, 14.000)	(2.000, 0.300, 2.000)
annex building/roof 2/Roof 2x2 (7)	BoxCollider	True	False	(8.250, 5.650, 16.000)	(2.000, 0.300, 2.000)
annex building/roof 2/Roof 2x2 (8)	BoxCollider	True	False	(8.250, 5.650, 18.000)	(2.000, 0.300, 2.000)
annex building/roof 2/Roof 2x2 (9)	BoxCollider	True	False	(8.250, 5.650, 20.000)	(2.000, 0.300, 2.000)
annex building/roof 2/Roof 2x2 side (13)	BoxCollider	True	False	(8.250, 5.650, 22.050)	(2.000, 0.300, 2.100)
Backyard/Pool back/Pool2/Bottom/Pool Bottom (1)	BoxCollider	True	False	(-10.500, -1.837, 28.000)	(1.000, 0.100, 1.000)
Backyard/Pool back/Pool2/Bottom/Pool Bottom (2)	BoxCollider	True	False	(-10.500, -1.837, 27.000)	(1.000, 0.100, 1.000)
Backyard/Pool back/Pool2/Bottom/Pool Bottom (3)	BoxCollider	True	False	(-10.500, -1.837, 26.000)	(1.000, 0.100, 1.000)
Backyard/Pool back/Pool2/Bottom/Pool Bottom (4)	BoxCollider	True	False	(-10.500, -1.837, 25.000)	(1.000, 0.100, 1.000)
Backyard/Pool back/Pool2/Bottom/Pool Bottom (5)	BoxCollider	True	False	(-10.500, -1.837, 24.000)	(1.000, 0.100, 1.000)
Backyard/Pool back/Pool2/Bottom/Pool Bottom (6)	BoxCollider	True	False	(-9.500, -1.837, 28.000)	(1.000, 0.100, 1.000)
Backyard/Pool back/Pool2/Bottom/Pool Bottom (7)	BoxCollider	True	False	(-9.500, -1.837, 27.000)	(1.000, 0.100, 1.000)
Backyard/Pool back/Pool2/Bottom/Pool Bottom (8)	BoxCollider	True	False	(-9.500, -1.837, 26.000)	(1.000, 0.100, 1.000)
Backyard/Pool back/Pool2/Bottom/Pool Bottom (9)	BoxCollider	True	False	(-9.500, -1.837, 25.000)	(1.000, 0.100, 1.000)
Backyard/Pool back/Pool2/Bottom/Pool Bottom (10)	BoxCollider	True	False	(-9.500, -1.837, 24.000)	(1.000, 0.100, 1.000)
Backyard/Pool back/Pool2/Bottom/Pool Bottom (11)	BoxCollider	True	False	(-8.500, -1.837, 28.000)	(1.000, 0.100, 1.000)
Backyard/Pool back/Pool2/Bottom/Pool Bottom (12)	BoxCollider	True	False	(-8.500, -1.837, 27.000)	(1.000, 0.100, 1.000)
Backyard/Pool back/Pool2/Bottom/Pool Bottom (13)	BoxCollider	True	False	(-8.500, -1.837, 26.000)	(1.000, 0.100, 1.000)
Backyard/Pool back/Pool2/Bottom/Pool Bottom (14)	BoxCollider	True	False	(-8.500, -1.837, 25.000)	(1.000, 0.100, 1.000)
Backyard/Pool back/Pool2/Bottom/Pool Bottom (15)	BoxCollider	True	False	(-8.500, -1.837, 24.000)	(1.000, 0.100, 1.000)
Backyard/Pool back/Pool2/Bottom/Pool Bottom (16)	BoxCollider	True	False	(-7.500, -1.837, 28.000)	(1.000, 0.100, 1.000)
Backyard/Pool back/Pool2/Bottom/Pool Bottom (17)	BoxCollider	True	False	(-7.500, -1.837, 27.000)	(1.000, 0.100, 1.000)
Backyard/Pool back/Pool2/Bottom/Pool Bottom (18)	BoxCollider	True	False	(-7.500, -1.837, 26.000)	(1.000, 0.100, 1.000)
Backyard/Pool back/Pool2/Bottom/Pool Bottom (19)	BoxCollider	True	False	(-7.500, -1.837, 25.000)	(1.000, 0.100, 1.000)
Backyard/Pool back/Pool2/Bottom/Pool Bottom (20)	BoxCollider	True	False	(-7.500, -1.837, 24.000)	(1.000, 0.100, 1.000)
Backyard/Pool back/Pool2/Bottom/Pool Bottom (21)	BoxCollider	True	False	(-6.500, -1.837, 28.000)	(1.000, 0.100, 1.000)
Backyard/Pool back/Pool2/Bottom/Pool Bottom (22)	BoxCollider	True	False	(-6.500, -1.837, 27.000)	(1.000, 0.100, 1.000)
Backyard/Pool back/Pool2/Bottom/Pool Bottom (23)	BoxCollider	True	False	(-6.500, -1.837, 26.000)	(1.000, 0.100, 1.000)
Backyard/Pool back/Pool2/Bottom/Pool Bottom (24)	BoxCollider	True	False	(-6.500, -1.837, 25.000)	(1.000, 0.100, 1.000)
Backyard/Pool back/Pool2/Bottom/Pool Bottom (25)	BoxCollider	True	False	(-6.500, -1.837, 24.000)	(1.000, 0.100, 1.000)
Backyard/Pool back/Pool2/Bottom/Pool Bottom (26)	BoxCollider	True	False	(-5.500, -1.837, 28.000)	(1.000, 0.100, 1.000)
Backyard/Pool back/Pool2/Bottom/Pool Bottom (27)	BoxCollider	True	False	(-5.500, -1.837, 27.000)	(1.000, 0.100, 1.000)
Backyard/Pool back/Pool2/Bottom/Pool Bottom (28)	BoxCollider	True	False	(-5.500, -1.837, 26.000)	(1.000, 0.100, 1.000)
Backyard/Pool back/Pool2/Bottom/Pool Bottom (29)	BoxCollider	True	False	(-5.500, -1.837, 25.000)	(1.000, 0.100, 1.000)
Backyard/Pool back/Pool2/Bottom/Pool Bottom (30)	BoxCollider	True	False	(-5.500, -1.837, 24.000)	(1.000, 0.100, 1.000)
Backyard/Pool back/Pool2/Bottom/Pool Bottom (31)	BoxCollider	True	False	(-4.500, -1.837, 28.000)	(1.000, 0.100, 1.000)
Backyard/Pool back/Pool2/Bottom/Pool Bottom (32)	BoxCollider	True	False	(-4.500, -1.837, 27.000)	(1.000, 0.100, 1.000)
Backyard/Pool back/Pool2/Bottom/Pool Bottom (33)	BoxCollider	True	False	(-4.500, -1.837, 26.000)	(1.000, 0.100, 1.000)
Backyard/Pool back/Pool2/Bottom/Pool Bottom (34)	BoxCollider	True	False	(-4.500, -1.837, 25.000)	(1.000, 0.100, 1.000)
Backyard/Pool back/Pool2/Bottom/Pool Bottom (35)	BoxCollider	True	False	(-4.500, -1.837, 24.000)	(1.000, 0.100, 1.000)
Backyard/Pool back/Pool2/Bottom/Pool Bottom (36)	BoxCollider	True	False	(-3.500, -1.837, 28.000)	(1.000, 0.100, 1.000)
Backyard/Pool back/Pool2/Bottom/Pool Bottom (37)	BoxCollider	True	False	(-3.500, -1.837, 27.000)	(1.000, 0.100, 1.000)
Backyard/Pool back/Pool2/Bottom/Pool Bottom (38)	BoxCollider	True	False	(-3.500, -1.837, 26.000)	(1.000, 0.100, 1.000)
Backyard/Pool back/Pool2/Bottom/Pool Bottom (39)	BoxCollider	True	False	(-3.500, -1.837, 25.000)	(1.000, 0.100, 1.000)
Backyard/Pool back/Pool2/Bottom/Pool Bottom (40)	BoxCollider	True	False	(-3.500, -1.837, 24.000)	(1.000, 0.100, 1.000)
Backyard/Pool back/Pool2/Bottom/Pool Bottom (41)	BoxCollider	True	False	(-2.500, -1.837, 28.000)	(1.000, 0.100, 1.000)
Backyard/Pool back/Pool2/Bottom/Pool Bottom (42)	BoxCollider	True	False	(-2.500, -1.837, 27.000)	(1.000, 0.100, 1.000)
Backyard/Pool back/Pool2/Bottom/Pool Bottom (43)	BoxCollider	True	False	(-2.500, -1.837, 26.000)	(1.000, 0.100, 1.000)
Backyard/Pool back/Pool2/Bottom/Pool Bottom (44)	BoxCollider	True	False	(-2.500, -1.837, 25.000)	(1.000, 0.100, 1.000)
Backyard/Pool back/Pool2/Bottom/Pool Bottom (51)	BoxCollider	True	False	(-11.500, -1.837, 26.000)	(1.000, 0.100, 1.000)
Backyard/Pool back/Pool2/Bottom/Pool Bottom (52)	BoxCollider	True	False	(-12.500, -1.837, 26.000)	(1.000, 0.100, 1.000)
Backyard/Pool back/Pool2/Bottom/Pool Bottom (53)	BoxCollider	True	False	(-11.500, -1.837, 27.000)	(1.000, 0.100, 1.000)
Backyard/Pool back/Pool2/Bottom/Pool Bottom (54)	BoxCollider	True	False	(-12.500, -1.837, 27.000)	(1.000, 0.100, 1.000)
Backyard/Pool back/Pool2/Bottom/Pool Bottom (55)	BoxCollider	True	False	(-10.500, -1.837, 29.000)	(1.000, 0.100, 1.000)
Backyard/Pool back/Pool2/Bottom/Pool Bottom (56)	BoxCollider	True	False	(-9.500, -1.837, 29.000)	(1.000, 0.100, 1.000)
Backyard/Pool back/Pool2/Bottom/Pool Bottom (57)	BoxCollider	True	False	(-8.500, -1.837, 29.000)	(1.000, 0.100, 1.000)
Backyard/Pool back/Pool2/Bottom/Pool Bottom (58)	BoxCollider	True	False	(-7.500, -1.837, 29.000)	(1.000, 0.100, 1.000)
Backyard/Pool back/Pool2/Bottom/Pool Bottom (59)	BoxCollider	True	False	(-6.500, -1.837, 29.000)	(1.000, 0.100, 1.000)
Backyard/Pool back/Pool2/Bottom/Pool Bottom (60)	BoxCollider	True	False	(-5.500, -1.837, 29.000)	(1.000, 0.100, 1.000)
Backyard/Pool back/Pool2/Bottom/Pool Bottom (61)	BoxCollider	True	False	(-4.500, -1.837, 29.000)	(1.000, 0.100, 1.000)
Backyard/Pool back/Pool2/Bottom/Pool Bottom (62)	BoxCollider	True	False	(-3.500, -1.837, 29.000)	(1.000, 0.100, 1.000)
Backyard/Pool back/Pool2/Floor/Floor 2x2	BoxCollider	True	False	(0.000, -0.250, 21.500)	(2.000, 1.000, 2.000)
Backyard/Pool back/Pool2/Floor/Floor 2x2 (1)	BoxCollider	True	False	(0.000, -0.250, 29.500)	(2.000, 1.000, 2.000)
Backyard/Pool back/Pool2/Floor/Floor 2x2 (2)	BoxCollider	True	False	(0.000, -0.250, 23.500)	(2.000, 1.000, 2.000)
Backyard/Pool back/Pool2/Floor/Floor 2x2 (3)	BoxCollider	True	False	(-2.000, -0.250, 21.500)	(2.000, 1.000, 2.000)
Backyard/Pool back/Pool2/Floor/Floor 2x2 (4)	BoxCollider	True	False	(-4.000, -0.250, 21.500)	(2.000, 1.000, 2.000)
Backyard/Pool back/Pool2/Floor/Floor 2x2 (5)	BoxCollider	True	False	(-6.000, -0.250, 21.500)	(2.000, 1.000, 2.000)
Backyard/Pool back/Pool2/Floor/Floor 2x2 (6)	BoxCollider	True	False	(-8.000, -0.250, 21.500)	(2.000, 1.000, 2.000)
Backyard/Pool back/Pool2/Floor/Floor 2x2 (7)	BoxCollider	True	False	(-10.000, -0.250, 21.500)	(2.000, 1.000, 2.000)
Backyard/Pool back/Pool2/Floor/Floor 2x2 (8)	BoxCollider	True	False	(-11.750, -0.250, 21.500)	(1.500, 1.000, 2.000)
Backyard/Pool back/Pool2/Floor/Floor 2x2 side	BoxCollider	True	False	(-13.500, -0.250, 21.500)	(2.000, 1.000, 2.000)
Backyard/Pool back/Pool2/Floor/Floor 1x1 side	BoxCollider	True	False	(-14.501, -0.250, 23.000)	(1.000, 1.000, 1.000)
Backyard/Pool back/Pool2/Floor/Floor 1x1 side (1)	BoxCollider	True	False	(-14.501, -0.250, 24.000)	(1.000, 1.000, 1.000)
Backyard/Pool back/Pool2/Floor/Floor 1x1 side (2)	BoxCollider	True	False	(-14.501, -0.250, 25.000)	(1.000, 1.000, 1.000)
Backyard/Pool back/Pool2/Floor/Floor 1x1 side (3)	BoxCollider	True	False	(-14.501, -0.250, 26.000)	(1.000, 1.000, 1.000)
Backyard/Pool back/Pool2/Floor/Floor 1x1 side (4)	BoxCollider	True	False	(-14.501, -0.250, 27.000)	(1.000, 1.000, 1.000)
Backyard/Pool back/Pool2/Floor/Floor 1x1 side (5)	BoxCollider	True	False	(-14.501, -0.250, 28.000)	(1.000, 1.000, 1.000)
Backyard/Pool back/Pool2/Floor/Floor 1x1 side (6)	BoxCollider	True	False	(-14.501, -0.250, 29.000)	(1.000, 1.000, 1.000)
Backyard/Pool back/Pool2/Floor/Floor 1x1 side (7)	BoxCollider	True	False	(-14.501, -0.250, 30.000)	(1.000, 1.000, 1.000)
Backyard/Pool back/Pool2/Swimming Pool Steps	MeshCollider	True	False	(-0.002, -0.250, 26.500)	(3.000, 1.000, 3.998)
Backyard/Pool back/Pool2/Swimming Pool Steps/Swimming Pool Steps Floor	MeshCollider	True	False	(-0.476, -0.240, 26.500)	(2.052, 1.020, 3.998)
Backyard/Pool back/Pool2/Swimming Pool Steps/pool straight side	BoxCollider	True	False	(-1.495, -1.250, 26.000)	(0.010, 1.000, 1.000)
Backyard/Pool back/Pool2/Swimming Pool Steps/pool straight side (1)	BoxCollider	True	False	(-1.495, -1.250, 25.000)	(0.010, 1.000, 1.000)
Backyard/Pool back/Pool2/Swimming Pool Steps/pool straight side (2)	BoxCollider	True	False	(-1.495, -1.250, 27.000)	(0.010, 1.000, 1.000)
Backyard/Pool back/Pool2/Swimming Pool Steps/pool straight side (3)	BoxCollider	True	False	(-1.495, -1.250, 28.000)	(0.010, 1.000, 1.000)
Backyard/Pool back/Pool2/pool straight top	BoxCollider	True	False	(-13.750, -0.240, 27.000)	(0.500, 1.020, 1.000)
Backyard/Pool back/Pool2/pool straight top	MeshCollider	True	False	(-13.750, -0.240, 27.000)	(0.500, 1.020, 1.000)
Backyard/Pool back/Pool2/pool straight top/pool straight side	BoxCollider	True	False	(-13.505, -1.250, 27.000)	(0.010, 1.000, 1.000)
Backyard/Pool back/Pool2/pool straight top/Pool Bottom side	BoxCollider	True	False	(-13.245, -1.827, 27.000)	(0.510, 0.105, 1.000)
Backyard/Pool back/Pool2/pool straight top (6)	BoxCollider	True	False	(-10.500, -0.240, 30.250)	(1.000, 1.020, 0.500)
Backyard/Pool back/Pool2/pool straight top (6)	MeshCollider	True	False	(-10.500, -0.240, 30.250)	(1.000, 1.020, 0.500)
Backyard/Pool back/Pool2/pool straight top (6)/Pool Bottom side	BoxCollider	True	False	(-10.500, -1.827, 29.745)	(1.000, 0.105, 0.510)
Backyard/Pool back/Pool2/pool straight top (6)/pool straight side	BoxCollider	True	False	(-10.500, -1.250, 30.005)	(1.000, 1.000, 0.010)
Backyard/Pool back/Pool2/pool corner top 3x3	MeshCollider	True	False	(-12.500, -0.240, 29.001)	(3.000, 1.020, 3.002)
Backyard/Pool back/Pool2/pool corner top 3x3/pool corner top 3x3.001	MeshCollider	True	False	(-12.500, -0.250, 29.001)	(3.000, 1.000, 3.002)
Backyard/Pool back/Pool2/pool corner top 3x3/pool corner side 3x3	MeshCollider	True	False	(-12.255, -1.250, 28.755)	(2.510, 1.000, 2.510)
Backyard/Pool back/Pool2/pool corner top 3x3/pool corner bottom 3x3	MeshCollider	True	False	(-12.255, -1.794, 28.755)	(2.510, 0.120, 2.510)
Backyard/Pool back/Pool2/pool corner top 2x2	MeshCollider	True	False	(-2.000, -0.233, 23.507)	(2.000, 1.020, 2.000)
Backyard/Pool back/Pool2/pool corner top 2x2/pool corner top 2x2.001	MeshCollider	True	False	(-2.000, -0.243, 23.507)	(2.000, 1.000, 2.000)
Backyard/Pool back/Pool2/pool corner top 2x2/pool corner side 2x2	MeshCollider	True	False	(-2.245, -1.250, 23.748)	(1.510, 1.000, 1.503)
Backyard/Pool back/Pool2/pool corner top 2x2/pool corner bottom 2x2	MeshCollider	True	False	(-2.245, -1.810, 23.748)	(1.510, 0.120, 1.503)
Backyard/Pool back/Pool2/pool straight top (18)	BoxCollider	True	False	(-13.750, -0.240, 26.000)	(0.500, 1.020, 1.000)
Backyard/Pool back/Pool2/pool straight top (18)	MeshCollider	True	False	(-13.750, -0.240, 26.000)	(0.500, 1.020, 1.000)
Backyard/Pool back/Pool2/pool straight top (18)/pool straight side	BoxCollider	True	False	(-13.505, -1.250, 26.000)	(0.010, 1.000, 1.000)
Backyard/Pool back/Pool2/pool straight top (18)/Pool Bottom side (1)	BoxCollider	True	False	(-13.245, -1.827, 26.000)	(0.510, 0.105, 1.000)
Backyard/Pool back/Pool2/pool corner top 3x3 (1)	MeshCollider	True	False	(-12.501, -0.231, 24.000)	(3.002, 1.020, 3.000)
Backyard/Pool back/Pool2/pool corner top 3x3 (1)/pool corner top 3x3.001	MeshCollider	True	False	(-12.501, -0.241, 24.000)	(3.002, 1.000, 3.000)
Backyard/Pool back/Pool2/pool corner top 3x3 (1)/pool corner side 3x3	MeshCollider	True	False	(-12.255, -1.241, 24.245)	(2.510, 1.000, 2.510)
Backyard/Pool back/Pool2/pool corner top 3x3 (1)/pool corner bottom 3x3	MeshCollider	True	False	(-12.255, -1.804, 24.245)	(2.510, 0.120, 2.510)
Backyard/Pool back/Pool2/pool corner top 2x2 (1)	MeshCollider	True	False	(-2.007, -0.233, 29.500)	(2.000, 1.020, 2.000)
Backyard/Pool back/Pool2/pool corner top 2x2 (1)/pool corner top 2x2.001	MeshCollider	True	False	(-2.007, -0.243, 29.500)	(2.000, 1.000, 2.000)
Backyard/Pool back/Pool2/pool corner top 2x2 (1)/pool corner side 2x2	MeshCollider	True	False	(-2.248, -1.250, 29.255)	(1.503, 1.000, 1.510)
Backyard/Pool back/Pool2/pool corner top 2x2 (1)/pool corner bottom 2x2	MeshCollider	True	False	(-2.248, -1.816, 29.255)	(1.503, 0.120, 1.510)
Backyard/Pool back/Pool2/mv_pool_ladder	MeshCollider	True	False	(-6.000, 0.099, 23.014)	(0.576, 1.502, 0.356)
Backyard/Pool back/Pool2/mv_pool_shower	MeshCollider	True	False	(-8.500, 1.162, 23.043)	(0.620, 1.834, 1.933)
Backyard/Pool back/Pool2/pool slide	MeshCollider	True	False	(-2.000, -1.648, 26.000)	(1.000, 0.330, 1.000)
Backyard/Pool back/Pool2/pool slide (1)	MeshCollider	True	False	(-2.000, -1.648, 27.000)	(1.000, 0.330, 1.000)
Backyard/Pool back/Pool2/pool slide (2)	MeshCollider	True	False	(-2.000, -1.648, 28.000)	(1.000, 0.330, 1.000)
Backyard/Pool back/Pool2/pool slide (3)	MeshCollider	True	False	(-2.000, -1.648, 25.000)	(1.000, 0.330, 1.000)
Backyard/Pool back/Pool2/mv_pool_light	MeshCollider	True	False	(-3.000, -1.797, 28.000)	(0.130, 0.050, 0.130)
Backyard/Pool back/Pool2/mv_pool_light (1)	MeshCollider	True	False	(-3.000, -1.797, 24.750)	(0.130, 0.050, 0.130)
Backyard/Pool back/Pool2/mv_pool_light (2)	MeshCollider	True	False	(-7.500, -1.797, 28.000)	(0.130, 0.050, 0.130)
Backyard/Pool back/Pool2/mv_pool_light (3)	MeshCollider	True	False	(-7.500, -1.797, 24.750)	(0.130, 0.050, 0.130)
Backyard/Pool back/Pool2/mv_pool_light (4)	MeshCollider	True	False	(-12.250, -1.803, 28.000)	(0.130, 0.050, 0.130)
Backyard/Pool back/Pool2/mv_pool_light (5)	MeshCollider	True	False	(-12.250, -1.808, 24.750)	(0.130, 0.050, 0.130)
Backyard/Pool back/Pool2/pool straight top (7)	BoxCollider	True	False	(-9.500, -0.240, 30.250)	(1.000, 1.020, 0.500)
Backyard/Pool back/Pool2/pool straight top (7)	MeshCollider	True	False	(-9.500, -0.240, 30.250)	(1.000, 1.020, 0.500)
Backyard/Pool back/Pool2/pool straight top (7)/Pool Bottom side	BoxCollider	True	False	(-9.500, -1.827, 29.745)	(1.000, 0.105, 0.510)
Backyard/Pool back/Pool2/pool straight top (7)/pool straight side	BoxCollider	True	False	(-9.500, -1.250, 30.005)	(1.000, 1.000, 0.010)
Backyard/Pool back/Pool2/pool straight top (8)	BoxCollider	True	False	(-8.510, -0.240, 30.260)	(1.000, 1.020, 0.500)
Backyard/Pool back/Pool2/pool straight top (8)	MeshCollider	True	False	(-8.510, -0.240, 30.260)	(1.000, 1.020, 0.500)
Backyard/Pool back/Pool2/pool straight top (8)/Pool Bottom side	BoxCollider	True	False	(-8.510, -1.827, 29.755)	(1.000, 0.105, 0.510)
Backyard/Pool back/Pool2/pool straight top (8)/pool straight side	BoxCollider	True	False	(-8.510, -1.250, 30.015)	(1.000, 1.000, 0.010)
Backyard/Pool back/Pool2/pool straight top (9)	BoxCollider	True	False	(-7.510, -0.240, 30.260)	(1.000, 1.020, 0.500)
Backyard/Pool back/Pool2/pool straight top (9)	MeshCollider	True	False	(-7.510, -0.240, 30.260)	(1.000, 1.020, 0.500)
Backyard/Pool back/Pool2/pool straight top (9)/Pool Bottom side	BoxCollider	True	False	(-7.510, -1.827, 29.755)	(1.000, 0.105, 0.510)
Backyard/Pool back/Pool2/pool straight top (9)/pool straight side	BoxCollider	True	False	(-7.510, -1.250, 30.015)	(1.000, 1.000, 0.010)
Backyard/Pool back/Pool2/pool straight top (10)	BoxCollider	True	False	(-6.510, -0.240, 30.260)	(1.000, 1.020, 0.500)
Backyard/Pool back/Pool2/pool straight top (10)	MeshCollider	True	False	(-6.510, -0.240, 30.260)	(1.000, 1.020, 0.500)
Backyard/Pool back/Pool2/pool straight top (10)/Pool Bottom side	BoxCollider	True	False	(-6.510, -1.827, 29.755)	(1.000, 0.105, 0.510)
Backyard/Pool back/Pool2/pool straight top (10)/pool straight side	BoxCollider	True	False	(-6.510, -1.250, 30.015)	(1.000, 1.000, 0.010)
Backyard/Pool back/Pool2/pool straight top (11)	BoxCollider	True	False	(-5.510, -0.240, 30.260)	(1.000, 1.020, 0.500)
Backyard/Pool back/Pool2/pool straight top (11)	MeshCollider	True	False	(-5.510, -0.240, 30.260)	(1.000, 1.020, 0.500)
Backyard/Pool back/Pool2/pool straight top (11)/Pool Bottom side	BoxCollider	True	False	(-5.510, -1.827, 29.755)	(1.000, 0.105, 0.510)
Backyard/Pool back/Pool2/pool straight top (11)/pool straight side	BoxCollider	True	False	(-5.510, -1.250, 30.015)	(1.000, 1.000, 0.010)
Backyard/Pool back/Pool2/pool straight top (12)	BoxCollider	True	False	(-4.510, -0.240, 30.260)	(1.000, 1.020, 0.500)
Backyard/Pool back/Pool2/pool straight top (12)	MeshCollider	True	False	(-4.510, -0.240, 30.260)	(1.000, 1.020, 0.500)
Backyard/Pool back/Pool2/pool straight top (12)/Pool Bottom side	BoxCollider	True	False	(-4.510, -1.827, 29.755)	(1.000, 0.105, 0.510)
Backyard/Pool back/Pool2/pool straight top (12)/pool straight side	BoxCollider	True	False	(-4.510, -1.250, 30.015)	(1.000, 1.000, 0.010)
Backyard/Pool back/Pool2/pool straight top (13)	BoxCollider	True	False	(-3.510, -0.240, 30.260)	(1.000, 1.020, 0.500)
Backyard/Pool back/Pool2/pool straight top (13)	MeshCollider	True	False	(-3.510, -0.240, 30.260)	(1.000, 1.020, 0.500)
Backyard/Pool back/Pool2/pool straight top (13)/Pool Bottom side	BoxCollider	True	False	(-3.510, -1.827, 29.755)	(1.000, 0.105, 0.510)
Backyard/Pool back/Pool2/pool straight top (13)/pool straight side	BoxCollider	True	False	(-3.510, -1.250, 30.015)	(1.000, 1.000, 0.010)
Backyard/Pool back/Pool2/pool straight top (14)	BoxCollider	True	False	(-10.490, -0.240, 22.750)	(1.000, 1.020, 0.500)
Backyard/Pool back/Pool2/pool straight top (14)	MeshCollider	True	False	(-10.490, -0.240, 22.750)	(1.000, 1.020, 0.500)
Backyard/Pool back/Pool2/pool straight top (14)/Pool Bottom side	BoxCollider	True	False	(-10.490, -1.827, 23.255)	(1.000, 0.105, 0.510)
Backyard/Pool back/Pool2/pool straight top (14)/pool straight side	BoxCollider	True	False	(-10.490, -1.250, 22.995)	(1.000, 1.000, 0.010)
Backyard/Pool back/Pool2/pool straight top (15)	BoxCollider	True	False	(-9.490, -0.240, 22.750)	(1.000, 1.020, 0.500)
Backyard/Pool back/Pool2/pool straight top (15)	MeshCollider	True	False	(-9.490, -0.240, 22.750)	(1.000, 1.020, 0.500)
Backyard/Pool back/Pool2/pool straight top (15)/Pool Bottom side	BoxCollider	True	False	(-9.490, -1.827, 23.255)	(1.000, 0.105, 0.510)
Backyard/Pool back/Pool2/pool straight top (15)/pool straight side	BoxCollider	True	False	(-9.490, -1.250, 22.995)	(1.000, 1.000, 0.010)
Backyard/Pool back/Pool2/pool straight top (16)	BoxCollider	True	False	(-8.500, -0.240, 22.750)	(1.000, 1.020, 0.500)
Backyard/Pool back/Pool2/pool straight top (16)	MeshCollider	True	False	(-8.500, -0.240, 22.750)	(1.000, 1.020, 0.500)
Backyard/Pool back/Pool2/pool straight top (16)/Pool Bottom side	BoxCollider	True	False	(-8.500, -1.827, 23.255)	(1.000, 0.105, 0.510)
Backyard/Pool back/Pool2/pool straight top (16)/pool straight side	BoxCollider	True	False	(-8.500, -1.250, 22.995)	(1.000, 1.000, 0.010)
Backyard/Pool back/Pool2/pool straight top (17)	BoxCollider	True	False	(-7.500, -0.240, 22.750)	(1.000, 1.020, 0.500)
Backyard/Pool back/Pool2/pool straight top (17)	MeshCollider	True	False	(-7.500, -0.240, 22.750)	(1.000, 1.020, 0.500)
Backyard/Pool back/Pool2/pool straight top (17)/Pool Bottom side	BoxCollider	True	False	(-7.500, -1.827, 23.255)	(1.000, 0.105, 0.510)
Backyard/Pool back/Pool2/pool straight top (17)/pool straight side	BoxCollider	True	False	(-7.500, -1.250, 22.995)	(1.000, 1.000, 0.010)
Backyard/Pool back/Pool2/pool straight top (19)	BoxCollider	True	False	(-4.500, -0.240, 22.750)	(1.000, 1.020, 0.500)
Backyard/Pool back/Pool2/pool straight top (19)	MeshCollider	True	False	(-4.500, -0.240, 22.750)	(1.000, 1.020, 0.500)
Backyard/Pool back/Pool2/pool straight top (19)/Pool Bottom side	BoxCollider	True	False	(-4.500, -1.827, 23.255)	(1.000, 0.105, 0.510)
Backyard/Pool back/Pool2/pool straight top (19)/pool straight side	BoxCollider	True	False	(-4.500, -1.250, 22.995)	(1.000, 1.000, 0.010)
Backyard/Pool back/Pool2/pool straight top (20)	BoxCollider	True	False	(-6.500, -0.240, 22.750)	(1.000, 1.020, 0.500)
Backyard/Pool back/Pool2/pool straight top (20)	MeshCollider	True	False	(-6.500, -0.240, 22.750)	(1.000, 1.020, 0.500)
Backyard/Pool back/Pool2/pool straight top (20)/Pool Bottom side	BoxCollider	True	False	(-6.500, -1.827, 23.255)	(1.000, 0.105, 0.510)
Backyard/Pool back/Pool2/pool straight top (20)/pool straight side	BoxCollider	True	False	(-6.500, -1.250, 22.995)	(1.000, 1.000, 0.010)
Backyard/Pool back/Pool2/pool straight top (21)	BoxCollider	True	False	(-5.500, -0.240, 22.750)	(1.000, 1.020, 0.500)
Backyard/Pool back/Pool2/pool straight top (21)	MeshCollider	True	False	(-5.500, -0.240, 22.750)	(1.000, 1.020, 0.500)
Backyard/Pool back/Pool2/pool straight top (21)/Pool Bottom side	BoxCollider	True	False	(-5.500, -1.827, 23.255)	(1.000, 0.105, 0.510)
Backyard/Pool back/Pool2/pool straight top (21)/pool straight side	BoxCollider	True	False	(-5.500, -1.250, 22.995)	(1.000, 1.000, 0.010)
Backyard/Pool back/Pool2/pool straight top (22)	BoxCollider	True	False	(-3.500, -0.240, 22.750)	(1.000, 1.020, 0.500)
Backyard/Pool back/Pool2/pool straight top (22)	MeshCollider	True	False	(-3.500, -0.240, 22.750)	(1.000, 1.020, 0.500)
Backyard/Pool back/Pool2/pool straight top (22)/Pool Bottom side	BoxCollider	True	False	(-3.500, -1.827, 23.255)	(1.000, 0.105, 0.510)
Backyard/Pool back/Pool2/pool straight top (22)/pool straight side	BoxCollider	True	False	(-3.500, -1.250, 22.995)	(1.000, 1.000, 0.010)
Backyard/Pool back/Pool2/Pool stair lower connection/Pool lower step 1	BoxCollider	True	False	(-1.650, -1.150, 26.500)	(0.300, 1.300, 3.400)
Backyard/Pool back/Pool2/Pool stair lower connection/Pool lower step 2	BoxCollider	True	False	(-1.950, -1.243, 26.500)	(0.300, 1.115, 3.400)
Backyard/Pool back/Pool2/Pool stair lower connection/Pool lower step 3	BoxCollider	True	False	(-2.250, -1.335, 26.500)	(0.300, 0.930, 3.400)
Backyard/Pool back/Pool2/Pool stair lower connection/Pool lower step 4	BoxCollider	True	False	(-2.550, -1.428, 26.500)	(0.300, 0.745, 3.400)
Backyard/Pool back/Pool2/Pool stair lower connection/Pool lower step 5	BoxCollider	True	False	(-2.850, -1.520, 26.500)	(0.300, 0.560, 3.400)
Backyard/Pool back/Pool2/Pool stair lower connection/Pool lower step 6	BoxCollider	True	False	(-3.150, -1.613, 26.500)	(0.300, 0.375, 3.400)
Backyard/Pool back/Pool2/Pool stair lower connection/Pool lower step 7	BoxCollider	True	False	(-3.450, -1.705, 26.500)	(0.300, 0.190, 3.400)
Backyard/Pool back/objects/mv_pool_light	MeshCollider	True	False	(-0.563, 0.138, 24.165)	(0.130, 0.050, 0.130)
Backyard/Pool back/objects/mv_pool_light (1)	MeshCollider	True	False	(-0.563, 0.138, 28.608)	(0.130, 0.050, 0.130)
Backyard/Pool back/objects/mv_pool_light (2)	MeshCollider	True	False	(-13.750, 0.138, 23.320)	(0.130, 0.050, 0.130)
Backyard/Pool back/objects/mv_pool_light (3)	MeshCollider	True	False	(-13.433, 0.138, 29.441)	(0.130, 0.050, 0.130)
Backyard/Floor 2/objects/mv_step_block	BoxCollider	True	False	(2.071, 0.100, 11.631)	(1.000, 0.200, 0.300)
Backyard/Floor 2/objects/mv_step_block (1)	BoxCollider	True	False	(2.071, 0.230, 11.355)	(1.000, 0.200, 0.300)
Backyard/Floor 2/objects/mv_step_block (2)	BoxCollider	True	False	(2.071, 0.384, 11.105)	(1.000, 0.200, 0.300)
Backyard/Floor 2/objects/mv_step_block (3)	BoxCollider	True	False	(2.071, 0.555, 10.881)	(1.000, 0.200, 0.300)
Backyard/Floor 2/objects/mv_step_block (4)	BoxCollider	True	False	(1.071, 0.100, 11.631)	(1.000, 0.200, 0.300)
Backyard/Floor 2/objects/mv_step_block (5)	BoxCollider	True	False	(1.071, 0.230, 11.355)	(1.000, 0.200, 0.300)
Backyard/Floor 2/objects/mv_step_block (6)	BoxCollider	True	False	(1.071, 0.384, 11.105)	(1.000, 0.200, 0.300)
Backyard/Floor 2/objects/mv_step_block (7)	BoxCollider	True	False	(1.071, 0.555, 10.881)	(1.000, 0.200, 0.300)
Backyard/Floor 2/objects/stonebox high	BoxCollider	True	False	(0.315, 0.500, 11.250)	(0.500, 0.500, 1.000)
Backyard/Floor 2/objects/stonebox high/Shrub	MeshCollider	True	False	(0.292, 0.992, 11.215)	(1.040, 0.484, 1.103)
Backyard/Floor 2/objects/stonebox large	BoxCollider	True	False	(1.000, 0.375, 16.250)	(4.000, 0.250, 2.000)
Backyard/Floor 2/objects/stonebox large/VasePalmSmall	MeshCollider	True	False	(1.846, 1.294, 16.275)	(2.059, 2.087, 2.112)
Backyard/Floor 2/objects/stonebox large/VasePalmSmall (1)	MeshCollider	True	False	(-0.054, 1.454, 16.220)	(3.399, 2.407, 3.401)
Backyard/Floor 2/objects/Seats/mv_couch_table	MeshCollider	True	False	(-6.500, 0.460, 21.500)	(0.557, 0.400, 0.557)
Backyard/Floor 2/objects/Seats/mv_couch_table/tablet	MeshCollider	True	False	(-6.500, 0.693, 21.500)	(0.568, 0.066, 0.550)
Backyard/Floor 2/objects/Seats/mv_couch_table/tablet/glas	MeshCollider	True	False	(-6.455, 0.730, 21.332)	(0.117, 0.137, 0.117)
Backyard/Floor 2/objects/Seats/mv_couch_table/tablet/napkin	MeshCollider	True	False	(-6.627, 0.688, 21.523)	(0.198, 0.033, 0.220)
Backyard/Floor 2/objects/Seats/mv_couch_table/tablet/Small Plate	MeshCollider	True	False	(-6.443, 0.682, 21.521)	(0.239, 0.012, 0.239)
Backyard/Floor 2/objects/Seats/mv_couch_table/tablet/Small Plate/bowl	MeshCollider	True	False	(-6.443, 0.709, 21.521)	(0.223, 0.057, 0.223)
Backyard/Floor 2/objects/Seats/mv_lounger	MeshCollider	True	False	(-5.709, 0.392, 21.586)	(0.707, 0.264, 2.180)
Backyard/Floor 2/objects/Seats/mv_grand_sunshade	MeshCollider	True	False	(-6.500, 1.381, 20.506)	(0.444, 2.242, 2.031)
Backyard/Floor 2/objects/Seats/mv_lounger (1)	MeshCollider	True	False	(-7.409, 0.392, 21.586)	(0.707, 0.264, 2.180)
Backyard/Floor 2/objects/Seats (1)/mv_lounger	MeshCollider	True	False	(2.013, 0.392, 26.414)	(2.050, 0.264, 2.034)
Backyard/Floor 2/objects/Seats (1)/mv_lounger (1)	MeshCollider	True	False	(3.065, 0.392, 25.345)	(2.050, 0.264, 2.034)
Backyard/Floor 2/objects/Seats (1)/mv_couch_table	MeshCollider	True	False	(2.600, 0.460, 25.940)	(0.787, 0.400, 0.787)
Backyard/Floor 2/objects/Seats (1)/mv_couch_table/tablet	MeshCollider	True	False	(2.600, 0.693, 25.940)	(0.422, 0.066, 0.489)
Backyard/Floor 2/objects/Seats (1)/mv_couch_table/tablet/glas	MeshCollider	True	False	(2.688, 0.730, 26.090)	(0.096, 0.137, 0.096)
Backyard/Floor 2/objects/Seats (1)/mv_couch_table/tablet/napkin	MeshCollider	True	False	(2.673, 0.675, 25.833)	(0.213, 0.033, 0.129)
Backyard/Floor 2/objects/Seats (1)/mv_couch_table/tablet/Small Plate	MeshCollider	True	False	(2.545, 0.682, 25.966)	(0.195, 0.012, 0.195)
Backyard/Floor 2/objects/Seats (1)/mv_couch_table/tablet/Small Plate/bowl	MeshCollider	True	False	(2.545, 0.709, 25.966)	(0.182, 0.057, 0.182)
Backyard/Floor 2/objects/Seats (1)/mv_grand_sunshade	MeshCollider	True	False	(3.308, 1.381, 26.637)	(1.759, 2.242, 1.742)
Backyard/Floor 2/objects/XL stonebox	BoxCollider	True	False	(-6.000, 0.425, 16.250)	(6.000, 0.350, 2.000)
Backyard/Floor 2/objects/XL stonebox/glas railing 2m	BoxCollider	True	False	(-4.050, 0.583, 17.130)	(2.000, 0.120, 0.050)
Backyard/Floor 2/objects/XL stonebox/glas railing 2m (1)	BoxCollider	True	False	(-7.942, 0.583, 17.130)	(2.000, 0.120, 0.050)
Backyard/Floor 2/objects/XL stonebox/glas railing 1m	BoxCollider	True	False	(-6.000, 0.583, 17.132)	(1.000, 0.120, 0.050)
Backyard/Floor 2/objects/XL stonebox/glas railing 1m/window 1m	BoxCollider	True	False	(-6.000, 1.180, 17.132)	(0.990, 1.082, 0.018)
Backyard/Floor 2/objects/XL stonebox/VasePalmLarge	MeshCollider	True	False	(-5.880, 1.751, 15.963)	(4.251, 3.002, 3.477)
Backyard/Floor 2/objects/XL stonebox/Shrub	MeshCollider	True	False	(-3.664, 0.811, 16.231)	(1.040, 0.484, 1.103)
Backyard/Floor 2/objects/XL stonebox/Shrub (2)	MeshCollider	True	False	(-6.688, 0.811, 16.231)	(1.040, 0.484, 1.103)
Backyard/Floor 2/objects/XL stonebox/Shrub (1)	MeshCollider	True	False	(-5.045, 0.811, 16.231)	(1.040, 0.484, 1.103)
Backyard/Floor 2/objects/XL stonebox/Shrub (3)	MeshCollider	True	False	(-8.069, 0.811, 16.231)	(1.040, 0.484, 1.103)
Backyard/Floor 2/objects/stonebox large (1)	BoxCollider	True	False	(-13.000, 0.375, 16.250)	(4.000, 0.250, 2.000)
Backyard/Floor 2/objects/stonebox large (1)/VasePalmSmall	MeshCollider	True	False	(-11.934, 1.294, 16.275)	(2.059, 2.087, 2.112)
Backyard/Floor 2/objects/stonebox large (1)/VasePalmSmall (1)	MeshCollider	True	False	(-13.679, 1.294, 16.194)	(2.562, 2.087, 2.524)
Backyard/Floor 2/objects/GameObject/mv_firebowl	MeshCollider	True	False	(0.000, 0.250, 19.380)	(0.000, 0.000, 0.000)
Backyard/Floor 2/objects/GameObject/mv_firebowl/fire wood	MeshCollider	True	False	(0.000, 0.361, 19.333)	(0.261, 0.083, 0.083)
Backyard/Floor 2/objects/GameObject/mv_firebowl/Foot	MeshCollider	True	False	(0.000, 0.275, 19.380)	(0.500, 0.050, 0.500)
Backyard/Floor 2/objects/GameObject/mv_firebowl/Foot/Bowl	MeshCollider	True	False	(0.000, 0.383, 19.380)	(0.794, 0.173, 0.794)
Backyard/Floor 2/objects/GameObject/mv_firebowl/fire wood (1)	MeshCollider	True	False	(0.000, 0.422, 19.292)	(0.086, 0.171, 0.275)
Backyard/Floor 2/objects/GameObject/mv_firebowl/fire wood (2)	MeshCollider	True	False	(0.117, 0.447, 19.293)	(0.230, 0.214, 0.262)
Backyard/Floor 2/objects/GameObject/mv_firebowl/fire wood (3)	MeshCollider	True	False	(0.040, 0.446, 19.466)	(0.231, 0.250, 0.233)
Backyard/Floor 2/objects/GameObject/mv_garden_chair	MeshCollider	True	False	(0.888, 0.694, 18.441)	(1.035, 0.888, 1.035)
Backyard/Floor 2/objects/GameObject/mv_garden_chair (1)	MeshCollider	True	False	(-0.870, 0.694, 18.436)	(1.025, 0.888, 1.025)
Backyard/Floor 2/objects/VasePalmLarge	MeshCollider	True	False	(1.455, 1.751, 19.812)	(4.251, 3.002, 3.477)
Backyard/Floor 2/Floor 2x2	BoxCollider	True	False	(2.000, -0.250, 11.625)	(2.000, 1.000, 1.750)
Backyard/Floor 2/Floor 2x2 (1)	BoxCollider	True	False	(0.000, -0.250, 11.625)	(2.000, 1.000, 1.750)
Backyard/Floor 2/Floor 2x2 (2)	BoxCollider	True	False	(-2.000, -0.250, 11.625)	(2.000, 1.000, 1.750)
Backyard/Floor 2/Floor 2x2 (3)	BoxCollider	True	False	(-4.000, -0.250, 11.625)	(2.000, 1.000, 1.750)
Backyard/Floor 2/Floor 2x2 (4)	BoxCollider	True	False	(2.000, -0.250, 13.500)	(2.000, 1.000, 2.000)
Backyard/Floor 2/Floor 2x2 (5)	BoxCollider	True	False	(0.000, -0.250, 13.500)	(2.000, 1.000, 2.000)
Backyard/Floor 2/Floor 2x2 (6)	BoxCollider	True	False	(-2.000, -0.250, 13.500)	(2.000, 1.000, 2.000)
Backyard/Floor 2/Floor 2x2 (7)	BoxCollider	True	False	(-4.000, -0.250, 13.500)	(2.000, 1.000, 2.000)
Backyard/Floor 2/Floor 2x2 (8)	BoxCollider	True	False	(2.000, -0.250, 15.500)	(2.000, 1.000, 2.000)
Backyard/Floor 2/Floor 2x2 (9)	BoxCollider	True	False	(0.000, -0.250, 15.500)	(2.000, 1.000, 2.000)
Backyard/Floor 2/Floor 2x2 (10)	BoxCollider	True	False	(-2.000, -0.250, 15.500)	(2.000, 1.000, 2.000)
Backyard/Floor 2/Floor 2x2 (12)	BoxCollider	True	False	(2.000, -0.250, 17.500)	(2.000, 1.000, 2.000)
Backyard/Floor 2/Floor 2x2 (13)	BoxCollider	True	False	(0.000, -0.250, 17.500)	(2.000, 1.000, 2.000)
Backyard/Floor 2/Floor 2x2 (14)	BoxCollider	True	False	(-2.000, -0.250, 17.500)	(2.000, 1.000, 2.000)
Backyard/Floor 2/Floor 2x2 (15)	BoxCollider	True	False	(-4.000, -0.250, 17.500)	(2.000, 1.000, 2.000)
Backyard/Floor 2/Floor 2x2 (16)	BoxCollider	True	False	(2.000, -0.250, 19.500)	(2.000, 1.000, 2.000)
Backyard/Floor 2/Floor 2x2 (17)	BoxCollider	True	False	(0.000, -0.250, 19.500)	(2.000, 1.000, 2.000)
Backyard/Floor 2/Floor 2x2 (18)	BoxCollider	True	False	(-2.000, -0.250, 19.500)	(2.000, 1.000, 2.000)
Backyard/Floor 2/Floor 2x2 (19)	BoxCollider	True	False	(-4.000, -0.250, 19.500)	(2.000, 1.000, 2.000)
Backyard/Floor 2/Floor 2x2 (20)	BoxCollider	True	False	(1.500, -0.250, 21.500)	(1.000, 1.000, 2.000)
Backyard/Floor 2/Floor 2x2 (21)	BoxCollider	True	False	(-6.000, -0.250, 11.625)	(2.000, 1.000, 1.750)
Backyard/Floor 2/Floor 2x2 (22)	BoxCollider	True	False	(-6.000, -0.250, 13.500)	(2.000, 1.000, 2.000)
Backyard/Floor 2/Floor 2x2 (23)	BoxCollider	True	False	(-6.000, -0.250, 15.500)	(2.000, 1.000, 2.000)
Backyard/Floor 2/Floor 2x2 (24)	BoxCollider	True	False	(-6.000, -0.250, 17.500)	(2.000, 1.000, 2.000)
Backyard/Floor 2/Floor 2x2 (25)	BoxCollider	True	False	(-6.000, -0.250, 19.500)	(2.000, 1.000, 2.000)
Backyard/Floor 2/Floor 2x2 (26)	BoxCollider	True	False	(-8.000, -0.250, 11.625)	(2.000, 1.000, 1.750)
Backyard/Floor 2/Floor 2x2 (27)	BoxCollider	True	False	(-8.000, -0.250, 13.500)	(2.000, 1.000, 2.000)
Backyard/Floor 2/Floor 2x2 (28)	BoxCollider	True	False	(-8.000, -0.250, 15.500)	(2.000, 1.000, 2.000)
Backyard/Floor 2/Floor 2x2 (29)	BoxCollider	True	False	(-8.000, -0.250, 17.500)	(2.000, 1.000, 2.000)
Backyard/Floor 2/Floor 2x2 (30)	BoxCollider	True	False	(-8.000, -0.250, 19.500)	(2.000, 1.000, 2.000)
Backyard/Floor 2/Floor 2x2 (31)	BoxCollider	True	False	(-10.000, -0.250, 11.625)	(2.000, 1.000, 1.750)
Backyard/Floor 2/Floor 2x2 (32)	BoxCollider	True	False	(-10.000, -0.250, 13.500)	(2.000, 1.000, 2.000)
Backyard/Floor 2/Floor 2x2 (33)	BoxCollider	True	False	(-10.000, -0.250, 15.500)	(2.000, 1.000, 2.000)
Backyard/Floor 2/Floor 2x2 (34)	BoxCollider	True	False	(-10.000, -0.250, 17.500)	(2.000, 1.000, 2.000)
Backyard/Floor 2/Floor 2x2 (35)	BoxCollider	True	False	(-10.000, -0.250, 19.500)	(2.000, 1.000, 2.000)
Backyard/Floor 2/Floor 2x2 (36)	BoxCollider	True	False	(-12.000, -0.250, 11.625)	(2.000, 1.000, 1.750)
Backyard/Floor 2/Floor 2x2 (37)	BoxCollider	True	False	(-12.000, -0.250, 13.500)	(2.000, 1.000, 2.000)
Backyard/Floor 2/Floor 2x2 (38)	BoxCollider	True	False	(-12.000, -0.250, 15.500)	(2.000, 1.000, 2.000)
Backyard/Floor 2/Floor 2x2 (39)	BoxCollider	True	False	(-12.000, -0.250, 17.500)	(2.000, 1.000, 2.000)
Backyard/Floor 2/Floor 2x2 (40)	BoxCollider	True	False	(-12.000, -0.250, 19.500)	(2.000, 1.000, 2.000)
Backyard/Floor 2/Floor 2x2 (41)	BoxCollider	True	False	(-14.000, -0.250, 11.625)	(2.000, 1.000, 1.750)
Backyard/Floor 2/Floor 2x2 (42)	BoxCollider	True	False	(-14.000, -0.250, 13.500)	(2.000, 1.000, 2.000)
Backyard/Floor 2/Floor 2x2 (43)	BoxCollider	True	False	(-14.000, -0.250, 15.500)	(2.000, 1.000, 2.000)
Backyard/Floor 2/Floor 2x2 (44)	BoxCollider	True	False	(-14.000, -0.250, 17.500)	(2.000, 1.000, 2.000)
Backyard/Floor 2/Floor 2x2 (45)	BoxCollider	True	False	(-14.000, -0.250, 19.500)	(2.000, 1.000, 2.000)
Backyard/Floor 2/Floor 2x2 (46)	BoxCollider	True	False	(3.000, -0.250, 23.250)	(2.000, 1.000, 2.000)
Backyard/Floor 2/Floor 2x2 (47)	BoxCollider	True	False	(3.000, -0.250, 25.250)	(2.000, 1.000, 2.000)
Backyard/Floor 2/Floor 2x2 (48)	BoxCollider	True	False	(3.000, -0.250, 27.250)	(2.000, 1.000, 2.000)
Backyard/Floor 2/Floor 2x2 (49)	BoxCollider	True	False	(3.000, -0.250, 29.000)	(2.000, 1.000, 1.500)
Backyard/Floor 2/Floor 2x2 (50)	BoxCollider	True	False	(3.000, -0.250, 30.750)	(2.000, 1.000, 2.000)
Backyard/Floor 2/Floor 2x2 (51)	BoxCollider	True	False	(5.000, -0.250, 23.250)	(2.000, 1.000, 2.000)
Backyard/Floor 2/Floor 2x2 (52)	BoxCollider	True	False	(5.000, -0.250, 25.250)	(2.000, 1.000, 2.000)
Backyard/Floor 2/Floor 2x2 (53)	BoxCollider	True	False	(5.000, -0.250, 27.250)	(2.000, 1.000, 2.000)
Backyard/Floor 2/Floor 2x2 (54)	BoxCollider	True	False	(5.000, -0.250, 29.000)	(2.000, 1.000, 1.500)
Backyard/Floor 2/Floor 2x2 (55)	BoxCollider	True	False	(5.000, -0.250, 30.750)	(2.000, 1.000, 2.000)
Backyard/Floor 2/Floor 2x2 (56)	BoxCollider	True	False	(7.000, -0.250, 23.250)	(2.000, 1.000, 2.000)
Backyard/Floor 2/Floor 2x2 (57)	BoxCollider	True	False	(7.000, -0.250, 25.250)	(2.000, 1.000, 2.000)
Backyard/Floor 2/Floor 2x2 (58)	BoxCollider	True	False	(7.000, -0.250, 27.250)	(2.000, 1.000, 2.000)
Backyard/Floor 2/Floor 2x2 (59)	BoxCollider	True	False	(7.000, -0.250, 29.000)	(2.000, 1.000, 1.500)
Backyard/Floor 2/Floor 2x2 (60)	BoxCollider	True	False	(7.000, -0.250, 30.750)	(2.000, 1.000, 2.000)
Backyard/Floor 2/Floor 2x2 (61)	BoxCollider	True	False	(9.000, -0.250, 23.250)	(2.000, 1.000, 2.000)
Backyard/Floor 2/Floor 2x2 (62)	BoxCollider	True	False	(9.000, -0.250, 25.250)	(2.000, 1.000, 2.000)
Backyard/Floor 2/Floor 2x2 (63)	BoxCollider	True	False	(9.000, -0.250, 27.250)	(2.000, 1.000, 2.000)
Backyard/Floor 2/Floor 2x2 (64)	BoxCollider	True	False	(9.000, -0.250, 29.000)	(2.000, 1.000, 1.500)
Backyard/Floor 2/Floor 2x2 (65)	BoxCollider	True	False	(9.000, -0.250, 30.750)	(2.000, 1.000, 2.000)
Backyard/Floor 2/Floor 2x2 (66)	BoxCollider	True	False	(11.000, -0.250, 23.250)	(2.000, 1.000, 2.000)
Backyard/Floor 2/Floor 2x2 (67)	BoxCollider	True	False	(11.000, -0.250, 25.250)	(2.000, 1.000, 2.000)
Backyard/Floor 2/Floor 2x2 (68)	BoxCollider	True	False	(11.000, -0.250, 27.250)	(2.000, 1.000, 2.000)
Backyard/Floor 2/Floor 2x2 (69)	BoxCollider	True	False	(11.000, -0.250, 29.000)	(2.000, 1.000, 1.500)
Backyard/Floor 2/Floor 2x2 (70)	BoxCollider	True	False	(11.000, -0.250, 30.750)	(2.000, 1.000, 2.000)
Backyard/Floor 2/Floor 1x1	BoxCollider	True	False	(1.500, -0.250, 23.000)	(1.000, 1.000, 1.000)
Backyard/Floor 2/Floor 1x1 (1)	BoxCollider	True	False	(1.500, -0.250, 24.000)	(1.000, 1.000, 1.000)
Backyard/Floor 2/Floor 1x1 (2)	BoxCollider	True	False	(1.750, -0.250, 25.000)	(0.500, 1.000, 1.000)
Backyard/Floor 2/Floor 1x1 (3)	BoxCollider	True	False	(1.750, -0.250, 26.000)	(0.500, 1.000, 1.000)
Backyard/Floor 2/Floor 1x1 (4)	BoxCollider	True	False	(1.750, -0.250, 27.000)	(0.500, 1.000, 1.000)
Backyard/Floor 2/Floor 1x1 (5)	BoxCollider	True	False	(1.750, -0.250, 28.000)	(0.500, 1.000, 1.000)
Backyard/Floor 2/Floor 1x1 (6)	BoxCollider	True	False	(1.500, -0.250, 29.000)	(1.000, 1.000, 1.000)
Backyard/Floor 2/Floor 1x1 (7)	BoxCollider	True	False	(1.500, -0.250, 30.000)	(1.000, 1.000, 1.000)
Backyard/Floor 2/Floor 2x2 (11)	BoxCollider	True	False	(-4.000, -0.250, 15.500)	(2.000, 1.000, 2.000)
Backyard/Floor 2/Floor seam infill	BoxCollider	True	False	(2.500, -0.250, 21.375)	(1.000, 1.000, 1.750)
Backyard/Pavillon/Pavillon 3	MeshCollider	True	False	(-16.400, 2.002, 25.750)	(3.623, 3.483, 3.623)
Backyard/Pavillon/Pavillon 3/pavillon_side_table	MeshCollider	True	False	(-15.919, 0.662, 26.732)	(0.425, 0.597, 0.425)
Backyard/Pavillon/Pavillon 3/pavillon_side_table/white wine glas	MeshCollider	True	False	(-15.996, 1.056, 26.716)	(0.085, 0.200, 0.085)
Backyard/Pavillon/Pavillon 3/pavillon_seat (1)	MeshCollider	True	False	(-16.792, 0.837, 26.425)	(1.438, 0.955, 1.376)
Backyard/Pavillon/Pavillon 3/pavillon_seat (1)/pavillon pillow 1	MeshCollider	True	False	(-16.563, 0.791, 26.293)	(0.836, 0.064, 0.881)
Backyard/Pavillon/Pavillon 3/pavillon_seat (1)/Pavillon Pillow 2	MeshCollider	True	False	(-16.939, 0.798, 26.518)	(0.643, 0.070, 0.762)
Backyard/Pavillon/Pavillon 3/pavillon_seat (1)/Pavillon Pillow 3	MeshCollider	True	False	(-16.900, 1.051, 26.501)	(0.553, 0.461, 0.626)
Backyard/Pavillon/Pavillon 3/pavillon_seat	MeshCollider	True	False	(-15.735, 0.837, 24.975)	(1.304, 0.955, 1.396)
Backyard/Pavillon/Pavillon 3/pavillon_seat/pavillon pillow 1	MeshCollider	True	False	(-15.844, 0.791, 25.216)	(0.857, 0.064, 0.790)
Backyard/Pavillon/Pavillon 3/pavillon_seat/Pavillon Pillow 2	MeshCollider	True	False	(-15.671, 0.798, 24.814)	(0.763, 0.070, 0.585)
Backyard/Pavillon/Pavillon 3/pavillon_seat/Pavillon Pillow 3	MeshCollider	True	False	(-15.693, 1.051, 24.850)	(0.620, 0.461, 0.511)
Backyard/Benches/bench corner	MeshCollider	True	False	(-14.500, 0.575, 19.012)	(0.750, 0.650, 0.750)
Backyard/Benches/bench corner/glas railing .75m corner	MeshCollider	True	False	(-14.505, 0.961, 19.004)	(0.750, 0.120, 0.750)
Backyard/Benches/bench corner/mv_pillow_seat	MeshCollider	True	False	(-14.424, 0.928, 19.088)	(0.369, 0.066, 0.369)
Backyard/Benches/bench straight (1)	MeshCollider	True	False	(-13.750, 0.575, 18.962)	(0.750, 0.650, 0.650)
Backyard/Benches/bench straight (1)/glas railing .75m	BoxCollider	True	False	(-13.750, 0.959, 18.656)	(0.750, 0.120, 0.050)
Backyard/Benches/bench straight (1)/glas railing .75m/window .75m	BoxCollider	True	False	(-13.750, 1.556, 18.656)	(0.743, 1.082, 0.018)
Backyard/Benches/bench straight (1)/mv_lantern	MeshCollider	True	False	(-13.901, 1.063, 18.890)	(0.195, 0.310, 0.195)
Backyard/Benches/bench straight (1)/mv_lantern/candle	MeshCollider	True	False	(-13.901, 0.973, 18.890)	(0.059, 0.078, 0.058)
Backyard/Benches/bench straight (1)/mv_lantern/candle/candle_LOD0	MeshCollider	True	False	(-13.901, 0.973, 18.890)	(0.058, 0.078, 0.058)
Backyard/Benches/bench straight (1)/mv_lantern/candle/wax_LOD0	MeshCollider	True	False	(-13.901, 0.963, 18.890)	(0.052, 0.039, 0.052)
Backyard/Benches/bench straight (1)/mv_lantern/candle/candle_LOD1	MeshCollider	True	False	(-13.901, 0.973, 18.890)	(0.059, 0.078, 0.058)
Backyard/Benches/bench straight (1)/mv_lantern/candle/wax_LOD1	MeshCollider	True	False	(-13.901, 0.963, 18.890)	(0.052, 0.039, 0.052)
Backyard/Benches/bench straight (1)/mv_lantern (1)	MeshCollider	True	False	(-13.796, 1.027, 19.115)	(0.150, 0.239, 0.150)
Backyard/Benches/bench straight (1)/mv_lantern (2)	MeshCollider	True	False	(-13.586, 0.968, 18.863)	(0.106, 0.119, 0.106)
Backyard/Benches/bench straight (1)/Couch Clip outdoor	MeshCollider	True	False	(-13.750, 0.546, 19.254)	(0.100, 0.100, 0.015)
Backyard/Benches/bench straight (2)	MeshCollider	True	False	(-13.000, 0.575, 18.962)	(0.750, 0.650, 0.650)
Backyard/Benches/bench straight (2)/glas railing .75m	BoxCollider	True	False	(-13.000, 0.959, 18.656)	(0.750, 0.120, 0.050)
Backyard/Benches/bench straight (2)/glas railing .75m/window .75m	BoxCollider	True	False	(-13.000, 1.556, 18.656)	(0.743, 1.082, 0.018)
Backyard/Benches/bench straight (2)/mv_pillow_seat	MeshCollider	True	False	(-13.000, 0.924, 19.089)	(0.369, 0.066, 0.369)
Backyard/Benches/bench straight (4)	MeshCollider	True	False	(-14.550, 0.575, 20.512)	(0.650, 0.650, 0.750)
Backyard/Benches/bench straight (4)/glas railing .75m	BoxCollider	True	False	(-14.852, 0.956, 20.512)	(0.050, 0.120, 0.750)
Backyard/Benches/bench straight (4)/glas railing .75m/window .75m	BoxCollider	True	False	(-14.852, 1.553, 20.512)	(0.018, 1.082, 0.743)
Backyard/Benches/bench straight (3)	MeshCollider	True	False	(-14.550, 0.575, 19.762)	(0.650, 0.650, 0.750)
Backyard/Benches/bench straight (3)/glas railing .75m	BoxCollider	True	False	(-14.852, 0.956, 19.762)	(0.050, 0.120, 0.750)
Backyard/Benches/bench straight (3)/glas railing .75m/window .75m	BoxCollider	True	False	(-14.852, 1.553, 19.762)	(0.018, 1.082, 0.743)
Backyard/Benches/bench straight (3)/mv_pillow_seat	MeshCollider	True	False	(-14.445, 0.926, 19.900)	(0.369, 0.066, 0.369)
Backyard/Benches/bench straight (3)/Couch Clip outdoor	MeshCollider	True	False	(-14.260, 0.572, 19.762)	(0.015, 0.100, 0.100)
Backyard/Benches/bench straight (5)	MeshCollider	True	False	(-14.550, 0.575, 21.262)	(0.650, 0.650, 0.750)
Backyard/Benches/bench straight (5)/glas railing .75m	BoxCollider	True	False	(-14.852, 0.956, 21.262)	(0.050, 0.120, 0.750)
Backyard/Benches/bench straight (5)/glas railing .75m/window .75m	BoxCollider	True	False	(-14.852, 1.553, 21.262)	(0.018, 1.082, 0.743)
Backyard/Benches/bench straight (5)/mv_pillow_seat	MeshCollider	True	False	(-14.716, 1.027, 21.226)	(0.335, 0.273, 0.369)
Backyard/Benches/bench straight (5)/mv_pillow_seat (1)	MeshCollider	True	False	(-14.726, 1.073, 19.958)	(0.289, 0.323, 0.369)
Backyard/Benches/bench straight (5)/mv_pillow_seat (2)	MeshCollider	True	False	(-14.646, 1.005, 21.386)	(0.493, 0.269, 0.489)
Backyard/Benches/bench straight (5)/mv_pillow_seat (3)	MeshCollider	True	False	(-14.732, 1.073, 20.196)	(0.462, 0.323, 0.468)
Backyard/Benches/bench straight (5)/mv_pillow_seat (4)	MeshCollider	True	False	(-14.582, 0.986, 20.961)	(0.581, 0.238, 0.576)
Backyard/Benches/railing 1m	BoxCollider	True	False	(-14.921, 0.663, 23.716)	(0.071, 0.827, 1.000)
Backyard/Benches/railing end short	BoxCollider	True	False	(-14.921, 0.663, 23.186)	(0.070, 0.827, 0.066)
Backyard/Benches/bench straight (6)	MeshCollider	True	False	(-14.550, 0.575, 22.012)	(0.650, 0.650, 0.750)
Backyard/Benches/bench straight (6)/glas railing .75m	BoxCollider	True	False	(-14.852, 0.956, 22.012)	(0.050, 0.120, 0.750)
Backyard/Benches/bench straight (6)/glas railing .75m/window .75m	BoxCollider	True	False	(-14.852, 1.553, 22.012)	(0.018, 1.082, 0.743)
Backyard/Benches/bench straight (6)/Couch Clip outdoor	MeshCollider	True	False	(-14.271, 0.538, 22.012)	(0.015, 0.100, 0.100)
Backyard/Benches/bench straight (6)/tablet	MeshCollider	True	False	(-14.500, 0.925, 22.012)	(0.501, 0.066, 0.544)
Backyard/Benches/bench straight (6)/tablet/red wine glas	MeshCollider	True	False	(-14.540, 1.022, 21.879)	(0.129, 0.225, 0.129)
Backyard/Benches/bench straight (6)/tablet/napkin	MeshCollider	True	False	(-14.641, 0.934, 22.091)	(0.207, 0.082, 0.117)
Backyard/Benches/bench straight (6)/tablet/bowl	MeshCollider	True	False	(-14.539, 0.920, 21.979)	(0.209, 0.057, 0.209)
Backyard/Benches/bench straight (6)/tablet/glas	MeshCollider	True	False	(-14.460, 0.962, 21.845)	(0.110, 0.137, 0.110)
Backyard/Benches/bench straight (7)	MeshCollider	True	False	(-14.550, 0.575, 22.762)	(0.650, 0.650, 0.750)
Backyard/Benches/bench straight (7)/glas railing .75m	BoxCollider	True	False	(-14.852, 0.956, 22.762)	(0.050, 0.120, 0.750)
Backyard/Benches/bench straight (7)/glas railing .75m/window .75m	BoxCollider	True	False	(-14.852, 1.553, 22.762)	(0.018, 1.082, 0.743)
Backyard/Benches/bench straight (7)/mv_pillow_seat	MeshCollider	True	False	(-14.500, 0.909, 22.762)	(0.430, 0.066, 0.430)
Backyard/Benches/fire box/fire box	MeshCollider	True	False	(-13.187, 0.413, 20.378)	(0.723, 0.325, 0.747)
Backyard/Benches/fire box/fire box/Pile of Coal	MeshCollider	True	False	(-13.186, 0.574, 20.384)	(0.658, 0.068, 0.681)
Terrain/Terrain (1)	TerrainCollider	True	False	(-4.800, 1.452, 18.900)	(100.000, 7.105, 100.000)
Modern Villa - Interior Furnishing/01 Main ground - family dining/Family dining table	MeshCollider	True	False	(-4.700, 1.123, 8.100)	(2.986, 0.745, 0.989)
Modern Villa - Interior Furnishing/01 Main ground - family dining/Dining chair	MeshCollider	True	False	(-5.600, 1.286, 7.150)	(0.549, 1.072, 0.652)
Modern Villa - Interior Furnishing/01 Main ground - family dining/Place setting	MeshCollider	False	False	(-5.600, 1.496, 7.820)	(0.000, 0.000, 0.000)
Modern Villa - Interior Furnishing/01 Main ground - family dining/Water glass	MeshCollider	False	False	(-5.390, 1.495, 7.980)	(0.000, 0.000, 0.000)
Modern Villa - Interior Furnishing/01 Main ground - family dining/Dining chair	MeshCollider	True	False	(-4.700, 1.286, 7.150)	(0.549, 1.072, 0.652)
Modern Villa - Interior Furnishing/01 Main ground - family dining/Place setting	MeshCollider	False	False	(-4.700, 1.496, 7.820)	(0.000, 0.000, 0.000)
Modern Villa - Interior Furnishing/01 Main ground - family dining/Water glass	MeshCollider	False	False	(-4.490, 1.495, 7.980)	(0.000, 0.000, 0.000)
Modern Villa - Interior Furnishing/01 Main ground - family dining/Dining chair	MeshCollider	True	False	(-3.800, 1.286, 7.150)	(0.549, 1.072, 0.652)
Modern Villa - Interior Furnishing/01 Main ground - family dining/Place setting	MeshCollider	False	False	(-3.800, 1.496, 7.820)	(0.000, 0.000, 0.000)
Modern Villa - Interior Furnishing/01 Main ground - family dining/Water glass	MeshCollider	False	False	(-3.590, 1.495, 7.980)	(0.000, 0.000, 0.000)
Modern Villa - Interior Furnishing/01 Main ground - family dining/Dining chair	MeshCollider	True	False	(-5.600, 1.286, 9.050)	(0.549, 1.072, 0.652)
Modern Villa - Interior Furnishing/01 Main ground - family dining/Place setting	MeshCollider	False	False	(-5.600, 1.496, 8.380)	(0.000, 0.000, 0.000)
Modern Villa - Interior Furnishing/01 Main ground - family dining/Water glass	MeshCollider	False	False	(-5.390, 1.495, 8.220)	(0.000, 0.000, 0.000)
Modern Villa - Interior Furnishing/01 Main ground - family dining/Dining chair	MeshCollider	True	False	(-4.700, 1.286, 9.050)	(0.549, 1.072, 0.652)
Modern Villa - Interior Furnishing/01 Main ground - family dining/Place setting	MeshCollider	False	False	(-4.700, 1.496, 8.380)	(0.000, 0.000, 0.000)
Modern Villa - Interior Furnishing/01 Main ground - family dining/Water glass	MeshCollider	False	False	(-4.490, 1.495, 8.220)	(0.000, 0.000, 0.000)
Modern Villa - Interior Furnishing/01 Main ground - family dining/Dining chair	MeshCollider	True	False	(-3.800, 1.286, 9.050)	(0.549, 1.072, 0.652)
Modern Villa - Interior Furnishing/01 Main ground - family dining/Place setting	MeshCollider	False	False	(-3.800, 1.496, 8.380)	(0.000, 0.000, 0.000)
Modern Villa - Interior Furnishing/01 Main ground - family dining/Water glass	MeshCollider	False	False	(-3.590, 1.495, 8.220)	(0.000, 0.000, 0.000)
Modern Villa - Interior Furnishing/01 Main ground - family dining/Dining flowers	MeshCollider	False	False	(-4.693, 1.497, 8.053)	(0.000, 0.000, 0.000)
Modern Villa - Interior Furnishing/01 Main ground - family dining/Dining corner plant	MeshCollider	True	False	(-2.150, 1.431, 9.650)	(1.530, 1.353, 1.534)
Modern Villa - Interior Furnishing/01 Main ground - family dining/Dining artwork	BoxCollider	False	False	(-4.700, 2.250, 10.480)	(0.000, 0.000, 0.000)
Modern Villa - Interior Furnishing/02 Main upper - writing and coffee/Writing desk	MeshCollider	True	False	(-4.900, 3.928, 4.800)	(2.986, 0.745, 0.989)
Modern Villa - Interior Furnishing/02 Main upper - writing and coffee/Desk chair	MeshCollider	True	False	(-4.900, 4.091, 3.880)	(0.549, 1.072, 0.652)
Modern Villa - Interior Furnishing/02 Main upper - writing and coffee/Current reading on desk	BoxCollider	False	False	(-4.903, 4.316, 4.619)	(0.000, 0.000, 0.000)
Modern Villa - Interior Furnishing/02 Main upper - writing and coffee/Reference book	BoxCollider	False	False	(-4.253, 4.316, 4.889)	(0.000, 0.000, 0.000)
Modern Villa - Interior Furnishing/02 Main upper - writing and coffee/Desk coffee	MeshCollider	False	False	(-4.570, 4.304, 4.625)	(0.000, 0.000, 0.000)
Modern Villa - Interior Furnishing/02 Main upper - writing and coffee/Desk lamp	MeshCollider	False	False	(-6.030, 4.301, 4.860)	(0.000, 0.000, 0.000)
Modern Villa - Interior Furnishing/02 Main upper - writing and coffee/Desk lamp/GardenTableLamp_LOD0	MeshCollider	False	False	(-6.030, 4.301, 4.860)	(0.000, 0.000, 0.000)
Modern Villa - Interior Furnishing/02 Main upper - writing and coffee/Desk lamp/GardenTableLamp_LOD1	MeshCollider	False	False	(-6.030, 4.301, 4.860)	(0.000, 0.000, 0.000)
Modern Villa - Interior Furnishing/02 Main upper - writing and coffee/Desk lamp/GardenTableLamp_LOD2	MeshCollider	False	False	(-6.030, 4.301, 4.860)	(0.000, 0.000, 0.000)
Modern Villa - Interior Furnishing/02 Main upper - writing and coffee/Small desk flowers	MeshCollider	False	False	(-3.773, 4.302, 4.833)	(0.000, 0.000, 0.000)
Modern Villa - Interior Furnishing/02 Main upper - writing and coffee/Window armchair	MeshCollider	True	False	(-5.815, 3.656, 1.491)	(0.766, 0.203, 0.766)
Modern Villa - Interior Furnishing/02 Main upper - writing and coffee/Window companion chair	MeshCollider	True	False	(-3.700, 3.656, 1.483)	(0.766, 0.203, 0.766)
Modern Villa - Interior Furnishing/02 Main upper - writing and coffee/Window coffee table	MeshCollider	True	False	(-4.750, 3.730, 2.450)	(0.773, 0.351, 0.750)
Modern Villa - Interior Furnishing/02 Main upper - writing and coffee/Window coffee	MeshCollider	False	False	(-4.930, 3.909, 2.465)	(0.000, 0.000, 0.000)
Modern Villa - Interior Furnishing/02 Main upper - writing and coffee/Window book	BoxCollider	False	False	(-4.473, 3.922, 2.419)	(0.000, 0.000, 0.000)
Modern Villa - Interior Furnishing/02 Main upper - writing and coffee/Window corner plant	MeshCollider	True	False	(-6.500, 4.236, 0.550)	(1.462, 1.353, 1.466)
Modern Villa - Interior Furnishing/03 Main upper - quiet reading room/Reading armchair	MeshCollider	True	False	(-5.749, 3.656, 8.117)	(0.745, 0.203, 0.745)
Modern Villa - Interior Furnishing/03 Main upper - quiet reading room/Companion armchair	MeshCollider	True	False	(-4.036, 3.656, 8.110)	(0.745, 0.203, 0.745)
Modern Villa - Interior Furnishing/03 Main upper - quiet reading room/Shared reading table	MeshCollider	True	False	(-4.900, 3.730, 7.200)	(0.773, 0.351, 0.750)
Modern Villa - Interior Furnishing/03 Main upper - quiet reading room/Book left after reading	BoxCollider	False	False	(-4.913, 3.922, 7.169)	(0.000, 0.000, 0.000)
Modern Villa - Interior Furnishing/03 Main upper - quiet reading room/Coffee beside book	MeshCollider	False	False	(-4.700, 3.909, 7.345)	(0.000, 0.000, 0.000)
Modern Villa - Interior Furnishing/03 Main upper - quiet reading room/Reading side table	MeshCollider	True	False	(-6.700, 3.890, 8.050)	(0.493, 0.670, 0.493)
Modern Villa - Interior Furnishing/03 Main upper - quiet reading room/Reading lamp	MeshCollider	False	False	(-6.700, 4.226, 8.050)	(0.000, 0.000, 0.000)
Modern Villa - Interior Furnishing/03 Main upper - quiet reading room/Reading lamp/GardenTableLamp_LOD0	MeshCollider	False	False	(-6.700, 4.226, 8.050)	(0.000, 0.000, 0.000)
Modern Villa - Interior Furnishing/03 Main upper - quiet reading room/Reading lamp/GardenTableLamp_LOD1	MeshCollider	False	False	(-6.700, 4.226, 8.050)	(0.000, 0.000, 0.000)
Modern Villa - Interior Furnishing/03 Main upper - quiet reading room/Reading lamp/GardenTableLamp_LOD2	MeshCollider	False	False	(-6.700, 4.226, 8.050)	(0.000, 0.000, 0.000)
Modern Villa - Interior Furnishing/03 Main upper - quiet reading room/Reading room plant	MeshCollider	True	False	(-2.150, 4.236, 8.650)	(1.192, 1.353, 1.199)
Modern Villa - Interior Furnishing/03 Main upper - quiet reading room/Reading room artwork	BoxCollider	False	False	(-4.900, 5.050, 9.480)	(0.000, 0.000, 0.000)
Modern Villa - Interior Furnishing/04 Annex ground - family living/Sofa seat 1	MeshCollider	True	False	(6.650, 0.657, 16.150)	(0.753, 0.813, 0.963)
Modern Villa - Interior Furnishing/04 Annex ground - family living/Sofa seat 2	MeshCollider	True	False	(7.400, 0.657, 16.150)	(0.753, 0.813, 0.963)
Modern Villa - Interior Furnishing/04 Annex ground - family living/Sofa seat 3	MeshCollider	True	False	(8.150, 0.657, 16.150)	(0.753, 0.813, 0.963)
Modern Villa - Interior Furnishing/04 Annex ground - family living/Sofa left arm	MeshCollider	True	False	(8.665, 0.550, 16.150)	(0.280, 0.600, 0.960)
Modern Villa - Interior Furnishing/04 Annex ground - family living/Sofa right arm	MeshCollider	True	False	(6.135, 0.550, 16.150)	(0.280, 0.600, 0.960)
Modern Villa - Interior Furnishing/04 Annex ground - family living/Conversation rug	MeshCollider	False	False	(7.400, 0.260, 14.450)	(0.000, 0.000, 0.000)
Modern Villa - Interior Furnishing/04 Annex ground - family living/Round coffee table	MeshCollider	True	False	(7.400, 0.462, 14.450)	(1.400, 0.385, 1.400)
Modern Villa - Interior Furnishing/04 Annex ground - family living/Living armchair left	MeshCollider	True	False	(6.035, 0.351, 12.841)	(0.766, 0.203, 0.766)
Modern Villa - Interior Furnishing/04 Annex ground - family living/Living armchair right	MeshCollider	True	False	(8.800, 0.351, 12.833)	(0.766, 0.203, 0.766)
Modern Villa - Interior Furnishing/04 Annex ground - family living/Living room book	BoxCollider	False	False	(7.297, 0.671, 14.419)	(0.000, 0.000, 0.000)
Modern Villa - Interior Furnishing/04 Annex ground - family living/Living coffee	MeshCollider	False	False	(7.670, 0.658, 14.285)	(0.000, 0.000, 0.000)
Modern Villa - Interior Furnishing/04 Annex ground - family living/Living flowers	MeshCollider	False	False	(7.507, 0.657, 14.683)	(0.000, 0.000, 0.000)
Modern Villa - Interior Furnishing/04 Annex ground - family living/Sofa end table	MeshCollider	True	False	(9.500, 0.585, 16.100)	(0.493, 0.670, 0.493)
Modern Villa - Interior Furnishing/04 Annex ground - family living/Sofa lamp	MeshCollider	False	False	(9.500, 0.921, 16.100)	(0.000, 0.000, 0.000)
Modern Villa - Interior Furnishing/04 Annex ground - family living/Sofa lamp/GardenTableLamp_LOD0	MeshCollider	False	False	(9.500, 0.921, 16.100)	(0.000, 0.000, 0.000)
Modern Villa - Interior Furnishing/04 Annex ground - family living/Sofa lamp/GardenTableLamp_LOD1	MeshCollider	False	False	(9.500, 0.921, 16.100)	(0.000, 0.000, 0.000)
Modern Villa - Interior Furnishing/04 Annex ground - family living/Sofa lamp/GardenTableLamp_LOD2	MeshCollider	False	False	(9.500, 0.921, 16.100)	(0.000, 0.000, 0.000)
Modern Villa - Interior Furnishing/04 Annex ground - family living/Living corner plant	MeshCollider	True	False	(10.250, 0.931, 15.600)	(1.382, 1.353, 1.387)
Modern Villa - Interior Furnishing/04 Annex ground - family living/Living artwork	BoxCollider	False	False	(7.400, 1.750, 16.980)	(0.000, 0.000, 0.000)
Modern Villa - Interior Furnishing/05 Annex ground - breakfast room/Breakfast table	MeshCollider	True	False	(6.500, 0.623, 19.150)	(2.986, 0.745, 0.989)
Modern Villa - Interior Furnishing/05 Annex ground - breakfast room/Breakfast chair	MeshCollider	True	False	(5.850, 0.786, 18.250)	(0.549, 1.072, 0.652)
Modern Villa - Interior Furnishing/05 Annex ground - breakfast room/Breakfast chair	MeshCollider	True	False	(7.150, 0.786, 18.250)	(0.549, 1.072, 0.652)
Modern Villa - Interior Furnishing/05 Annex ground - breakfast room/Breakfast chair	MeshCollider	True	False	(5.850, 0.786, 20.050)	(0.549, 1.072, 0.652)
Modern Villa - Interior Furnishing/05 Annex ground - breakfast room/Breakfast chair	MeshCollider	True	False	(7.150, 0.786, 20.050)	(0.549, 1.072, 0.652)
Modern Villa - Interior Furnishing/05 Annex ground - breakfast room/Breakfast cup one	MeshCollider	False	False	(5.850, 0.999, 18.915)	(0.000, 0.000, 0.000)
Modern Villa - Interior Furnishing/05 Annex ground - breakfast room/Breakfast cup two	MeshCollider	False	False	(7.150, 0.999, 19.415)	(0.000, 0.000, 0.000)
Modern Villa - Interior Furnishing/05 Annex ground - breakfast room/Breakfast reading	BoxCollider	False	False	(6.547, 1.011, 18.989)	(0.000, 0.000, 0.000)
Modern Villa - Interior Furnishing/05 Annex ground - breakfast room/Breakfast flowers	MeshCollider	False	False	(7.157, 0.997, 19.043)	(0.000, 0.000, 0.000)
Modern Villa - Interior Furnishing/05 Annex ground - breakfast room/Breakfast window plant	MeshCollider	True	False	(9.300, 0.931, 20.100)	(1.382, 1.353, 1.387)
Modern Villa - Interior Furnishing/06 Annex upper - home studio/Studio work table	MeshCollider	True	False	(7.650, 3.423, 13.350)	(0.989, 0.745, 2.986)
Modern Villa - Interior Furnishing/06 Annex upper - home studio/Studio chair	MeshCollider	True	False	(6.700, 3.586, 13.350)	(0.652, 1.072, 0.549)
Modern Villa - Interior Furnishing/06 Annex upper - home studio/Studio reference	BoxCollider	False	False	(7.697, 3.811, 13.219)	(0.000, 0.000, 0.000)
Modern Villa - Interior Furnishing/06 Annex upper - home studio/Second reference	BoxCollider	False	False	(7.897, 3.811, 13.869)	(0.000, 0.000, 0.000)
Modern Villa - Interior Furnishing/06 Annex upper - home studio/Studio coffee	MeshCollider	False	False	(7.430, 3.799, 12.885)	(0.000, 0.000, 0.000)
Modern Villa - Interior Furnishing/06 Annex upper - home studio/Studio lamp	MeshCollider	False	False	(7.730, 3.796, 12.250)	(0.000, 0.000, 0.000)
Modern Villa - Interior Furnishing/06 Annex upper - home studio/Studio lamp/GardenTableLamp_LOD0	MeshCollider	False	False	(7.730, 3.796, 12.250)	(0.000, 0.000, 0.000)
Modern Villa - Interior Furnishing/06 Annex upper - home studio/Studio lamp/GardenTableLamp_LOD1	MeshCollider	False	False	(7.730, 3.796, 12.250)	(0.000, 0.000, 0.000)
Modern Villa - Interior Furnishing/06 Annex upper - home studio/Studio lamp/GardenTableLamp_LOD2	MeshCollider	False	False	(7.730, 3.796, 12.250)	(0.000, 0.000, 0.000)
Modern Villa - Interior Furnishing/06 Annex upper - home studio/Studio flowers	MeshCollider	False	False	(7.697, 3.797, 14.383)	(0.000, 0.000, 0.000)
Modern Villa - Interior Furnishing/06 Annex upper - home studio/Studio reading chair	MeshCollider	True	False	(4.934, 3.151, 12.093)	(0.781, 0.203, 0.781)
Modern Villa - Interior Furnishing/06 Annex upper - home studio/Studio reading side table	MeshCollider	True	False	(5.800, 3.385, 12.150)	(0.493, 0.670, 0.493)
Modern Villa - Interior Furnishing/06 Annex upper - home studio/Studio reading book	BoxCollider	False	False	(5.947, 3.736, 12.119)	(0.000, 0.000, 0.000)
Modern Villa - Interior Furnishing/06 Annex upper - home studio/Studio corner plant	MeshCollider	True	False	(8.450, 3.731, 15.850)	(1.382, 1.353, 1.387)
Modern Villa - Interior Furnishing/07 Annex upper - terrace reading/Retreat chair one	MeshCollider	True	False	(4.183, 3.151, 18.004)	(0.686, 0.203, 0.686)
Modern Villa - Interior Furnishing/07 Annex upper - terrace reading/Retreat chair two	MeshCollider	True	False	(4.188, 3.151, 19.362)	(0.686, 0.203, 0.686)
Modern Villa - Interior Furnishing/07 Annex upper - terrace reading/Retreat tea table	MeshCollider	True	False	(5.450, 3.225, 18.700)	(0.773, 0.351, 0.750)
Modern Villa - Interior Furnishing/07 Annex upper - terrace reading/Retreat tea cup	MeshCollider	False	False	(5.450, 3.404, 18.515)	(0.000, 0.000, 0.000)
Modern Villa - Interior Furnishing/07 Annex upper - terrace reading/Retreat reading	BoxCollider	False	False	(5.597, 3.417, 18.799)	(0.000, 0.000, 0.000)
Modern Villa - Interior Furnishing/07 Annex upper - terrace reading/Retreat corner plant	MeshCollider	True	False	(8.350, 3.731, 19.550)	(1.192, 1.353, 1.199)
Modern Villa - Search Details/01 Writing desk - look behind reference books/Desk reference stack - large base	BoxCollider	False	False	(-5.442, 4.316, 4.712)	(0.000, 0.000, 0.000)
Modern Villa - Search Details/01 Writing desk - look behind reference books/Desk reference stack - volume 1	BoxCollider	False	False	(-5.490, 4.374, 4.676)	(0.000, 0.000, 0.000)
Modern Villa - Search Details/01 Writing desk - look behind reference books/Desk reference stack - volume 2	BoxCollider	False	False	(-5.482, 4.459, 4.657)	(0.000, 0.000, 0.000)
Modern Villa - Search Details/01 Writing desk - look behind reference books/Desk reference stack - volume 3	BoxCollider	False	False	(-5.490, 4.544, 4.676)	(0.000, 0.000, 0.000)
Modern Villa - Search Details/02 Sofa - look around cushions and end table/Sofa left back cushion	MeshCollider	False	False	(6.847, 0.857, 16.131)	(0.000, 0.000, 0.000)
Modern Villa - Search Details/02 Sofa - look around cushions and end table/Sofa right back cushion	MeshCollider	False	False	(8.077, 0.857, 16.131)	(0.000, 0.000, 0.000)
Modern Villa - Search Details/02 Sofa - look around cushions and end table/Low palm by sofa end table	MeshCollider	True	False	(9.400, 0.507, 15.250)	(0.677, 0.513, 0.665)
Modern Villa - Search Details/03 Breakfast - look behind coffee service/Breakfast coffee tray	MeshCollider	False	False	(5.580, 0.996, 19.260)	(0.000, 0.000, 0.000)
Modern Villa - Search Details/03 Breakfast - look behind coffee service/Coffee pot on serving tray	MeshCollider	False	False	(5.591, 1.012, 19.260)	(0.000, 0.000, 0.000)
Modern Villa - Search Details/04 Reading corner - inspect low planting/Reading corner low palm	MeshCollider	True	False	(-2.980, 3.812, 8.780)	(0.608, 0.513, 0.590)
Modern Villa - Search Details/05 Terrace room - look beside planting/Retreat low palm	MeshCollider	True	False	(7.650, 3.307, 19.250)	(0.677, 0.513, 0.665)
Modern Villa - Interior Lighting/Main dining pendant	MeshCollider	True	False	(-4.700, 2.194, 8.100)	(0.410, 0.165, 0.410)
Modern Villa - Interior Lighting/Breakfast pendant	MeshCollider	True	False	(6.500, 1.689, 19.150)	(0.410, 0.165, 0.410)
Modern Villa - Interior Lighting/Main study wall lamp	MeshCollider	True	False	(-7.180, 5.250, 3.300)	(0.130, 0.208, 0.104)
Modern Villa - Interior Lighting/Main reading wall lamp	MeshCollider	True	False	(-7.180, 5.250, 7.150)	(0.130, 0.208, 0.104)
Modern Villa - Interior Lighting/Living wall lamp	MeshCollider	True	False	(5.550, 2.100, 16.930)	(0.104, 0.208, 0.130)
Modern Villa - Interior Lighting/Retreat wall lamp	MeshCollider	True	False	(3.320, 4.800, 17.550)	(0.130, 0.208, 0.104)
Modern Villa - Interior Lighting/Dining wall lamp	MeshCollider	True	False	(-6.200, 2.600, 10.430)	(0.104, 0.208, 0.130)
Modern Villa - Interior Lighting/Reading back wall lamp	MeshCollider	True	False	(-3.450, 5.300, 9.430)	(0.104, 0.208, 0.130)
Modern Villa - Lighting Walkthrough	CharacterController	True	False	(0.000, 1.700, 0.000)	(0.560, 1.800, 0.560)
