x	z	y	surface
-17.875	-4.875	0.030	Terrain/Terrain (1)
-17.875	-4.375	0.030	Terrain/Terrain (1)
-17.875	-3.875	0.030	Terrain/Terrain (1)
-17.875	-3.375	0.030	Terrain/Terrain (1)
-17.875	-2.875	0.030	Terrain/Terrain (1)
-17.875	-2.375	0.030	Terrain/Terrain (1)
-17.875	-1.875	0.030	Terrain/Terrain (1)
-17.875	-1.375	0.030	Terrain/Terrain (1)
-17.875	-0.875	0.030	Terrain/Terrain (1)
-17.875	-0.375	0.030	Terrain/Terrain (1)
-17.875	0.125	0.030	Terrain/Terrain (1)
-17.875	0.625	0.030	Terrain/Terrain (1)
-17.875	1.125	0.030	Terrain/Terrain (1)
-17.875	1.625	0.030	Terrain/Terrain (1)
-17.875	2.125	0.030	Terrain/Terrain (1)
-17.875	2.625	0.030	Terrain/Terrain (1)
-17.875	3.125	0.030	Terrain/Terrain (1)
-17.875	3.625	0.030	Terrain/Terrain (1)
-17.875	4.125	0.030	Terrain/Terrain (1)
-17.875	4.625	0.030	Terrain/Terrain (1)
-17.875	5.125	0.032	Terrain/Terrain (1)
-17.875	5.625	0.035	Terrain/Terrain (1)
-17.875	6.125	0.038	Terrain/Terrain (1)
-17.875	6.625	0.044	Terrain/Terrain (1)
-17.875	7.125	0.047	Terrain/Terrain (1)
-17.875	7.625	0.047	Terrain/Terrain (1)
-17.875	8.125	0.042	Terrain/Terrain (1)
-17.875	8.625	0.036	Terrain/Terrain (1)
-17.875	9.125	0.032	Terrain/Terrain (1)
-17.875	9.625	0.026	Terrain/Terrain (1)
-17.875	10.125	0.013	Terrain/Terrain (1)
-17.875	10.625	0.013	Terrain/Terrain (1)
-17.875	11.125	0.013	Terrain/Terrain (1)
-17.875	11.625	-0.002	Terrain/Terrain (1)
-17.875	12.125	-0.060	Terrain/Terrain (1)
-17.875	12.625	-0.060	Terrain/Terrain (1)
-17.875	13.125	-0.060	Terrain/Terrain (1)
-17.875	13.625	-0.099	Terrain/Terrain (1)
-17.875	14.125	-0.479	Terrain/Terrain (1)
-17.875	14.625	-0.540	Terrain/Terrain (1)
-17.875	15.125	-0.540	Terrain/Terrain (1)
-17.875	15.625	-0.540	Terrain/Terrain (1)
-17.875	16.125	-0.540	Terrain/Terrain (1)
-17.875	16.625	-0.540	Terrain/Terrain (1)
-17.875	17.125	-0.540	Terrain/Terrain (1)
-17.875	17.625	-0.540	Terrain/Terrain (1)
-17.875	18.125	-0.540	Terrain/Terrain (1)
-17.875	18.625	-0.540	Terrain/Terrain (1)
-17.875	19.125	-0.538	Terrain/Terrain (1)
-17.875	19.625	-0.624	Terrain/Terrain (1)
-17.875	21.125	-1.587	Terrain/Terrain (1)
-17.875	21.625	-1.281	Terrain/Terrain (1)
-17.875	22.125	-0.971	Terrain/Terrain (1)
-17.875	22.625	-0.602	Terrain/Terrain (1)
-17.875	23.125	-0.272	Terrain/Terrain (1)
-17.875	23.625	-0.145	Terrain/Terrain (1)
-17.875	24.125	-0.048	Terrain/Terrain (1)
-17.875	24.625	-0.098	Terrain/Terrain (1)
-17.875	25.125	0.013	Terrain/Terrain (1)
-17.875	25.625	0.206	Terrain/Terrain (1)
-17.875	26.125	0.166	Terrain/Terrain (1)
-17.875	26.625	0.052	Terrain/Terrain (1)
-17.875	27.125	0.260	Terrain/Terrain (1)
-17.875	27.625	0.357	Terrain/Terrain (1)
-17.875	28.125	0.286	Terrain/Terrain (1)
-17.875	28.625	0.116	Terrain/Terrain (1)
-17.875	29.125	-0.065	Terrain/Terrain (1)
-17.875	29.625	-0.326	Terrain/Terrain (1)
-17.875	30.125	-0.592	Terrain/Terrain (1)
-17.875	30.625	-0.896	Terrain/Terrain (1)
-17.875	31.125	-1.213	Terrain/Terrain (1)
-17.875	31.625	-1.490	Terrain/Terrain (1)
-17.875	32.125	-1.702	Terrain/Terrain (1)
-17.875	32.625	-1.868	Terrain/Terrain (1)
-17.375	-4.875	0.030	Terrain/Terrain (1)
-17.375	-4.375	0.030	Terrain/Terrain (1)
-17.375	-3.875	0.030	Terrain/Terrain (1)
-17.375	-3.375	0.030	Terrain/Terrain (1)
-17.375	-2.875	0.030	Terrain/Terrain (1)
-17.375	-2.375	0.030	Terrain/Terrain (1)
-17.375	-1.875	0.030	Terrain/Terrain (1)
-17.375	-1.375	0.030	Terrain/Terrain (1)
-17.375	-0.875	0.030	Terrain/Terrain (1)
-17.375	-0.375	0.030	Terrain/Terrain (1)
-17.375	0.125	0.030	Terrain/Terrain (1)
-17.375	0.625	0.030	Terrain/Terrain (1)
-17.375	1.125	0.030	Terrain/Terrain (1)
-17.375	1.625	0.030	Terrain/Terrain (1)
-17.375	2.125	0.030	Terrain/Terrain (1)
-17.375	2.625	0.030	Terrain/Terrain (1)
-17.375	3.125	0.030	Terrain/Terrain (1)
-17.375	3.625	0.030	Terrain/Terrain (1)
-17.375	4.125	0.030	Terrain/Terrain (1)
-17.375	4.625	0.030	Terrain/Terrain (1)
-17.375	5.125	0.030	Terrain/Terrain (1)
-17.375	5.625	0.030	Terrain/Terrain (1)
-17.375	6.125	0.030	Terrain/Terrain (1)
-17.375	6.625	0.030	Terrain/Terrain (1)
-17.375	7.125	0.030	Terrain/Terrain (1)
-17.375	7.625	0.031	Terrain/Terrain (1)
-17.375	8.125	0.030	Terrain/Terrain (1)
-17.375	8.625	0.030	Terrain/Terrain (1)
-17.375	9.125	0.030	Terrain/Terrain (1)
-17.375	9.625	0.030	Terrain/Terrain (1)
-17.375	10.125	0.013	Terrain/Terrain (1)
-17.375	10.625	0.013	Terrain/Terrain (1)
-17.375	11.125	0.013	Terrain/Terrain (1)
-17.375	11.625	0.012	Terrain/Terrain (1)
-17.375	12.125	-0.055	Terrain/Terrain (1)
-17.375	12.625	-0.060	Terrain/Terrain (1)
-17.375	13.125	-0.060	Terrain/Terrain (1)
-17.375	13.625	-0.063	Terrain/Terrain (1)
-17.375	14.125	-0.399	Terrain/Terrain (1)
-17.375	14.625	-0.540	Terrain/Terrain (1)
-17.375	15.125	-0.540	Terrain/Terrain (1)
-17.375	15.625	-0.540	Terrain/Terrain (1)
-17.375	16.125	-0.540	Terrain/Terrain (1)
-17.375	16.625	-0.540	Terrain/Terrain (1)
-17.375	17.125	-0.540	Terrain/Terrain (1)
-17.375	17.625	-0.540	Terrain/Terrain (1)
-17.375	18.125	-0.540	Terrain/Terrain (1)
-17.375	18.625	-0.540	Terrain/Terrain (1)
-17.375	19.125	-0.540	Terrain/Terrain (1)
-17.375	19.625	-0.531	Terrain/Terrain (1)
-17.375	20.125	-0.568	Terrain/Terrain (1)
-17.375	21.625	-1.370	Terrain/Terrain (1)
-17.375	22.125	-1.032	Terrain/Terrain (1)
-17.375	22.625	-0.728	Terrain/Terrain (1)
-17.375	23.125	-0.388	Terrain/Terrain (1)
-17.375	23.625	-0.086	Terrain/Terrain (1)
-17.375	24.125	-0.014	Terrain/Terrain (1)
-17.375	24.625	-0.096	Terrain/Terrain (1)
-17.375	25.125	0.011	Terrain/Terrain (1)
-17.375	25.625	0.089	Terrain/Terrain (1)
-17.375	26.125	0.185	Terrain/Terrain (1)
-17.375	26.625	0.143	Terrain/Terrain (1)
-17.375	27.125	0.176	Terrain/Terrain (1)
-17.375	27.625	0.221	Terrain/Terrain (1)
-17.375	28.125	0.248	Terrain/Terrain (1)
-17.375	28.625	0.153	Terrain/Terrain (1)
-17.375	29.125	0.073	Terrain/Terrain (1)
-17.375	29.625	-0.083	Terrain/Terrain (1)
-17.375	30.125	-0.309	Terrain/Terrain (1)
-17.375	30.625	-0.616	Terrain/Terrain (1)
-17.375	31.125	-0.954	Terrain/Terrain (1)
-17.375	31.625	-1.281	Terrain/Terrain (1)
-17.375	32.125	-1.551	Terrain/Terrain (1)
-17.375	32.625	-1.777	Terrain/Terrain (1)
-16.875	-4.875	0.030	Terrain/Terrain (1)
-16.875	-4.375	0.030	Terrain/Terrain (1)
-16.875	-3.875	0.030	Terrain/Terrain (1)
-16.875	-3.375	0.030	Terrain/Terrain (1)
-16.875	-2.875	0.030	Terrain/Terrain (1)
-16.875	-2.375	0.030	Terrain/Terrain (1)
-16.875	-1.875	0.030	Terrain/Terrain (1)
-16.875	-1.375	0.030	Terrain/Terrain (1)
-16.875	-0.875	0.030	Terrain/Terrain (1)
-16.875	-0.375	0.030	Terrain/Terrain (1)
-16.875	0.125	0.030	Terrain/Terrain (1)
-16.875	0.625	0.030	Terrain/Terrain (1)
-16.875	1.125	0.030	Terrain/Terrain (1)
-16.875	1.625	0.030	Terrain/Terrain (1)
-16.875	2.125	0.030	Terrain/Terrain (1)
-16.875	2.625	0.030	Terrain/Terrain (1)
-16.875	3.125	0.030	Terrain/Terrain (1)
-16.875	3.625	0.030	Terrain/Terrain (1)
-16.875	4.125	0.030	Terrain/Terrain (1)
-16.875	4.625	0.030	Terrain/Terrain (1)
-16.875	5.125	0.030	Terrain/Terrain (1)
-16.875	5.625	0.030	Terrain/Terrain (1)
-16.875	6.125	0.030	Terrain/Terrain (1)
-16.875	6.625	0.030	Terrain/Terrain (1)
-16.875	7.125	0.030	Terrain/Terrain (1)
-16.875	7.625	0.030	Terrain/Terrain (1)
-16.875	8.125	0.030	Terrain/Terrain (1)
-16.875	8.625	0.030	Terrain/Terrain (1)
-16.875	9.125	0.030	Terrain/Terrain (1)
-16.875	9.625	0.030	Terrain/Terrain (1)
-16.875	10.125	0.024	Terrain/Terrain (1)
-16.875	10.625	0.013	Terrain/Terrain (1)
-16.875	11.125	0.013	Terrain/Terrain (1)
-16.875	11.625	0.013	Terrain/Terrain (1)
-16.875	12.125	-0.035	Terrain/Terrain (1)
-16.875	12.625	-0.060	Terrain/Terrain (1)
-16.875	13.125	-0.060	Terrain/Terrain (1)
-16.875	13.625	-0.062	Terrain/Terrain (1)
-16.875	14.125	-0.296	Terrain/Terrain (1)
-16.875	14.625	-0.538	Terrain/Terrain (1)
-16.875	15.125	-0.540	Terrain/Terrain (1)
-16.875	15.625	-0.540	Terrain/Terrain (1)
-16.875	16.125	-0.540	Terrain/Terrain (1)
-16.875	16.625	-0.540	Terrain/Terrain (1)
-16.875	17.125	-0.540	Terrain/Terrain (1)
-16.875	17.625	-0.540	Terrain/Terrain (1)
-16.875	18.125	-0.540	Terrain/Terrain (1)
-16.875	18.625	-0.540	Terrain/Terrain (1)
-16.875	19.125	-0.540	Terrain/Terrain (1)
-16.875	19.625	-0.537	Terrain/Terrain (1)
-16.875	20.125	-0.504	Terrain/Terrain (1)
-16.875	20.625	-0.482	Terrain/Terrain (1)
-16.875	22.625	-0.778	Terrain/Terrain (1)
-16.875	23.125	-0.464	Terrain/Terrain (1)
-16.875	23.625	-0.089	Terrain/Terrain (1)
-16.875	24.125	0.118	Terrain/Terrain (1)
-16.875	24.625	0.180	Terrain/Terrain (1)
-16.875	25.125	0.069	Terrain/Terrain (1)
-16.875	25.625	-0.028	Terrain/Terrain (1)
-16.875	26.125	0.178	Terrain/Terrain (1)
-16.875	26.625	0.139	Terrain/Terrain (1)
-16.875	27.125	0.088	Terrain/Terrain (1)
-16.875	28.125	-0.243	Terrain/Terrain (1)
-16.875	28.625	-0.145	Terrain/Terrain (1)
-16.875	29.125	0.031	Terrain/Terrain (1)
-16.875	29.625	0.090	Terrain/Terrain (1)
-16.875	30.125	-0.062	Terrain/Terrain (1)
-16.875	30.625	-0.321	Terrain/Terrain (1)
-16.875	31.125	-0.711	Terrain/Terrain (1)
-16.875	31.625	-1.092	Terrain/Terrain (1)
-16.875	32.125	-1.427	Terrain/Terrain (1)
-16.875	32.625	-1.677	Terrain/Terrain (1)
-16.375	-4.875	0.030	Terrain/Terrain (1)
-16.375	-4.375	0.030	Terrain/Terrain (1)
-16.375	-3.875	0.030	Terrain/Terrain (1)
-16.375	-3.375	0.030	Terrain/Terrain (1)
-16.375	-2.875	0.030	Terrain/Terrain (1)
-16.375	-2.375	0.030	Terrain/Terrain (1)
-16.375	-1.875	0.030	Terrain/Terrain (1)
-16.375	-1.375	0.030	Terrain/Terrain (1)
-16.375	-0.875	0.030	Terrain/Terrain (1)
-16.375	-0.375	0.030	Terrain/Terrain (1)
-16.375	0.125	0.030	Terrain/Terrain (1)
-16.375	0.625	0.030	Terrain/Terrain (1)
-16.375	1.125	0.030	Terrain/Terrain (1)
-16.375	1.625	0.030	Terrain/Terrain (1)
-16.375	2.125	0.030	Terrain/Terrain (1)
-16.375	2.625	0.030	Terrain/Terrain (1)
-16.375	3.125	0.030	Terrain/Terrain (1)
-16.375	3.625	0.030	Terrain/Terrain (1)
-16.375	4.125	0.030	Terrain/Terrain (1)
-16.375	4.625	0.030	Terrain/Terrain (1)
-16.375	5.125	0.030	Terrain/Terrain (1)
-16.375	5.625	0.030	Terrain/Terrain (1)
-16.375	6.125	0.030	Terrain/Terrain (1)
-16.375	6.625	0.030	Terrain/Terrain (1)
-16.375	7.125	0.030	Terrain/Terrain (1)
-16.375	7.625	0.030	Terrain/Terrain (1)
-16.375	8.125	0.030	Terrain/Terrain (1)
-16.375	8.625	0.030	Terrain/Terrain (1)
-16.375	9.125	0.030	Terrain/Terrain (1)
-16.375	9.625	0.030	Terrain/Terrain (1)
-16.375	10.125	0.027	Terrain/Terrain (1)
-16.375	10.625	0.013	Terrain/Terrain (1)
-16.375	11.125	0.013	Terrain/Terrain (1)
-16.375	11.625	0.013	Terrain/Terrain (1)
-16.375	12.125	-0.017	Terrain/Terrain (1)
-16.375	12.625	-0.060	Terrain/Terrain (1)
-16.375	13.125	-0.060	Terrain/Terrain (1)
-16.375	13.625	-0.060	Terrain/Terrain (1)
-16.375	14.125	-0.217	Terrain/Terrain (1)
-16.375	14.625	-0.531	Terrain/Terrain (1)
-16.375	15.125	-0.540	Terrain/Terrain (1)
-16.375	15.625	-0.540	Terrain/Terrain (1)
-16.375	16.125	-0.540	Terrain/Terrain (1)
-16.375	16.625	-0.540	Terrain/Terrain (1)
-16.375	17.125	-0.540	Terrain/Terrain (1)
-16.375	17.625	-0.540	Terrain/Terrain (1)
-16.375	18.125	-0.540	Terrain/Terrain (1)
-16.375	18.625	-0.540	Terrain/Terrain (1)
-16.375	19.125	-0.540	Terrain/Terrain (1)
-16.375	19.625	-0.540	Terrain/Terrain (1)
-16.375	20.125	-0.531	Terrain/Terrain (1)
-16.375	20.625	-0.476	Terrain/Terrain (1)
-16.375	21.125	-0.589	Terrain/Terrain (1)
-16.375	22.125	-0.252	Terrain/Terrain (1)
-16.375	22.625	-0.490	Terrain/Terrain (1)
-16.375	23.125	-0.514	Terrain/Terrain (1)
-16.375	23.625	-0.297	Terrain/Terrain (1)
-16.375	24.125	-0.024	Terrain/Terrain (1)
-16.375	24.625	0.293	Terrain/Terrain (1)
-16.375	25.125	0.302	Terrain/Terrain (1)
-16.375	25.625	0.263	Terrain/Terrain (1)
-16.375	26.125	0.242	Terrain/Terrain (1)
-16.375	26.625	0.244	Terrain/Terrain (1)
-16.375	27.625	-0.591	Terrain/Terrain (1)
-16.375	28.125	-0.528	Terrain/Terrain (1)
-16.375	28.625	-0.179	Terrain/Terrain (1)
-16.375	29.125	0.102	Terrain/Terrain (1)
-16.375	29.625	0.183	Terrain/Terrain (1)
-16.375	30.125	0.088	Terrain/Terrain (1)
-16.375	30.625	-0.143	Terrain/Terrain (1)
-16.375	31.125	-0.533	Terrain/Terrain (1)
-16.375	31.625	-0.957	Terrain/Terrain (1)
-16.375	32.125	-1.309	Terrain/Terrain (1)
-16.375	32.625	-1.590	Terrain/Terrain (1)
-15.875	-4.875	0.030	Terrain/Terrain (1)
-15.875	-4.375	0.030	Terrain/Terrain (1)
-15.875	-3.875	0.030	Terrain/Terrain (1)
-15.875	-3.375	0.030	Terrain/Terrain (1)
-15.875	-2.875	0.030	Terrain/Terrain (1)
-15.875	-2.375	0.030	Terrain/Terrain (1)
-15.875	-1.875	0.030	Terrain/Terrain (1)
-15.875	-1.375	0.030	Terrain/Terrain (1)
-15.875	-0.875	0.030	Terrain/Terrain (1)
-15.875	-0.375	0.030	Terrain/Terrain (1)
-15.875	0.125	0.030	Terrain/Terrain (1)
-15.875	0.625	0.030	Terrain/Terrain (1)
-15.875	1.125	0.030	Terrain/Terrain (1)
-15.875	1.625	0.030	Terrain/Terrain (1)
-15.875	2.125	0.030	Terrain/Terrain (1)
-15.875	2.625	0.030	Terrain/Terrain (1)
-15.875	3.125	0.030	Terrain/Terrain (1)
-15.875	3.625	0.030	Terrain/Terrain (1)
-15.875	4.125	0.030	Terrain/Terrain (1)
-15.875	4.625	0.030	Terrain/Terrain (1)
-15.875	5.125	0.030	Terrain/Terrain (1)
-15.875	5.625	0.030	Terrain/Terrain (1)
-15.875	6.125	0.030	Terrain/Terrain (1)
-15.875	6.625	0.030	Terrain/Terrain (1)
-15.875	7.125	0.030	Terrain/Terrain (1)
-15.875	7.625	0.030	Terrain/Terrain (1)
-15.875	8.125	0.030	Terrain/Terrain (1)
-15.875	8.625	0.030	Terrain/Terrain (1)
-15.875	9.125	0.030	Terrain/Terrain (1)
-15.875	9.625	0.030	Terrain/Terrain (1)
-15.875	10.125	0.030	Terrain/Terrain (1)
-15.875	10.625	0.013	Terrain/Terrain (1)
-15.875	11.125	0.013	Terrain/Terrain (1)
-15.875	11.625	0.013	Terrain/Terrain (1)
-15.875	12.125	-0.009	Terrain/Terrain (1)
-15.875	12.625	-0.060	Terrain/Terrain (1)
-15.875	13.125	-0.060	Terrain/Terrain (1)
-15.875	13.625	-0.060	Terrain/Terrain (1)
-15.875	14.125	-0.168	Terrain/Terrain (1)
-15.875	14.625	-0.520	Terrain/Terrain (1)
-15.875	15.125	-0.540	Terrain/Terrain (1)
-15.875	15.625	-0.540	Terrain/Terrain (1)
-15.875	16.125	-0.540	Terrain/Terrain (1)
-15.875	16.625	-0.540	Terrain/Terrain (1)
-15.875	17.125	-0.540	Terrain/Terrain (1)
-15.875	17.625	-0.540	Terrain/Terrain (1)
-15.875	18.125	-0.540	Terrain/Terrain (1)
-15.875	18.625	-0.540	Terrain/Terrain (1)
-15.875	19.125	-0.540	Terrain/Terrain (1)
-15.875	19.625	-0.540	Terrain/Terrain (1)
-15.875	20.125	-0.540	Terrain/Terrain (1)
-15.875	21.125	-0.871	Terrain/Terrain (1)
-15.875	22.125	0.087	Terrain/Terrain (1)
-15.875	22.625	-0.069	Terrain/Terrain (1)
-15.875	23.125	-0.306	Terrain/Terrain (1)
-15.875	23.625	-0.396	Terrain/Terrain (1)
-15.875	25.125	0.150	Terrain/Terrain (1)
-15.875	25.625	0.274	Terrain/Terrain (1)
-15.875	26.125	0.212	Terrain/Terrain (1)
-15.875	26.625	0.231	Terrain/Terrain (1)
-15.875	27.625	-0.510	Terrain/Terrain (1)
-15.875	28.125	-0.412	Terrain/Terrain (1)
-15.875	28.625	-0.166	Terrain/Terrain (1)
-15.875	29.125	0.115	Terrain/Terrain (1)
-15.875	29.625	0.108	Terrain/Terrain (1)
-15.875	30.125	-0.037	Terrain/Terrain (1)
-15.875	30.625	-0.172	Terrain/Terrain (1)
-15.875	31.125	-0.467	Terrain/Terrain (1)
-15.875	31.625	-0.843	Terrain/Terrain (1)
-15.875	32.125	-1.224	Terrain/Terrain (1)
-15.875	32.625	-1.530	Terrain/Terrain (1)
-15.375	-4.875	0.030	Terrain/Terrain (1)
-15.375	-4.375	0.030	Terrain/Terrain (1)
-15.375	-3.875	0.030	Terrain/Terrain (1)
-15.375	-3.375	0.030	Terrain/Terrain (1)
-15.375	-2.875	0.030	Terrain/Terrain (1)
-15.375	-2.375	0.030	Terrain/Terrain (1)
-15.375	-1.875	0.030	Terrain/Terrain (1)
-15.375	-1.375	0.030	Terrain/Terrain (1)
-15.375	-0.875	0.030	Terrain/Terrain (1)
-15.375	-0.375	0.030	Terrain/Terrain (1)
-15.375	0.125	0.030	Terrain/Terrain (1)
-15.375	0.625	0.030	Terrain/Terrain (1)
-15.375	1.125	0.030	Terrain/Terrain (1)
-15.375	1.625	0.030	Terrain/Terrain (1)
-15.375	2.125	0.030	Terrain/Terrain (1)
-15.375	2.625	0.030	Terrain/Terrain (1)
-15.375	3.125	0.030	Terrain/Terrain (1)
-15.375	3.625	0.030	Terrain/Terrain (1)
-15.375	4.125	0.030	Terrain/Terrain (1)
-15.375	4.625	0.030	Terrain/Terrain (1)
-15.375	5.125	0.030	Terrain/Terrain (1)
-15.375	5.625	0.030	Terrain/Terrain (1)
-15.375	6.125	0.030	Terrain/Terrain (1)
-15.375	6.625	0.030	Terrain/Terrain (1)
-15.375	7.125	0.030	Terrain/Terrain (1)
-15.375	7.625	0.030	Terrain/Terrain (1)
-15.375	8.125	0.030	Terrain/Terrain (1)
-15.375	8.625	0.030	Terrain/Terrain (1)
-15.375	9.125	0.030	Terrain/Terrain (1)
-15.375	9.625	0.030	Terrain/Terrain (1)
-15.375	10.125	0.030	Terrain/Terrain (1)
-15.375	10.625	0.014	Terrain/Terrain (1)
-15.375	11.125	0.013	Terrain/Terrain (1)
-15.375	11.625	0.013	Terrain/Terrain (1)
-15.375	12.125	-0.010	Terrain/Terrain (1)
-15.375	12.625	-0.060	Terrain/Terrain (1)
-15.375	13.125	-0.060	Terrain/Terrain (1)
-15.375	13.625	-0.060	Terrain/Terrain (1)
-15.375	14.125	-0.149	Terrain/Terrain (1)
-15.375	14.625	-0.514	Terrain/Terrain (1)
-15.375	15.125	-0.540	Terrain/Terrain (1)
-15.375	15.625	-0.540	Terrain/Terrain (1)
-15.375	16.125	-0.540	Terrain/Terrain (1)
-15.375	16.625	-0.540	Terrain/Terrain (1)
-15.375	17.125	-0.540	Terrain/Terrain (1)
-15.375	17.625	-0.540	Terrain/Terrain (1)
-15.375	18.125	-0.540	Terrain/Terrain (1)
-15.375	18.625	-0.540	Terrain/Terrain (1)
-15.375	19.125	-0.540	Terrain/Terrain (1)
-15.375	19.625	-0.540	Terrain/Terrain (1)
-15.375	20.625	-1.051	Terrain/Terrain (1)
-15.375	21.125	-1.063	Terrain/Terrain (1)
-15.375	23.625	-0.652	Terrain/Terrain (1)
-15.375	24.125	-0.680	Terrain/Terrain (1)
-15.375	25.625	-0.092	Terrain/Terrain (1)
-15.375	26.125	-0.072	Terrain/Terrain (1)
-15.375	26.625	-0.046	Terrain/Terrain (1)
-15.375	27.125	-0.170	Terrain/Terrain (1)
-15.375	27.625	-0.496	Terrain/Terrain (1)
-15.375	28.125	-0.433	Terrain/Terrain (1)
-15.375	28.625	-0.248	Terrain/Terrain (1)
-15.375	29.125	-0.136	Terrain/Terrain (1)
-15.375	30.625	-0.451	Terrain/Terrain (1)
-15.375	31.125	-0.514	Terrain/Terrain (1)
-15.375	31.625	-0.796	Terrain/Terrain (1)
-15.375	32.125	-1.173	Terrain/Terrain (1)
-15.375	32.625	-1.500	Terrain/Terrain (1)
-14.875	-4.875	0.030	Terrain/Terrain (1)
-14.875	-4.375	0.030	Terrain/Terrain (1)
-14.875	-3.875	0.030	Terrain/Terrain (1)
-14.875	-3.375	0.030	Terrain/Terrain (1)
-14.875	-2.875	0.030	Terrain/Terrain (1)
-14.875	-2.375	0.030	Terrain/Terrain (1)
-14.875	-1.875	0.030	Terrain/Terrain (1)
-14.875	-1.375	0.030	Terrain/Terrain (1)
-14.875	-0.875	0.030	Terrain/Terrain (1)
-14.875	-0.375	0.030	Terrain/Terrain (1)
-14.875	0.125	0.030	Terrain/Terrain (1)
-14.875	0.625	0.030	Terrain/Terrain (1)
-14.875	1.125	0.030	Terrain/Terrain (1)
-14.875	1.625	0.030	Terrain/Terrain (1)
-14.875	2.125	0.030	Terrain/Terrain (1)
-14.875	2.625	0.030	Terrain/Terrain (1)
-14.875	3.125	0.030	Terrain/Terrain (1)
-14.875	3.625	0.030	Terrain/Terrain (1)
-14.875	4.125	0.030	Terrain/Terrain (1)
-14.875	4.625	0.030	Terrain/Terrain (1)
-14.875	5.125	0.030	Terrain/Terrain (1)
-14.875	5.625	0.030	Terrain/Terrain (1)
-14.875	6.125	0.030	Terrain/Terrain (1)
-14.875	6.625	0.030	Terrain/Terrain (1)
-14.875	7.125	0.030	Terrain/Terrain (1)
-14.875	7.625	0.030	Terrain/Terrain (1)
-14.875	8.125	0.030	Terrain/Terrain (1)
-14.875	8.625	0.030	Terrain/Terrain (1)
-14.875	9.125	0.030	Terrain/Terrain (1)
-14.875	9.625	0.030	Terrain/Terrain (1)
-14.875	10.125	0.030	Terrain/Terrain (1)
-14.875	10.625	0.015	Terrain/Terrain (1)
-14.875	11.125	0.250	Backyard/Floor 2/Floor 2x2 (41)
-14.875	11.125	0.013	Terrain/Terrain (1)
-14.875	11.625	0.250	Backyard/Floor 2/Floor 2x2 (41)
-14.875	11.625	0.013	Terrain/Terrain (1)
-14.875	12.125	0.250	Backyard/Floor 2/Floor 2x2 (41)
-14.875	12.125	-0.016	Terrain/Terrain (1)
-14.875	12.625	0.250	Backyard/Floor 2/Floor 2x2 (42)
-14.875	12.625	-0.060	Terrain/Terrain (1)
-14.875	13.125	0.250	Backyard/Floor 2/Floor 2x2 (42)
-14.875	13.125	-0.060	Terrain/Terrain (1)
-14.875	13.625	0.250	Backyard/Floor 2/Floor 2x2 (42)
-14.875	13.625	-0.060	Terrain/Terrain (1)
-14.875	14.125	0.250	Backyard/Floor 2/Floor 2x2 (42)
-14.875	14.125	-0.150	Terrain/Terrain (1)
-14.875	14.625	0.250	Backyard/Floor 2/Floor 2x2 (43)
-14.875	14.625	-0.513	Terrain/Terrain (1)
-14.875	15.125	0.250	Backyard/Floor 2/Floor 2x2 (43)
-14.875	15.125	-0.540	Terrain/Terrain (1)
-14.875	15.625	0.250	Backyard/Floor 2/Floor 2x2 (43)
-14.875	15.625	-0.540	Terrain/Terrain (1)
-14.875	16.125	0.250	Backyard/Floor 2/Floor 2x2 (43)
-14.875	16.125	-0.540	Terrain/Terrain (1)
-14.875	16.625	0.250	Backyard/Floor 2/Floor 2x2 (44)
-14.875	16.625	-0.540	Terrain/Terrain (1)
-14.875	17.125	0.250	Backyard/Floor 2/Floor 2x2 (44)
-14.875	17.125	-0.540	Terrain/Terrain (1)
-14.875	17.625	0.250	Backyard/Floor 2/Floor 2x2 (44)
-14.875	17.625	-0.540	Terrain/Terrain (1)
-14.875	18.125	0.250	Backyard/Floor 2/Floor 2x2 (44)
-14.875	18.125	-0.540	Terrain/Terrain (1)
-14.875	18.625	0.250	Backyard/Floor 2/Floor 2x2 (45)
-14.875	18.625	-0.540	Terrain/Terrain (1)
-14.875	19.125	0.250	Backyard/Floor 2/Floor 2x2 (45)
-14.875	19.125	-0.540	Terrain/Terrain (1)
-14.875	19.625	0.250	Backyard/Floor 2/Floor 2x2 (45)
-14.875	19.625	-0.540	Terrain/Terrain (1)
-14.875	20.125	0.250	Backyard/Floor 2/Floor 2x2 (45)
-14.875	20.625	-1.198	Terrain/Terrain (1)
-14.875	21.125	-1.117	Terrain/Terrain (1)
-14.875	21.625	-0.818	Terrain/Terrain (1)
-14.875	22.125	-0.276	Terrain/Terrain (1)
-14.875	22.625	0.250	Backyard/Pool back/Pool2/Floor/Floor 1x1 side
-14.875	23.125	0.250	Backyard/Pool back/Pool2/Floor/Floor 1x1 side
-14.875	23.625	0.250	Backyard/Pool back/Pool2/Floor/Floor 1x1 side (1)
-14.875	24.125	0.250	Backyard/Pool back/Pool2/Floor/Floor 1x1 side (1)
-14.875	24.125	-1.023	Terrain/Terrain (1)
-14.875	24.625	0.250	Backyard/Pool back/Pool2/Floor/Floor 1x1 side (2)
-14.875	24.625	-0.518	Terrain/Terrain (1)
-14.875	25.125	0.250	Backyard/Pool back/Pool2/Floor/Floor 1x1 side (2)
-14.875	25.625	0.250	Backyard/Pool back/Pool2/Floor/Floor 1x1 side (3)
-14.875	25.625	-0.412	Terrain/Terrain (1)
-14.875	26.125	0.250	Backyard/Pool back/Pool2/Floor/Floor 1x1 side (3)
-14.875	26.125	-0.249	Terrain/Terrain (1)
-14.875	26.625	0.250	Backyard/Pool back/Pool2/Floor/Floor 1x1 side (4)
-14.875	26.625	-0.207	Terrain/Terrain (1)
-14.875	27.125	0.250	Backyard/Pool back/Pool2/Floor/Floor 1x1 side (4)
-14.875	27.125	-0.255	Terrain/Terrain (1)
-14.875	27.625	0.250	Backyard/Pool back/Pool2/Floor/Floor 1x1 side (5)
-14.875	27.625	-0.737	Terrain/Terrain (1)
-14.875	28.125	0.250	Backyard/Pool back/Pool2/Floor/Floor 1x1 side (5)
-14.875	28.625	0.250	Backyard/Pool back/Pool2/Floor/Floor 1x1 side (6)
-14.875	29.125	0.250	Backyard/Pool back/Pool2/Floor/Floor 1x1 side (6)
-14.875	29.625	0.250	Backyard/Pool back/Pool2/Floor/Floor 1x1 side (7)
-14.875	30.125	0.250	Backyard/Pool back/Pool2/Floor/Floor 1x1 side (7)
-14.875	30.625	-0.780	Terrain/Terrain (1)
-14.875	31.125	-0.612	Terrain/Terrain (1)
-14.875	31.625	-0.805	Terrain/Terrain (1)
-14.875	32.125	-1.187	Terrain/Terrain (1)
-14.875	32.625	-1.508	Terrain/Terrain (1)
-14.375	-4.875	0.030	Terrain/Terrain (1)
-14.375	-4.375	0.030	Terrain/Terrain (1)
-14.375	-3.875	0.030	Terrain/Terrain (1)
-14.375	-3.375	0.030	Terrain/Terrain (1)
-14.375	-2.875	0.030	Terrain/Terrain (1)
-14.375	-2.375	0.030	Terrain/Terrain (1)
-14.375	-1.875	0.030	Terrain/Terrain (1)
-14.375	-1.375	0.030	Terrain/Terrain (1)
-14.375	-0.875	0.030	Terrain/Terrain (1)
-14.375	-0.375	0.030	Terrain/Terrain (1)
-14.375	0.125	0.030	Terrain/Terrain (1)
-14.375	0.625	0.030	Terrain/Terrain (1)
-14.375	1.125	0.030	Terrain/Terrain (1)
-14.375	1.625	0.030	Terrain/Terrain (1)
-14.375	2.125	0.030	Terrain/Terrain (1)
-14.375	2.625	0.030	Terrain/Terrain (1)
-14.375	3.125	0.030	Terrain/Terrain (1)
-14.375	3.625	0.030	Terrain/Terrain (1)
-14.375	4.125	0.030	Terrain/Terrain (1)
-14.375	4.625	0.030	Terrain/Terrain (1)
-14.375	5.125	0.030	Terrain/Terrain (1)
-14.375	5.625	0.030	Terrain/Terrain (1)
-14.375	6.125	0.030	Terrain/Terrain (1)
-14.375	6.625	0.030	Terrain/Terrain (1)
-14.375	7.125	0.030	Terrain/Terrain (1)
-14.375	7.625	0.030	Terrain/Terrain (1)
-14.375	8.125	0.030	Terrain/Terrain (1)
-14.375	8.625	0.030	Terrain/Terrain (1)
-14.375	9.125	0.030	Terrain/Terrain (1)
-14.375	9.625	0.030	Terrain/Terrain (1)
-14.375	10.125	0.030	Terrain/Terrain (1)
-14.375	10.625	0.014	Terrain/Terrain (1)
-14.375	11.125	0.250	Backyard/Floor 2/Floor 2x2 (41)
-14.375	11.125	0.013	Terrain/Terrain (1)
-14.375	11.625	0.250	Backyard/Floor 2/Floor 2x2 (41)
-14.375	11.625	0.013	Terrain/Terrain (1)
-14.375	12.125	0.250	Backyard/Floor 2/Floor 2x2 (41)
-14.375	12.125	-0.033	Terrain/Terrain (1)
-14.375	12.625	0.250	Backyard/Floor 2/Floor 2x2 (42)
-14.375	12.625	-0.060	Terrain/Terrain (1)
-14.375	13.125	0.250	Backyard/Floor 2/Floor 2x2 (42)
-14.375	13.125	-0.060	Terrain/Terrain (1)
-14.375	13.625	0.250	Backyard/Floor 2/Floor 2x2 (42)
-14.375	13.625	-0.060	Terrain/Terrain (1)
-14.375	14.125	0.250	Backyard/Floor 2/Floor 2x2 (42)
-14.375	14.125	-0.168	Terrain/Terrain (1)
-14.375	14.625	0.250	Backyard/Floor 2/Floor 2x2 (43)
-14.375	14.625	-0.520	Terrain/Terrain (1)
-14.375	15.125	0.250	Backyard/Floor 2/Floor 2x2 (43)
-14.375	15.125	-0.540	Terrain/Terrain (1)
-14.375	15.625	0.250	Backyard/Floor 2/Floor 2x2 (43)
-14.375	15.625	-0.540	Terrain/Terrain (1)
-14.375	16.125	0.250	Backyard/Floor 2/Floor 2x2 (43)
-14.375	16.125	-0.540	Terrain/Terrain (1)
-14.375	16.625	0.250	Backyard/Floor 2/Floor 2x2 (44)
-14.375	16.625	-0.540	Terrain/Terrain (1)
-14.375	17.125	0.250	Backyard/Floor 2/Floor 2x2 (44)
-14.375	17.125	-0.540	Terrain/Terrain (1)
-14.375	17.625	0.250	Backyard/Floor 2/Floor 2x2 (44)
-14.375	17.625	-0.540	Terrain/Terrain (1)
-14.375	18.125	0.250	Backyard/Floor 2/Floor 2x2 (44)
-14.375	18.125	-0.543	Terrain/Terrain (1)
-14.375	18.625	0.250	Backyard/Floor 2/Floor 2x2 (45)
-14.375	18.625	-0.540	Terrain/Terrain (1)
-14.375	19.125	0.250	Backyard/Floor 2/Floor 2x2 (45)
-14.375	19.125	-0.540	Terrain/Terrain (1)
-14.375	19.625	0.250	Backyard/Floor 2/Floor 2x2 (45)
-14.375	19.625	-0.561	Terrain/Terrain (1)
-14.375	20.125	0.250	Backyard/Floor 2/Floor 2x2 (45)
-14.375	20.625	0.250	Backyard/Pool back/Pool2/Floor/Floor 2x2 side
-14.375	20.625	-1.490	Terrain/Terrain (1)
-14.375	21.125	0.250	Backyard/Pool back/Pool2/Floor/Floor 2x2 side
-14.375	21.125	-1.160	Terrain/Terrain (1)
-14.375	21.625	0.250	Backyard/Pool back/Pool2/Floor/Floor 2x2 side
-14.375	21.625	-1.042	Terrain/Terrain (1)
-14.375	22.125	0.250	Backyard/Pool back/Pool2/Floor/Floor 2x2 side
-14.375	22.125	-0.373	Terrain/Terrain (1)
-14.375	22.625	0.250	Backyard/Pool back/Pool2/Floor/Floor 1x1 side
-14.375	22.625	-0.515	Terrain/Terrain (1)
-14.375	23.125	0.250	Backyard/Pool back/Pool2/Floor/Floor 1x1 side
-14.375	23.125	-0.745	Terrain/Terrain (1)
-14.375	23.625	0.250	Backyard/Pool back/Pool2/Floor/Floor 1x1 side (1)
-14.375	24.125	0.250	Backyard/Pool back/Pool2/Floor/Floor 1x1 side (1)
-14.375	24.625	0.250	Backyard/Pool back/Pool2/Floor/Floor 1x1 side (2)
-14.375	24.625	-0.437	Terrain/Terrain (1)
-14.375	25.125	0.250	Backyard/Pool back/Pool2/Floor/Floor 1x1 side (2)
-14.375	25.125	-0.302	Terrain/Terrain (1)
-14.375	25.625	0.250	Backyard/Pool back/Pool2/Floor/Floor 1x1 side (3)
-14.375	26.125	0.250	Backyard/Pool back/Pool2/Floor/Floor 1x1 side (3)
-14.375	26.625	0.250	Backyard/Pool back/Pool2/Floor/Floor 1x1 side (4)
-14.375	26.625	-0.383	Terrain/Terrain (1)
-14.375	27.125	0.250	Backyard/Pool back/Pool2/Floor/Floor 1x1 side (4)
-14.375	27.125	-0.381	Terrain/Terrain (1)
-14.375	27.625	0.250	Backyard/Pool back/Pool2/Floor/Floor 1x1 side (5)
-14.375	28.125	0.250	Backyard/Pool back/Pool2/Floor/Floor 1x1 side (5)
-14.375	28.125	-1.294	Terrain/Terrain (1)
-14.375	28.625	0.250	Backyard/Pool back/Pool2/Floor/Floor 1x1 side (6)
-14.375	29.125	0.250	Backyard/Pool back/Pool2/Floor/Floor 1x1 side (6)
-14.375	29.625	0.250	Backyard/Pool back/Pool2/Floor/Floor 1x1 side (7)
-14.375	30.125	0.250	Backyard/Pool back/Pool2/Floor/Floor 1x1 side (7)
-14.375	30.625	-1.009	Terrain/Terrain (1)
-14.375	31.125	-0.760	Terrain/Terrain (1)
-14.375	31.625	-0.905	Terrain/Terrain (1)
-14.375	32.125	-1.250	Terrain/Terrain (1)
-14.375	32.625	-1.546	Terrain/Terrain (1)
-13.875	-4.875	0.030	Terrain/Terrain (1)
-13.875	-4.375	0.030	Terrain/Terrain (1)
-13.875	-3.875	0.030	Terrain/Terrain (1)
-13.875	-3.375	0.030	Terrain/Terrain (1)
-13.875	-2.875	0.030	Terrain/Terrain (1)
-13.875	-2.375	0.030	Terrain/Terrain (1)
-13.875	-1.875	0.030	Terrain/Terrain (1)
-13.875	-1.375	0.030	Terrain/Terrain (1)
-13.875	-0.875	0.030	Terrain/Terrain (1)
-13.875	-0.375	0.030	Terrain/Terrain (1)
-13.875	0.125	0.030	Terrain/Terrain (1)
-13.875	0.625	0.030	Terrain/Terrain (1)
-13.875	1.125	0.030	Terrain/Terrain (1)
-13.875	1.625	0.030	Terrain/Terrain (1)
-13.875	2.125	0.030	Terrain/Terrain (1)
-13.875	2.625	0.030	Terrain/Terrain (1)
-13.875	3.125	0.030	Terrain/Terrain (1)
-13.875	3.625	0.030	Terrain/Terrain (1)
-13.875	4.125	0.030	Terrain/Terrain (1)
-13.875	4.625	0.030	Terrain/Terrain (1)
-13.875	5.125	0.030	Terrain/Terrain (1)
-13.875	5.625	0.030	Terrain/Terrain (1)
-13.875	6.125	0.030	Terrain/Terrain (1)
-13.875	6.625	0.030	Terrain/Terrain (1)
-13.875	7.125	0.030	Terrain/Terrain (1)
-13.875	7.625	0.030	Terrain/Terrain (1)
-13.875	8.125	0.030	Terrain/Terrain (1)
-13.875	8.625	0.030	Terrain/Terrain (1)
-13.875	9.125	0.030	Terrain/Terrain (1)
-13.875	9.625	0.030	Terrain/Terrain (1)
-13.875	10.125	0.029	Terrain/Terrain (1)
-13.875	10.625	0.013	Terrain/Terrain (1)
-13.875	11.125	0.250	Backyard/Floor 2/Floor 2x2 (41)
-13.875	11.125	0.013	Terrain/Terrain (1)
-13.875	11.625	0.250	Backyard/Floor 2/Floor 2x2 (41)
-13.875	11.625	0.011	Terrain/Terrain (1)
-13.875	12.125	0.250	Backyard/Floor 2/Floor 2x2 (41)
-13.875	12.125	-0.052	Terrain/Terrain (1)
-13.875	12.625	0.250	Backyard/Floor 2/Floor 2x2 (42)
-13.875	12.625	-0.060	Terrain/Terrain (1)
-13.875	13.125	0.250	Backyard/Floor 2/Floor 2x2 (42)
-13.875	13.125	-0.060	Terrain/Terrain (1)
-13.875	13.625	0.250	Backyard/Floor 2/Floor 2x2 (42)
-13.875	13.625	-0.060	Terrain/Terrain (1)
-13.875	14.125	0.250	Backyard/Floor 2/Floor 2x2 (42)
-13.875	14.125	-0.217	Terrain/Terrain (1)
-13.875	14.625	0.250	Backyard/Floor 2/Floor 2x2 (43)
-13.875	14.625	-0.531	Terrain/Terrain (1)
-13.875	15.125	0.250	Backyard/Floor 2/Floor 2x2 (43)
-13.875	15.125	-0.540	Terrain/Terrain (1)
-13.875	15.625	0.250	Backyard/Floor 2/Floor 2x2 (43)
-13.875	15.625	-0.540	Terrain/Terrain (1)
-13.875	16.125	0.250	Backyard/Floor 2/Floor 2x2 (43)
-13.875	16.125	-0.540	Terrain/Terrain (1)
-13.875	16.625	0.250	Backyard/Floor 2/Floor 2x2 (44)
-13.875	16.625	-0.540	Terrain/Terrain (1)
-13.875	17.125	0.250	Backyard/Floor 2/Floor 2x2 (44)
-13.875	17.125	-0.540	Terrain/Terrain (1)
-13.875	17.625	0.250	Backyard/Floor 2/Floor 2x2 (44)
-13.875	17.625	-0.543	Terrain/Terrain (1)
-13.875	18.125	0.250	Backyard/Floor 2/Floor 2x2 (44)
-13.875	18.125	-0.583	Terrain/Terrain (1)
-13.875	18.625	0.250	Backyard/Floor 2/Floor 2x2 (45)
-13.875	19.125	0.250	Backyard/Floor 2/Floor 2x2 (45)
-13.875	19.125	-0.540	Terrain/Terrain (1)
-13.875	19.625	0.250	Backyard/Floor 2/Floor 2x2 (45)
-13.875	19.625	-0.669	Terrain/Terrain (1)
-13.875	20.125	0.250	Backyard/Floor 2/Floor 2x2 (45)
-13.875	20.625	0.250	Backyard/Pool back/Pool2/Floor/Floor 2x2 side
-13.875	20.625	-1.509	Terrain/Terrain (1)
-13.875	21.125	0.250	Backyard/Pool back/Pool2/Floor/Floor 2x2 side
-13.875	21.125	-1.486	Terrain/Terrain (1)
-13.875	21.625	0.250	Backyard/Pool back/Pool2/Floor/Floor 2x2 side
-13.875	21.625	-1.172	Terrain/Terrain (1)
-13.875	22.125	0.250	Backyard/Pool back/Pool2/Floor/Floor 2x2 side
-13.875	22.625	0.259	Backyard/Pool back/Pool2/pool corner top 3x3 (1)/pool corner top 3x3.001
-13.875	22.625	-0.456	Terrain/Terrain (1)
-13.875	23.125	0.259	Backyard/Pool back/Pool2/pool corner top 3x3 (1)/pool corner top 3x3.001
-13.875	23.125	-0.581	Terrain/Terrain (1)
-13.875	23.625	0.259	Backyard/Pool back/Pool2/pool corner top 3x3 (1)/pool corner top 3x3.001
-13.875	23.625	-0.607	Terrain/Terrain (1)
-13.875	24.125	0.259	Backyard/Pool back/Pool2/pool corner top 3x3 (1)/pool corner top 3x3.001
-13.875	24.125	-0.388	Terrain/Terrain (1)
-13.875	24.625	0.259	Backyard/Pool back/Pool2/pool corner top 3x3 (1)/pool corner top 3x3.001
-13.875	25.125	0.279	Backyard/Pool back/Pool2/pool corner top 3x3 (1)
-13.875	25.625	0.270	Backyard/Pool back/Pool2/pool straight top (18)
-13.875	26.125	0.270	Backyard/Pool back/Pool2/pool straight top (18)
-13.875	26.625	0.270	Backyard/Pool back/Pool2/pool straight top
-13.875	27.125	0.270	Backyard/Pool back/Pool2/pool straight top
-13.875	27.625	0.270	Backyard/Pool back/Pool2/pool corner top 3x3
-13.875	28.125	0.270	Backyard/Pool back/Pool2/pool corner top 3x3
-13.875	28.125	-2.042	Terrain/Terrain (1)
-13.875	28.625	0.250	Backyard/Pool back/Pool2/pool corner top 3x3/pool corner top 3x3.001
-13.875	28.625	-2.060	Terrain/Terrain (1)
-13.875	29.125	0.250	Backyard/Pool back/Pool2/pool corner top 3x3/pool corner top 3x3.001
-13.875	29.125	-2.100	Terrain/Terrain (1)
-13.875	29.625	0.250	Backyard/Pool back/Pool2/pool corner top 3x3/pool corner top 3x3.001
-13.875	29.625	-2.064	Terrain/Terrain (1)
-13.875	30.125	0.250	Backyard/Pool back/Pool2/pool corner top 3x3/pool corner top 3x3.001
-13.875	30.625	-0.995	Terrain/Terrain (1)
-13.875	31.125	-0.872	Terrain/Terrain (1)
-13.875	31.625	-1.054	Terrain/Terrain (1)
-13.875	32.125	-1.358	Terrain/Terrain (1)
-13.875	32.625	-1.615	Terrain/Terrain (1)
-13.375	-4.875	0.030	Terrain/Terrain (1)
-13.375	-4.375	0.030	Terrain/Terrain (1)
-13.375	-3.875	0.030	Terrain/Terrain (1)
-13.375	-3.375	0.030	Terrain/Terrain (1)
-13.375	-2.875	0.030	Terrain/Terrain (1)
-13.375	-2.375	0.030	Terrain/Terrain (1)
-13.375	-1.875	0.030	Terrain/Terrain (1)
-13.375	-1.375	0.030	Terrain/Terrain (1)
-13.375	-0.875	0.030	Terrain/Terrain (1)
-13.375	-0.375	0.030	Terrain/Terrain (1)
-13.375	0.125	0.030	Terrain/Terrain (1)
-13.375	0.625	0.030	Terrain/Terrain (1)
-13.375	1.125	0.030	Terrain/Terrain (1)
-13.375	1.625	0.030	Terrain/Terrain (1)
-13.375	2.125	0.030	Terrain/Terrain (1)
-13.375	2.625	0.030	Terrain/Terrain (1)
-13.375	3.125	0.030	Terrain/Terrain (1)
-13.375	3.625	0.030	Terrain/Terrain (1)
-13.375	4.125	0.030	Terrain/Terrain (1)
-13.375	4.625	0.030	Terrain/Terrain (1)
-13.375	5.125	0.030	Terrain/Terrain (1)
-13.375	5.625	0.030	Terrain/Terrain (1)
-13.375	6.125	0.030	Terrain/Terrain (1)
-13.375	6.625	0.030	Terrain/Terrain (1)
-13.375	7.125	0.030	Terrain/Terrain (1)
-13.375	7.625	0.030	Terrain/Terrain (1)
-13.375	8.125	0.030	Terrain/Terrain (1)
-13.375	8.625	0.030	Terrain/Terrain (1)
-13.375	9.125	0.030	Terrain/Terrain (1)
-13.375	9.625	0.030	Terrain/Terrain (1)
-13.375	10.125	0.027	Terrain/Terrain (1)
-13.375	10.625	0.013	Terrain/Terrain (1)
-13.375	11.125	0.250	Backyard/Floor 2/Floor 2x2 (41)
-13.375	11.125	0.013	Terrain/Terrain (1)
-13.375	11.625	0.250	Backyard/Floor 2/Floor 2x2 (41)
-13.375	11.625	-0.002	Terrain/Terrain (1)
-13.375	12.125	0.250	Backyard/Floor 2/Floor 2x2 (41)
-13.375	12.125	-0.060	Terrain/Terrain (1)
-13.375	12.625	0.250	Backyard/Floor 2/Floor 2x2 (42)
-13.375	12.625	-0.060	Terrain/Terrain (1)
-13.375	13.125	0.250	Backyard/Floor 2/Floor 2x2 (42)
-13.375	13.125	-0.060	Terrain/Terrain (1)
-13.375	13.625	0.250	Backyard/Floor 2/Floor 2x2 (42)
-13.375	13.625	-0.062	Terrain/Terrain (1)
-13.375	14.125	0.250	Backyard/Floor 2/Floor 2x2 (42)
-13.375	14.125	-0.297	Terrain/Terrain (1)
-13.375	14.625	0.250	Backyard/Floor 2/Floor 2x2 (43)
-13.375	14.625	-0.540	Terrain/Terrain (1)
-13.375	15.125	0.250	Backyard/Floor 2/Floor 2x2 (43)
-13.375	15.125	-0.540	Terrain/Terrain (1)
-13.375	15.625	0.250	Backyard/Floor 2/Floor 2x2 (43)
-13.375	15.625	-0.540	Terrain/Terrain (1)
-13.375	16.125	0.250	Backyard/Floor 2/Floor 2x2 (43)
-13.375	16.125	-0.540	Terrain/Terrain (1)
-13.375	16.625	0.250	Backyard/Floor 2/Floor 2x2 (44)
-13.375	16.625	-0.542	Terrain/Terrain (1)
-13.375	17.125	0.250	Backyard/Floor 2/Floor 2x2 (44)
-13.375	17.125	-0.615	Terrain/Terrain (1)
-13.375	17.625	0.250	Backyard/Floor 2/Floor 2x2 (44)
-13.375	17.625	-0.719	Terrain/Terrain (1)
-13.375	18.125	0.250	Backyard/Floor 2/Floor 2x2 (44)
-13.375	18.125	-0.838	Terrain/Terrain (1)
-13.375	18.625	0.250	Backyard/Floor 2/Floor 2x2 (45)
-13.375	18.625	-1.001	Terrain/Terrain (1)
-13.375	19.125	0.250	Backyard/Floor 2/Floor 2x2 (45)
-13.375	19.625	0.250	Backyard/Floor 2/Floor 2x2 (45)
-13.375	20.125	0.250	Backyard/Floor 2/Floor 2x2 (45)
-13.375	20.125	-1.361	Terrain/Terrain (1)
-13.375	20.625	0.250	Backyard/Pool back/Pool2/Floor/Floor 2x2 side
-13.375	20.625	-1.512	Terrain/Terrain (1)
-13.375	21.125	0.250	Backyard/Pool back/Pool2/Floor/Floor 2x2 side
-13.375	21.125	-1.509	Terrain/Terrain (1)
-13.375	21.625	0.250	Backyard/Pool back/Pool2/Floor/Floor 2x2 side
-13.375	21.625	-1.490	Terrain/Terrain (1)
-13.375	22.125	0.250	Backyard/Pool back/Pool2/Floor/Floor 2x2 side
-13.375	22.625	0.259	Backyard/Pool back/Pool2/pool corner top 3x3 (1)/pool corner top 3x3.001
-13.375	23.125	0.259	Backyard/Pool back/Pool2/pool corner top 3x3 (1)/pool corner top 3x3.001
-13.375	23.125	-0.374	Terrain/Terrain (1)
-13.375	23.625	0.259	Backyard/Pool back/Pool2/pool corner top 3x3 (1)/pool corner top 3x3.001
-13.375	24.125	0.279	Backyard/Pool back/Pool2/pool corner top 3x3 (1)
-13.375	24.625	0.279	Backyard/Pool back/Pool2/pool corner top 3x3 (1)
-13.375	25.125	-2.100	Terrain/Terrain (1)
-13.375	25.625	-1.775	Backyard/Pool back/Pool2/pool straight top (18)/Pool Bottom side (1)
-13.375	25.625	-2.100	Terrain/Terrain (1)
-13.375	26.125	-1.775	Backyard/Pool back/Pool2/pool straight top (18)/Pool Bottom side (1)
-13.375	26.125	-2.100	Terrain/Terrain (1)
-13.375	26.625	-1.775	Backyard/Pool back/Pool2/pool straight top/Pool Bottom side
-13.375	26.625	-2.100	Terrain/Terrain (1)
-13.375	27.125	-1.775	Backyard/Pool back/Pool2/pool straight top/Pool Bottom side
-13.375	27.125	-2.100	Terrain/Terrain (1)
-13.375	27.625	-2.100	Terrain/Terrain (1)
-13.375	28.125	-2.100	Terrain/Terrain (1)
-13.375	28.625	0.270	Backyard/Pool back/Pool2/pool corner top 3x3
-13.375	28.625	-2.100	Terrain/Terrain (1)
-13.375	29.125	0.270	Backyard/Pool back/Pool2/pool corner top 3x3
-13.375	29.125	-2.100	Terrain/Terrain (1)
-13.375	29.625	0.250	Backyard/Pool back/Pool2/pool corner top 3x3/pool corner top 3x3.001
-13.375	29.625	-2.100	Terrain/Terrain (1)
-13.375	30.125	0.250	Backyard/Pool back/Pool2/pool corner top 3x3/pool corner top 3x3.001
-13.375	30.125	-2.100	Terrain/Terrain (1)
-13.375	30.625	-2.100	Terrain/Terrain (1)
-13.375	31.625	-1.241	Terrain/Terrain (1)
-13.375	32.125	-1.487	Terrain/Terrain (1)
-13.375	32.625	-1.702	Terrain/Terrain (1)
-12.875	-4.875	0.030	Terrain/Terrain (1)
-12.875	-4.375	0.030	Terrain/Terrain (1)
-12.875	-3.875	0.030	Terrain/Terrain (1)
-12.875	-3.375	0.030	Terrain/Terrain (1)
-12.875	-2.875	0.750	Floor/Floor 2x2 side (17)
-12.875	-2.875	0.030	Terrain/Terrain (1)
-12.875	-2.375	0.750	Floor/Floor 2x2 side (17)
-12.875	-2.375	0.030	Terrain/Terrain (1)
-12.875	-1.875	0.750	Floor/Floor 2x2 side (17)
-12.875	-1.875	0.030	Terrain/Terrain (1)
-12.875	-1.375	0.750	Floor/Floor 2x2 side (17)
-12.875	-1.375	0.030	Terrain/Terrain (1)
-12.875	-0.875	0.750	Floor/Floor 2x2 (43)
-12.875	-0.875	0.030	Terrain/Terrain (1)
-12.875	-0.375	0.750	Floor/Floor 2x2 (43)
-12.875	-0.375	0.030	Terrain/Terrain (1)
-12.875	0.125	0.750	Floor/Floor 2x2 (43)
-12.875	0.125	0.030	Terrain/Terrain (1)
-12.875	0.625	0.750	Floor/Floor 2x2 (43)
-12.875	0.625	0.030	Terrain/Terrain (1)
-12.875	1.125	0.750	Floor/Floor 2x2 (44)
-12.875	1.125	0.030	Terrain/Terrain (1)
-12.875	1.625	0.750	Floor/Floor 2x2 (44)
-12.875	1.625	0.030	Terrain/Terrain (1)
-12.875	2.125	0.750	Floor/Floor 2x2 (44)
-12.875	2.125	0.030	Terrain/Terrain (1)
-12.875	2.625	0.750	Floor/Floor 2x2 (44)
-12.875	2.625	0.030	Terrain/Terrain (1)
-12.875	3.125	0.750	Floor/Floor 2x2 (45)
-12.875	3.125	0.030	Terrain/Terrain (1)
-12.875	3.625	0.750	Floor/Floor 2x2 (45)
-12.875	3.625	0.030	Terrain/Terrain (1)
-12.875	4.125	0.750	Floor/Floor 2x2 (45)
-12.875	4.125	0.030	Terrain/Terrain (1)
-12.875	4.625	0.750	Floor/Floor 2x2 (45)
-12.875	4.625	0.030	Terrain/Terrain (1)
-12.875	5.125	0.750	Floor/Floor 2x2 (46)
-12.875	5.125	0.030	Terrain/Terrain (1)
-12.875	5.625	0.750	Floor/Floor 2x2 (46)
-12.875	5.625	0.030	Terrain/Terrain (1)
-12.875	6.125	0.750	Floor/Floor 2x2 (46)
-12.875	6.125	0.030	Terrain/Terrain (1)
-12.875	6.625	0.750	Floor/Floor 2x2 (46)
-12.875	6.625	0.030	Terrain/Terrain (1)
-12.875	7.125	0.750	Floor/Floor 2x2 (47)
-12.875	7.125	0.030	Terrain/Terrain (1)
-12.875	7.625	0.750	Floor/Floor 2x2 (47)
-12.875	7.625	0.030	Terrain/Terrain (1)
-12.875	8.125	0.750	Floor/Floor 2x2 (47)
-12.875	8.125	0.030	Terrain/Terrain (1)
-12.875	8.625	0.750	Floor/Floor 2x2 (47)
-12.875	8.625	0.030	Terrain/Terrain (1)
-12.875	9.125	0.750	Floor/Floor 2x2 (70)
-12.875	9.125	0.030	Terrain/Terrain (1)
-12.875	9.625	0.750	Floor/Floor 2x2 (70)
-12.875	9.625	0.030	Terrain/Terrain (1)
-12.875	10.125	0.750	Floor/Floor 2x2 (70)
-12.875	10.125	0.019	Terrain/Terrain (1)
-12.875	10.625	0.750	Floor/Floor 2x2 (70)
-12.875	10.625	0.013	Terrain/Terrain (1)
-12.875	11.125	0.250	Backyard/Floor 2/Floor 2x2 (36)
-12.875	11.125	0.012	Terrain/Terrain (1)
-12.875	11.625	0.250	Backyard/Floor 2/Floor 2x2 (36)
-12.875	11.625	-0.042	Terrain/Terrain (1)
-12.875	12.125	0.250	Backyard/Floor 2/Floor 2x2 (36)
-12.875	12.125	-0.060	Terrain/Terrain (1)
-12.875	12.625	0.250	Backyard/Floor 2/Floor 2x2 (37)
-12.875	12.625	-0.060	Terrain/Terrain (1)
-12.875	13.125	0.250	Backyard/Floor 2/Floor 2x2 (37)
-12.875	13.125	-0.060	Terrain/Terrain (1)
-12.875	13.625	0.250	Backyard/Floor 2/Floor 2x2 (37)
-12.875	13.625	-0.063	Terrain/Terrain (1)
-12.875	14.125	0.250	Backyard/Floor 2/Floor 2x2 (37)
-12.875	14.125	-0.389	Terrain/Terrain (1)
-12.875	14.625	0.250	Backyard/Floor 2/Floor 2x2 (38)
-12.875	14.625	-0.540	Terrain/Terrain (1)
-12.875	15.125	0.250	Backyard/Floor 2/Floor 2x2 (38)
-12.875	15.125	-0.540	Terrain/Terrain (1)
-12.875	15.625	0.250	Backyard/Floor 2/Floor 2x2 (38)
-12.875	15.625	-0.540	Terrain/Terrain (1)
-12.875	16.125	0.250	Backyard/Floor 2/Floor 2x2 (38)
-12.875	16.125	-0.540	Terrain/Terrain (1)
-12.875	16.625	0.250	Backyard/Floor 2/Floor 2x2 (39)
-12.875	16.625	-0.587	Terrain/Terrain (1)
-12.875	17.125	0.250	Backyard/Floor 2/Floor 2x2 (39)
-12.875	17.125	-0.709	Terrain/Terrain (1)
-12.875	17.625	0.250	Backyard/Floor 2/Floor 2x2 (39)
-12.875	17.625	-0.825	Terrain/Terrain (1)
-12.875	18.125	0.250	Backyard/Floor 2/Floor 2x2 (39)
-12.875	18.125	-0.981	Terrain/Terrain (1)
-12.875	18.625	0.250	Backyard/Floor 2/Floor 2x2 (40)
-12.875	18.625	-1.132	Terrain/Terrain (1)
-12.875	19.125	0.250	Backyard/Floor 2/Floor 2x2 (40)
-12.875	19.125	-1.246	Terrain/Terrain (1)
-12.875	19.625	0.250	Backyard/Floor 2/Floor 2x2 (40)
-12.875	20.125	0.250	Backyard/Floor 2/Floor 2x2 (40)
-12.875	20.625	0.250	Backyard/Pool back/Pool2/Floor/Floor 2x2 side
-12.875	21.125	0.250	Backyard/Pool back/Pool2/Floor/Floor 2x2 side
-12.875	21.125	-1.416	Terrain/Terrain (1)
-12.875	21.625	0.250	Backyard/Pool back/Pool2/Floor/Floor 2x2 side
-12.875	21.625	-1.407	Terrain/Terrain (1)
-12.875	22.125	0.250	Backyard/Pool back/Pool2/Floor/Floor 2x2 side
-12.875	22.125	-1.152	Terrain/Terrain (1)
-12.875	22.625	0.259	Backyard/Pool back/Pool2/pool corner top 3x3 (1)/pool corner top 3x3.001
-12.875	22.625	-0.852	Terrain/Terrain (1)
-12.875	23.125	0.259	Backyard/Pool back/Pool2/pool corner top 3x3 (1)/pool corner top 3x3.001
-12.875	23.125	-0.838	Terrain/Terrain (1)
-12.875	23.625	0.279	Backyard/Pool back/Pool2/pool corner top 3x3 (1)
-12.875	24.125	-2.051	Terrain/Terrain (1)
-12.875	24.625	-2.100	Terrain/Terrain (1)
-12.875	25.125	-2.100	Terrain/Terrain (1)
-12.875	25.625	-1.787	Backyard/Pool back/Pool2/Bottom/Pool Bottom (52)
-12.875	25.625	-2.100	Terrain/Terrain (1)
-12.875	26.125	-1.787	Backyard/Pool back/Pool2/Bottom/Pool Bottom (52)
-12.875	26.125	-2.100	Terrain/Terrain (1)
-12.875	26.625	-1.787	Backyard/Pool back/Pool2/Bottom/Pool Bottom (54)
-12.875	26.625	-2.100	Terrain/Terrain (1)
-12.875	27.125	-1.787	Backyard/Pool back/Pool2/Bottom/Pool Bottom (54)
-12.875	27.125	-2.100	Terrain/Terrain (1)
-12.875	27.625	-2.100	Terrain/Terrain (1)
-12.875	28.125	-2.100	Terrain/Terrain (1)
-12.875	28.625	-2.100	Terrain/Terrain (1)
-12.875	29.125	-2.100	Terrain/Terrain (1)
-12.875	29.625	0.270	Backyard/Pool back/Pool2/pool corner top 3x3
-12.875	29.625	-2.100	Terrain/Terrain (1)
-12.875	30.125	0.250	Backyard/Pool back/Pool2/pool corner top 3x3/pool corner top 3x3.001
-12.875	30.125	-2.100	Terrain/Terrain (1)
-12.875	30.625	-2.100	Terrain/Terrain (1)
-12.875	31.125	-2.100	Terrain/Terrain (1)
-12.875	31.625	-2.100	Terrain/Terrain (1)
-12.875	32.625	-1.797	Terrain/Terrain (1)
-12.375	-4.875	0.030	Terrain/Terrain (1)
-12.375	-4.375	0.030	Terrain/Terrain (1)
-12.375	-3.875	0.030	Terrain/Terrain (1)
-12.375	-3.375	0.030	Terrain/Terrain (1)
-12.375	-2.875	0.750	Floor/Floor 2x2 side (17)
-12.375	-2.875	0.030	Terrain/Terrain (1)
-12.375	-2.375	0.750	Floor/Floor 2x2 side (17)
-12.375	-2.375	0.030	Terrain/Terrain (1)
-12.375	-1.875	0.750	Floor/Floor 2x2 side (17)
-12.375	-1.875	0.030	Terrain/Terrain (1)
-12.375	-1.375	0.750	Floor/Floor 2x2 side (17)
-12.375	-1.375	0.026	Terrain/Terrain (1)
-12.375	-0.875	0.750	Floor/Floor 2x2 (43)
-12.375	-0.875	0.014	Terrain/Terrain (1)
-12.375	-0.375	0.750	Floor/Floor 2x2 (43)
-12.375	-0.375	0.030	Terrain/Terrain (1)
-12.375	0.125	0.750	Floor/Floor 2x2 (43)
-12.375	0.125	0.030	Terrain/Terrain (1)
-12.375	0.625	0.750	Floor/Floor 2x2 (43)
-12.375	0.625	0.030	Terrain/Terrain (1)
-12.375	1.125	0.750	Floor/Floor 2x2 (44)
-12.375	1.125	0.030	Terrain/Terrain (1)
-12.375	1.625	0.750	Floor/Floor 2x2 (44)
-12.375	1.625	0.030	Terrain/Terrain (1)
-12.375	2.125	0.750	Floor/Floor 2x2 (44)
-12.375	2.125	0.030	Terrain/Terrain (1)
-12.375	2.625	0.750	Floor/Floor 2x2 (44)
-12.375	2.625	0.030	Terrain/Terrain (1)
-12.375	3.125	0.750	Floor/Floor 2x2 (45)
-12.375	3.125	0.030	Terrain/Terrain (1)
-12.375	3.625	0.750	Floor/Floor 2x2 (45)
-12.375	3.625	0.030	Terrain/Terrain (1)
-12.375	4.125	0.750	Floor/Floor 2x2 (45)
-12.375	4.125	0.030	Terrain/Terrain (1)
-12.375	4.625	0.750	Floor/Floor 2x2 (45)
-12.375	4.625	0.030	Terrain/Terrain (1)
-12.375	5.125	0.750	Floor/Floor 2x2 (46)
-12.375	5.125	0.030	Terrain/Terrain (1)
-12.375	5.625	0.750	Floor/Floor 2x2 (46)
-12.375	5.625	0.030	Terrain/Terrain (1)
-12.375	6.125	0.750	Floor/Floor 2x2 (46)
-12.375	6.125	0.030	Terrain/Terrain (1)
-12.375	6.625	0.750	Floor/Floor 2x2 (46)
-12.375	6.625	0.030	Terrain/Terrain (1)
-12.375	7.125	0.750	Floor/Floor 2x2 (47)
-12.375	7.125	0.030	Terrain/Terrain (1)
-12.375	7.625	0.750	Floor/Floor 2x2 (47)
-12.375	7.625	0.030	Terrain/Terrain (1)
-12.375	8.125	0.750	Floor/Floor 2x2 (47)
-12.375	8.125	0.030	Terrain/Terrain (1)
-12.375	8.625	0.750	Floor/Floor 2x2 (47)
-12.375	8.625	0.030	Terrain/Terrain (1)
-12.375	9.125	0.750	Floor/Floor 2x2 (70)
-12.375	9.125	0.030	Terrain/Terrain (1)
-12.375	9.625	0.750	Floor/Floor 2x2 (70)
-12.375	9.625	0.029	Terrain/Terrain (1)
-12.375	10.125	0.750	Floor/Floor 2x2 (70)
-12.375	10.125	0.013	Terrain/Terrain (1)
-12.375	10.625	0.750	Floor/Floor 2x2 (70)
-12.375	10.625	0.013	Terrain/Terrain (1)
-12.375	11.125	0.250	Backyard/Floor 2/Floor 2x2 (36)
-12.375	11.125	-0.008	Terrain/Terrain (1)
-12.375	11.625	0.250	Backyard/Floor 2/Floor 2x2 (36)
-12.375	11.625	-0.060	Terrain/Terrain (1)
-12.375	12.125	0.250	Backyard/Floor 2/Floor 2x2 (36)
-12.375	12.125	-0.060	Terrain/Terrain (1)
-12.375	12.625	0.250	Backyard/Floor 2/Floor 2x2 (37)
-12.375	12.625	-0.060	Terrain/Terrain (1)
-12.375	13.125	0.250	Backyard/Floor 2/Floor 2x2 (37)
-12.375	13.125	-0.060	Terrain/Terrain (1)
-12.375	13.625	0.250	Backyard/Floor 2/Floor 2x2 (37)
-12.375	13.625	-0.101	Terrain/Terrain (1)
-12.375	14.125	0.250	Backyard/Floor 2/Floor 2x2 (37)
-12.375	14.125	-0.474	Terrain/Terrain (1)
-12.375	14.625	0.250	Backyard/Floor 2/Floor 2x2 (38)
-12.375	14.625	-0.540	Terrain/Terrain (1)
-12.375	15.125	0.250	Backyard/Floor 2/Floor 2x2 (38)
-12.375	15.125	-0.540	Terrain/Terrain (1)
-12.375	15.625	0.250	Backyard/Floor 2/Floor 2x2 (38)
-12.375	15.625	-0.540	Terrain/Terrain (1)
-12.375	16.125	0.250	Backyard/Floor 2/Floor 2x2 (38)
-12.375	16.125	-0.558	Terrain/Terrain (1)
-12.375	16.625	0.250	Backyard/Floor 2/Floor 2x2 (39)
-12.375	16.625	-0.704	Terrain/Terrain (1)
-12.375	17.125	0.250	Backyard/Floor 2/Floor 2x2 (39)
-12.375	17.125	-0.831	Terrain/Terrain (1)
-12.375	17.625	0.250	Backyard/Floor 2/Floor 2x2 (39)
-12.375	17.625	-0.988	Terrain/Terrain (1)
-12.375	18.125	0.250	Backyard/Floor 2/Floor 2x2 (39)
-12.375	18.125	-1.133	Terrain/Terrain (1)
-12.375	18.625	0.250	Backyard/Floor 2/Floor 2x2 (40)
-12.375	18.625	-1.211	Terrain/Terrain (1)
-12.375	19.125	0.250	Backyard/Floor 2/Floor 2x2 (40)
-12.375	19.125	-1.371	Terrain/Terrain (1)
-12.375	19.625	0.250	Backyard/Floor 2/Floor 2x2 (40)
-12.375	19.625	-1.770	Terrain/Terrain (1)
-12.375	20.125	0.250	Backyard/Floor 2/Floor 2x2 (40)
-12.375	20.125	-1.896	Terrain/Terrain (1)
-12.375	20.625	0.250	Backyard/Pool back/Pool2/Floor/Floor 2x2 (8)
-12.375	21.125	0.250	Backyard/Pool back/Pool2/Floor/Floor 2x2 (8)
-12.375	21.125	-1.351	Terrain/Terrain (1)
-12.375	21.625	0.250	Backyard/Pool back/Pool2/Floor/Floor 2x2 (8)
-12.375	21.625	-1.453	Terrain/Terrain (1)
-12.375	22.125	0.250	Backyard/Pool back/Pool2/Floor/Floor 2x2 (8)
-12.375	22.625	0.259	Backyard/Pool back/Pool2/pool corner top 3x3 (1)/pool corner top 3x3.001
-12.375	22.625	-1.456	Terrain/Terrain (1)
-12.375	23.125	0.279	Backyard/Pool back/Pool2/pool corner top 3x3 (1)
-12.375	23.625	-2.036	Terrain/Terrain (1)
-12.375	24.125	-2.100	Terrain/Terrain (1)
-12.375	24.625	-2.100	Terrain/Terrain (1)
-12.375	25.125	-2.100	Terrain/Terrain (1)
-12.375	25.625	-1.787	Backyard/Pool back/Pool2/Bottom/Pool Bottom (52)
-12.375	25.625	-2.100	Terrain/Terrain (1)
-12.375	26.125	-1.787	Backyard/Pool back/Pool2/Bottom/Pool Bottom (52)
-12.375	26.125	-2.100	Terrain/Terrain (1)
-12.375	26.625	-1.787	Backyard/Pool back/Pool2/Bottom/Pool Bottom (54)
-12.375	26.625	-2.100	Terrain/Terrain (1)
-12.375	27.125	-1.787	Backyard/Pool back/Pool2/Bottom/Pool Bottom (54)
-12.375	27.125	-2.100	Terrain/Terrain (1)
-12.375	27.625	-2.100	Terrain/Terrain (1)
-12.375	28.125	-2.100	Terrain/Terrain (1)
-12.375	28.625	-2.100	Terrain/Terrain (1)
-12.375	29.125	-2.100	Terrain/Terrain (1)
-12.375	29.625	0.270	Backyard/Pool back/Pool2/pool corner top 3x3
-12.375	29.625	-2.100	Terrain/Terrain (1)
-12.375	30.125	0.270	Backyard/Pool back/Pool2/pool corner top 3x3
-12.375	30.125	-2.100	Terrain/Terrain (1)
-12.375	30.625	-2.100	Terrain/Terrain (1)
-12.375	31.125	-2.100	Terrain/Terrain (1)
-12.375	31.625	-2.100	Terrain/Terrain (1)
-12.375	32.125	-2.100	Terrain/Terrain (1)
-12.375	32.625	-1.889	Terrain/Terrain (1)
-11.875	-4.875	0.023	Terrain/Terrain (1)
-11.875	-4.375	0.027	Terrain/Terrain (1)
-11.875	-3.875	0.030	Terrain/Terrain (1)
-11.875	-3.375	0.030	Terrain/Terrain (1)
-11.875	-2.875	0.750	Floor/Floor 2x2 side (17)
-11.875	-2.875	0.030	Terrain/Terrain (1)
-11.875	-2.375	0.750	Floor/Floor 2x2 side (17)
-11.875	-2.375	0.018	Terrain/Terrain (1)
-11.875	-1.875	0.750	Floor/Floor 2x2 side (17)
-11.875	-1.875	0.015	Terrain/Terrain (1)
-11.875	-1.375	0.750	Floor/Floor 2x2 side (17)
-11.875	-1.375	0.013	Terrain/Terrain (1)
-11.875	-0.875	0.750	Floor/Floor 2x2 (43)
-11.875	-0.875	0.013	Terrain/Terrain (1)
-11.875	-0.375	0.750	Floor/Floor 2x2 (43)
-11.875	-0.375	0.026	Terrain/Terrain (1)
-11.875	0.125	0.750	Floor/Floor 2x2 (43)
-11.875	0.125	0.030	Terrain/Terrain (1)
-11.875	0.625	0.750	Floor/Floor 2x2 (43)
-11.875	0.625	0.030	Terrain/Terrain (1)
-11.875	1.125	0.750	Floor/Floor 2x2 (44)
-11.875	1.125	0.030	Terrain/Terrain (1)
-11.875	1.625	0.750	Floor/Floor 2x2 (44)
-11.875	1.625	0.030	Terrain/Terrain (1)
-11.875	2.125	0.750	Floor/Floor 2x2 (44)
-11.875	2.125	0.030	Terrain/Terrain (1)
-11.875	2.625	0.750	Floor/Floor 2x2 (44)
-11.875	2.625	0.030	Terrain/Terrain (1)
-11.875	3.125	0.750	Floor/Floor 2x2 (45)
-11.875	3.125	0.030	Terrain/Terrain (1)
-11.875	3.625	0.750	Floor/Floor 2x2 (45)
-11.875	3.625	0.030	Terrain/Terrain (1)
-11.875	4.125	0.750	Floor/Floor 2x2 (45)
-11.875	4.125	0.030	Terrain/Terrain (1)
-11.875	4.625	0.750	Floor/Floor 2x2 (45)
-11.875	4.625	0.030	Terrain/Terrain (1)
-11.875	5.125	0.750	Floor/Floor 2x2 (46)
-11.875	5.125	0.030	Terrain/Terrain (1)
-11.875	5.625	0.750	Floor/Floor 2x2 (46)
-11.875	5.625	0.030	Terrain/Terrain (1)
-11.875	6.125	0.750	Floor/Floor 2x2 (46)
-11.875	6.125	0.030	Terrain/Terrain (1)
-11.875	6.625	0.750	Floor/Floor 2x2 (46)
-11.875	6.625	0.030	Terrain/Terrain (1)
-11.875	7.125	0.750	Floor/Floor 2x2 (47)
-11.875	7.125	0.030	Terrain/Terrain (1)
-11.875	7.625	0.750	Floor/Floor 2x2 (47)
-11.875	7.625	0.030	Terrain/Terrain (1)
-11.875	8.125	0.750	Floor/Floor 2x2 (47)
-11.875	8.125	0.030	Terrain/Terrain (1)
-11.875	8.625	0.750	Floor/Floor 2x2 (47)
-11.875	8.625	0.030	Terrain/Terrain (1)
-11.875	9.125	0.750	Floor/Floor 2x2 (70)
-11.875	9.125	0.030	Terrain/Terrain (1)
-11.875	9.625	0.750	Floor/Floor 2x2 (70)
-11.875	9.625	0.020	Terrain/Terrain (1)
-11.875	10.125	0.750	Floor/Floor 2x2 (70)
-11.875	10.125	0.013	Terrain/Terrain (1)
-11.875	10.625	0.750	Floor/Floor 2x2 (70)
-11.875	10.625	0.002	Terrain/Terrain (1)
-11.875	11.125	0.250	Backyard/Floor 2/Floor 2x2 (36)
-11.875	11.125	-0.057	Terrain/Terrain (1)
-11.875	11.625	0.250	Backyard/Floor 2/Floor 2x2 (36)
-11.875	11.625	-0.060	Terrain/Terrain (1)
-11.875	12.125	0.250	Backyard/Floor 2/Floor 2x2 (36)
-11.875	12.125	-0.060	Terrain/Terrain (1)
-11.875	12.625	0.250	Backyard/Floor 2/Floor 2x2 (37)
-11.875	12.625	-0.060	Terrain/Terrain (1)
-11.875	13.125	0.250	Backyard/Floor 2/Floor 2x2 (37)
-11.875	13.125	-0.061	Terrain/Terrain (1)
-11.875	13.625	0.250	Backyard/Floor 2/Floor 2x2 (37)
-11.875	13.625	-0.261	Terrain/Terrain (1)
-11.875	14.125	0.250	Backyard/Floor 2/Floor 2x2 (37)
-11.875	14.125	-0.524	Terrain/Terrain (1)
-11.875	14.625	0.250	Backyard/Floor 2/Floor 2x2 (38)
-11.875	14.625	-0.540	Terrain/Terrain (1)
-11.875	15.125	0.250	Backyard/Floor 2/Floor 2x2 (38)
-11.875	15.125	-0.540	Terrain/Terrain (1)
-11.875	15.625	0.250	Backyard/Floor 2/Floor 2x2 (38)
-11.875	15.625	-0.555	Terrain/Terrain (1)
-11.875	16.125	0.250	Backyard/Floor 2/Floor 2x2 (38)
-11.875	16.125	-0.692	Terrain/Terrain (1)
-11.875	16.625	0.250	Backyard/Floor 2/Floor 2x2 (39)
-11.875	16.625	-0.872	Terrain/Terrain (1)
-11.875	17.125	0.250	Backyard/Floor 2/Floor 2x2 (39)
-11.875	17.125	-1.027	Terrain/Terrain (1)
-11.875	17.625	0.250	Backyard/Floor 2/Floor 2x2 (39)
-11.875	17.625	-1.147	Terrain/Terrain (1)
-11.875	18.125	0.250	Backyard/Floor 2/Floor 2x2 (39)
-11.875	18.125	-1.205	Terrain/Terrain (1)
-11.875	18.625	0.250	Backyard/Floor 2/Floor 2x2 (40)
-11.875	18.625	-1.296	Terrain/Terrain (1)
-11.875	19.125	0.250	Backyard/Floor 2/Floor 2x2 (40)
-11.875	19.125	-1.503	Terrain/Terrain (1)
-11.875	19.625	0.250	Backyard/Floor 2/Floor 2x2 (40)
-11.875	19.625	-1.798	Terrain/Terrain (1)
-11.875	20.125	0.250	Backyard/Floor 2/Floor 2x2 (40)
-11.875	20.125	-1.902	Terrain/Terrain (1)
-11.875	20.625	0.250	Backyard/Pool back/Pool2/Floor/Floor 2x2 (8)
-11.875	20.625	-1.858	Terrain/Terrain (1)
-11.875	21.125	0.250	Backyard/Pool back/Pool2/Floor/Floor 2x2 (8)
-11.875	21.125	-1.652	Terrain/Terrain (1)
-11.875	21.625	0.250	Backyard/Pool back/Pool2/Floor/Floor 2x2 (8)
-11.875	21.625	-1.476	Terrain/Terrain (1)
-11.875	22.125	0.250	Backyard/Pool back/Pool2/Floor/Floor 2x2 (8)
-11.875	22.625	0.259	Backyard/Pool back/Pool2/pool corner top 3x3 (1)/pool corner top 3x3.001
-11.875	23.125	0.279	Backyard/Pool back/Pool2/pool corner top 3x3 (1)
-11.875	23.125	-2.078	Terrain/Terrain (1)
-11.875	23.625	-2.100	Terrain/Terrain (1)
-11.875	24.125	-2.100	Terrain/Terrain (1)
-11.875	24.625	-2.100	Terrain/Terrain (1)
-11.875	25.125	-2.100	Terrain/Terrain (1)
-11.875	25.625	-1.787	Backyard/Pool back/Pool2/Bottom/Pool Bottom (51)
-11.875	25.625	-2.100	Terrain/Terrain (1)
-11.875	26.125	-1.787	Backyard/Pool back/Pool2/Bottom/Pool Bottom (51)
-11.875	26.125	-2.100	Terrain/Terrain (1)
-11.875	26.625	-1.787	Backyard/Pool back/Pool2/Bottom/Pool Bottom (53)
-11.875	26.625	-2.100	Terrain/Terrain (1)
-11.875	27.125	-1.787	Backyard/Pool back/Pool2/Bottom/Pool Bottom (53)
-11.875	27.125	-2.100	Terrain/Terrain (1)
-11.875	27.625	-2.100	Terrain/Terrain (1)
-11.875	28.125	-2.100	Terrain/Terrain (1)
-11.875	28.625	-2.100	Terrain/Terrain (1)
-11.875	29.125	-2.100	Terrain/Terrain (1)
-11.875	29.625	-2.100	Terrain/Terrain (1)
-11.875	30.125	0.270	Backyard/Pool back/Pool2/pool corner top 3x3
-11.875	30.125	-2.100	Terrain/Terrain (1)
-11.875	30.625	-2.100	Terrain/Terrain (1)
-11.875	31.125	-2.100	Terrain/Terrain (1)
-11.875	31.625	-2.100	Terrain/Terrain (1)
-11.875	32.125	-2.100	Terrain/Terrain (1)
-11.875	32.625	-2.072	Terrain/Terrain (1)
-11.375	-4.875	-0.060	Terrain/Terrain (1)
-11.375	-4.375	-0.060	Terrain/Terrain (1)
-11.375	-3.875	-0.060	Terrain/Terrain (1)
-11.375	-3.375	-0.006	Terrain/Terrain (1)
-11.375	-2.875	0.750	Floor/Floor 2x2 side (17)
-11.375	-2.875	0.013	Terrain/Terrain (1)
-11.375	-2.375	0.750	Floor/Floor 2x2 side (17)
-11.375	-2.375	0.013	Terrain/Terrain (1)
-11.375	-1.875	0.750	Floor/Floor 2x2 side (17)
-11.375	-1.875	0.013	Terrain/Terrain (1)
-11.375	-1.375	0.750	Floor/Floor 2x2 side (17)
-11.375	-1.375	0.013	Terrain/Terrain (1)
-11.375	-0.875	0.750	Floor/Floor 2x2 (43)
-11.375	-0.875	0.013	Terrain/Terrain (1)
-11.375	-0.375	0.750	Floor/Floor 2x2 (43)
-11.375	-0.375	0.013	Terrain/Terrain (1)
-11.375	0.125	0.750	Floor/Floor 2x2 (43)
-11.375	0.125	0.029	Terrain/Terrain (1)
-11.375	0.625	0.750	Floor/Floor 2x2 (43)
-11.375	0.625	0.030	Terrain/Terrain (1)
-11.375	1.125	0.750	Floor/Floor 2x2 (44)
-11.375	1.125	0.030	Terrain/Terrain (1)
-11.375	1.625	0.750	Floor/Floor 2x2 (44)
-11.375	1.625	0.030	Terrain/Terrain (1)
-11.375	2.125	0.750	Floor/Floor 2x2 (44)
-11.375	2.125	0.030	Terrain/Terrain (1)
-11.375	2.625	0.750	Floor/Floor 2x2 (44)
-11.375	2.625	0.030	Terrain/Terrain (1)
-11.375	3.125	0.750	Floor/Floor 2x2 (45)
-11.375	3.125	0.030	Terrain/Terrain (1)
-11.375	3.625	0.750	Floor/Floor 2x2 (45)
-11.375	3.625	0.030	Terrain/Terrain (1)
-11.375	4.125	0.750	Floor/Floor 2x2 (45)
-11.375	4.125	0.030	Terrain/Terrain (1)
-11.375	4.625	0.750	Floor/Floor 2x2 (45)
-11.375	4.625	0.030	Terrain/Terrain (1)
-11.375	5.125	0.750	Floor/Floor 2x2 (46)
-11.375	5.125	0.030	Terrain/Terrain (1)
-11.375	5.625	0.750	Floor/Floor 2x2 (46)
-11.375	5.625	0.030	Terrain/Terrain (1)
-11.375	6.125	0.750	Floor/Floor 2x2 (46)
-11.375	6.125	0.030	Terrain/Terrain (1)
-11.375	6.625	0.750	Floor/Floor 2x2 (46)
-11.375	6.625	0.030	Terrain/Terrain (1)
-11.375	7.125	0.750	Floor/Floor 2x2 (47)
-11.375	7.125	0.030	Terrain/Terrain (1)
-11.375	7.625	0.750	Floor/Floor 2x2 (47)
-11.375	7.625	0.030	Terrain/Terrain (1)
-11.375	8.125	0.750	Floor/Floor 2x2 (47)
-11.375	8.125	0.030	Terrain/Terrain (1)
-11.375	8.625	0.750	Floor/Floor 2x2 (47)
-11.375	8.625	0.030	Terrain/Terrain (1)
-11.375	9.125	0.750	Floor/Floor 2x2 (70)
-11.375	9.125	0.027	Terrain/Terrain (1)
-11.375	9.625	0.750	Floor/Floor 2x2 (70)
-11.375	9.625	0.013	Terrain/Terrain (1)
-11.375	10.125	0.750	Floor/Floor 2x2 (70)
-11.375	10.125	0.002	Terrain/Terrain (1)
-11.375	10.625	0.750	Floor/Floor 2x2 (70)
-11.375	10.625	-0.052	Terrain/Terrain (1)
-11.375	11.125	0.250	Backyard/Floor 2/Floor 2x2 (36)
-11.375	11.125	-0.060	Terrain/Terrain (1)
-11.375	11.625	0.250	Backyard/Floor 2/Floor 2x2 (36)
-11.375	11.625	-0.060	Terrain/Terrain (1)
-11.375	12.125	0.250	Backyard/Floor 2/Floor 2x2 (36)
-11.375	12.125	-0.060	Terrain/Terrain (1)
-11.375	12.625	0.250	Backyard/Floor 2/Floor 2x2 (37)
-11.375	12.625	-0.060	Terrain/Terrain (1)
-11.375	13.125	0.250	Backyard/Floor 2/Floor 2x2 (37)
-11.375	13.125	-0.104	Terrain/Terrain (1)
-11.375	13.625	0.250	Backyard/Floor 2/Floor 2x2 (37)
-11.375	13.625	-0.429	Terrain/Terrain (1)
-11.375	14.125	0.250	Backyard/Floor 2/Floor 2x2 (37)
-11.375	14.125	-0.539	Terrain/Terrain (1)
-11.375	14.625	0.250	Backyard/Floor 2/Floor 2x2 (38)
-11.375	14.625	-0.543	Terrain/Terrain (1)
-11.375	15.125	0.250	Backyard/Floor 2/Floor 2x2 (38)
-11.375	15.125	-0.585	Terrain/Terrain (1)
-11.375	15.625	0.250	Backyard/Floor 2/Floor 2x2 (38)
-11.375	15.625	-0.726	Terrain/Terrain (1)
-11.375	16.125	0.250	Backyard/Floor 2/Floor 2x2 (38)
-11.375	16.125	-0.941	Terrain/Terrain (1)
-11.375	16.625	0.250	Backyard/Floor 2/Floor 2x2 (39)
-11.375	16.625	-1.086	Terrain/Terrain (1)
-11.375	17.125	0.250	Backyard/Floor 2/Floor 2x2 (39)
-11.375	17.125	-1.174	Terrain/Terrain (1)
-11.375	17.625	0.250	Backyard/Floor 2/Floor 2x2 (39)
-11.375	17.625	-1.207	Terrain/Terrain (1)
-11.375	18.125	0.250	Backyard/Floor 2/Floor 2x2 (39)
-11.375	18.125	-1.264	Terrain/Terrain (1)
-11.375	18.625	0.250	Backyard/Floor 2/Floor 2x2 (40)
-11.375	18.625	-1.409	Terrain/Terrain (1)
-11.375	19.125	0.250	Backyard/Floor 2/Floor 2x2 (40)
-11.375	19.125	-1.623	Terrain/Terrain (1)
-11.375	19.625	0.250	Backyard/Floor 2/Floor 2x2 (40)
-11.375	19.625	-1.874	Terrain/Terrain (1)
-11.375	20.125	0.250	Backyard/Floor 2/Floor 2x2 (40)
-11.375	20.125	-1.902	Terrain/Terrain (1)
-11.375	20.625	0.250	Backyard/Pool back/Pool2/Floor/Floor 2x2 (8)
-11.375	20.625	-1.902	Terrain/Terrain (1)
-11.375	21.125	0.250	Backyard/Pool back/Pool2/Floor/Floor 2x2 (8)
-11.375	21.125	-1.884	Terrain/Terrain (1)
-11.375	21.625	0.250	Backyard/Pool back/Pool2/Floor/Floor 2x2 (8)
-11.375	21.625	-1.772	Terrain/Terrain (1)
-11.375	22.125	0.250	Backyard/Pool back/Pool2/Floor/Floor 2x2 (8)
-11.375	22.125	-1.684	Terrain/Terrain (1)
-11.375	22.625	0.279	Backyard/Pool back/Pool2/pool corner top 3x3 (1)
-11.375	22.625	-1.803	Terrain/Terrain (1)
-11.375	23.125	-2.100	Terrain/Terrain (1)
-11.375	23.625	-2.100	Terrain/Terrain (1)
-11.375	24.125	-2.100	Terrain/Terrain (1)
-11.375	24.625	-2.100	Terrain/Terrain (1)
-11.375	25.125	-2.100	Terrain/Terrain (1)
-11.375	25.625	-1.787	Backyard/Pool back/Pool2/Bottom/Pool Bottom (51)
-11.375	25.625	-2.100	Terrain/Terrain (1)
-11.375	26.125	-1.787	Backyard/Pool back/Pool2/Bottom/Pool Bottom (51)
-11.375	26.125	-2.100	Terrain/Terrain (1)
-11.375	26.625	-1.787	Backyard/Pool back/Pool2/Bottom/Pool Bottom (53)
-11.375	26.625	-2.100	Terrain/Terrain (1)
-11.375	27.125	-1.787	Backyard/Pool back/Pool2/Bottom/Pool Bottom (53)
-11.375	27.125	-2.100	Terrain/Terrain (1)
-11.375	27.625	-2.100	Terrain/Terrain (1)
-11.375	28.125	-2.100	Terrain/Terrain (1)
-11.375	28.625	-2.100	Terrain/Terrain (1)
-11.375	29.125	-2.100	Terrain/Terrain (1)
-11.375	29.625	-2.100	Terrain/Terrain (1)
-11.375	30.125	0.270	Backyard/Pool back/Pool2/pool corner top 3x3
-11.375	30.125	-2.100	Terrain/Terrain (1)
-11.375	30.625	-2.100	Terrain/Terrain (1)
-11.375	31.125	-2.100	Terrain/Terrain (1)
-11.375	31.625	-2.100	Terrain/Terrain (1)
-11.375	32.125	-2.100	Terrain/Terrain (1)
-11.375	32.625	-2.088	Terrain/Terrain (1)
-10.875	-4.875	-0.060	Terrain/Terrain (1)
-10.875	-4.375	-0.060	Terrain/Terrain (1)
-10.875	-3.875	-0.060	Terrain/Terrain (1)
-10.875	-3.375	-0.060	Terrain/Terrain (1)
-10.875	-2.875	0.750	Floor/Floor 2x2 side (20)
-10.875	-2.875	-0.018	Terrain/Terrain (1)
-10.875	-2.375	0.750	Floor/Floor 2x2 side (20)
-10.875	-2.375	0.012	Terrain/Terrain (1)
-10.875	-1.875	0.750	Floor/Floor 2x2 side (20)
-10.875	-1.875	0.013	Terrain/Terrain (1)
-10.875	-1.375	0.750	Floor/Floor 2x2 side (20)
-10.875	-1.375	0.013	Terrain/Terrain (1)
-10.875	-0.875	0.750	Floor/Floor 2x2 (37)
-10.875	-0.875	0.013	Terrain/Terrain (1)
-10.875	-0.375	0.750	Floor/Floor 2x2 (37)
-10.875	-0.375	0.013	Terrain/Terrain (1)
-10.875	0.125	0.750	Floor/Floor 2x2 (37)
-10.875	0.125	0.013	Terrain/Terrain (1)
-10.875	0.625	0.750	Floor/Floor 2x2 (37)
-10.875	0.625	0.029	Terrain/Terrain (1)
-10.875	1.125	0.750	Floor/Floor 2x2 (38)
-10.875	1.125	0.030	Terrain/Terrain (1)
-10.875	1.625	0.750	Floor/Floor 2x2 (38)
-10.875	1.625	0.030	Terrain/Terrain (1)
-10.875	2.125	0.750	Floor/Floor 2x2 (38)
-10.875	2.125	0.030	Terrain/Terrain (1)
-10.875	2.625	0.750	Floor/Floor 2x2 (38)
-10.875	2.625	0.030	Terrain/Terrain (1)
-10.875	3.125	0.750	Floor/Floor 2x2 (39)
-10.875	3.125	0.030	Terrain/Terrain (1)
-10.875	3.625	0.750	Floor/Floor 2x2 (39)
-10.875	3.625	0.030	Terrain/Terrain (1)
-10.875	4.125	0.750	Floor/Floor 2x2 (39)
-10.875	4.125	0.030	Terrain/Terrain (1)
-10.875	4.625	0.750	Floor/Floor 2x2 (39)
-10.875	4.625	0.030	Terrain/Terrain (1)
-10.875	5.125	0.750	Floor/Floor 2x2 (40)
-10.875	5.125	0.030	Terrain/Terrain (1)
-10.875	5.625	0.750	Floor/Floor 2x2 (40)
-10.875	5.625	0.030	Terrain/Terrain (1)
-10.875	6.125	0.750	Floor/Floor 2x2 (40)
-10.875	6.125	0.030	Terrain/Terrain (1)
-10.875	6.625	0.750	Floor/Floor 2x2 (40)
-10.875	6.625	0.030	Terrain/Terrain (1)
-10.875	7.125	0.750	Floor/Floor 2x2 (41)
-10.875	7.125	0.030	Terrain/Terrain (1)
-10.875	7.625	0.750	Floor/Floor 2x2 (41)
-10.875	7.625	0.030	Terrain/Terrain (1)
-10.875	8.125	0.750	Floor/Floor 2x2 (41)
-10.875	8.125	0.030	Terrain/Terrain (1)
-10.875	8.625	0.750	Floor/Floor 2x2 (41)
-10.875	8.625	0.027	Terrain/Terrain (1)
-10.875	9.125	0.750	Floor/Floor 2x2 (69)
-10.875	9.125	0.014	Terrain/Terrain (1)
-10.875	9.625	0.750	Floor/Floor 2x2 (69)
-10.875	9.625	-0.012	Terrain/Terrain (1)
-10.875	10.125	0.750	Floor/Floor 2x2 (69)
-10.875	10.125	-0.059	Terrain/Terrain (1)
-10.875	10.625	0.750	Floor/Floor 2x2 (69)
-10.875	10.625	-0.060	Terrain/Terrain (1)
-10.875	11.125	0.250	Backyard/Floor 2/Floor 2x2 (31)
-10.875	11.125	-0.060	Terrain/Terrain (1)
-10.875	11.625	0.250	Backyard/Floor 2/Floor 2x2 (31)
-10.875	11.625	-0.060	Terrain/Terrain (1)
-10.875	12.125	0.250	Backyard/Floor 2/Floor 2x2 (31)
-10.875	12.125	-0.060	Terrain/Terrain (1)
-10.875	12.625	0.250	Backyard/Floor 2/Floor 2x2 (32)
-10.875	12.625	-0.062	Terrain/Terrain (1)
-10.875	13.125	0.250	Backyard/Floor 2/Floor 2x2 (32)
-10.875	13.125	-0.251	Terrain/Terrain (1)
-10.875	13.625	0.250	Backyard/Floor 2/Floor 2x2 (32)
-10.875	13.625	-0.524	Terrain/Terrain (1)
-10.875	14.125	0.250	Backyard/Floor 2/Floor 2x2 (32)
-10.875	14.125	-0.597	Terrain/Terrain (1)
-10.875	14.625	0.250	Backyard/Floor 2/Floor 2x2 (33)
-10.875	14.625	-0.706	Terrain/Terrain (1)
-10.875	15.125	0.250	Backyard/Floor 2/Floor 2x2 (33)
-10.875	15.125	-0.847	Terrain/Terrain (1)
-10.875	15.625	0.250	Backyard/Floor 2/Floor 2x2 (33)
-10.875	15.625	-1.042	Terrain/Terrain (1)
-10.875	16.125	0.250	Backyard/Floor 2/Floor 2x2 (33)
-10.875	16.125	-1.157	Terrain/Terrain (1)
-10.875	16.625	0.250	Backyard/Floor 2/Floor 2x2 (34)
-10.875	16.625	-1.197	Terrain/Terrain (1)
-10.875	17.125	0.250	Backyard/Floor 2/Floor 2x2 (34)
-10.875	17.125	-1.207	Terrain/Terrain (1)
-10.875	17.625	0.250	Backyard/Floor 2/Floor 2x2 (34)
-10.875	17.625	-1.264	Terrain/Terrain (1)
-10.875	18.125	0.250	Backyard/Floor 2/Floor 2x2 (34)
-10.875	18.125	-1.408	Terrain/Terrain (1)
-10.875	18.625	0.250	Backyard/Floor 2/Floor 2x2 (35)
-10.875	18.625	-1.539	Terrain/Terrain (1)
-10.875	19.125	0.250	Backyard/Floor 2/Floor 2x2 (35)
-10.875	19.125	-1.787	Terrain/Terrain (1)
-10.875	19.625	0.250	Backyard/Floor 2/Floor 2x2 (35)
-10.875	19.625	-1.899	Terrain/Terrain (1)
-10.875	20.125	0.250	Backyard/Floor 2/Floor 2x2 (35)
-10.875	20.125	-1.902	Terrain/Terrain (1)
-10.875	20.625	0.250	Backyard/Pool back/Pool2/Floor/Floor 2x2 (7)
-10.875	20.625	-1.902	Terrain/Terrain (1)
-10.875	21.125	0.250	Backyard/Pool back/Pool2/Floor/Floor 2x2 (7)
-10.875	21.125	-1.902	Terrain/Terrain (1)
-10.875	21.625	0.250	Backyard/Pool back/Pool2/Floor/Floor 2x2 (7)
-10.875	21.625	-1.867	Terrain/Terrain (1)
-10.875	22.125	0.250	Backyard/Pool back/Pool2/Floor/Floor 2x2 (7)
-10.875	22.125	-1.802	Terrain/Terrain (1)
-10.875	22.625	0.270	Backyard/Pool back/Pool2/pool straight top (14)
-10.875	22.625	-1.803	Terrain/Terrain (1)
-10.875	23.125	-1.775	Backyard/Pool back/Pool2/pool straight top (14)/Pool Bottom side
-10.875	23.625	-1.787	Backyard/Pool back/Pool2/Bottom/Pool Bottom (5)
-10.875	23.625	-2.100	Terrain/Terrain (1)
-10.875	24.125	-1.787	Backyard/Pool back/Pool2/Bottom/Pool Bottom (5)
-10.875	24.125	-2.100	Terrain/Terrain (1)
-10.875	24.625	-1.787	Backyard/Pool back/Pool2/Bottom/Pool Bottom (4)
-10.875	24.625	-2.100	Terrain/Terrain (1)
-10.875	25.125	-1.787	Backyard/Pool back/Pool2/Bottom/Pool Bottom (4)
-10.875	25.125	-2.100	Terrain/Terrain (1)
-10.875	25.625	-1.787	Backyard/Pool back/Pool2/Bottom/Pool Bottom (3)
-10.875	25.625	-2.100	Terrain/Terrain (1)
-10.875	26.125	-1.787	Backyard/Pool back/Pool2/Bottom/Pool Bottom (3)
-10.875	26.125	-2.100	Terrain/Terrain (1)
-10.875	26.625	-1.787	Backyard/Pool back/Pool2/Bottom/Pool Bottom (2)
-10.875	26.625	-2.100	Terrain/Terrain (1)
-10.875	27.125	-1.787	Backyard/Pool back/Pool2/Bottom/Pool Bottom (2)
-10.875	27.125	-2.100	Terrain/Terrain (1)
-10.875	27.625	-1.787	Backyard/Pool back/Pool2/Bottom/Pool Bottom (1)
-10.875	27.625	-2.100	Terrain/Terrain (1)
-10.875	28.125	-1.787	Backyard/Pool back/Pool2/Bottom/Pool Bottom (1)
-10.875	28.125	-2.100	Terrain/Terrain (1)
-10.875	28.625	-1.787	Backyard/Pool back/Pool2/Bottom/Pool Bottom (55)
-10.875	28.625	-2.100	Terrain/Terrain (1)
-10.875	29.125	-1.787	Backyard/Pool back/Pool2/Bottom/Pool Bottom (55)
-10.875	29.125	-2.100	Terrain/Terrain (1)
-10.875	29.625	-1.775	Backyard/Pool back/Pool2/pool straight top (6)/Pool Bottom side
-10.875	29.625	-2.100	Terrain/Terrain (1)
-10.875	30.125	0.270	Backyard/Pool back/Pool2/pool straight top (6)
-10.875	30.125	-2.100	Terrain/Terrain (1)
-10.875	30.625	-2.100	Terrain/Terrain (1)
-10.875	31.125	-2.100	Terrain/Terrain (1)
-10.875	31.625	-2.100	Terrain/Terrain (1)
-10.875	32.125	-2.100	Terrain/Terrain (1)
-10.875	32.625	-2.087	Terrain/Terrain (1)
-10.375	-4.875	-0.060	Terrain/Terrain (1)
-10.375	-4.375	-0.060	Terrain/Terrain (1)
-10.375	-3.875	-0.060	Terrain/Terrain (1)
-10.375	-3.375	-0.060	Terrain/Terrain (1)
-10.375	-2.875	0.750	Floor/Floor 2x2 side (20)
-10.375	-2.875	-0.060	Terrain/Terrain (1)
-10.375	-2.375	0.750	Floor/Floor 2x2 side (20)
-10.375	-2.375	-0.049	Terrain/Terrain (1)
-10.375	-1.875	0.750	Floor/Floor 2x2 side (20)
-10.375	-1.875	-0.005	Terrain/Terrain (1)
-10.375	-1.375	0.750	Floor/Floor 2x2 side (20)
-10.375	-1.375	0.011	Terrain/Terrain (1)
-10.375	-0.875	0.750	Floor/Floor 2x2 (37)
-10.375	-0.875	0.013	Terrain/Terrain (1)
-10.375	-0.375	0.750	Floor/Floor 2x2 (37)
-10.375	-0.375	0.013	Terrain/Terrain (1)
-10.375	0.125	0.750	Floor/Floor 2x2 (37)
-10.375	0.125	0.013	Terrain/Terrain (1)
-10.375	0.625	0.750	Floor/Floor 2x2 (37)
-10.375	0.625	0.013	Terrain/Terrain (1)
-10.375	1.125	0.750	Floor/Floor 2x2 (38)
-10.375	1.125	0.029	Terrain/Terrain (1)
-10.375	1.625	0.750	Floor/Floor 2x2 (38)
-10.375	1.625	0.030	Terrain/Terrain (1)
-10.375	2.125	0.750	Floor/Floor 2x2 (38)
-10.375	2.125	0.030	Terrain/Terrain (1)
-10.375	2.625	0.750	Floor/Floor 2x2 (38)
-10.375	2.625	0.029	Terrain/Terrain (1)
-10.375	3.125	0.750	Floor/Floor 2x2 (39)
-10.375	3.125	0.023	Terrain/Terrain (1)
-10.375	3.625	0.750	Floor/Floor 2x2 (39)
-10.375	3.625	0.018	Terrain/Terrain (1)
-10.375	4.125	0.750	Floor/Floor 2x2 (39)
-10.375	4.125	0.026	Terrain/Terrain (1)
-10.375	4.625	0.750	Floor/Floor 2x2 (39)
-10.375	4.625	0.030	Terrain/Terrain (1)
-10.375	5.125	0.750	Floor/Floor 2x2 (40)
-10.375	5.125	0.030	Terrain/Terrain (1)
-10.375	5.625	0.750	Floor/Floor 2x2 (40)
-10.375	5.625	0.030	Terrain/Terrain (1)
-10.375	6.125	0.750	Floor/Floor 2x2 (40)
-10.375	6.125	0.030	Terrain/Terrain (1)
-10.375	6.625	0.750	Floor/Floor 2x2 (40)
-10.375	6.625	0.030	Terrain/Terrain (1)
-10.375	7.125	0.750	Floor/Floor 2x2 (41)
-10.375	7.125	0.030	Terrain/Terrain (1)
-10.375	7.625	0.750	Floor/Floor 2x2 (41)
-10.375	7.625	0.029	Terrain/Terrain (1)
-10.375	8.125	0.750	Floor/Floor 2x2 (41)
-10.375	8.125	0.022	Terrain/Terrain (1)
-10.375	8.625	0.750	Floor/Floor 2x2 (41)
-10.375	8.625	-0.009	Terrain/Terrain (1)
-10.375	9.125	0.750	Floor/Floor 2x2 (69)
-10.375	9.125	-0.043	Terrain/Terrain (1)
-10.375	9.625	0.750	Floor/Floor 2x2 (69)
-10.375	9.625	-0.060	Terrain/Terrain (1)
-10.375	10.125	0.750	Floor/Floor 2x2 (69)
-10.375	10.125	-0.060	Terrain/Terrain (1)
-10.375	10.625	0.750	Floor/Floor 2x2 (69)
-10.375	10.625	-0.060	Terrain/Terrain (1)
-10.375	11.125	0.250	Backyard/Floor 2/Floor 2x2 (31)
-10.375	11.125	-0.060	Terrain/Terrain (1)
-10.375	11.625	0.250	Backyard/Floor 2/Floor 2x2 (31)
-10.375	11.625	-0.060	Terrain/Terrain (1)
-10.375	12.125	0.250	Backyard/Floor 2/Floor 2x2 (31)
-10.375	12.125	-0.086	Terrain/Terrain (1)
-10.375	12.625	0.250	Backyard/Floor 2/Floor 2x2 (32)
-10.375	13.125	0.250	Backyard/Floor 2/Floor 2x2 (32)
-10.375	13.625	0.250	Backyard/Floor 2/Floor 2x2 (32)
-10.375	13.625	-0.847	Terrain/Terrain (1)
-10.375	14.125	0.250	Backyard/Floor 2/Floor 2x2 (32)
-10.375	14.125	-0.925	Terrain/Terrain (1)
-10.375	14.625	0.250	Backyard/Floor 2/Floor 2x2 (33)
-10.375	14.625	-1.009	Terrain/Terrain (1)
-10.375	15.125	0.250	Backyard/Floor 2/Floor 2x2 (33)
-10.375	15.125	-1.115	Terrain/Terrain (1)
-10.375	15.625	0.250	Backyard/Floor 2/Floor 2x2 (33)
-10.375	15.625	-1.192	Terrain/Terrain (1)
-10.375	16.125	0.250	Backyard/Floor 2/Floor 2x2 (33)
-10.375	16.125	-1.203	Terrain/Terrain (1)
-10.375	16.625	0.250	Backyard/Floor 2/Floor 2x2 (34)
-10.375	16.625	-1.220	Terrain/Terrain (1)
-10.375	17.125	0.250	Backyard/Floor 2/Floor 2x2 (34)
-10.375	17.125	-1.277	Terrain/Terrain (1)
-10.375	17.625	0.250	Backyard/Floor 2/Floor 2x2 (34)
-10.375	17.625	-1.421	Terrain/Terrain (1)
-10.375	18.125	0.250	Backyard/Floor 2/Floor 2x2 (34)
-10.375	18.125	-1.548	Terrain/Terrain (1)
-10.375	18.625	0.250	Backyard/Floor 2/Floor 2x2 (35)
-10.375	18.625	-1.711	Terrain/Terrain (1)
-10.375	19.125	0.250	Backyard/Floor 2/Floor 2x2 (35)
-10.375	19.125	-1.879	Terrain/Terrain (1)
-10.375	19.625	0.250	Backyard/Floor 2/Floor 2x2 (35)
-10.375	19.625	-1.902	Terrain/Terrain (1)
-10.375	20.125	0.250	Backyard/Floor 2/Floor 2x2 (35)
-10.375	20.125	-1.902	Terrain/Terrain (1)
-10.375	20.625	0.250	Backyard/Pool back/Pool2/Floor/Floor 2x2 (7)
-10.375	20.625	-1.902	Terrain/Terrain (1)
-10.375	21.125	0.250	Backyard/Pool back/Pool2/Floor/Floor 2x2 (7)
-10.375	21.125	-1.902	Terrain/Terrain (1)
-10.375	21.625	0.250	Backyard/Pool back/Pool2/Floor/Floor 2x2 (7)
-10.375	21.625	-1.863	Terrain/Terrain (1)
-10.375	22.125	0.250	Backyard/Pool back/Pool2/Floor/Floor 2x2 (7)
-10.375	22.125	-1.804	Terrain/Terrain (1)
-10.375	22.625	0.270	Backyard/Pool back/Pool2/pool straight top (14)
-10.375	22.625	-1.803	Terrain/Terrain (1)
-10.375	23.125	-1.775	Backyard/Pool back/Pool2/pool straight top (14)/Pool Bottom side
-10.375	23.625	-1.787	Backyard/Pool back/Pool2/Bottom/Pool Bottom (5)
-10.375	24.125	-1.787	Backyard/Pool back/Pool2/Bottom/Pool Bottom (5)
-10.375	24.125	-2.100	Terrain/Terrain (1)
-10.375	24.625	-1.787	Backyard/Pool back/Pool2/Bottom/Pool Bottom (4)
-10.375	24.625	-2.100	Terrain/Terrain (1)
-10.375	25.125	-1.787	Backyard/Pool back/Pool2/Bottom/Pool Bottom (4)
-10.375	25.125	-2.100	Terrain/Terrain (1)
-10.375	25.625	-1.787	Backyard/Pool back/Pool2/Bottom/Pool Bottom (3)
-10.375	25.625	-2.100	Terrain/Terrain (1)
-10.375	26.125	-1.787	Backyard/Pool back/Pool2/Bottom/Pool Bottom (3)
-10.375	26.125	-2.100	Terrain/Terrain (1)
-10.375	26.625	-1.787	Backyard/Pool back/Pool2/Bottom/Pool Bottom (2)
-10.375	26.625	-2.100	Terrain/Terrain (1)
-10.375	27.125	-1.787	Backyard/Pool back/Pool2/Bottom/Pool Bottom (2)
-10.375	27.125	-2.100	Terrain/Terrain (1)
-10.375	27.625	-1.787	Backyard/Pool back/Pool2/Bottom/Pool Bottom (1)
-10.375	27.625	-2.100	Terrain/Terrain (1)
-10.375	28.125	-1.787	Backyard/Pool back/Pool2/Bottom/Pool Bottom (1)
-10.375	28.125	-2.100	Terrain/Terrain (1)
-10.375	28.625	-1.787	Backyard/Pool back/Pool2/Bottom/Pool Bottom (55)
-10.375	28.625	-2.100	Terrain/Terrain (1)
-10.375	29.125	-1.787	Backyard/Pool back/Pool2/Bottom/Pool Bottom (55)
-10.375	29.125	-2.100	Terrain/Terrain (1)
-10.375	29.625	-1.775	Backyard/Pool back/Pool2/pool straight top (6)/Pool Bottom side
-10.375	29.625	-2.100	Terrain/Terrain (1)
-10.375	30.125	0.270	Backyard/Pool back/Pool2/pool straight top (6)
-10.375	30.125	-2.100	Terrain/Terrain (1)
-10.375	30.625	-2.100	Terrain/Terrain (1)
-10.375	31.125	-2.100	Terrain/Terrain (1)
-10.375	31.625	-2.100	Terrain/Terrain (1)
-10.375	32.125	-2.100	Terrain/Terrain (1)
-10.375	32.625	-2.094	Terrain/Terrain (1)
-9.875	-4.875	-0.060	Terrain/Terrain (1)
-9.875	-4.375	-0.060	Terrain/Terrain (1)
-9.875	-3.875	-0.060	Terrain/Terrain (1)
-9.875	-3.375	-0.060	Terrain/Terrain (1)
-9.875	-2.875	0.750	Floor/Floor 2x2 side (20)
-9.875	-2.875	-0.060	Terrain/Terrain (1)
-9.875	-2.375	0.750	Floor/Floor 2x2 side (20)
-9.875	-2.375	-0.060	Terrain/Terrain (1)
-9.875	-1.875	0.750	Floor/Floor 2x2 side (20)
-9.875	-1.875	-0.060	Terrain/Terrain (1)
-9.875	-1.375	0.750	Floor/Floor 2x2 side (20)
-9.875	-1.375	-0.059	Terrain/Terrain (1)
-9.875	-0.875	0.750	Floor/Floor 2x2 (37)
-9.875	-0.875	-0.038	Terrain/Terrain (1)
-9.875	-0.375	0.750	Floor/Floor 2x2 (37)
-9.875	-0.375	-0.011	Terrain/Terrain (1)
-9.875	0.125	0.750	Floor/Floor 2x2 (37)
-9.875	0.125	-0.001	Terrain/Terrain (1)
-9.875	0.625	0.750	Floor/Floor 2x2 (37)
-9.875	0.625	0.001	Terrain/Terrain (1)
-9.875	1.125	0.750	Floor/Floor 2x2 (38)
-9.875	1.125	-0.004	Terrain/Terrain (1)
-9.875	1.625	0.750	Floor/Floor 2x2 (38)
-9.875	1.625	-0.006	Terrain/Terrain (1)
-9.875	2.125	0.750	Floor/Floor 2x2 (38)
-9.875	2.125	0.011	Terrain/Terrain (1)
-9.875	2.625	0.750	Floor/Floor 2x2 (38)
-9.875	2.625	0.013	Terrain/Terrain (1)
-9.875	3.125	0.750	Floor/Floor 2x2 (39)
-9.875	3.125	0.013	Terrain/Terrain (1)
-9.875	3.625	0.750	Floor/Floor 2x2 (39)
-9.875	3.625	0.013	Terrain/Terrain (1)
-9.875	4.125	0.750	Floor/Floor 2x2 (39)
-9.875	4.125	0.013	Terrain/Terrain (1)
-9.875	4.625	0.750	Floor/Floor 2x2 (39)
-9.875	4.625	0.015	Terrain/Terrain (1)
-9.875	5.125	0.750	Floor/Floor 2x2 (40)
-9.875	5.125	0.018	Terrain/Terrain (1)
-9.875	5.625	0.750	Floor/Floor 2x2 (40)
-9.875	5.625	0.024	Terrain/Terrain (1)
-9.875	6.125	0.750	Floor/Floor 2x2 (40)
-9.875	6.125	0.026	Terrain/Terrain (1)
-9.875	6.625	0.750	Floor/Floor 2x2 (40)
-9.875	6.625	0.026	Terrain/Terrain (1)
-9.875	7.125	0.750	Floor/Floor 2x2 (41)
-9.875	7.125	0.018	Terrain/Terrain (1)
-9.875	7.625	0.750	Floor/Floor 2x2 (41)
-9.875	7.625	-0.036	Terrain/Terrain (1)
-9.875	8.125	0.750	Floor/Floor 2x2 (41)
-9.875	8.125	-0.058	Terrain/Terrain (1)
-9.875	8.625	0.750	Floor/Floor 2x2 (41)
-9.875	8.625	-0.060	Terrain/Terrain (1)
-9.875	9.125	0.750	Floor/Floor 2x2 (69)
-9.875	9.125	-0.060	Terrain/Terrain (1)
-9.875	9.625	0.750	Floor/Floor 2x2 (69)
-9.875	9.625	-0.060	Terrain/Terrain (1)
-9.875	10.125	0.750	Floor/Floor 2x2 (69)
-9.875	10.125	-0.060	Terrain/Terrain (1)
-9.875	10.625	0.750	Floor/Floor 2x2 (69)
-9.875	10.625	-0.060	Terrain/Terrain (1)
-9.875	11.125	0.250	Backyard/Floor 2/Floor 2x2 (31)
-9.875	11.625	0.250	Backyard/Floor 2/Floor 2x2 (31)
-9.875	11.625	-0.376	Terrain/Terrain (1)
-9.875	12.125	0.250	Backyard/Floor 2/Floor 2x2 (31)
-9.875	12.125	-0.538	Terrain/Terrain (1)
-9.875	12.625	0.250	Backyard/Floor 2/Floor 2x2 (32)
-9.875	12.625	-0.879	Terrain/Terrain (1)
-9.875	13.125	0.250	Backyard/Floor 2/Floor 2x2 (32)
-9.875	13.125	-1.052	Terrain/Terrain (1)
-9.875	13.625	0.250	Backyard/Floor 2/Floor 2x2 (32)
-9.875	13.625	-1.067	Terrain/Terrain (1)
-9.875	14.125	0.250	Backyard/Floor 2/Floor 2x2 (32)
-9.875	14.125	-1.079	Terrain/Terrain (1)
-9.875	14.625	0.250	Backyard/Floor 2/Floor 2x2 (33)
-9.875	14.625	-1.133	Terrain/Terrain (1)
-9.875	15.125	0.250	Backyard/Floor 2/Floor 2x2 (33)
-9.875	15.125	-1.196	Terrain/Terrain (1)
-9.875	15.625	0.250	Backyard/Floor 2/Floor 2x2 (33)
-9.875	15.625	-1.209	Terrain/Terrain (1)
-9.875	16.125	0.250	Backyard/Floor 2/Floor 2x2 (33)
-9.875	16.125	-1.242	Terrain/Terrain (1)
-9.875	16.625	0.250	Backyard/Floor 2/Floor 2x2 (34)
-9.875	16.625	-1.310	Terrain/Terrain (1)
-9.875	17.125	0.250	Backyard/Floor 2/Floor 2x2 (34)
-9.875	17.125	-1.446	Terrain/Terrain (1)
-9.875	17.625	0.250	Backyard/Floor 2/Floor 2x2 (34)
-9.875	17.625	-1.621	Terrain/Terrain (1)
-9.875	18.125	0.250	Backyard/Floor 2/Floor 2x2 (34)
-9.875	18.125	-1.729	Terrain/Terrain (1)
-9.875	18.625	0.250	Backyard/Floor 2/Floor 2x2 (35)
-9.875	18.625	-1.846	Terrain/Terrain (1)
-9.875	19.125	0.250	Backyard/Floor 2/Floor 2x2 (35)
-9.875	19.125	-1.902	Terrain/Terrain (1)
-9.875	19.625	0.250	Backyard/Floor 2/Floor 2x2 (35)
-9.875	19.625	-1.902	Terrain/Terrain (1)
-9.875	20.125	0.250	Backyard/Floor 2/Floor 2x2 (35)
-9.875	20.125	-1.902	Terrain/Terrain (1)
-9.875	20.625	0.250	Backyard/Pool back/Pool2/Floor/Floor 2x2 (7)
-9.875	20.625	-1.902	Terrain/Terrain (1)
-9.875	21.125	0.250	Backyard/Pool back/Pool2/Floor/Floor 2x2 (7)
-9.875	21.125	-1.902	Terrain/Terrain (1)
-9.875	21.625	0.250	Backyard/Pool back/Pool2/Floor/Floor 2x2 (7)
-9.875	21.625	-1.867	Terrain/Terrain (1)
-9.875	22.125	0.250	Backyard/Pool back/Pool2/Floor/Floor 2x2 (7)
-9.875	22.125	-1.804	Terrain/Terrain (1)
-9.875	22.625	0.270	Backyard/Pool back/Pool2/pool straight top (15)
-9.875	22.625	-1.803	Terrain/Terrain (1)
-9.875	23.125	-1.775	Backyard/Pool back/Pool2/pool straight top (15)/Pool Bottom side
-9.875	23.625	-1.787	Backyard/Pool back/Pool2/Bottom/Pool Bottom (10)
-9.875	23.625	-1.831	Terrain/Terrain (1)
-9.875	24.125	-1.787	Backyard/Pool back/Pool2/Bottom/Pool Bottom (10)
-9.875	24.125	-2.100	Terrain/Terrain (1)
-9.875	24.625	-1.787	Backyard/Pool back/Pool2/Bottom/Pool Bottom (9)
-9.875	24.625	-2.100	Terrain/Terrain (1)
-9.875	25.125	-1.787	Backyard/Pool back/Pool2/Bottom/Pool Bottom (9)
-9.875	25.125	-2.100	Terrain/Terrain (1)
-9.875	25.625	-1.787	Backyard/Pool back/Pool2/Bottom/Pool Bottom (8)
-9.875	25.625	-2.100	Terrain/Terrain (1)
-9.875	26.125	-1.787	Backyard/Pool back/Pool2/Bottom/Pool Bottom (8)
-9.875	26.125	-2.100	Terrain/Terrain (1)
-9.875	26.625	-1.787	Backyard/Pool back/Pool2/Bottom/Pool Bottom (7)
-9.875	26.625	-2.100	Terrain/Terrain (1)
-9.875	27.125	-1.787	Backyard/Pool back/Pool2/Bottom/Pool Bottom (7)
-9.875	27.125	-2.100	Terrain/Terrain (1)
-9.875	27.625	-1.787	Backyard/Pool back/Pool2/Bottom/Pool Bottom (6)
-9.875	27.625	-2.100	Terrain/Terrain (1)
-9.875	28.125	-1.787	Backyard/Pool back/Pool2/Bottom/Pool Bottom (6)
-9.875	28.125	-2.100	Terrain/Terrain (1)
-9.875	28.625	-1.787	Backyard/Pool back/Pool2/Bottom/Pool Bottom (56)
-9.875	28.625	-2.100	Terrain/Terrain (1)
-9.875	29.125	-1.787	Backyard/Pool back/Pool2/Bottom/Pool Bottom (56)
-9.875	29.125	-2.100	Terrain/Terrain (1)
-9.875	29.625	-1.775	Backyard/Pool back/Pool2/pool straight top (7)/Pool Bottom side
-9.875	29.625	-2.100	Terrain/Terrain (1)
-9.875	30.125	0.270	Backyard/Pool back/Pool2/pool straight top (7)
-9.875	30.125	-2.100	Terrain/Terrain (1)
-9.875	30.625	-2.100	Terrain/Terrain (1)
-9.875	31.125	-2.100	Terrain/Terrain (1)
-9.875	31.625	-2.100	Terrain/Terrain (1)
-9.875	32.125	-2.099	Terrain/Terrain (1)
-9.875	32.625	-2.100	Terrain/Terrain (1)
-9.375	-4.875	-0.060	Terrain/Terrain (1)
-9.375	-4.375	-0.060	Terrain/Terrain (1)
-9.375	-3.875	-0.060	Terrain/Terrain (1)
-9.375	-3.375	-0.060	Terrain/Terrain (1)
-9.375	-2.875	0.750	Floor/Floor 2x2 side (20)
-9.375	-2.875	-0.060	Terrain/Terrain (1)
-9.375	-2.375	0.750	Floor/Floor 2x2 side (20)
-9.375	-2.375	-0.060	Terrain/Terrain (1)
-9.375	-1.875	0.750	Floor/Floor 2x2 side (20)
-9.375	-1.875	-0.060	Terrain/Terrain (1)
-9.375	-1.375	0.750	Floor/Floor 2x2 side (20)
-9.375	-1.375	-0.060	Terrain/Terrain (1)
-9.375	-0.875	0.750	Floor/Floor 2x2 (37)
-9.375	-0.875	-0.060	Terrain/Terrain (1)
-9.375	-0.375	0.750	Floor/Floor 2x2 (37)
-9.375	-0.375	-0.060	Terrain/Terrain (1)
-9.375	0.125	0.750	Floor/Floor 2x2 (37)
-9.375	0.125	-0.060	Terrain/Terrain (1)
-9.375	0.625	0.750	Floor/Floor 2x2 (37)
-9.375	0.625	-0.060	Terrain/Terrain (1)
-9.375	1.125	0.750	Floor/Floor 2x2 (38)
-9.375	1.125	-0.060	Terrain/Terrain (1)
-9.375	1.625	0.750	Floor/Floor 2x2 (38)
-9.375	1.625	-0.060	Terrain/Terrain (1)
-9.375	2.125	0.750	Floor/Floor 2x2 (38)
-9.375	2.125	-0.060	Terrain/Terrain (1)
-9.375	2.625	0.750	Floor/Floor 2x2 (38)
-9.375	2.625	-0.049	Terrain/Terrain (1)
-9.375	3.125	0.750	Floor/Floor 2x2 (39)
-9.375	3.125	-0.021	Terrain/Terrain (1)
-9.375	3.625	0.750	Floor/Floor 2x2 (39)
-9.375	3.625	-0.001	Terrain/Terrain (1)
-9.375	4.125	0.750	Floor/Floor 2x2 (39)
-9.375	4.125	0.006	Terrain/Terrain (1)
-9.375	4.625	0.750	Floor/Floor 2x2 (39)
-9.375	4.625	0.007	Terrain/Terrain (1)
-9.375	5.125	0.750	Floor/Floor 2x2 (40)
-9.375	5.125	0.004	Terrain/Terrain (1)
-9.375	5.625	0.750	Floor/Floor 2x2 (40)
-9.375	5.625	-0.006	Terrain/Terrain (1)
-9.375	6.125	0.750	Floor/Floor 2x2 (40)
-9.375	6.125	-0.028	Terrain/Terrain (1)
-9.375	6.625	0.750	Floor/Floor 2x2 (40)
-9.375	6.625	-0.050	Terrain/Terrain (1)
-9.375	7.125	0.750	Floor/Floor 2x2 (41)
-9.375	7.125	-0.060	Terrain/Terrain (1)
-9.375	7.625	0.750	Floor/Floor 2x2 (41)
-9.375	7.625	-0.060	Terrain/Terrain (1)
-9.375	8.125	0.750	Floor/Floor 2x2 (41)
-9.375	8.125	-0.060	Terrain/Terrain (1)
-9.375	8.625	0.750	Floor/Floor 2x2 (41)
-9.375	8.625	-0.060	Terrain/Terrain (1)
-9.375	9.125	0.750	Floor/Floor 2x2 (69)
-9.375	9.125	-0.060	Terrain/Terrain (1)
-9.375	9.625	0.750	Floor/Floor 2x2 (69)
-9.375	9.625	-0.060	Terrain/Terrain (1)
-9.375	10.125	0.750	Floor/Floor 2x2 (69)
-9.375	10.125	-0.060	Terrain/Terrain (1)
-9.375	10.625	0.750	Floor/Floor 2x2 (69)
-9.375	10.625	-0.142	Terrain/Terrain (1)
-9.375	11.125	0.250	Backyard/Floor 2/Floor 2x2 (31)
-9.375	11.125	-0.390	Terrain/Terrain (1)
-9.375	11.625	0.250	Backyard/Floor 2/Floor 2x2 (31)
-9.375	11.625	-0.550	Terrain/Terrain (1)
-9.375	12.125	0.250	Backyard/Floor 2/Floor 2x2 (31)
-9.375	12.125	-0.838	Terrain/Terrain (1)
-9.375	12.625	0.250	Backyard/Floor 2/Floor 2x2 (32)
-9.375	12.625	-1.047	Terrain/Terrain (1)
-9.375	13.125	0.250	Backyard/Floor 2/Floor 2x2 (32)
-9.375	13.125	-1.075	Terrain/Terrain (1)
-9.375	13.625	0.250	Backyard/Floor 2/Floor 2x2 (32)
-9.375	13.625	-1.084	Terrain/Terrain (1)
-9.375	14.125	0.250	Backyard/Floor 2/Floor 2x2 (32)
-9.375	14.125	-1.140	Terrain/Terrain (1)
-9.375	14.625	0.250	Backyard/Floor 2/Floor 2x2 (33)
-9.375	14.625	-1.207	Terrain/Terrain (1)
-9.375	15.125	0.250	Backyard/Floor 2/Floor 2x2 (33)
-9.375	15.125	-1.245	Terrain/Terrain (1)
-9.375	15.625	0.250	Backyard/Floor 2/Floor 2x2 (33)
-9.375	15.625	-1.290	Terrain/Terrain (1)
-9.375	16.125	0.250	Backyard/Floor 2/Floor 2x2 (33)
-9.375	16.125	-1.374	Terrain/Terrain (1)
-9.375	16.625	0.250	Backyard/Floor 2/Floor 2x2 (34)
-9.375	16.625	-1.505	Terrain/Terrain (1)
-9.375	17.125	0.250	Backyard/Floor 2/Floor 2x2 (34)
-9.375	17.125	-1.658	Terrain/Terrain (1)
-9.375	17.625	0.250	Backyard/Floor 2/Floor 2x2 (34)
-9.375	17.625	-1.791	Terrain/Terrain (1)
-9.375	18.125	0.250	Backyard/Floor 2/Floor 2x2 (34)
-9.375	18.125	-1.898	Terrain/Terrain (1)
-9.375	18.625	0.250	Backyard/Floor 2/Floor 2x2 (35)
-9.375	18.625	-1.899	Terrain/Terrain (1)
-9.375	19.125	0.250	Backyard/Floor 2/Floor 2x2 (35)
-9.375	19.125	-1.902	Terrain/Terrain (1)
-9.375	19.625	0.250	Backyard/Floor 2/Floor 2x2 (35)
-9.375	19.625	-1.902	Terrain/Terrain (1)
-9.375	20.125	0.250	Backyard/Floor 2/Floor 2x2 (35)
-9.375	20.125	-1.902	Terrain/Terrain (1)
-9.375	20.625	0.250	Backyard/Pool back/Pool2/Floor/Floor 2x2 (7)
-9.375	20.625	-1.902	Terrain/Terrain (1)
-9.375	21.125	0.250	Backyard/Pool back/Pool2/Floor/Floor 2x2 (7)
-9.375	21.125	-1.902	Terrain/Terrain (1)
-9.375	21.625	0.250	Backyard/Pool back/Pool2/Floor/Floor 2x2 (7)
-9.375	21.625	-1.880	Terrain/Terrain (1)
-9.375	22.125	0.250	Backyard/Pool back/Pool2/Floor/Floor 2x2 (7)
-9.375	22.125	-1.807	Terrain/Terrain (1)
-9.375	22.625	0.270	Backyard/Pool back/Pool2/pool straight top (15)
-9.375	22.625	-1.803	Terrain/Terrain (1)
-9.375	23.125	-1.775	Backyard/Pool back/Pool2/pool straight top (15)/Pool Bottom side
-9.375	23.625	-1.787	Backyard/Pool back/Pool2/Bottom/Pool Bottom (10)
-9.375	24.125	-1.787	Backyard/Pool back/Pool2/Bottom/Pool Bottom (10)
-9.375	24.125	-2.090	Terrain/Terrain (1)
-9.375	24.625	-1.787	Backyard/Pool back/Pool2/Bottom/Pool Bottom (9)
-9.375	24.625	-2.100	Terrain/Terrain (1)
-9.375	25.125	-1.787	Backyard/Pool back/Pool2/Bottom/Pool Bottom (9)
-9.375	25.125	-2.100	Terrain/Terrain (1)
-9.375	25.625	-1.787	Backyard/Pool back/Pool2/Bottom/Pool Bottom (8)
-9.375	25.625	-2.100	Terrain/Terrain (1)
-9.375	26.125	-1.787	Backyard/Pool back/Pool2/Bottom/Pool Bottom (8)
-9.375	26.125	-2.100	Terrain/Terrain (1)
-9.375	26.625	-1.787	Backyard/Pool back/Pool2/Bottom/Pool Bottom (7)
-9.375	26.625	-2.100	Terrain/Terrain (1)
-9.375	27.125	-1.787	Backyard/Pool back/Pool2/Bottom/Pool Bottom (7)
-9.375	27.125	-2.100	Terrain/Terrain (1)
-9.375	27.625	-1.787	Backyard/Pool back/Pool2/Bottom/Pool Bottom (6)
-9.375	27.625	-2.100	Terrain/Terrain (1)
-9.375	28.125	-1.787	Backyard/Pool back/Pool2/Bottom/Pool Bottom (6)
-9.375	28.125	-2.100	Terrain/Terrain (1)
-9.375	28.625	-1.787	Backyard/Pool back/Pool2/Bottom/Pool Bottom (56)
-9.375	28.625	-2.100	Terrain/Terrain (1)
-9.375	29.125	-1.787	Backyard/Pool back/Pool2/Bottom/Pool Bottom (56)
-9.375	29.125	-2.100	Terrain/Terrain (1)
-9.375	29.625	-1.775	Backyard/Pool back/Pool2/pool straight top (7)/Pool Bottom side
-9.375	29.625	-2.100	Terrain/Terrain (1)
-9.375	30.125	0.270	Backyard/Pool back/Pool2/pool straight top (7)
-9.375	30.125	-2.100	Terrain/Terrain (1)
-9.375	30.625	-2.100	Terrain/Terrain (1)
-9.375	31.125	-2.100	Terrain/Terrain (1)
-9.375	31.625	-2.100	Terrain/Terrain (1)
-9.375	32.125	-2.100	Terrain/Terrain (1)
-9.375	32.625	-2.100	Terrain/Terrain (1)
-8.875	-4.875	-0.060	Terrain/Terrain (1)
-8.875	-4.375	-0.060	Terrain/Terrain (1)
-8.875	-3.875	-0.060	Terrain/Terrain (1)
-8.875	-3.375	-0.060	Terrain/Terrain (1)
-8.875	-2.875	0.750	Floor/Floor 2x2 side (19)
-8.875	-2.875	-0.060	Terrain/Terrain (1)
-8.875	-2.375	0.750	Floor/Floor 2x2 side (19)
-8.875	-2.375	-0.060	Terrain/Terrain (1)
-8.875	-1.875	0.750	Floor/Floor 2x2 side (19)
-8.875	-1.875	-0.060	Terrain/Terrain (1)
-8.875	-1.375	0.750	Floor/Floor 2x2 side (19)
-8.875	-1.375	-0.060	Terrain/Terrain (1)
-8.875	-0.875	0.750	Floor/Floor 2x2 (31)
-8.875	-0.875	-0.060	Terrain/Terrain (1)
-8.875	-0.375	0.750	Floor/Floor 2x2 (31)
-8.875	-0.375	-0.060	Terrain/Terrain (1)
-8.875	0.125	0.750	Floor/Floor 2x2 (31)
-8.875	0.125	-0.060	Terrain/Terrain (1)
-8.875	0.625	0.750	Floor/Floor 2x2 (31)
-8.875	0.625	-0.060	Terrain/Terrain (1)
-8.875	1.125	0.750	Floor/Floor 2x2 (32)
-8.875	1.125	-0.060	Terrain/Terrain (1)
-8.875	1.625	0.750	Floor/Floor 2x2 (32)
-8.875	1.625	-0.060	Terrain/Terrain (1)
-8.875	2.125	0.750	Floor/Floor 2x2 (32)
-8.875	2.125	-0.060	Terrain/Terrain (1)
-8.875	2.625	0.750	Floor/Floor 2x2 (32)
-8.875	2.625	-0.060	Terrain/Terrain (1)
-8.875	3.125	0.750	Floor/Floor 2x2 (33)
-8.875	3.125	-0.060	Terrain/Terrain (1)
-8.875	3.625	0.750	Floor/Floor 2x2 (33)
-8.875	3.625	-0.060	Terrain/Terrain (1)
-8.875	4.125	0.750	Floor/Floor 2x2 (33)
-8.875	4.125	-0.060	Terrain/Terrain (1)
-8.875	4.625	0.750	Floor/Floor 2x2 (33)
-8.875	4.625	-0.060	Terrain/Terrain (1)
-8.875	5.125	0.750	Floor/Floor 2x2 (34)
-8.875	5.125	-0.060	Terrain/Terrain (1)
-8.875	5.625	0.750	Floor/Floor 2x2 (34)
-8.875	5.625	-0.060	Terrain/Terrain (1)
-8.875	6.125	0.750	Floor/Floor 2x2 (34)
-8.875	6.125	-0.060	Terrain/Terrain (1)
-8.875	6.625	0.750	Floor/Floor 2x2 (34)
-8.875	6.625	-0.060	Terrain/Terrain (1)
-8.875	7.125	0.750	Floor/Floor 2x2 (35)
-8.875	7.125	-0.060	Terrain/Terrain (1)
-8.875	7.625	0.750	Floor/Floor 2x2 (35)
-8.875	7.625	-0.060	Terrain/Terrain (1)
-8.875	8.125	0.750	Floor/Floor 2x2 (35)
-8.875	8.125	-0.060	Terrain/Terrain (1)
-8.875	8.625	0.750	Floor/Floor 2x2 (35)
-8.875	8.625	-0.060	Terrain/Terrain (1)
-8.875	9.125	0.750	Floor/Floor 2x2 (68)
-8.875	9.125	-0.060	Terrain/Terrain (1)
-8.875	9.625	0.750	Floor/Floor 2x2 (68)
-8.875	9.625	-0.060	Terrain/Terrain (1)
-8.875	10.125	0.750	Floor/Floor 2x2 (68)
-8.875	10.625	0.750	Floor/Floor 2x2 (68)
-8.875	10.625	-0.421	Terrain/Terrain (1)
-8.875	11.125	0.250	Backyard/Floor 2/Floor 2x2 (26)
-8.875	11.125	-0.582	Terrain/Terrain (1)
-8.875	11.625	0.250	Backyard/Floor 2/Floor 2x2 (26)
-8.875	11.625	-0.853	Terrain/Terrain (1)
-8.875	12.125	0.250	Backyard/Floor 2/Floor 2x2 (26)
-8.875	12.125	-1.054	Terrain/Terrain (1)
-8.875	12.625	0.250	Backyard/Floor 2/Floor 2x2 (27)
-8.875	12.625	-1.098	Terrain/Terrain (1)
-8.875	13.125	0.250	Backyard/Floor 2/Floor 2x2 (27)
-8.875	13.125	-1.126	Terrain/Terrain (1)
-8.875	13.625	0.250	Backyard/Floor 2/Floor 2x2 (27)
-8.875	13.625	-1.196	Terrain/Terrain (1)
-8.875	14.125	0.250	Backyard/Floor 2/Floor 2x2 (27)
-8.875	14.125	-1.268	Terrain/Terrain (1)
-8.875	14.625	0.250	Backyard/Floor 2/Floor 2x2 (28)
-8.875	14.625	-1.314	Terrain/Terrain (1)
-8.875	15.125	0.250	Backyard/Floor 2/Floor 2x2 (28)
-8.875	15.125	-1.374	Terrain/Terrain (1)
-8.875	15.625	0.250	Backyard/Floor 2/Floor 2x2 (28)
-8.875	15.625	-1.466	Terrain/Terrain (1)
-8.875	16.125	0.250	Backyard/Floor 2/Floor 2x2 (28)
-8.875	16.125	-1.587	Terrain/Terrain (1)
-8.875	16.625	0.250	Backyard/Floor 2/Floor 2x2 (29)
-8.875	16.625	-1.705	Terrain/Terrain (1)
-8.875	17.125	0.250	Backyard/Floor 2/Floor 2x2 (29)
-8.875	17.125	-1.830	Terrain/Terrain (1)
-8.875	17.625	0.250	Backyard/Floor 2/Floor 2x2 (29)
-8.875	17.625	-1.959	Terrain/Terrain (1)
-8.875	18.125	0.250	Backyard/Floor 2/Floor 2x2 (29)
-8.875	18.125	-1.991	Terrain/Terrain (1)
-8.875	18.625	0.250	Backyard/Floor 2/Floor 2x2 (30)
-8.875	18.625	-1.910	Terrain/Terrain (1)
-8.875	19.125	0.250	Backyard/Floor 2/Floor 2x2 (30)
-8.875	19.125	-1.902	Terrain/Terrain (1)
-8.875	19.625	0.250	Backyard/Floor 2/Floor 2x2 (30)
-8.875	19.625	-1.902	Terrain/Terrain (1)
-8.875	20.125	0.250	Backyard/Floor 2/Floor 2x2 (30)
-8.875	20.125	-1.902	Terrain/Terrain (1)
-8.875	20.625	0.250	Backyard/Pool back/Pool2/Floor/Floor 2x2 (6)
-8.875	20.625	-1.902	Terrain/Terrain (1)
-8.875	21.125	0.250	Backyard/Pool back/Pool2/Floor/Floor 2x2 (6)
-8.875	21.125	-1.902	Terrain/Terrain (1)
-8.875	21.625	0.250	Backyard/Pool back/Pool2/Floor/Floor 2x2 (6)
-8.875	21.625	-1.896	Terrain/Terrain (1)
-8.875	22.125	0.250	Backyard/Pool back/Pool2/Floor/Floor 2x2 (6)
-8.875	22.125	-1.820	Terrain/Terrain (1)
-8.875	22.625	0.270	Backyard/Pool back/Pool2/pool straight top (16)
-8.875	22.625	-1.803	Terrain/Terrain (1)
-8.875	23.125	-1.775	Backyard/Pool back/Pool2/pool straight top (16)/Pool Bottom side
-8.875	23.625	-1.787	Backyard/Pool back/Pool2/Bottom/Pool Bottom (15)
-8.875	24.125	-1.787	Backyard/Pool back/Pool2/Bottom/Pool Bottom (15)
-8.875	24.125	-2.064	Terrain/Terrain (1)
-8.875	24.625	-1.787	Backyard/Pool back/Pool2/Bottom/Pool Bottom (14)
-8.875	24.625	-2.100	Terrain/Terrain (1)
-8.875	25.125	-1.787	Backyard/Pool back/Pool2/Bottom/Pool Bottom (14)
-8.875	25.125	-2.100	Terrain/Terrain (1)
-8.875	25.625	-1.787	Backyard/Pool back/Pool2/Bottom/Pool Bottom (13)
-8.875	25.625	-2.100	Terrain/Terrain (1)
-8.875	26.125	-1.787	Backyard/Pool back/Pool2/Bottom/Pool Bottom (13)
-8.875	26.125	-2.100	Terrain/Terrain (1)
-8.875	26.625	-1.787	Backyard/Pool back/Pool2/Bottom/Pool Bottom (12)
-8.875	26.625	-2.100	Terrain/Terrain (1)
-8.875	27.125	-1.787	Backyard/Pool back/Pool2/Bottom/Pool Bottom (12)
-8.875	27.125	-2.100	Terrain/Terrain (1)
-8.875	27.625	-1.787	Backyard/Pool back/Pool2/Bottom/Pool Bottom (11)
-8.875	27.625	-2.100	Terrain/Terrain (1)
-8.875	28.125	-1.787	Backyard/Pool back/Pool2/Bottom/Pool Bottom (11)
-8.875	28.125	-2.100	Terrain/Terrain (1)
-8.875	28.625	-1.787	Backyard/Pool back/Pool2/Bottom/Pool Bottom (57)
-8.875	28.625	-2.100	Terrain/Terrain (1)
-8.875	29.125	-1.787	Backyard/Pool back/Pool2/Bottom/Pool Bottom (57)
-8.875	29.125	-2.100	Terrain/Terrain (1)
-8.875	29.625	-1.775	Backyard/Pool back/Pool2/pool straight top (8)/Pool Bottom side
-8.875	29.625	-2.100	Terrain/Terrain (1)
-8.875	30.125	0.270	Backyard/Pool back/Pool2/pool straight top (8)
-8.875	30.125	-2.100	Terrain/Terrain (1)
-8.875	30.625	-2.100	Terrain/Terrain (1)
-8.875	31.125	-2.100	Terrain/Terrain (1)
-8.875	31.625	-2.100	Terrain/Terrain (1)
-8.875	32.125	-2.100	Terrain/Terrain (1)
-8.875	32.625	-2.100	Terrain/Terrain (1)
-8.375	-4.375	-0.060	Terrain/Terrain (1)
-8.375	-3.875	-0.060	Terrain/Terrain (1)
-8.375	-3.375	-0.060	Terrain/Terrain (1)
-8.375	-2.875	0.750	Floor/Floor 2x2 side (19)
-8.375	-2.875	-0.060	Terrain/Terrain (1)
-8.375	-2.375	0.750	Floor/Floor 2x2 side (19)
-8.375	-2.375	-0.060	Terrain/Terrain (1)
-8.375	-1.875	0.750	Floor/Floor 2x2 side (19)
-8.375	-1.875	-0.060	Terrain/Terrain (1)
-8.375	-1.375	0.750	Floor/Floor 2x2 side (19)
-8.375	-1.375	-0.060	Terrain/Terrain (1)
-8.375	-0.875	0.750	Floor/Floor 2x2 (31)
-8.375	-0.875	-0.060	Terrain/Terrain (1)
-8.375	-0.375	0.750	Floor/Floor 2x2 (31)
-8.375	-0.375	-0.060	Terrain/Terrain (1)
-8.375	0.125	0.750	Floor/Floor 2x2 (31)
-8.375	0.125	-0.060	Terrain/Terrain (1)
-8.375	0.625	0.750	Floor/Floor 2x2 (31)
-8.375	0.625	-0.060	Terrain/Terrain (1)
-8.375	1.125	0.750	Floor/Floor 2x2 (32)
-8.375	1.125	-0.060	Terrain/Terrain (1)
-8.375	1.625	0.750	Floor/Floor 2x2 (32)
-8.375	1.625	-0.060	Terrain/Terrain (1)
-8.375	2.125	0.750	Floor/Floor 2x2 (32)
-8.375	2.125	-0.060	Terrain/Terrain (1)
-8.375	2.625	0.750	Floor/Floor 2x2 (32)
-8.375	2.625	-0.060	Terrain/Terrain (1)
-8.375	3.125	0.750	Floor/Floor 2x2 (33)
-8.375	3.125	-0.060	Terrain/Terrain (1)
-8.375	3.625	0.750	Floor/Floor 2x2 (33)
-8.375	3.625	-0.060	Terrain/Terrain (1)
-8.375	4.125	0.750	Floor/Floor 2x2 (33)
-8.375	4.125	-0.060	Terrain/Terrain (1)
-8.375	4.625	0.750	Floor/Floor 2x2 (33)
-8.375	4.625	-0.060	Terrain/Terrain (1)
-8.375	5.125	0.750	Floor/Floor 2x2 (34)
-8.375	5.125	-0.060	Terrain/Terrain (1)
-8.375	5.625	0.750	Floor/Floor 2x2 (34)
-8.375	5.625	-0.060	Terrain/Terrain (1)
-8.375	6.125	0.750	Floor/Floor 2x2 (34)
-8.375	6.125	-0.060	Terrain/Terrain (1)
-8.375	6.625	0.750	Floor/Floor 2x2 (34)
-8.375	6.625	-0.060	Terrain/Terrain (1)
-8.375	7.125	0.750	Floor/Floor 2x2 (35)
-8.375	7.125	-0.060	Terrain/Terrain (1)
-8.375	7.625	0.750	Floor/Floor 2x2 (35)
-8.375	7.625	-0.060	Terrain/Terrain (1)
-8.375	8.125	0.750	Floor/Floor 2x2 (35)
-8.375	8.125	-0.060	Terrain/Terrain (1)
-8.375	8.625	0.750	Floor/Floor 2x2 (35)
-8.375	8.625	-0.060	Terrain/Terrain (1)
-8.375	9.125	0.750	Floor/Floor 2x2 (68)
-8.375	9.125	-0.074	Terrain/Terrain (1)
-8.375	9.625	0.750	Floor/Floor 2x2 (68)
-8.375	10.125	0.750	Floor/Floor 2x2 (68)
-8.375	10.125	-0.598	Terrain/Terrain (1)
-8.375	10.625	0.750	Floor/Floor 2x2 (68)
-8.375	10.625	-0.772	Terrain/Terrain (1)
-8.375	11.125	0.250	Backyard/Floor 2/Floor 2x2 (26)
-8.375	11.625	0.250	Backyard/Floor 2/Floor 2x2 (26)
-8.375	11.625	-1.161	Terrain/Terrain (1)
-8.375	12.125	0.250	Backyard/Floor 2/Floor 2x2 (26)
-8.375	12.125	-1.211	Terrain/Terrain (1)
-8.375	12.625	0.250	Backyard/Floor 2/Floor 2x2 (27)
-8.375	12.625	-1.255	Terrain/Terrain (1)
-8.375	13.125	0.250	Backyard/Floor 2/Floor 2x2 (27)
-8.375	13.125	-1.322	Terrain/Terrain (1)
-8.375	13.625	0.250	Backyard/Floor 2/Floor 2x2 (27)
-8.375	13.625	-1.382	Terrain/Terrain (1)
-8.375	14.125	0.250	Backyard/Floor 2/Floor 2x2 (27)
-8.375	14.125	-1.434	Terrain/Terrain (1)
-8.375	14.625	0.250	Backyard/Floor 2/Floor 2x2 (28)
-8.375	14.625	-1.502	Terrain/Terrain (1)
-8.375	15.125	0.250	Backyard/Floor 2/Floor 2x2 (28)
-8.375	15.125	-1.587	Terrain/Terrain (1)
-8.375	15.625	0.250	Backyard/Floor 2/Floor 2x2 (28)
-8.375	15.625	-1.675	Terrain/Terrain (1)
-8.375	16.125	0.250	Backyard/Floor 2/Floor 2x2 (28)
-8.375	16.125	-1.762	Terrain/Terrain (1)
-8.375	16.625	0.250	Backyard/Floor 2/Floor 2x2 (29)
-8.375	16.625	-1.868	Terrain/Terrain (1)
-8.375	17.125	0.250	Backyard/Floor 2/Floor 2x2 (29)
-8.375	17.125	-1.999	Terrain/Terrain (1)
-8.375	17.625	0.250	Backyard/Floor 2/Floor 2x2 (29)
-8.375	17.625	-2.062	Terrain/Terrain (1)
-8.375	18.125	0.250	Backyard/Floor 2/Floor 2x2 (29)
-8.375	18.125	-2.001	Terrain/Terrain (1)
-8.375	18.625	0.250	Backyard/Floor 2/Floor 2x2 (30)
-8.375	18.625	-1.922	Terrain/Terrain (1)
-8.375	19.125	0.250	Backyard/Floor 2/Floor 2x2 (30)
-8.375	19.125	-1.902	Terrain/Terrain (1)
-8.375	19.625	0.250	Backyard/Floor 2/Floor 2x2 (30)
-8.375	19.625	-1.902	Terrain/Terrain (1)
-8.375	20.125	0.250	Backyard/Floor 2/Floor 2x2 (30)
-8.375	20.125	-1.902	Terrain/Terrain (1)
-8.375	20.625	0.250	Backyard/Pool back/Pool2/Floor/Floor 2x2 (6)
-8.375	20.625	-1.902	Terrain/Terrain (1)
-8.375	21.125	0.250	Backyard/Pool back/Pool2/Floor/Floor 2x2 (6)
-8.375	21.125	-1.902	Terrain/Terrain (1)
-8.375	21.625	0.250	Backyard/Pool back/Pool2/Floor/Floor 2x2 (6)
-8.375	21.625	-1.902	Terrain/Terrain (1)
-8.375	22.125	0.250	Backyard/Pool back/Pool2/Floor/Floor 2x2 (6)
-8.375	22.125	-1.858	Terrain/Terrain (1)
-8.375	22.625	0.270	Backyard/Pool back/Pool2/pool straight top (16)
-8.375	22.625	-1.803	Terrain/Terrain (1)
-8.375	23.125	-1.775	Backyard/Pool back/Pool2/pool straight top (16)/Pool Bottom side
-8.375	23.625	-1.787	Backyard/Pool back/Pool2/Bottom/Pool Bottom (15)
-8.375	24.125	-1.787	Backyard/Pool back/Pool2/Bottom/Pool Bottom (15)
-8.375	24.125	-2.016	Terrain/Terrain (1)
-8.375	24.625	-1.787	Backyard/Pool back/Pool2/Bottom/Pool Bottom (14)
-8.375	24.625	-2.100	Terrain/Terrain (1)
-8.375	25.125	-1.787	Backyard/Pool back/Pool2/Bottom/Pool Bottom (14)
-8.375	25.125	-2.100	Terrain/Terrain (1)
-8.375	25.625	-1.787	Backyard/Pool back/Pool2/Bottom/Pool Bottom (13)
-8.375	25.625	-2.100	Terrain/Terrain (1)
-8.375	26.125	-1.787	Backyard/Pool back/Pool2/Bottom/Pool Bottom (13)
-8.375	26.125	-2.100	Terrain/Terrain (1)
-8.375	26.625	-1.787	Backyard/Pool back/Pool2/Bottom/Pool Bottom (12)
-8.375	26.625	-2.100	Terrain/Terrain (1)
-8.375	27.125	-1.787	Backyard/Pool back/Pool2/Bottom/Pool Bottom (12)
-8.375	27.125	-2.100	Terrain/Terrain (1)
-8.375	27.625	-1.787	Backyard/Pool back/Pool2/Bottom/Pool Bottom (11)
-8.375	27.625	-2.100	Terrain/Terrain (1)
-8.375	28.125	-1.787	Backyard/Pool back/Pool2/Bottom/Pool Bottom (11)
-8.375	28.125	-2.100	Terrain/Terrain (1)
-8.375	28.625	-1.787	Backyard/Pool back/Pool2/Bottom/Pool Bottom (57)
-8.375	28.625	-2.100	Terrain/Terrain (1)
-8.375	29.125	-1.787	Backyard/Pool back/Pool2/Bottom/Pool Bottom (57)
-8.375	29.125	-2.100	Terrain/Terrain (1)
-8.375	29.625	-1.775	Backyard/Pool back/Pool2/pool straight top (8)/Pool Bottom side
-8.375	29.625	-2.100	Terrain/Terrain (1)
-8.375	30.125	0.270	Backyard/Pool back/Pool2/pool straight top (8)
-8.375	30.125	-2.100	Terrain/Terrain (1)
-8.375	30.625	-2.100	Terrain/Terrain (1)
-8.375	31.125	-2.100	Terrain/Terrain (1)
-8.375	31.625	-2.100	Terrain/Terrain (1)
-8.375	32.125	-2.100	Terrain/Terrain (1)
-8.375	32.625	-2.100	Terrain/Terrain (1)
-7.875	-4.875	-0.480	Terrain/Terrain (1)
-7.875	-4.375	-0.189	Terrain/Terrain (1)
-7.875	-3.875	-0.083	Terrain/Terrain (1)
-7.875	-3.375	-0.060	Terrain/Terrain (1)
-7.875	-2.875	0.750	Floor/Floor 2x2 side (19)
-7.875	-2.875	-0.060	Terrain/Terrain (1)
-7.875	-2.375	0.750	Floor/Floor 2x2 side (19)
-7.875	-2.375	-0.060	Terrain/Terrain (1)
-7.875	-1.875	0.750	Floor/Floor 2x2 side (19)
-7.875	-1.875	-0.060	Terrain/Terrain (1)
-7.875	-1.375	0.750	Floor/Floor 2x2 side (19)
-7.875	-1.375	-0.060	Terrain/Terrain (1)
-7.875	-0.875	0.750	Floor/Floor 2x2 (31)
-7.875	-0.875	-0.060	Terrain/Terrain (1)
-7.875	-0.375	0.750	Floor/Floor 2x2 (31)
-7.875	-0.375	-0.060	Terrain/Terrain (1)
-7.875	0.125	0.750	Floor/Floor 2x2 (31)
-7.875	0.125	-0.060	Terrain/Terrain (1)
-7.875	0.625	0.750	Floor/Floor 2x2 (31)
-7.875	0.625	-0.060	Terrain/Terrain (1)
-7.875	1.125	0.750	Floor/Floor 2x2 (32)
-7.875	1.125	-0.060	Terrain/Terrain (1)
-7.875	1.625	0.750	Floor/Floor 2x2 (32)
-7.875	1.625	-0.060	Terrain/Terrain (1)
-7.875	2.125	0.750	Floor/Floor 2x2 (32)
-7.875	2.125	-0.060	Terrain/Terrain (1)
-7.875	2.625	0.750	Floor/Floor 2x2 (32)
-7.875	2.625	-0.060	Terrain/Terrain (1)
-7.875	3.125	0.750	Floor/Floor 2x2 (33)
-7.875	3.125	-0.060	Terrain/Terrain (1)
-7.875	3.625	0.750	Floor/Floor 2x2 (33)
-7.875	3.625	-0.060	Terrain/Terrain (1)
-7.875	4.125	0.750	Floor/Floor 2x2 (33)
-7.875	4.125	-0.060	Terrain/Terrain (1)
-7.875	4.625	0.750	Floor/Floor 2x2 (33)
-7.875	4.625	-0.060	Terrain/Terrain (1)
-7.875	5.125	0.750	Floor/Floor 2x2 (34)
-7.875	5.125	-0.060	Terrain/Terrain (1)
-7.875	5.625	0.750	Floor/Floor 2x2 (34)
-7.875	5.625	-0.060	Terrain/Terrain (1)
-7.875	6.125	0.750	Floor/Floor 2x2 (34)
-7.875	6.125	-0.060	Terrain/Terrain (1)
-7.875	6.625	0.750	Floor/Floor 2x2 (34)
-7.875	6.625	-0.060	Terrain/Terrain (1)
-7.875	7.125	0.750	Floor/Floor 2x2 (35)
-7.875	7.125	-0.060	Terrain/Terrain (1)
-7.875	7.625	0.750	Floor/Floor 2x2 (35)
-7.875	7.625	-0.063	Terrain/Terrain (1)
-7.875	8.125	0.750	Floor/Floor 2x2 (35)
-7.875	8.625	0.750	Floor/Floor 2x2 (35)
-7.875	9.125	0.750	Floor/Floor 2x2 (68)
-7.875	9.625	0.750	Floor/Floor 2x2 (68)
-7.875	10.125	0.750	Floor/Floor 2x2 (68)
-7.875	10.625	0.750	Floor/Floor 2x2 (68)
-7.875	10.625	-1.295	Terrain/Terrain (1)
-7.875	11.125	0.250	Backyard/Floor 2/Floor 2x2 (26)
-7.875	11.125	-1.394	Terrain/Terrain (1)
-7.875	11.625	0.250	Backyard/Floor 2/Floor 2x2 (26)
-7.875	11.625	-1.434	Terrain/Terrain (1)
-7.875	12.125	0.250	Backyard/Floor 2/Floor 2x2 (26)
-7.875	12.125	-1.476	Terrain/Terrain (1)
-7.875	12.625	0.250	Backyard/Floor 2/Floor 2x2 (27)
-7.875	12.625	-1.525	Terrain/Terrain (1)
-7.875	13.125	0.250	Backyard/Floor 2/Floor 2x2 (27)
-7.875	13.125	-1.561	Terrain/Terrain (1)
-7.875	13.625	0.250	Backyard/Floor 2/Floor 2x2 (27)
-7.875	13.625	-1.602	Terrain/Terrain (1)
-7.875	14.125	0.250	Backyard/Floor 2/Floor 2x2 (27)
-7.875	14.125	-1.649	Terrain/Terrain (1)
-7.875	14.625	0.250	Backyard/Floor 2/Floor 2x2 (28)
-7.875	14.625	-1.698	Terrain/Terrain (1)
-7.875	15.125	0.250	Backyard/Floor 2/Floor 2x2 (28)
-7.875	15.125	-1.755	Terrain/Terrain (1)
-7.875	15.625	0.250	Backyard/Floor 2/Floor 2x2 (28)
-7.875	15.625	-1.829	Terrain/Terrain (1)
-7.875	16.125	0.250	Backyard/Floor 2/Floor 2x2 (28)
-7.875	16.125	-1.922	Terrain/Terrain (1)
-7.875	16.625	0.250	Backyard/Floor 2/Floor 2x2 (29)
-7.875	16.625	-2.024	Terrain/Terrain (1)
-7.875	17.125	0.250	Backyard/Floor 2/Floor 2x2 (29)
-7.875	17.125	-2.090	Terrain/Terrain (1)
-7.875	17.625	0.250	Backyard/Floor 2/Floor 2x2 (29)
-7.875	17.625	-2.095	Terrain/Terrain (1)
-7.875	18.125	0.250	Backyard/Floor 2/Floor 2x2 (29)
-7.875	18.125	-2.001	Terrain/Terrain (1)
-7.875	18.625	0.250	Backyard/Floor 2/Floor 2x2 (30)
-7.875	18.625	-1.965	Terrain/Terrain (1)
-7.875	19.125	0.250	Backyard/Floor 2/Floor 2x2 (30)
-7.875	19.125	-1.902	Terrain/Terrain (1)
-7.875	19.625	0.250	Backyard/Floor 2/Floor 2x2 (30)
-7.875	19.625	-1.902	Terrain/Terrain (1)
-7.875	20.125	0.250	Backyard/Floor 2/Floor 2x2 (30)
-7.875	20.125	-1.902	Terrain/Terrain (1)
-7.875	20.625	0.250	Backyard/Pool back/Pool2/Floor/Floor 2x2 (6)
-7.875	20.625	-1.902	Terrain/Terrain (1)
-7.875	21.125	0.250	Backyard/Pool back/Pool2/Floor/Floor 2x2 (6)
-7.875	21.125	-1.902	Terrain/Terrain (1)
-7.875	21.625	0.250	Backyard/Pool back/Pool2/Floor/Floor 2x2 (6)
-7.875	21.625	-1.902	Terrain/Terrain (1)
-7.875	22.125	0.250	Backyard/Pool back/Pool2/Floor/Floor 2x2 (6)
-7.875	22.125	-1.901	Terrain/Terrain (1)
-7.875	22.625	0.270	Backyard/Pool back/Pool2/pool straight top (17)
-7.875	22.625	-1.820	Terrain/Terrain (1)
-7.875	23.125	-1.775	Backyard/Pool back/Pool2/pool straight top (17)/Pool Bottom side
-7.875	23.625	-1.787	Backyard/Pool back/Pool2/Bottom/Pool Bottom (20)
-7.875	24.125	-1.787	Backyard/Pool back/Pool2/Bottom/Pool Bottom (20)
-7.875	24.125	-1.840	Terrain/Terrain (1)
-7.875	24.625	-1.787	Backyard/Pool back/Pool2/Bottom/Pool Bottom (19)
-7.875	24.625	-2.092	Terrain/Terrain (1)
-7.875	25.125	-1.787	Backyard/Pool back/Pool2/Bottom/Pool Bottom (19)
-7.875	25.125	-2.100	Terrain/Terrain (1)
-7.875	25.625	-1.787	Backyard/Pool back/Pool2/Bottom/Pool Bottom (18)
-7.875	25.625	-2.100	Terrain/Terrain (1)
-7.875	26.125	-1.787	Backyard/Pool back/Pool2/Bottom/Pool Bottom (18)
-7.875	26.125	-2.100	Terrain/Terrain (1)
-7.875	26.625	-1.787	Backyard/Pool back/Pool2/Bottom/Pool Bottom (17)
-7.875	26.625	-2.100	Terrain/Terrain (1)
-7.875	27.125	-1.787	Backyard/Pool back/Pool2/Bottom/Pool Bottom (17)
-7.875	27.125	-2.100	Terrain/Terrain (1)
-7.875	27.625	-1.787	Backyard/Pool back/Pool2/Bottom/Pool Bottom (16)
-7.875	27.625	-2.100	Terrain/Terrain (1)
-7.875	28.125	-1.787	Backyard/Pool back/Pool2/Bottom/Pool Bottom (16)
-7.875	28.125	-2.100	Terrain/Terrain (1)
-7.875	28.625	-1.787	Backyard/Pool back/Pool2/Bottom/Pool Bottom (58)
-7.875	28.625	-2.100	Terrain/Terrain (1)
-7.875	29.125	-1.787	Backyard/Pool back/Pool2/Bottom/Pool Bottom (58)
-7.875	29.125	-2.100	Terrain/Terrain (1)
-7.875	29.625	-1.775	Backyard/Pool back/Pool2/pool straight top (9)/Pool Bottom side
-7.875	29.625	-2.100	Terrain/Terrain (1)
-7.875	30.125	0.270	Backyard/Pool back/Pool2/pool straight top (9)
-7.875	30.125	-2.100	Terrain/Terrain (1)
-7.875	30.625	-2.100	Terrain/Terrain (1)
-7.875	31.125	-2.100	Terrain/Terrain (1)
-7.875	31.625	-2.100	Terrain/Terrain (1)
-7.875	32.125	-2.100	Terrain/Terrain (1)
-7.875	32.625	-2.100	Terrain/Terrain (1)
-7.375	-4.375	0.199	Terrain/Terrain (1)
-7.375	-2.875	0.750	Floor/Floor 2x2 side (19)
-7.375	-2.875	-0.099	Terrain/Terrain (1)
-7.375	-2.375	0.750	Floor/Floor 2x2 side (19)
-7.375	-2.375	-0.060	Terrain/Terrain (1)
-7.375	-1.875	3.555	Main Building/roof 2 (1)/Roof 2x2 corner
-7.375	-1.875	0.750	Floor/Floor 2x2 side (19)
-7.375	-1.875	-0.060	Terrain/Terrain (1)
-7.375	-1.375	3.555	Main Building/roof 2 (1)/Roof 2x2 corner
-7.375	-1.375	0.750	Floor/Floor 2x2 side (19)
-7.375	-1.375	-0.060	Terrain/Terrain (1)
-7.375	-0.875	3.555	Main Building/roof 2 (1)/Roof 2x2 corner
-7.375	-0.875	0.750	Floor/Floor 2x2 (31)
-7.375	-0.875	-0.060	Terrain/Terrain (1)
-7.375	-0.375	3.555	Main Building/roof 2 (1)/Roof 2x2 corner
-7.375	-0.375	0.750	Floor/Floor 2x2 (31)
-7.375	-0.375	-0.060	Terrain/Terrain (1)
-7.375	0.125	3.555	Main Building/roof 2 (1)/Roof 2x2 side
-7.375	0.125	0.750	Floor/Floor 2x2 (31)
-7.375	0.125	-0.060	Terrain/Terrain (1)
-7.375	0.625	3.555	Main Building/roof 2 (1)/Roof 2x2 side
-7.375	0.625	0.750	Floor/Floor 2x2 (31)
-7.375	0.625	-0.060	Terrain/Terrain (1)
-7.375	1.125	3.555	Main Building/roof 2 (1)/Roof 2x2 side
-7.375	1.125	0.750	Floor/Floor 2x2 (32)
-7.375	1.125	-0.060	Terrain/Terrain (1)
-7.375	1.625	3.555	Main Building/roof 2 (1)/Roof 2x2 side
-7.375	1.625	0.750	Floor/Floor 2x2 (32)
-7.375	1.625	-0.060	Terrain/Terrain (1)
-7.375	2.125	3.555	Main Building/roof 2 (1)/Roof 2x2 side (3)
-7.375	2.125	0.750	Floor/Floor 2x2 (32)
-7.375	2.125	-0.060	Terrain/Terrain (1)
-7.375	2.625	3.555	Main Building/roof 2 (1)/Roof 2x2 side (3)
-7.375	2.625	0.750	Floor/Floor 2x2 (32)
-7.375	2.625	-0.060	Terrain/Terrain (1)
-7.375	3.125	3.555	Main Building/roof 2 (1)/Roof 2x2 side (3)
-7.375	3.125	0.750	Floor/Floor 2x2 (33)
-7.375	3.125	-0.060	Terrain/Terrain (1)
-7.375	3.625	3.555	Main Building/roof 2 (1)/Roof 2x2 side (3)
-7.375	3.625	0.750	Floor/Floor 2x2 (33)
-7.375	3.625	-0.060	Terrain/Terrain (1)
-7.375	4.125	3.555	Main Building/roof 2 (1)/Roof 2x2 side (5)
-7.375	4.125	0.750	Floor/Floor 2x2 (33)
-7.375	4.125	-0.060	Terrain/Terrain (1)
-7.375	4.625	3.555	Main Building/roof 2 (1)/Roof 2x2 side (5)
-7.375	4.625	0.750	Floor/Floor 2x2 (33)
-7.375	4.625	-0.060	Terrain/Terrain (1)
-7.375	5.125	3.555	Main Building/roof 2 (1)/Roof 2x2 side (5)
-7.375	5.125	0.750	Floor/Floor 2x2 (34)
-7.375	5.125	-0.060	Terrain/Terrain (1)
-7.375	5.625	3.555	Main Building/roof 2 (1)/Roof 2x2 side (5)
-7.375	5.625	0.750	Floor/Floor 2x2 (34)
-7.375	5.625	-0.060	Terrain/Terrain (1)
-7.375	6.125	3.555	Main Building/roof 2 (1)/Roof 2x2 side (7)
-7.375	6.125	0.750	Floor/Floor 2x2 (34)
-7.375	6.125	-0.060	Terrain/Terrain (1)
-7.375	6.625	3.555	Main Building/roof 2 (1)/Roof 2x2 side (7)
-7.375	6.625	0.750	Floor/Floor 2x2 (34)
-7.375	6.625	-0.061	Terrain/Terrain (1)
-7.375	7.125	3.555	Main Building/roof 2 (1)/Roof 2x2 side (7)
-7.375	7.125	0.750	Floor/Floor 2x2 (35)
-7.375	7.125	-0.247	Terrain/Terrain (1)
-7.375	7.625	3.555	Main Building/roof 2 (1)/Roof 2x2 side (7)
-7.375	7.625	0.750	Floor/Floor 2x2 (35)
-7.375	8.125	3.555	Main Building/roof 2 (1)/Roof 2x2 side (9)
-7.375	8.125	0.750	Floor/Floor 2x2 (35)
-7.375	8.625	3.555	Main Building/roof 2 (1)/Roof 2x2 side (9)
-7.375	8.625	0.750	Floor/Floor 2x2 (35)
-7.375	9.125	3.555	Main Building/roof 2 (1)/Roof 2x2 side (9)
-7.375	9.125	0.750	Floor/Floor 2x2 (68)
-7.375	9.625	3.555	Main Building/roof 2 (1)/Roof 2x2 side (9)
-7.375	9.625	0.750	Floor/Floor 2x2 (68)
-7.375	10.125	3.555	Main Building/roof 2 (1)/Roof 2x2 corner (2)
-7.375	10.125	0.750	Floor/Floor 2x2 (68)
-7.375	10.125	-1.616	Terrain/Terrain (1)
-7.375	10.625	3.555	Main Building/roof 2 (1)/Roof 2x2 corner (2)
-7.375	10.625	0.750	Floor/Floor 2x2 (68)
-7.375	10.625	-1.668	Terrain/Terrain (1)
-7.375	11.125	3.555	Main Building/roof 2 (1)/Roof 2x2 corner (2)
-7.375	11.125	0.250	Backyard/Floor 2/Floor 2x2 (26)
-7.375	11.125	-1.687	Terrain/Terrain (1)
-7.375	11.625	3.555	Main Building/roof 2 (1)/Roof 2x2 corner (2)
-7.375	11.625	0.250	Backyard/Floor 2/Floor 2x2 (26)
-7.375	11.625	-1.698	Terrain/Terrain (1)
-7.375	12.125	0.250	Backyard/Floor 2/Floor 2x2 (26)
-7.375	12.125	-1.704	Terrain/Terrain (1)
-7.375	12.625	0.250	Backyard/Floor 2/Floor 2x2 (27)
-7.375	12.625	-1.715	Terrain/Terrain (1)
-7.375	13.125	0.250	Backyard/Floor 2/Floor 2x2 (27)
-7.375	13.125	-1.733	Terrain/Terrain (1)
-7.375	13.625	0.250	Backyard/Floor 2/Floor 2x2 (27)
-7.375	13.625	-1.761	Terrain/Terrain (1)
-7.375	14.125	0.250	Backyard/Floor 2/Floor 2x2 (27)
-7.375	14.125	-1.794	Terrain/Terrain (1)
-7.375	14.625	0.250	Backyard/Floor 2/Floor 2x2 (28)
-7.375	14.625	-1.843	Terrain/Terrain (1)
-7.375	15.125	0.250	Backyard/Floor 2/Floor 2x2 (28)
-7.375	15.125	-1.909	Terrain/Terrain (1)
-7.375	15.625	0.250	Backyard/Floor 2/Floor 2x2 (28)
-7.375	15.625	-1.988	Terrain/Terrain (1)
-7.375	16.125	0.250	Backyard/Floor 2/Floor 2x2 (28)
-7.375	16.125	-2.059	Terrain/Terrain (1)
-7.375	16.625	0.250	Backyard/Floor 2/Floor 2x2 (29)
-7.375	16.625	-2.096	Terrain/Terrain (1)
-7.375	17.125	0.250	Backyard/Floor 2/Floor 2x2 (29)
-7.375	17.125	-2.100	Terrain/Terrain (1)
-7.375	17.625	0.250	Backyard/Floor 2/Floor 2x2 (29)
-7.375	17.625	-2.100	Terrain/Terrain (1)
-7.375	18.125	0.250	Backyard/Floor 2/Floor 2x2 (29)
-7.375	18.125	-2.019	Terrain/Terrain (1)
-7.375	18.625	0.250	Backyard/Floor 2/Floor 2x2 (30)
-7.375	18.625	-2.001	Terrain/Terrain (1)
-7.375	19.125	0.250	Backyard/Floor 2/Floor 2x2 (30)
-7.375	19.125	-1.912	Terrain/Terrain (1)
-7.375	19.625	0.250	Backyard/Floor 2/Floor 2x2 (30)
-7.375	19.625	-1.902	Terrain/Terrain (1)
-7.375	20.125	0.250	Backyard/Floor 2/Floor 2x2 (30)
-7.375	20.125	-1.902	Terrain/Terrain (1)
-7.375	20.625	0.250	Backyard/Pool back/Pool2/Floor/Floor 2x2 (6)
-7.375	20.625	-1.902	Terrain/Terrain (1)
-7.375	21.125	0.250	Backyard/Pool back/Pool2/Floor/Floor 2x2 (6)
-7.375	21.125	-1.902	Terrain/Terrain (1)
-7.375	21.625	0.250	Backyard/Pool back/Pool2/Floor/Floor 2x2 (6)
-7.375	21.625	-1.902	Terrain/Terrain (1)
-7.375	22.125	0.250	Backyard/Pool back/Pool2/Floor/Floor 2x2 (6)
-7.375	22.125	-1.902	Terrain/Terrain (1)
-7.375	22.625	0.270	Backyard/Pool back/Pool2/pool straight top (17)
-7.375	22.625	-1.900	Terrain/Terrain (1)
-7.375	23.125	-1.775	Backyard/Pool back/Pool2/pool straight top (17)/Pool Bottom side
-7.375	23.125	-1.821	Terrain/Terrain (1)
-7.375	23.625	-1.787	Backyard/Pool back/Pool2/Bottom/Pool Bottom (20)
-7.375	24.125	-1.787	Backyard/Pool back/Pool2/Bottom/Pool Bottom (20)
-7.375	24.625	-1.787	Backyard/Pool back/Pool2/Bottom/Pool Bottom (19)
-7.375	25.125	-1.787	Backyard/Pool back/Pool2/Bottom/Pool Bottom (19)
-7.375	25.125	-2.100	Terrain/Terrain (1)
-7.375	25.625	-1.787	Backyard/Pool back/Pool2/Bottom/Pool Bottom (18)
-7.375	25.625	-2.100	Terrain/Terrain (1)
-7.375	26.125	-1.787	Backyard/Pool back/Pool2/Bottom/Pool Bottom (18)
-7.375	26.125	-2.100	Terrain/Terrain (1)
-7.375	26.625	-1.787	Backyard/Pool back/Pool2/Bottom/Pool Bottom (17)
-7.375	26.625	-2.100	Terrain/Terrain (1)
-7.375	27.125	-1.787	Backyard/Pool back/Pool2/Bottom/Pool Bottom (17)
-7.375	27.125	-2.100	Terrain/Terrain (1)
-7.375	27.625	-1.787	Backyard/Pool back/Pool2/Bottom/Pool Bottom (16)
-7.375	27.625	-2.100	Terrain/Terrain (1)
-7.375	28.125	-1.787	Backyard/Pool back/Pool2/Bottom/Pool Bottom (16)
-7.375	28.125	-2.100	Terrain/Terrain (1)
-7.375	28.625	-1.787	Backyard/Pool back/Pool2/Bottom/Pool Bottom (58)
-7.375	28.625	-2.100	Terrain/Terrain (1)
-7.375	29.125	-1.787	Backyard/Pool back/Pool2/Bottom/Pool Bottom (58)
-7.375	29.125	-2.100	Terrain/Terrain (1)
-7.375	29.625	-1.775	Backyard/Pool back/Pool2/pool straight top (9)/Pool Bottom side
-7.375	29.625	-2.100	Terrain/Terrain (1)
-7.375	30.125	0.270	Backyard/Pool back/Pool2/pool straight top (9)
-7.375	30.125	-2.100	Terrain/Terrain (1)
-7.375	30.625	-2.100	Terrain/Terrain (1)
-7.375	31.125	-2.100	Terrain/Terrain (1)
-7.375	31.625	-2.100	Terrain/Terrain (1)
-7.375	32.125	-2.100	Terrain/Terrain (1)
-7.375	32.625	-2.100	Terrain/Terrain (1)
-6.875	-4.375	0.490	Terrain/Terrain (1)
-6.875	-3.875	0.515	Terrain/Terrain (1)
-6.875	-2.875	0.750	Floor/Floor 2x2 side (18)
-6.875	-2.875	-0.569	Terrain/Terrain (1)
-6.875	-2.375	0.750	Floor/Floor 2x2 side (18)
-6.875	-1.875	3.555	Main Building/roof 2 (1)/Roof 2x2 corner
-6.875	-1.875	0.750	Floor/Floor 2x2 side (18)
-6.875	-1.375	3.555	Main Building/roof 2 (1)/Roof 2x2 corner
-6.875	-1.375	0.750	Floor/Floor 2x2 side (18)
-6.875	-0.875	3.555	Main Building/roof 2 (1)/Roof 2x2 corner
-6.875	-0.875	0.750	Floor/Floor 2x2 (25)
-6.875	-0.875	-0.099	Terrain/Terrain (1)
-6.875	-0.375	3.555	Main Building/roof 2 (1)/Roof 2x2 corner
-6.875	-0.375	0.750	Floor/Floor 2x2 (25)
-6.875	-0.375	-0.060	Terrain/Terrain (1)
-6.875	0.125	3.555	Main Building/roof 2 (1)/Roof 2x2 side
-6.875	0.125	0.750	Floor/Floor 2x2 (25)
-6.875	0.125	-0.060	Terrain/Terrain (1)
-6.875	0.625	3.555	Main Building/roof 2 (1)/Roof 2x2 side
-6.875	0.625	0.750	Floor/Floor 2x2 (25)
-6.875	0.625	-0.060	Terrain/Terrain (1)
-6.875	1.125	3.555	Main Building/roof 2 (1)/Roof 2x2 side
-6.875	1.125	0.750	Floor/Floor 2x2 (26)
-6.875	1.125	-0.060	Terrain/Terrain (1)
-6.875	1.625	3.555	Main Building/roof 2 (1)/Roof 2x2 side
-6.875	1.625	0.750	Floor/Floor 2x2 (26)
-6.875	1.625	-0.060	Terrain/Terrain (1)
-6.875	2.125	3.555	Main Building/roof 2 (1)/Roof 2x2 side (3)
-6.875	2.125	0.750	Floor/Floor 2x2 (26)
-6.875	2.125	-0.060	Terrain/Terrain (1)
-6.875	2.625	3.555	Main Building/roof 2 (1)/Roof 2x2 side (3)
-6.875	2.625	0.750	Floor/Floor 2x2 (26)
-6.875	2.625	-0.060	Terrain/Terrain (1)
-6.875	3.125	3.555	Main Building/roof 2 (1)/Roof 2x2 side (3)
-6.875	3.125	0.750	Floor/Floor 2x2 (27)
-6.875	3.125	-0.060	Terrain/Terrain (1)
-6.875	3.625	3.555	Main Building/roof 2 (1)/Roof 2x2 side (3)
-6.875	3.625	0.750	Floor/Floor 2x2 (27)
-6.875	3.625	-0.060	Terrain/Terrain (1)
-6.875	4.125	3.555	Main Building/roof 2 (1)/Roof 2x2 side (5)
-6.875	4.125	0.750	Floor/Floor 2x2 (27)
-6.875	4.125	-0.060	Terrain/Terrain (1)
-6.875	4.625	3.555	Main Building/roof 2 (1)/Roof 2x2 side (5)
-6.875	4.625	0.750	Floor/Floor 2x2 (27)
-6.875	4.625	-0.060	Terrain/Terrain (1)
-6.875	5.125	3.555	Main Building/roof 2 (1)/Roof 2x2 side (5)
-6.875	5.125	0.750	Floor/Floor 2x2 (28)
-6.875	5.125	-0.079	Terrain/Terrain (1)
-6.875	5.625	3.555	Main Building/roof 2 (1)/Roof 2x2 side (5)
-6.875	5.625	0.750	Floor/Floor 2x2 (28)
-6.875	6.125	3.555	Main Building/roof 2 (1)/Roof 2x2 side (7)
-6.875	6.125	0.750	Floor/Floor 2x2 (28)
-6.875	6.625	3.555	Main Building/roof 2 (1)/Roof 2x2 side (7)
-6.875	6.625	0.750	Floor/Floor 2x2 (28)
-6.875	7.125	3.555	Main Building/roof 2 (1)/Roof 2x2 side (7)
-6.875	7.125	0.750	Floor/Floor 2x2 (29)
-6.875	7.625	3.555	Main Building/roof 2 (1)/Roof 2x2 side (7)
-6.875	7.625	0.750	Floor/Floor 2x2 (29)
-6.875	8.125	3.555	Main Building/roof 2 (1)/Roof 2x2 side (9)
-6.875	8.125	0.750	Floor/Floor 2x2 (29)
-6.875	8.625	3.555	Main Building/roof 2 (1)/Roof 2x2 side (9)
-6.875	8.625	0.750	Floor/Floor 2x2 (29)
-6.875	8.625	-1.807	Terrain/Terrain (1)
-6.875	9.125	3.555	Main Building/roof 2 (1)/Roof 2x2 side (9)
-6.875	9.125	0.750	Floor/Floor 2x2 (67)
-6.875	9.125	-1.860	Terrain/Terrain (1)
-6.875	9.625	3.555	Main Building/roof 2 (1)/Roof 2x2 side (9)
-6.875	9.625	0.750	Floor/Floor 2x2 (67)
-6.875	9.625	-1.875	Terrain/Terrain (1)
-6.875	10.125	3.555	Main Building/roof 2 (1)/Roof 2x2 corner (2)
-6.875	10.125	0.750	Floor/Floor 2x2 (67)
-6.875	10.125	-1.869	Terrain/Terrain (1)
-6.875	10.625	3.555	Main Building/roof 2 (1)/Roof 2x2 corner (2)
-6.875	10.625	0.750	Floor/Floor 2x2 (67)
-6.875	10.625	-1.851	Terrain/Terrain (1)
-6.875	11.125	3.555	Main Building/roof 2 (1)/Roof 2x2 corner (2)
-6.875	11.125	0.250	Backyard/Floor 2/Floor 2x2 (21)
-6.875	11.125	-1.838	Terrain/Terrain (1)
-6.875	11.625	3.555	Main Building/roof 2 (1)/Roof 2x2 corner (2)
-6.875	11.625	0.250	Backyard/Floor 2/Floor 2x2 (21)
-6.875	11.625	-1.834	Terrain/Terrain (1)
-6.875	12.125	0.250	Backyard/Floor 2/Floor 2x2 (21)
-6.875	12.125	-1.837	Terrain/Terrain (1)
-6.875	12.625	0.250	Backyard/Floor 2/Floor 2x2 (22)
-6.875	12.625	-1.849	Terrain/Terrain (1)
-6.875	13.125	0.250	Backyard/Floor 2/Floor 2x2 (22)
-6.875	13.125	-1.870	Terrain/Terrain (1)
-6.875	13.625	0.250	Backyard/Floor 2/Floor 2x2 (22)
-6.875	13.625	-1.902	Terrain/Terrain (1)
-6.875	14.125	0.250	Backyard/Floor 2/Floor 2x2 (22)
-6.875	14.125	-1.945	Terrain/Terrain (1)
-6.875	14.625	0.250	Backyard/Floor 2/Floor 2x2 (23)
-6.875	14.625	-1.997	Terrain/Terrain (1)
-6.875	15.125	0.250	Backyard/Floor 2/Floor 2x2 (23)
-6.875	15.125	-2.050	Terrain/Terrain (1)
-6.875	15.625	0.250	Backyard/Floor 2/Floor 2x2 (23)
-6.875	15.625	-2.087	Terrain/Terrain (1)
-6.875	16.125	0.250	Backyard/Floor 2/Floor 2x2 (23)
-6.875	16.125	-2.100	Terrain/Terrain (1)
-6.875	16.625	0.250	Backyard/Floor 2/Floor 2x2 (24)
-6.875	16.625	-2.100	Terrain/Terrain (1)
-6.875	17.125	0.250	Backyard/Floor 2/Floor 2x2 (24)
-6.875	17.125	-2.100	Terrain/Terrain (1)
-6.875	17.625	0.250	Backyard/Floor 2/Floor 2x2 (24)
-6.875	17.625	-2.100	Terrain/Terrain (1)
-6.875	18.125	0.250	Backyard/Floor 2/Floor 2x2 (24)
-6.875	18.125	-2.089	Terrain/Terrain (1)
-6.875	18.625	0.250	Backyard/Floor 2/Floor 2x2 (25)
-6.875	18.625	-2.001	Terrain/Terrain (1)
-6.875	19.125	0.250	Backyard/Floor 2/Floor 2x2 (25)
-6.875	19.125	-1.993	Terrain/Terrain (1)
-6.875	19.625	0.250	Backyard/Floor 2/Floor 2x2 (25)
-6.875	19.625	-1.905	Terrain/Terrain (1)
-6.875	20.125	0.250	Backyard/Floor 2/Floor 2x2 (25)
-6.875	20.125	-1.902	Terrain/Terrain (1)
-6.875	20.625	0.250	Backyard/Pool back/Pool2/Floor/Floor 2x2 (5)
-6.875	20.625	-1.902	Terrain/Terrain (1)
-6.875	21.125	0.250	Backyard/Pool back/Pool2/Floor/Floor 2x2 (5)
-6.875	21.125	-1.902	Terrain/Terrain (1)
-6.875	21.625	0.250	Backyard/Pool back/Pool2/Floor/Floor 2x2 (5)
-6.875	21.625	-1.902	Terrain/Terrain (1)
-6.875	22.125	0.250	Backyard/Pool back/Pool2/Floor/Floor 2x2 (5)
-6.875	22.125	-1.902	Terrain/Terrain (1)
-6.875	22.625	0.270	Backyard/Pool back/Pool2/pool straight top (20)
-6.875	22.625	-1.902	Terrain/Terrain (1)
-6.875	23.125	-1.775	Backyard/Pool back/Pool2/pool straight top (20)/Pool Bottom side
-6.875	23.125	-1.902	Terrain/Terrain (1)
-6.875	23.625	-1.787	Backyard/Pool back/Pool2/Bottom/Pool Bottom (25)
-6.875	23.625	-1.864	Terrain/Terrain (1)
-6.875	24.125	-1.787	Backyard/Pool back/Pool2/Bottom/Pool Bottom (25)
-6.875	24.625	-1.787	Backyard/Pool back/Pool2/Bottom/Pool Bottom (24)
-6.875	24.625	-1.872	Terrain/Terrain (1)
-6.875	25.125	-1.787	Backyard/Pool back/Pool2/Bottom/Pool Bottom (24)
-6.875	25.125	-2.100	Terrain/Terrain (1)
-6.875	25.625	-1.787	Backyard/Pool back/Pool2/Bottom/Pool Bottom (23)
-6.875	25.625	-2.100	Terrain/Terrain (1)
-6.875	26.125	-1.787	Backyard/Pool back/Pool2/Bottom/Pool Bottom (23)
-6.875	26.125	-2.100	Terrain/Terrain (1)
-6.875	26.625	-1.787	Backyard/Pool back/Pool2/Bottom/Pool Bottom (22)
-6.875	26.625	-2.100	Terrain/Terrain (1)
-6.875	27.125	-1.787	Backyard/Pool back/Pool2/Bottom/Pool Bottom (22)
-6.875	27.125	-2.100	Terrain/Terrain (1)
-6.875	27.625	-1.787	Backyard/Pool back/Pool2/Bottom/Pool Bottom (21)
-6.875	27.625	-2.100	Terrain/Terrain (1)
-6.875	28.125	-1.787	Backyard/Pool back/Pool2/Bottom/Pool Bottom (21)
-6.875	28.125	-2.100	Terrain/Terrain (1)
-6.875	28.625	-1.787	Backyard/Pool back/Pool2/Bottom/Pool Bottom (59)
-6.875	28.625	-2.100	Terrain/Terrain (1)
-6.875	29.125	-1.787	Backyard/Pool back/Pool2/Bottom/Pool Bottom (59)
-6.875	29.125	-2.100	Terrain/Terrain (1)
-6.875	29.625	-1.775	Backyard/Pool back/Pool2/pool straight top (10)/Pool Bottom side
-6.875	29.625	-2.100	Terrain/Terrain (1)
-6.875	30.125	0.270	Backyard/Pool back/Pool2/pool straight top (10)
-6.875	30.125	-2.100	Terrain/Terrain (1)
-6.875	30.625	-2.100	Terrain/Terrain (1)
-6.875	31.125	-2.100	Terrain/Terrain (1)
-6.875	31.625	-2.100	Terrain/Terrain (1)
-6.875	32.125	-2.100	Terrain/Terrain (1)
-6.875	32.625	-2.100	Terrain/Terrain (1)
-6.375	-4.875	0.350	Terrain/Terrain (1)
-6.375	-4.375	0.684	Terrain/Terrain (1)
-6.375	-3.875	0.670	Terrain/Terrain (1)
-6.375	-2.875	0.750	Floor/Floor 2x2 side (18)
-6.375	-2.375	0.750	Floor/Floor 2x2 side (18)
-6.375	-1.875	3.555	Main Building/roof 2 (1)/Roof 2x2 corner
-6.375	-1.875	0.750	Floor/Floor 2x2 side (18)
-6.375	-1.875	-1.751	Terrain/Terrain (1)
-6.375	-1.375	3.555	Main Building/roof 2 (1)/Roof 2x2 corner
-6.375	-1.375	0.750	Floor/Floor 2x2 side (18)
-6.375	-0.875	3.555	Main Building/roof 2 (1)/Roof 2x2 corner
-6.375	-0.875	0.750	Floor/Floor 2x2 (25)
-6.375	-0.375	3.555	Main Building/roof 2 (1)/Roof 2x2 corner
-6.375	-0.375	0.750	Floor/Floor 2x2 (25)
-6.375	0.125	3.555	Main Building/roof 2 (1)/Roof 2x2 side
-6.375	0.125	0.750	Floor/Floor 2x2 (25)
-6.375	0.625	3.555	Main Building/roof 2 (1)/Roof 2x2 side
-6.375	0.625	0.750	Floor/Floor 2x2 (25)
-6.375	1.125	3.555	Main Building/roof 2 (1)/Roof 2x2 side
-6.375	1.125	0.750	Floor/Floor 2x2 (26)
-6.375	1.625	3.555	Main Building/roof 2 (1)/Roof 2x2 side
-6.375	1.625	0.750	Floor/Floor 2x2 (26)
-6.375	2.125	3.555	Main Building/roof 2 (1)/Roof 2x2 side (3)
-6.375	2.125	0.750	Floor/Floor 2x2 (26)
-6.375	2.625	3.555	Main Building/roof 2 (1)/Roof 2x2 side (3)
-6.375	2.625	0.750	Floor/Floor 2x2 (26)
-6.375	3.125	3.555	Main Building/roof 2 (1)/Roof 2x2 side (3)
-6.375	3.125	0.750	Floor/Floor 2x2 (27)
-6.375	3.625	3.555	Main Building/roof 2 (1)/Roof 2x2 side (3)
-6.375	3.625	0.750	Floor/Floor 2x2 (27)
-6.375	4.125	3.555	Main Building/roof 2 (1)/Roof 2x2 side (5)
-6.375	4.125	0.750	Floor/Floor 2x2 (27)
-6.375	4.625	3.555	Main Building/roof 2 (1)/Roof 2x2 side (5)
-6.375	4.625	0.750	Floor/Floor 2x2 (27)
-6.375	5.125	3.555	Main Building/roof 2 (1)/Roof 2x2 side (5)
-6.375	5.125	0.750	Floor/Floor 2x2 (28)
-6.375	5.625	3.555	Main Building/roof 2 (1)/Roof 2x2 side (5)
-6.375	5.625	0.750	Floor/Floor 2x2 (28)
-6.375	6.125	3.555	Main Building/roof 2 (1)/Roof 2x2 side (7)
-6.375	6.125	0.750	Floor/Floor 2x2 (28)
-6.375	6.625	3.555	Main Building/roof 2 (1)/Roof 2x2 side (7)
-6.375	6.625	0.750	Floor/Floor 2x2 (28)
-6.375	7.125	3.555	Main Building/roof 2 (1)/Roof 2x2 side (7)
-6.375	7.125	0.750	Floor/Floor 2x2 (29)
-6.375	7.125	-2.016	Terrain/Terrain (1)
-6.375	7.625	3.555	Main Building/roof 2 (1)/Roof 2x2 side (7)
-6.375	7.625	0.750	Floor/Floor 2x2 (29)
-6.375	7.625	-2.049	Terrain/Terrain (1)
-6.375	8.125	3.555	Main Building/roof 2 (1)/Roof 2x2 side (9)
-6.375	8.125	0.750	Floor/Floor 2x2 (29)
-6.375	8.125	-2.075	Terrain/Terrain (1)
-6.375	8.625	3.555	Main Building/roof 2 (1)/Roof 2x2 side (9)
-6.375	8.625	0.750	Floor/Floor 2x2 (29)
-6.375	8.625	-2.074	Terrain/Terrain (1)
-6.375	9.125	3.555	Main Building/roof 2 (1)/Roof 2x2 side (9)
-6.375	9.125	0.750	Floor/Floor 2x2 (67)
-6.375	9.125	-2.052	Terrain/Terrain (1)
-6.375	9.625	3.555	Main Building/roof 2 (1)/Roof 2x2 side (9)
-6.375	9.625	0.750	Floor/Floor 2x2 (67)
-6.375	9.625	-2.027	Terrain/Terrain (1)
-6.375	10.125	3.555	Main Building/roof 2 (1)/Roof 2x2 corner (2)
-6.375	10.125	0.750	Floor/Floor 2x2 (67)
-6.375	10.125	-2.004	Terrain/Terrain (1)
-6.375	10.625	3.555	Main Building/roof 2 (1)/Roof 2x2 corner (2)
-6.375	10.625	0.750	Floor/Floor 2x2 (67)
-6.375	10.625	-1.987	Terrain/Terrain (1)
-6.375	11.125	3.555	Main Building/roof 2 (1)/Roof 2x2 corner (2)
-6.375	11.125	0.250	Backyard/Floor 2/Floor 2x2 (21)
-6.375	11.125	-1.974	Terrain/Terrain (1)
-6.375	11.625	3.555	Main Building/roof 2 (1)/Roof 2x2 corner (2)
-6.375	11.625	0.250	Backyard/Floor 2/Floor 2x2 (21)
-6.375	11.625	-1.972	Terrain/Terrain (1)
-6.375	12.125	0.250	Backyard/Floor 2/Floor 2x2 (21)
-6.375	12.125	-1.978	Terrain/Terrain (1)
-6.375	12.625	0.250	Backyard/Floor 2/Floor 2x2 (22)
-6.375	12.625	-1.995	Terrain/Terrain (1)
-6.375	13.125	0.250	Backyard/Floor 2/Floor 2x2 (22)
-6.375	13.125	-2.018	Terrain/Terrain (1)
-6.375	13.625	0.250	Backyard/Floor 2/Floor 2x2 (22)
-6.375	13.625	-2.045	Terrain/Terrain (1)
-6.375	14.125	0.250	Backyard/Floor 2/Floor 2x2 (22)
-6.375	14.125	-2.072	Terrain/Terrain (1)
-6.375	14.625	0.250	Backyard/Floor 2/Floor 2x2 (23)
-6.375	14.625	-2.093	Terrain/Terrain (1)
-6.375	15.125	0.250	Backyard/Floor 2/Floor 2x2 (23)
-6.375	15.125	-2.099	Terrain/Terrain (1)
-6.375	15.625	0.250	Backyard/Floor 2/Floor 2x2 (23)
-6.375	15.625	-2.100	Terrain/Terrain (1)
-6.375	16.125	0.250	Backyard/Floor 2/Floor 2x2 (23)
-6.375	16.125	-2.100	Terrain/Terrain (1)
-6.375	16.625	0.250	Backyard/Floor 2/Floor 2x2 (24)
-6.375	16.625	-2.100	Terrain/Terrain (1)
-6.375	17.125	0.250	Backyard/Floor 2/Floor 2x2 (24)
-6.375	17.125	-2.100	Terrain/Terrain (1)
-6.375	17.625	0.250	Backyard/Floor 2/Floor 2x2 (24)
-6.375	17.625	-2.100	Terrain/Terrain (1)
-6.375	18.125	0.250	Backyard/Floor 2/Floor 2x2 (24)
-6.375	18.125	-2.100	Terrain/Terrain (1)
-6.375	18.625	0.250	Backyard/Floor 2/Floor 2x2 (25)
-6.375	18.625	-2.055	Terrain/Terrain (1)
-6.375	19.125	0.250	Backyard/Floor 2/Floor 2x2 (25)
-6.375	19.125	-2.001	Terrain/Terrain (1)
-6.375	19.625	0.250	Backyard/Floor 2/Floor 2x2 (25)
-6.375	19.625	-1.995	Terrain/Terrain (1)
-6.375	20.125	0.250	Backyard/Floor 2/Floor 2x2 (25)
-6.375	20.125	-1.913	Terrain/Terrain (1)
-6.375	20.625	0.250	Backyard/Pool back/Pool2/Floor/Floor 2x2 (5)
-6.375	20.625	-1.902	Terrain/Terrain (1)
-6.375	21.125	0.250	Backyard/Pool back/Pool2/Floor/Floor 2x2 (5)
-6.375	21.125	-1.902	Terrain/Terrain (1)
-6.375	21.625	0.250	Backyard/Pool back/Pool2/Floor/Floor 2x2 (5)
-6.375	21.625	-1.902	Terrain/Terrain (1)
-6.375	22.125	0.250	Backyard/Pool back/Pool2/Floor/Floor 2x2 (5)
-6.375	22.125	-1.902	Terrain/Terrain (1)
-6.375	22.625	0.270	Backyard/Pool back/Pool2/pool straight top (20)
-6.375	22.625	-1.902	Terrain/Terrain (1)
-6.375	23.125	-1.775	Backyard/Pool back/Pool2/pool straight top (20)/Pool Bottom side
-6.375	23.125	-1.902	Terrain/Terrain (1)
-6.375	23.625	-1.787	Backyard/Pool back/Pool2/Bottom/Pool Bottom (25)
-6.375	23.625	-1.902	Terrain/Terrain (1)
-6.375	24.125	-1.787	Backyard/Pool back/Pool2/Bottom/Pool Bottom (25)
-6.375	24.125	-1.920	Terrain/Terrain (1)
-6.375	24.625	-1.787	Backyard/Pool back/Pool2/Bottom/Pool Bottom (24)
-6.375	24.625	-2.090	Terrain/Terrain (1)
-6.375	25.125	-1.787	Backyard/Pool back/Pool2/Bottom/Pool Bottom (24)
-6.375	25.125	-2.100	Terrain/Terrain (1)
-6.375	25.625	-1.787	Backyard/Pool back/Pool2/Bottom/Pool Bottom (23)
-6.375	25.625	-2.100	Terrain/Terrain (1)
-6.375	26.125	-1.787	Backyard/Pool back/Pool2/Bottom/Pool Bottom (23)
-6.375	26.125	-2.100	Terrain/Terrain (1)
-6.375	26.625	-1.787	Backyard/Pool back/Pool2/Bottom/Pool Bottom (22)
-6.375	26.625	-2.100	Terrain/Terrain (1)
-6.375	27.125	-1.787	Backyard/Pool back/Pool2/Bottom/Pool Bottom (22)
-6.375	27.125	-2.100	Terrain/Terrain (1)
-6.375	27.625	-1.787	Backyard/Pool back/Pool2/Bottom/Pool Bottom (21)
-6.375	27.625	-2.100	Terrain/Terrain (1)
-6.375	28.125	-1.787	Backyard/Pool back/Pool2/Bottom/Pool Bottom (21)
-6.375	28.125	-2.100	Terrain/Terrain (1)
-6.375	28.625	-1.787	Backyard/Pool back/Pool2/Bottom/Pool Bottom (59)
-6.375	28.625	-2.100	Terrain/Terrain (1)
-6.375	29.125	-1.787	Backyard/Pool back/Pool2/Bottom/Pool Bottom (59)
-6.375	29.125	-2.100	Terrain/Terrain (1)
-6.375	29.625	-1.775	Backyard/Pool back/Pool2/pool straight top (10)/Pool Bottom side
-6.375	29.625	-2.100	Terrain/Terrain (1)
-6.375	30.125	0.270	Backyard/Pool back/Pool2/pool straight top (10)
-6.375	30.125	-2.100	Terrain/Terrain (1)
-6.375	30.625	-2.100	Terrain/Terrain (1)
-6.375	31.125	-2.100	Terrain/Terrain (1)
-6.375	31.625	-2.100	Terrain/Terrain (1)
-6.375	32.125	-2.100	Terrain/Terrain (1)
-6.375	32.625	-2.100	Terrain/Terrain (1)
-5.875	-4.875	0.331	Terrain/Terrain (1)
-5.875	-4.375	0.679	Terrain/Terrain (1)
-5.875	-3.875	0.690	Terrain/Terrain (1)
-5.875	-3.375	0.329	Terrain/Terrain (1)
-5.875	-2.875	0.750	Floor/Floor 2x2 side (18)
-5.875	-2.375	0.750	Floor/Floor 2x2 side (18)
-5.875	-1.875	3.555	Main Building/roof 2 (1)/Roof 2x2 corner
-5.875	-1.875	0.750	Floor/Floor 2x2 side (18)
-5.875	-1.375	3.555	Main Building/roof 2 (1)/Roof 2x2 corner
-5.875	-1.375	0.750	Floor/Floor 2x2 side (18)
-5.875	-1.375	-1.936	Terrain/Terrain (1)
-5.875	-0.875	3.555	Main Building/roof 2 (1)/Roof 2x2 corner
-5.875	-0.875	0.750	Floor/Floor 2x2 (25)
-5.875	-0.875	-2.057	Terrain/Terrain (1)
-5.875	-0.375	3.555	Main Building/roof 2 (1)/Roof 2x2 corner
-5.875	-0.375	0.750	Floor/Floor 2x2 (25)
-5.875	-0.375	-2.072	Terrain/Terrain (1)
-5.875	0.125	3.555	Main Building/roof 2 (1)/Roof 2x2 side
-5.875	0.125	0.750	Floor/Floor 2x2 (25)
-5.875	0.625	3.555	Main Building/roof 2 (1)/Roof 2x2 side
-5.875	0.625	0.750	Floor/Floor 2x2 (25)
-5.875	1.125	3.555	Main Building/roof 2 (1)/Roof 2x2 side
-5.875	1.125	0.750	Floor/Floor 2x2 (26)
-5.875	1.625	3.555	Main Building/roof 2 (1)/Roof 2x2 side
-5.875	1.625	0.750	Floor/Floor 2x2 (26)
-5.875	2.125	3.555	Main Building/roof 2 (1)/Roof 2x2 side (3)
-5.875	2.125	0.750	Floor/Floor 2x2 (26)
-5.875	2.625	3.555	Main Building/roof 2 (1)/Roof 2x2 side (3)
-5.875	2.625	0.750	Floor/Floor 2x2 (26)
-5.875	3.125	3.555	Main Building/roof 2 (1)/Roof 2x2 side (3)
-5.875	3.125	0.750	Floor/Floor 2x2 (27)
-5.875	3.625	3.555	Main Building/roof 2 (1)/Roof 2x2 side (3)
-5.875	3.625	0.750	Floor/Floor 2x2 (27)
-5.875	3.625	-1.971	Terrain/Terrain (1)
-5.875	4.125	3.555	Main Building/roof 2 (1)/Roof 2x2 side (5)
-5.875	4.125	0.750	Floor/Floor 2x2 (27)
-5.875	4.125	-2.033	Terrain/Terrain (1)
-5.875	4.625	3.555	Main Building/roof 2 (1)/Roof 2x2 side (5)
-5.875	4.625	0.750	Floor/Floor 2x2 (27)
-5.875	4.625	-2.079	Terrain/Terrain (1)
-5.875	5.125	3.555	Main Building/roof 2 (1)/Roof 2x2 side (5)
-5.875	5.125	0.750	Floor/Floor 2x2 (28)
-5.875	5.125	-2.092	Terrain/Terrain (1)
-5.875	5.625	3.555	Main Building/roof 2 (1)/Roof 2x2 side (5)
-5.875	5.625	0.750	Floor/Floor 2x2 (28)
-5.875	5.625	-2.094	Terrain/Terrain (1)
-5.875	6.125	3.555	Main Building/roof 2 (1)/Roof 2x2 side (7)
-5.875	6.125	0.750	Floor/Floor 2x2 (28)
-5.875	6.125	-2.095	Terrain/Terrain (1)
-5.875	6.625	3.555	Main Building/roof 2 (1)/Roof 2x2 side (7)
-5.875	6.625	0.750	Floor/Floor 2x2 (28)
-5.875	6.625	-2.096	Terrain/Terrain (1)
-5.875	7.125	3.555	Main Building/roof 2 (1)/Roof 2x2 side (7)
-5.875	7.125	0.750	Floor/Floor 2x2 (29)
-5.875	7.125	-2.099	Terrain/Terrain (1)
-5.875	7.625	3.555	Main Building/roof 2 (1)/Roof 2x2 side (7)
-5.875	7.625	0.750	Floor/Floor 2x2 (29)
-5.875	7.625	-2.100	Terrain/Terrain (1)
-5.875	8.125	3.555	Main Building/roof 2 (1)/Roof 2x2 side (9)
-5.875	8.125	0.750	Floor/Floor 2x2 (29)
-5.875	8.125	-2.100	Terrain/Terrain (1)
-5.875	8.625	3.555	Main Building/roof 2 (1)/Roof 2x2 side (9)
-5.875	8.625	0.750	Floor/Floor 2x2 (29)
-5.875	8.625	-2.100	Terrain/Terrain (1)
-5.875	9.125	3.555	Main Building/roof 2 (1)/Roof 2x2 side (9)
-5.875	9.125	0.750	Floor/Floor 2x2 (67)
-5.875	9.125	-2.100	Terrain/Terrain (1)
-5.875	9.625	3.555	Main Building/roof 2 (1)/Roof 2x2 side (9)
-5.875	9.625	0.750	Floor/Floor 2x2 (67)
-5.875	9.625	-2.098	Terrain/Terrain (1)
-5.875	10.125	3.555	Main Building/roof 2 (1)/Roof 2x2 corner (2)
-5.875	10.125	0.750	Floor/Floor 2x2 (67)
-5.875	10.125	-2.092	Terrain/Terrain (1)
-5.875	10.625	3.555	Main Building/roof 2 (1)/Roof 2x2 corner (2)
-5.875	10.625	0.750	Floor/Floor 2x2 (67)
-5.875	10.625	-2.088	Terrain/Terrain (1)
-5.875	11.125	3.555	Main Building/roof 2 (1)/Roof 2x2 corner (2)
-5.875	11.125	0.250	Backyard/Floor 2/Floor 2x2 (21)
-5.875	11.125	-2.083	Terrain/Terrain (1)
-5.875	11.625	3.555	Main Building/roof 2 (1)/Roof 2x2 corner (2)
-5.875	11.625	0.250	Backyard/Floor 2/Floor 2x2 (21)
-5.875	11.625	-2.082	Terrain/Terrain (1)
-5.875	12.125	0.250	Backyard/Floor 2/Floor 2x2 (21)
-5.875	12.125	-2.085	Terrain/Terrain (1)
-5.875	12.625	0.250	Backyard/Floor 2/Floor 2x2 (22)
-5.875	12.625	-2.090	Terrain/Terrain (1)
-5.875	13.125	0.250	Backyard/Floor 2/Floor 2x2 (22)
-5.875	13.125	-2.095	Terrain/Terrain (1)
-5.875	13.625	0.250	Backyard/Floor 2/Floor 2x2 (22)
-5.875	13.625	-2.099	Terrain/Terrain (1)
-5.875	14.125	0.250	Backyard/Floor 2/Floor 2x2 (22)
-5.875	14.125	-2.100	Terrain/Terrain (1)
-5.875	14.625	0.250	Backyard/Floor 2/Floor 2x2 (23)
-5.875	14.625	-2.100	Terrain/Terrain (1)
-5.875	15.125	0.250	Backyard/Floor 2/Floor 2x2 (23)
-5.875	15.125	-2.100	Terrain/Terrain (1)
-5.875	15.625	0.250	Backyard/Floor 2/Floor 2x2 (23)
-5.875	15.625	-2.100	Terrain/Terrain (1)
-5.875	16.125	0.250	Backyard/Floor 2/Floor 2x2 (23)
-5.875	16.125	-2.100	Terrain/Terrain (1)
-5.875	16.625	0.250	Backyard/Floor 2/Floor 2x2 (24)
-5.875	16.625	-2.100	Terrain/Terrain (1)
-5.875	17.125	0.250	Backyard/Floor 2/Floor 2x2 (24)
-5.875	17.125	-2.100	Terrain/Terrain (1)
-5.875	17.625	0.250	Backyard/Floor 2/Floor 2x2 (24)
-5.875	17.625	-2.100	Terrain/Terrain (1)
-5.875	18.125	0.250	Backyard/Floor 2/Floor 2x2 (24)
-5.875	18.125	-2.100	Terrain/Terrain (1)
-5.875	18.625	0.250	Backyard/Floor 2/Floor 2x2 (25)
-5.875	18.625	-2.100	Terrain/Terrain (1)
-5.875	19.125	0.250	Backyard/Floor 2/Floor 2x2 (25)
-5.875	19.125	-2.062	Terrain/Terrain (1)
-5.875	19.625	0.250	Backyard/Floor 2/Floor 2x2 (25)
-5.875	19.625	-2.002	Terrain/Terrain (1)
-5.875	20.125	0.250	Backyard/Floor 2/Floor 2x2 (25)
-5.875	20.125	-2.001	Terrain/Terrain (1)
-5.875	20.625	0.250	Backyard/Pool back/Pool2/Floor/Floor 2x2 (5)
-5.875	20.625	-1.973	Terrain/Terrain (1)
-5.875	21.125	0.250	Backyard/Pool back/Pool2/Floor/Floor 2x2 (5)
-5.875	21.125	-1.924	Terrain/Terrain (1)
-5.875	21.625	0.250	Backyard/Pool back/Pool2/Floor/Floor 2x2 (5)
-5.875	21.625	-1.910	Terrain/Terrain (1)
-5.875	22.125	0.250	Backyard/Pool back/Pool2/Floor/Floor 2x2 (5)
-5.875	22.125	-1.906	Terrain/Terrain (1)
-5.875	22.625	0.270	Backyard/Pool back/Pool2/pool straight top (21)
-5.875	22.625	-1.910	Terrain/Terrain (1)
-5.875	23.125	-1.775	Backyard/Pool back/Pool2/pool straight top (21)/Pool Bottom side
-5.875	23.125	-1.929	Terrain/Terrain (1)
-5.875	23.625	-1.787	Backyard/Pool back/Pool2/Bottom/Pool Bottom (30)
-5.875	23.625	-1.990	Terrain/Terrain (1)
-5.875	24.125	-1.787	Backyard/Pool back/Pool2/Bottom/Pool Bottom (30)
-5.875	24.125	-2.087	Terrain/Terrain (1)
-5.875	24.625	-1.787	Backyard/Pool back/Pool2/Bottom/Pool Bottom (29)
-5.875	24.625	-2.100	Terrain/Terrain (1)
-5.875	25.125	-1.787	Backyard/Pool back/Pool2/Bottom/Pool Bottom (29)
-5.875	25.125	-2.100	Terrain/Terrain (1)
-5.875	25.625	-1.787	Backyard/Pool back/Pool2/Bottom/Pool Bottom (28)
-5.875	25.625	-2.100	Terrain/Terrain (1)
-5.875	26.125	-1.787	Backyard/Pool back/Pool2/Bottom/Pool Bottom (28)
-5.875	26.125	-2.100	Terrain/Terrain (1)
-5.875	26.625	-1.787	Backyard/Pool back/Pool2/Bottom/Pool Bottom (27)
-5.875	26.625	-2.100	Terrain/Terrain (1)
-5.875	27.125	-1.787	Backyard/Pool back/Pool2/Bottom/Pool Bottom (27)
-5.875	27.125	-2.100	Terrain/Terrain (1)
-5.875	27.625	-1.787	Backyard/Pool back/Pool2/Bottom/Pool Bottom (26)
-5.875	27.625	-2.100	Terrain/Terrain (1)
-5.875	28.125	-1.787	Backyard/Pool back/Pool2/Bottom/Pool Bottom (26)
-5.875	28.125	-2.100	Terrain/Terrain (1)
-5.875	28.625	-1.787	Backyard/Pool back/Pool2/Bottom/Pool Bottom (60)
-5.875	28.625	-2.100	Terrain/Terrain (1)
-5.875	29.125	-1.787	Backyard/Pool back/Pool2/Bottom/Pool Bottom (60)
-5.875	29.125	-2.100	Terrain/Terrain (1)
-5.875	29.625	-1.775	Backyard/Pool back/Pool2/pool straight top (11)/Pool Bottom side
-5.875	29.625	-2.100	Terrain/Terrain (1)
-5.875	30.125	0.270	Backyard/Pool back/Pool2/pool straight top (11)
-5.875	30.125	-2.100	Terrain/Terrain (1)
-5.875	30.625	-2.100	Terrain/Terrain (1)
-5.875	31.125	-2.100	Terrain/Terrain (1)
-5.875	31.625	-2.100	Terrain/Terrain (1)
-5.875	32.125	-2.100	Terrain/Terrain (1)
-5.875	32.625	-2.100	Terrain/Terrain (1)
-5.375	-4.875	0.152	Terrain/Terrain (1)
-5.375	-4.375	0.509	Terrain/Terrain (1)
-5.375	-3.875	0.575	Terrain/Terrain (1)
-5.375	-3.375	0.325	Terrain/Terrain (1)
-5.375	-2.875	0.750	Floor/Floor 2x2 side (18)
-5.375	-2.375	0.750	Floor/Floor 2x2 side (18)
-5.375	-1.875	3.555	Main Building/roof 2 (1)/Roof ,5x,5 side
-5.375	-1.875	0.750	Floor/Floor 2x2 side (18)
-5.375	-1.375	3.555	Main Building/roof 2 (1)/Roof ,5x,5
-5.375	-1.375	0.750	Floor/Floor 2x2 side (18)
-5.375	-1.375	-1.652	Terrain/Terrain (1)
-5.375	-0.875	3.555	Main Building/roof 2 (1)/Roof ,5x,5 (1)
-5.375	-0.875	0.750	Floor/Floor 2x2 (25)
-5.375	-0.875	-1.921	Terrain/Terrain (1)
-5.375	-0.375	3.555	Main Building/roof 2 (1)/Roof ,5x,5 (2)
-5.375	-0.375	0.750	Floor/Floor 2x2 (25)
-5.375	-0.375	-2.059	Terrain/Terrain (1)
-5.375	0.125	3.555	Main Building/roof 2 (1)/Roof ,5x,5 (3)
-5.375	0.125	0.750	Floor/Floor 2x2 (25)
-5.375	0.125	-2.099	Terrain/Terrain (1)
-5.375	0.625	3.555	Main Building/roof 2 (1)/Roof ,5x,5 (4)
-5.375	0.625	0.750	Floor/Floor 2x2 (25)
-5.375	0.625	-2.100	Terrain/Terrain (1)
-5.375	1.125	3.555	Main Building/roof 2 (1)/Roof ,5x,5 (5)
-5.375	1.125	0.750	Floor/Floor 2x2 (26)
-5.375	1.125	-2.100	Terrain/Terrain (1)
-5.375	1.625	3.555	Main Building/roof 2 (1)/Roof ,5x,5 (6)
-5.375	1.625	0.750	Floor/Floor 2x2 (26)
-5.375	1.625	-2.100	Terrain/Terrain (1)
-5.375	2.125	3.555	Main Building/roof 2 (1)/Roof ,5x,5 (7)
-5.375	2.125	0.750	Floor/Floor 2x2 (26)
-5.375	2.125	-2.100	Terrain/Terrain (1)
-5.375	2.625	3.555	Main Building/roof 2 (1)/Roof ,5x,5 (8)
-5.375	2.625	0.750	Floor/Floor 2x2 (26)
-5.375	2.625	-2.100	Terrain/Terrain (1)
-5.375	3.125	3.555	Main Building/roof 2 (1)/Roof ,5x,5 (9)
-5.375	3.125	0.750	Floor/Floor 2x2 (27)
-5.375	3.125	-2.100	Terrain/Terrain (1)
-5.375	3.625	3.555	Main Building/roof 2 (1)/Roof ,5x,5 (10)
-5.375	3.625	0.750	Floor/Floor 2x2 (27)
-5.375	3.625	-2.100	Terrain/Terrain (1)
-5.375	4.125	3.555	Main Building/roof 2 (1)/Roof ,5x,5 (11)
-5.375	4.125	0.750	Floor/Floor 2x2 (27)
-5.375	4.125	-2.100	Terrain/Terrain (1)
-5.375	4.625	3.555	Main Building/roof 2 (1)/Roof ,5x,5 (12)
-5.375	4.625	0.750	Floor/Floor 2x2 (27)
-5.375	4.625	-2.100	Terrain/Terrain (1)
-5.375	5.125	3.555	Main Building/roof 2 (1)/Roof ,5x,5 (13)
-5.375	5.125	0.750	Floor/Floor 2x2 (28)
-5.375	5.125	-2.100	Terrain/Terrain (1)
-5.375	5.625	3.555	Main Building/roof 2 (1)/Roof ,5x,5 (14)
-5.375	5.625	0.750	Floor/Floor 2x2 (28)
-5.375	5.625	-2.100	Terrain/Terrain (1)
-5.375	6.125	3.555	Main Building/roof 2 (1)/Roof ,5x,5 (15)
-5.375	6.125	0.750	Floor/Floor 2x2 (28)
-5.375	6.125	-2.100	Terrain/Terrain (1)
-5.375	6.625	3.555	Main Building/roof 2 (1)/Roof ,5x,5 (16)
-5.375	6.625	0.750	Floor/Floor 2x2 (28)
-5.375	6.625	-2.100	Terrain/Terrain (1)
-5.375	7.125	3.555	Main Building/roof 2 (1)/Roof ,5x,5 (17)
-5.375	7.125	0.750	Floor/Floor 2x2 (29)
-5.375	7.125	-2.100	Terrain/Terrain (1)
-5.375	7.625	3.555	Main Building/roof 2 (1)/Roof ,5x,5 (18)
-5.375	7.625	0.750	Floor/Floor 2x2 (29)
-5.375	7.625	-2.100	Terrain/Terrain (1)
-5.375	8.125	3.555	Main Building/roof 2 (1)/Roof ,5x,5 (19)
-5.375	8.125	0.750	Floor/Floor 2x2 (29)
-5.375	8.125	-2.100	Terrain/Terrain (1)
-5.375	8.625	3.555	Main Building/roof 2 (1)/Roof ,5x,5 (20)
-5.375	8.625	0.750	Floor/Floor 2x2 (29)
-5.375	8.625	-2.100	Terrain/Terrain (1)
-5.375	9.125	3.555	Main Building/roof 2 (1)/Roof ,5x,5 (21)
-5.375	9.125	0.750	Floor/Floor 2x2 (67)
-5.375	9.125	-2.100	Terrain/Terrain (1)
-5.375	9.625	3.555	Main Building/roof 2 (1)/Roof ,5x,5 (22)
-5.375	9.625	0.750	Floor/Floor 2x2 (67)
-5.375	9.625	-2.100	Terrain/Terrain (1)
-5.375	10.125	3.555	Main Building/roof 2 (1)/Roof ,5x,5 (23)
-5.375	10.125	0.750	Floor/Floor 2x2 (67)
-5.375	10.125	-2.100	Terrain/Terrain (1)
-5.375	10.625	3.555	Main Building/roof 2 (1)/Roof ,5x,5 (24)
-5.375	10.625	0.750	Floor/Floor 2x2 (67)
-5.375	10.625	-2.100	Terrain/Terrain (1)
-5.375	11.125	3.555	Main Building/roof 2 (1)/Roof ,5x,5 (25)
-5.375	11.125	0.250	Backyard/Floor 2/Floor 2x2 (21)
-5.375	11.125	-2.100	Terrain/Terrain (1)
-5.375	11.625	3.555	Main Building/roof 2 (1)/Roof ,5x,5 side (1)
-5.375	11.625	0.250	Backyard/Floor 2/Floor 2x2 (21)
-5.375	11.625	-2.100	Terrain/Terrain (1)
-5.375	12.125	0.250	Backyard/Floor 2/Floor 2x2 (21)
-5.375	12.125	-2.100	Terrain/Terrain (1)
-5.375	12.625	0.250	Backyard/Floor 2/Floor 2x2 (22)
-5.375	12.625	-2.100	Terrain/Terrain (1)
-5.375	13.125	0.250	Backyard/Floor 2/Floor 2x2 (22)
-5.375	13.125	-2.100	Terrain/Terrain (1)
-5.375	13.625	0.250	Backyard/Floor 2/Floor 2x2 (22)
-5.375	13.625	-2.100	Terrain/Terrain (1)
-5.375	14.125	0.250	Backyard/Floor 2/Floor 2x2 (22)
-5.375	14.125	-2.100	Terrain/Terrain (1)
-5.375	14.625	0.250	Backyard/Floor 2/Floor 2x2 (23)
-5.375	14.625	-2.100	Terrain/Terrain (1)
-5.375	15.125	0.250	Backyard/Floor 2/Floor 2x2 (23)
-5.375	15.125	-2.100	Terrain/Terrain (1)
-5.375	15.625	0.250	Backyard/Floor 2/Floor 2x2 (23)
-5.375	15.625	-2.100	Terrain/Terrain (1)
-5.375	16.125	0.250	Backyard/Floor 2/Floor 2x2 (23)
-5.375	16.125	-2.100	Terrain/Terrain (1)
-5.375	16.625	0.250	Backyard/Floor 2/Floor 2x2 (24)
-5.375	16.625	-2.100	Terrain/Terrain (1)
-5.375	17.125	0.250	Backyard/Floor 2/Floor 2x2 (24)
-5.375	17.125	-2.100	Terrain/Terrain (1)
-5.375	17.625	0.250	Backyard/Floor 2/Floor 2x2 (24)
-5.375	17.625	-2.100	Terrain/Terrain (1)
-5.375	18.125	0.250	Backyard/Floor 2/Floor 2x2 (24)
-5.375	18.125	-2.100	Terrain/Terrain (1)
-5.375	18.625	0.250	Backyard/Floor 2/Floor 2x2 (25)
-5.375	18.625	-2.100	Terrain/Terrain (1)
-5.375	19.125	0.250	Backyard/Floor 2/Floor 2x2 (25)
-5.375	19.125	-2.100	Terrain/Terrain (1)
-5.375	19.625	0.250	Backyard/Floor 2/Floor 2x2 (25)
-5.375	19.625	-2.096	Terrain/Terrain (1)
-5.375	20.125	0.250	Backyard/Floor 2/Floor 2x2 (25)
-5.375	20.125	-2.042	Terrain/Terrain (1)
-5.375	20.625	0.250	Backyard/Pool back/Pool2/Floor/Floor 2x2 (5)
-5.375	20.625	-2.006	Terrain/Terrain (1)
-5.375	21.125	0.250	Backyard/Pool back/Pool2/Floor/Floor 2x2 (5)
-5.375	21.125	-2.002	Terrain/Terrain (1)
-5.375	21.625	0.250	Backyard/Pool back/Pool2/Floor/Floor 2x2 (5)
-5.375	21.625	-2.002	Terrain/Terrain (1)
-5.375	22.125	0.250	Backyard/Pool back/Pool2/Floor/Floor 2x2 (5)
-5.375	22.125	-2.003	Terrain/Terrain (1)
-5.375	22.625	0.270	Backyard/Pool back/Pool2/pool straight top (21)
-5.375	22.625	-2.017	Terrain/Terrain (1)
-5.375	23.125	-1.775	Backyard/Pool back/Pool2/pool straight top (21)/Pool Bottom side
-5.375	23.125	-2.073	Terrain/Terrain (1)
-5.375	23.625	-1.787	Backyard/Pool back/Pool2/Bottom/Pool Bottom (30)
-5.375	23.625	-2.100	Terrain/Terrain (1)
-5.375	24.125	-1.787	Backyard/Pool back/Pool2/Bottom/Pool Bottom (30)
-5.375	24.125	-2.100	Terrain/Terrain (1)
-5.375	24.625	-1.787	Backyard/Pool back/Pool2/Bottom/Pool Bottom (29)
-5.375	24.625	-2.100	Terrain/Terrain (1)
-5.375	25.125	-1.787	Backyard/Pool back/Pool2/Bottom/Pool Bottom (29)
-5.375	25.125	-2.100	Terrain/Terrain (1)
-5.375	25.625	-1.787	Backyard/Pool back/Pool2/Bottom/Pool Bottom (28)
-5.375	25.625	-2.100	Terrain/Terrain (1)
-5.375	26.125	-1.787	Backyard/Pool back/Pool2/Bottom/Pool Bottom (28)
-5.375	26.125	-2.100	Terrain/Terrain (1)
-5.375	26.625	-1.787	Backyard/Pool back/Pool2/Bottom/Pool Bottom (27)
-5.375	26.625	-2.100	Terrain/Terrain (1)
-5.375	27.125	-1.787	Backyard/Pool back/Pool2/Bottom/Pool Bottom (27)
-5.375	27.125	-2.100	Terrain/Terrain (1)
-5.375	27.625	-1.787	Backyard/Pool back/Pool2/Bottom/Pool Bottom (26)
-5.375	27.625	-2.100	Terrain/Terrain (1)
-5.375	28.125	-1.787	Backyard/Pool back/Pool2/Bottom/Pool Bottom (26)
-5.375	28.125	-2.100	Terrain/Terrain (1)
-5.375	28.625	-1.787	Backyard/Pool back/Pool2/Bottom/Pool Bottom (60)
-5.375	28.625	-2.100	Terrain/Terrain (1)
-5.375	29.125	-1.787	Backyard/Pool back/Pool2/Bottom/Pool Bottom (60)
-5.375	29.125	-2.100	Terrain/Terrain (1)
-5.375	29.625	-1.775	Backyard/Pool back/Pool2/pool straight top (11)/Pool Bottom side
-5.375	29.625	-2.100	Terrain/Terrain (1)
-5.375	30.125	0.270	Backyard/Pool back/Pool2/pool straight top (11)
-5.375	30.125	-2.100	Terrain/Terrain (1)
-5.375	30.625	-2.100	Terrain/Terrain (1)
-5.375	31.125	-2.100	Terrain/Terrain (1)
-5.375	31.625	-2.100	Terrain/Terrain (1)
-5.375	32.125	-2.100	Terrain/Terrain (1)
-5.375	32.625	-2.100	Terrain/Terrain (1)
-4.875	-4.875	-0.043	Terrain/Terrain (1)
-4.875	-4.375	0.294	Terrain/Terrain (1)
-4.875	-3.875	0.422	Terrain/Terrain (1)
-4.875	-3.375	0.298	Terrain/Terrain (1)
-4.875	-2.875	0.750	Floor/Floor 2x2 side (8)
-4.875	-2.875	-0.016	Terrain/Terrain (1)
-4.875	-2.375	0.750	Floor/Floor 2x2 side (8)
-4.875	-2.375	-0.402	Terrain/Terrain (1)
-4.875	-1.875	3.555	Main Building/roof 2 (1)/Roof 2x2 side (2)
-4.875	-1.875	0.750	Floor/Floor 2x2 side (8)
-4.875	-1.375	3.555	Main Building/roof 2 (1)/Roof 2x2 side (2)
-4.875	-1.375	0.750	Floor/Floor 2x2 side (8)
-4.875	-0.875	3.555	Main Building/roof 2 (1)/Roof 2x2 side (2)
-4.875	-0.875	0.750	Floor/Floor 2x2 (7)
-4.875	-0.875	-1.695	Terrain/Terrain (1)
-4.875	-0.375	3.555	Main Building/roof 2 (1)/Roof 2x2 side (2)
-4.875	-0.375	0.750	Floor/Floor 2x2 (7)
-4.875	-0.375	-1.964	Terrain/Terrain (1)
-4.875	0.125	3.555	Main Building/roof 2 (1)/Roof 2x2
-4.875	0.125	0.750	Floor/Floor 2x2 (7)
-4.875	0.125	-2.079	Terrain/Terrain (1)
-4.875	0.625	3.555	Main Building/roof 2 (1)/Roof 2x2
-4.875	0.625	0.750	Floor/Floor 2x2 (7)
-4.875	0.625	-2.100	Terrain/Terrain (1)
-4.875	1.125	3.555	Main Building/roof 2 (1)/Roof 2x2
-4.875	1.125	0.750	Floor/Floor 2x2 (11)
-4.875	1.125	-2.100	Terrain/Terrain (1)
-4.875	1.625	3.555	Main Building/roof 2 (1)/Roof 2x2
-4.875	1.625	0.750	Floor/Floor 2x2 (11)
-4.875	1.625	-2.100	Terrain/Terrain (1)
-4.875	2.125	3.555	Main Building/roof 2 (1)/Roof 2x2 (1)
-4.875	2.125	0.750	Floor/Floor 2x2 (11)
-4.875	2.125	-2.100	Terrain/Terrain (1)
-4.875	2.625	3.555	Main Building/roof 2 (1)/Roof 2x2 (1)
-4.875	2.625	0.750	Floor/Floor 2x2 (11)
-4.875	2.625	-2.100	Terrain/Terrain (1)
-4.875	3.125	3.555	Main Building/roof 2 (1)/Roof 2x2 (1)
-4.875	3.125	0.750	Floor/Floor 2x2 (15)
-4.875	3.125	-2.100	Terrain/Terrain (1)
-4.875	3.625	3.555	Main Building/roof 2 (1)/Roof 2x2 (1)
-4.875	3.625	0.750	Floor/Floor 2x2 (15)
-4.875	3.625	-2.100	Terrain/Terrain (1)
-4.875	4.125	3.555	Main Building/roof 2 (1)/Roof 2x2 (2)
-4.875	4.125	0.750	Floor/Floor 2x2 (15)
-4.875	4.125	-2.100	Terrain/Terrain (1)
-4.875	4.625	3.555	Main Building/roof 2 (1)/Roof 2x2 (2)
-4.875	4.625	0.750	Floor/Floor 2x2 (15)
-4.875	4.625	-2.100	Terrain/Terrain (1)
-4.875	5.125	3.555	Main Building/roof 2 (1)/Roof 2x2 (2)
-4.875	5.125	0.750	Floor/Floor 2x2 (19)
-4.875	5.125	-2.100	Terrain/Terrain (1)
-4.875	5.625	3.555	Main Building/roof 2 (1)/Roof 2x2 (2)
-4.875	5.625	0.750	Floor/Floor 2x2 (19)
-4.875	5.625	-2.100	Terrain/Terrain (1)
-4.875	6.125	3.555	Main Building/roof 2 (1)/Roof 2x2 (3)
-4.875	6.125	0.750	Floor/Floor 2x2 (19)
-4.875	6.125	-2.100	Terrain/Terrain (1)
-4.875	6.625	3.555	Main Building/roof 2 (1)/Roof 2x2 (3)
-4.875	6.625	0.750	Floor/Floor 2x2 (19)
-4.875	6.625	-2.100	Terrain/Terrain (1)
-4.875	7.125	3.555	Main Building/roof 2 (1)/Roof 2x2 (3)
-4.875	7.125	0.750	Floor/Floor 2x2 (23)
-4.875	7.125	-2.100	Terrain/Terrain (1)
-4.875	7.625	3.555	Main Building/roof 2 (1)/Roof 2x2 (3)
-4.875	7.625	0.750	Floor/Floor 2x2 (23)
-4.875	7.625	-2.100	Terrain/Terrain (1)
-4.875	8.125	3.555	Main Building/roof 2 (1)/Roof 2x2 (4)
-4.875	8.125	0.750	Floor/Floor 2x2 (23)
-4.875	8.125	-2.100	Terrain/Terrain (1)
-4.875	8.625	3.555	Main Building/roof 2 (1)/Roof 2x2 (4)
-4.875	8.625	0.750	Floor/Floor 2x2 (23)
-4.875	8.625	-2.100	Terrain/Terrain (1)
-4.875	9.125	3.555	Main Building/roof 2 (1)/Roof 2x2 (4)
-4.875	9.125	0.750	Floor/Floor 2x2 (66)
-4.875	9.125	-2.100	Terrain/Terrain (1)
-4.875	9.625	3.555	Main Building/roof 2 (1)/Roof 2x2 (4)
-4.875	9.625	0.750	Floor/Floor 2x2 (66)
-4.875	9.625	-2.100	Terrain/Terrain (1)
-4.875	10.125	3.555	Main Building/roof 2 (1)/Roof 2x2 side (11)
-4.875	10.125	0.750	Floor/Floor 2x2 (66)
-4.875	10.125	-2.100	Terrain/Terrain (1)
-4.875	10.625	3.555	Main Building/roof 2 (1)/Roof 2x2 side (11)
-4.875	10.625	0.750	Floor/Floor 2x2 (66)
-4.875	10.625	-2.100	Terrain/Terrain (1)
-4.875	11.125	3.555	Main Building/roof 2 (1)/Roof 2x2 side (11)
-4.875	11.125	0.250	Backyard/Floor 2/Floor 2x2 (3)
-4.875	11.125	-2.100	Terrain/Terrain (1)
-4.875	11.625	3.555	Main Building/roof 2 (1)/Roof 2x2 side (11)
-4.875	11.625	0.250	Backyard/Floor 2/Floor 2x2 (3)
-4.875	11.625	-2.100	Terrain/Terrain (1)
-4.875	12.125	0.250	Backyard/Floor 2/Floor 2x2 (3)
-4.875	12.125	-2.100	Terrain/Terrain (1)
-4.875	12.625	0.250	Backyard/Floor 2/Floor 2x2 (7)
-4.875	12.625	-2.100	Terrain/Terrain (1)
-4.875	13.125	0.250	Backyard/Floor 2/Floor 2x2 (7)
-4.875	13.125	-2.100	Terrain/Terrain (1)
-4.875	13.625	0.250	Backyard/Floor 2/Floor 2x2 (7)
-4.875	13.625	-2.100	Terrain/Terrain (1)
-4.875	14.125	0.250	Backyard/Floor 2/Floor 2x2 (7)
-4.875	14.125	-2.100	Terrain/Terrain (1)
-4.875	14.625	0.250	Backyard/Floor 2/Floor 2x2 (11)
-4.875	14.625	-2.100	Terrain/Terrain (1)
-4.875	15.125	0.250	Backyard/Floor 2/Floor 2x2 (11)
-4.875	15.125	-2.100	Terrain/Terrain (1)
-4.875	15.625	0.250	Backyard/Floor 2/Floor 2x2 (11)
-4.875	15.625	-2.100	Terrain/Terrain (1)
-4.875	16.125	0.250	Backyard/Floor 2/Floor 2x2 (11)
-4.875	16.125	-2.100	Terrain/Terrain (1)
-4.875	16.625	0.250	Backyard/Floor 2/Floor 2x2 (15)
-4.875	16.625	-2.100	Terrain/Terrain (1)
-4.875	17.125	0.250	Backyard/Floor 2/Floor 2x2 (15)
-4.875	17.125	-2.100	Terrain/Terrain (1)
-4.875	17.625	0.250	Backyard/Floor 2/Floor 2x2 (15)
-4.875	17.625	-2.100	Terrain/Terrain (1)
-4.875	18.125	0.250	Backyard/Floor 2/Floor 2x2 (15)
-4.875	18.125	-2.100	Terrain/Terrain (1)
-4.875	18.625	0.250	Backyard/Floor 2/Floor 2x2 (19)
-4.875	18.625	-2.100	Terrain/Terrain (1)
-4.875	19.125	0.250	Backyard/Floor 2/Floor 2x2 (19)
-4.875	19.125	-2.100	Terrain/Terrain (1)
-4.875	19.625	0.250	Backyard/Floor 2/Floor 2x2 (19)
-4.875	19.625	-2.100	Terrain/Terrain (1)
-4.875	20.125	0.250	Backyard/Floor 2/Floor 2x2 (19)
-4.875	20.125	-2.100	Terrain/Terrain (1)
-4.875	20.625	0.250	Backyard/Pool back/Pool2/Floor/Floor 2x2 (4)
-4.875	20.625	-2.100	Terrain/Terrain (1)
-4.875	21.125	0.250	Backyard/Pool back/Pool2/Floor/Floor 2x2 (4)
-4.875	21.125	-2.096	Terrain/Terrain (1)
-4.875	21.625	0.250	Backyard/Pool back/Pool2/Floor/Floor 2x2 (4)
-4.875	21.625	-2.094	Terrain/Terrain (1)
-4.875	22.125	0.250	Backyard/Pool back/Pool2/Floor/Floor 2x2 (4)
-4.875	22.125	-2.096	Terrain/Terrain (1)
-4.875	22.625	0.270	Backyard/Pool back/Pool2/pool straight top (19)
-4.875	22.625	-2.100	Terrain/Terrain (1)
-4.875	23.125	-1.775	Backyard/Pool back/Pool2/pool straight top (19)/Pool Bottom side
-4.875	23.125	-2.100	Terrain/Terrain (1)
-4.875	23.625	-1.787	Backyard/Pool back/Pool2/Bottom/Pool Bottom (35)
-4.875	23.625	-2.100	Terrain/Terrain (1)
-4.875	24.125	-1.787	Backyard/Pool back/Pool2/Bottom/Pool Bottom (35)
-4.875	24.125	-2.100	Terrain/Terrain (1)
-4.875	24.625	-1.787	Backyard/Pool back/Pool2/Bottom/Pool Bottom (34)
-4.875	24.625	-2.100	Terrain/Terrain (1)
-4.875	25.125	-1.787	Backyard/Pool back/Pool2/Bottom/Pool Bottom (34)
-4.875	25.125	-2.100	Terrain/Terrain (1)
-4.875	25.625	-1.787	Backyard/Pool back/Pool2/Bottom/Pool Bottom (33)
-4.875	25.625	-2.100	Terrain/Terrain (1)
-4.875	26.125	-1.787	Backyard/Pool back/Pool2/Bottom/Pool Bottom (33)
-4.875	26.125	-2.100	Terrain/Terrain (1)
-4.875	26.625	-1.787	Backyard/Pool back/Pool2/Bottom/Pool Bottom (32)
-4.875	26.625	-2.100	Terrain/Terrain (1)
-4.875	27.125	-1.787	Backyard/Pool back/Pool2/Bottom/Pool Bottom (32)
-4.875	27.125	-2.100	Terrain/Terrain (1)
-4.875	27.625	-1.787	Backyard/Pool back/Pool2/Bottom/Pool Bottom (31)
-4.875	27.625	-2.100	Terrain/Terrain (1)
-4.875	28.125	-1.787	Backyard/Pool back/Pool2/Bottom/Pool Bottom (31)
-4.875	28.125	-2.100	Terrain/Terrain (1)
-4.875	28.625	-1.787	Backyard/Pool back/Pool2/Bottom/Pool Bottom (61)
-4.875	28.625	-2.100	Terrain/Terrain (1)
-4.875	29.125	-1.787	Backyard/Pool back/Pool2/Bottom/Pool Bottom (61)
-4.875	29.125	-2.100	Terrain/Terrain (1)
-4.875	29.625	-1.775	Backyard/Pool back/Pool2/pool straight top (12)/Pool Bottom side
-4.875	29.625	-2.100	Terrain/Terrain (1)
-4.875	30.125	0.270	Backyard/Pool back/Pool2/pool straight top (12)
-4.875	30.125	-2.100	Terrain/Terrain (1)
-4.875	30.625	-2.100	Terrain/Terrain (1)
-4.875	31.125	-2.100	Terrain/Terrain (1)
-4.875	31.625	-2.100	Terrain/Terrain (1)
-4.875	32.125	-2.100	Terrain/Terrain (1)
-4.875	32.625	-2.100	Terrain/Terrain (1)
-4.375	-4.875	-0.150	Terrain/Terrain (1)
-4.375	-4.375	0.148	Terrain/Terrain (1)
-4.375	-3.875	0.294	Terrain/Terrain (1)
-4.375	-3.375	0.247	Terrain/Terrain (1)
-4.375	-2.875	0.750	Floor/Floor 2x2 side (8)
-4.375	-2.875	0.059	Terrain/Terrain (1)
-4.375	-2.875	-0.240	Pool Level/Floor/Floor 2x2 (26)
-4.375	-2.375	0.750	Floor/Floor 2x2 side (8)
-4.375	-2.375	-0.203	Terrain/Terrain (1)
-4.375	-1.875	3.555	Main Building/roof 2 (1)/Roof 2x2 side (2)
-4.375	-1.875	0.750	Floor/Floor 2x2 side (8)
-4.375	-1.875	-0.240	Pool Level/Floor/Floor 2x2 (26)
-4.375	-1.875	-0.504	Terrain/Terrain (1)
-4.375	-1.375	3.555	Main Building/roof 2 (1)/Roof 2x2 side (2)
-4.375	-1.375	0.750	Floor/Floor 2x2 side (8)
-4.375	-1.375	-0.240	Pool Level/Floor/Floor 2x2 (26)
-4.375	-0.875	3.555	Main Building/roof 2 (1)/Roof 2x2 side (2)
-4.375	-0.875	0.750	Floor/Floor 2x2 (7)
-4.375	-0.375	3.555	Main Building/roof 2 (1)/Roof 2x2 side (2)
-4.375	-0.375	0.750	Floor/Floor 2x2 (7)
-4.375	-0.375	-1.845	Terrain/Terrain (1)
-4.375	0.125	3.555	Main Building/roof 2 (1)/Roof 2x2
-4.375	0.125	0.750	Floor/Floor 2x2 (7)
-4.375	0.125	-2.043	Terrain/Terrain (1)
-4.375	0.625	3.555	Main Building/roof 2 (1)/Roof 2x2
-4.375	0.625	0.750	Floor/Floor 2x2 (7)
-4.375	0.625	-2.098	Terrain/Terrain (1)
-4.375	1.125	3.555	Main Building/roof 2 (1)/Roof 2x2
-4.375	1.125	0.750	Floor/Floor 2x2 (11)
-4.375	1.125	-2.100	Terrain/Terrain (1)
-4.375	1.625	3.555	Main Building/roof 2 (1)/Roof 2x2
-4.375	1.625	0.750	Floor/Floor 2x2 (11)
-4.375	1.625	-2.100	Terrain/Terrain (1)
-4.375	2.125	3.555	Main Building/roof 2 (1)/Roof 2x2 (1)
-4.375	2.125	0.750	Floor/Floor 2x2 (11)
-4.375	2.125	-2.100	Terrain/Terrain (1)
-4.375	2.625	3.555	Main Building/roof 2 (1)/Roof 2x2 (1)
-4.375	2.625	0.750	Floor/Floor 2x2 (11)
-4.375	2.625	-2.100	Terrain/Terrain (1)
-4.375	3.125	3.555	Main Building/roof 2 (1)/Roof 2x2 (1)
-4.375	3.125	0.750	Floor/Floor 2x2 (15)
-4.375	3.125	-2.100	Terrain/Terrain (1)
-4.375	3.625	3.555	Main Building/roof 2 (1)/Roof 2x2 (1)
-4.375	3.625	0.750	Floor/Floor 2x2 (15)
-4.375	3.625	-2.100	Terrain/Terrain (1)
-4.375	4.125	3.555	Main Building/roof 2 (1)/Roof 2x2 (2)
-4.375	4.125	0.750	Floor/Floor 2x2 (15)
-4.375	4.125	-2.100	Terrain/Terrain (1)
-4.375	4.625	3.555	Main Building/roof 2 (1)/Roof 2x2 (2)
-4.375	4.625	0.750	Floor/Floor 2x2 (15)
-4.375	4.625	-2.100	Terrain/Terrain (1)
-4.375	5.125	3.555	Main Building/roof 2 (1)/Roof 2x2 (2)
-4.375	5.125	0.750	Floor/Floor 2x2 (19)
-4.375	5.125	-2.100	Terrain/Terrain (1)
-4.375	5.625	3.555	Main Building/roof 2 (1)/Roof 2x2 (2)
-4.375	5.625	0.750	Floor/Floor 2x2 (19)
-4.375	5.625	-2.100	Terrain/Terrain (1)
-4.375	6.125	3.555	Main Building/roof 2 (1)/Roof 2x2 (3)
-4.375	6.125	0.750	Floor/Floor 2x2 (19)
-4.375	6.125	-2.100	Terrain/Terrain (1)
-4.375	6.625	3.555	Main Building/roof 2 (1)/Roof 2x2 (3)
-4.375	6.625	0.750	Floor/Floor 2x2 (19)
-4.375	6.625	-2.100	Terrain/Terrain (1)
-4.375	7.125	3.555	Main Building/roof 2 (1)/Roof 2x2 (3)
-4.375	7.125	0.750	Floor/Floor 2x2 (23)
-4.375	7.125	-2.100	Terrain/Terrain (1)
-4.375	7.625	3.555	Main Building/roof 2 (1)/Roof 2x2 (3)
-4.375	7.625	0.750	Floor/Floor 2x2 (23)
-4.375	7.625	-2.100	Terrain/Terrain (1)
-4.375	8.125	3.555	Main Building/roof 2 (1)/Roof 2x2 (4)
-4.375	8.125	0.750	Floor/Floor 2x2 (23)
-4.375	8.125	-2.100	Terrain/Terrain (1)
-4.375	8.625	3.555	Main Building/roof 2 (1)/Roof 2x2 (4)
-4.375	8.625	0.750	Floor/Floor 2x2 (23)
-4.375	8.625	-2.100	Terrain/Terrain (1)
-4.375	9.125	3.555	Main Building/roof 2 (1)/Roof 2x2 (4)
-4.375	9.125	0.750	Floor/Floor 2x2 (66)
-4.375	9.125	-2.100	Terrain/Terrain (1)
-4.375	9.625	3.555	Main Building/roof 2 (1)/Roof 2x2 (4)
-4.375	9.625	0.750	Floor/Floor 2x2 (66)
-4.375	9.625	-2.100	Terrain/Terrain (1)
-4.375	10.125	3.555	Main Building/roof 2 (1)/Roof 2x2 side (11)
-4.375	10.125	0.750	Floor/Floor 2x2 (66)
-4.375	10.125	-2.100	Terrain/Terrain (1)
-4.375	10.625	3.555	Main Building/roof 2 (1)/Roof 2x2 side (11)
-4.375	10.625	0.750	Floor/Floor 2x2 (66)
-4.375	10.625	-2.100	Terrain/Terrain (1)
-4.375	11.125	3.555	Main Building/roof 2 (1)/Roof 2x2 side (11)
-4.375	11.125	0.250	Backyard/Floor 2/Floor 2x2 (3)
-4.375	11.125	-2.100	Terrain/Terrain (1)
-4.375	11.625	3.555	Main Building/roof 2 (1)/Roof 2x2 side (11)
-4.375	11.625	0.250	Backyard/Floor 2/Floor 2x2 (3)
-4.375	11.625	-2.100	Terrain/Terrain (1)
-4.375	12.125	0.250	Backyard/Floor 2/Floor 2x2 (3)
-4.375	12.125	-2.100	Terrain/Terrain (1)
-4.375	12.625	0.250	Backyard/Floor 2/Floor 2x2 (7)
-4.375	12.625	-2.100	Terrain/Terrain (1)
-4.375	13.125	0.250	Backyard/Floor 2/Floor 2x2 (7)
-4.375	13.125	-2.100	Terrain/Terrain (1)
-4.375	13.625	0.250	Backyard/Floor 2/Floor 2x2 (7)
-4.375	13.625	-2.100	Terrain/Terrain (1)
-4.375	14.125	0.250	Backyard/Floor 2/Floor 2x2 (7)
-4.375	14.125	-2.100	Terrain/Terrain (1)
-4.375	14.625	0.250	Backyard/Floor 2/Floor 2x2 (11)
-4.375	14.625	-2.100	Terrain/Terrain (1)
-4.375	15.125	0.250	Backyard/Floor 2/Floor 2x2 (11)
-4.375	15.125	-2.100	Terrain/Terrain (1)
-4.375	15.625	0.250	Backyard/Floor 2/Floor 2x2 (11)
-4.375	15.625	-2.100	Terrain/Terrain (1)
-4.375	16.125	0.250	Backyard/Floor 2/Floor 2x2 (11)
-4.375	16.125	-2.100	Terrain/Terrain (1)
-4.375	16.625	0.250	Backyard/Floor 2/Floor 2x2 (15)
-4.375	16.625	-2.100	Terrain/Terrain (1)
-4.375	17.125	0.250	Backyard/Floor 2/Floor 2x2 (15)
-4.375	17.125	-2.100	Terrain/Terrain (1)
-4.375	17.625	0.250	Backyard/Floor 2/Floor 2x2 (15)
-4.375	17.625	-2.100	Terrain/Terrain (1)
-4.375	18.125	0.250	Backyard/Floor 2/Floor 2x2 (15)
-4.375	18.125	-2.100	Terrain/Terrain (1)
-4.375	18.625	0.250	Backyard/Floor 2/Floor 2x2 (19)
-4.375	18.625	-2.100	Terrain/Terrain (1)
-4.375	19.125	0.250	Backyard/Floor 2/Floor 2x2 (19)
-4.375	19.125	-2.100	Terrain/Terrain (1)
-4.375	19.625	0.250	Backyard/Floor 2/Floor 2x2 (19)
-4.375	19.625	-2.100	Terrain/Terrain (1)
-4.375	20.125	0.250	Backyard/Floor 2/Floor 2x2 (19)
-4.375	20.125	-2.100	Terrain/Terrain (1)
-4.375	20.625	0.250	Backyard/Pool back/Pool2/Floor/Floor 2x2 (4)
-4.375	20.625	-2.100	Terrain/Terrain (1)
-4.375	21.125	0.250	Backyard/Pool back/Pool2/Floor/Floor 2x2 (4)
-4.375	21.125	-2.100	Terrain/Terrain (1)
-4.375	21.625	0.250	Backyard/Pool back/Pool2/Floor/Floor 2x2 (4)
-4.375	21.625	-2.100	Terrain/Terrain (1)
-4.375	22.125	0.250	Backyard/Pool back/Pool2/Floor/Floor 2x2 (4)
-4.375	22.125	-2.100	Terrain/Terrain (1)
-4.375	22.625	0.270	Backyard/Pool back/Pool2/pool straight top (19)
-4.375	22.625	-2.100	Terrain/Terrain (1)
-4.375	23.125	-1.775	Backyard/Pool back/Pool2/pool straight top (19)/Pool Bottom side
-4.375	23.125	-2.100	Terrain/Terrain (1)
-4.375	23.625	-1.787	Backyard/Pool back/Pool2/Bottom/Pool Bottom (35)
-4.375	23.625	-2.100	Terrain/Terrain (1)
-4.375	24.125	-1.787	Backyard/Pool back/Pool2/Bottom/Pool Bottom (35)
-4.375	24.125	-2.100	Terrain/Terrain (1)
-4.375	24.625	-1.787	Backyard/Pool back/Pool2/Bottom/Pool Bottom (34)
-4.375	24.625	-2.100	Terrain/Terrain (1)
-4.375	25.125	-1.787	Backyard/Pool back/Pool2/Bottom/Pool Bottom (34)
-4.375	25.125	-2.100	Terrain/Terrain (1)
-4.375	25.625	-1.787	Backyard/Pool back/Pool2/Bottom/Pool Bottom (33)
-4.375	25.625	-2.100	Terrain/Terrain (1)
-4.375	26.125	-1.787	Backyard/Pool back/Pool2/Bottom/Pool Bottom (33)
-4.375	26.125	-2.100	Terrain/Terrain (1)
-4.375	26.625	-1.787	Backyard/Pool back/Pool2/Bottom/Pool Bottom (32)
-4.375	26.625	-2.100	Terrain/Terrain (1)
-4.375	27.125	-1.787	Backyard/Pool back/Pool2/Bottom/Pool Bottom (32)
-4.375	27.125	-2.100	Terrain/Terrain (1)
-4.375	27.625	-1.787	Backyard/Pool back/Pool2/Bottom/Pool Bottom (31)
-4.375	27.625	-2.100	Terrain/Terrain (1)
-4.375	28.125	-1.787	Backyard/Pool back/Pool2/Bottom/Pool Bottom (31)
-4.375	28.125	-2.100	Terrain/Terrain (1)
-4.375	28.625	-1.787	Backyard/Pool back/Pool2/Bottom/Pool Bottom (61)
-4.375	28.625	-2.100	Terrain/Terrain (1)
-4.375	29.125	-1.787	Backyard/Pool back/Pool2/Bottom/Pool Bottom (61)
-4.375	29.125	-2.100	Terrain/Terrain (1)
-4.375	29.625	-1.775	Backyard/Pool back/Pool2/pool straight top (12)/Pool Bottom side
-4.375	29.625	-2.100	Terrain/Terrain (1)
-4.375	30.125	0.270	Backyard/Pool back/Pool2/pool straight top (12)
-4.375	30.125	-2.100	Terrain/Terrain (1)
-4.375	30.625	-2.100	Terrain/Terrain (1)
-4.375	31.125	-2.100	Terrain/Terrain (1)
-4.375	31.625	-2.100	Terrain/Terrain (1)
-4.375	32.125	-2.100	Terrain/Terrain (1)
-4.375	32.625	-2.100	Terrain/Terrain (1)
-3.875	-4.875	-0.176	Terrain/Terrain (1)
-3.875	-4.375	0.061	Terrain/Terrain (1)
-3.875	-3.875	0.162	Terrain/Terrain (1)
-3.875	-3.375	0.116	Terrain/Terrain (1)
-3.875	-2.875	0.750	Floor/Floor 2x2 side (8)
-3.875	-2.875	-0.068	Terrain/Terrain (1)
-3.875	-2.875	-0.240	Pool Level/Floor/Floor 2x2 (26)
-3.875	-2.375	0.750	Floor/Floor 2x2 side (8)
-3.875	-2.375	-0.240	Pool Level/Floor/Floor 2x2 (26)
-3.875	-2.375	-0.291	Terrain/Terrain (1)
-3.875	-1.875	3.555	Main Building/roof 2 (1)/Roof 2x2 side (2)
-3.875	-1.875	0.750	Floor/Floor 2x2 side (8)
-3.875	-1.875	-0.240	Pool Level/Floor/Floor 2x2 (26)
-3.875	-1.875	-0.442	Terrain/Terrain (1)
-3.875	-1.375	3.555	Main Building/roof 2 (1)/Roof 2x2 side (2)
-3.875	-1.375	0.750	Floor/Floor 2x2 side (8)
-3.875	-1.375	-0.240	Pool Level/Floor/Floor 2x2 (26)
-3.875	-0.875	3.555	Main Building/roof 2 (1)/Roof 2x2 side (2)
-3.875	-0.875	0.750	Floor/Floor 2x2 (7)
-3.875	-0.375	3.555	Main Building/roof 2 (1)/Roof 2x2 side (2)
-3.875	-0.375	0.750	Floor/Floor 2x2 (7)
-3.875	-0.375	-1.742	Terrain/Terrain (1)
-3.875	0.125	3.555	Main Building/roof 2 (1)/Roof 2x2
-3.875	0.125	0.750	Floor/Floor 2x2 (7)
-3.875	0.125	-2.006	Terrain/Terrain (1)
-3.875	0.625	3.555	Main Building/roof 2 (1)/Roof 2x2
-3.875	0.625	0.750	Floor/Floor 2x2 (7)
-3.875	0.625	-2.096	Terrain/Terrain (1)
-3.875	1.125	3.555	Main Building/roof 2 (1)/Roof 2x2
-3.875	1.125	0.750	Floor/Floor 2x2 (11)
-3.875	1.125	-2.100	Terrain/Terrain (1)
-3.875	1.625	3.555	Main Building/roof 2 (1)/Roof 2x2
-3.875	1.625	0.750	Floor/Floor 2x2 (11)
-3.875	1.625	-2.100	Terrain/Terrain (1)
-3.875	2.125	3.555	Main Building/roof 2 (1)/Roof 2x2 (1)
-3.875	2.125	0.750	Floor/Floor 2x2 (11)
-3.875	2.125	-2.100	Terrain/Terrain (1)
-3.875	2.625	3.555	Main Building/roof 2 (1)/Roof 2x2 (1)
-3.875	2.625	0.750	Floor/Floor 2x2 (11)
-3.875	2.625	-2.100	Terrain/Terrain (1)
-3.875	3.125	3.555	Main Building/roof 2 (1)/Roof 2x2 (1)
-3.875	3.125	0.750	Floor/Floor 2x2 (15)
-3.875	3.125	-2.100	Terrain/Terrain (1)
-3.875	3.625	3.555	Main Building/roof 2 (1)/Roof 2x2 (1)
-3.875	3.625	0.750	Floor/Floor 2x2 (15)
-3.875	3.625	-2.100	Terrain/Terrain (1)
-3.875	4.125	3.555	Main Building/roof 2 (1)/Roof 2x2 (2)
-3.875	4.125	0.750	Floor/Floor 2x2 (15)
-3.875	4.125	-2.100	Terrain/Terrain (1)
-3.875	4.625	3.555	Main Building/roof 2 (1)/Roof 2x2 (2)
-3.875	4.625	0.750	Floor/Floor 2x2 (15)
-3.875	4.625	-2.100	Terrain/Terrain (1)
-3.875	5.125	3.555	Main Building/roof 2 (1)/Roof 2x2 (2)
-3.875	5.125	0.750	Floor/Floor 2x2 (19)
-3.875	5.125	-2.100	Terrain/Terrain (1)
-3.875	5.625	3.555	Main Building/roof 2 (1)/Roof 2x2 (2)
-3.875	5.625	0.750	Floor/Floor 2x2 (19)
-3.875	5.625	-2.100	Terrain/Terrain (1)
-3.875	6.125	3.555	Main Building/roof 2 (1)/Roof 2x2 (3)
-3.875	6.125	0.750	Floor/Floor 2x2 (19)
-3.875	6.125	-2.100	Terrain/Terrain (1)
-3.875	6.625	3.555	Main Building/roof 2 (1)/Roof 2x2 (3)
-3.875	6.625	0.750	Floor/Floor 2x2 (19)
-3.875	6.625	-2.100	Terrain/Terrain (1)
-3.875	7.125	3.555	Main Building/roof 2 (1)/Roof 2x2 (3)
-3.875	7.125	0.750	Floor/Floor 2x2 (23)
-3.875	7.125	-2.100	Terrain/Terrain (1)
-3.875	7.625	3.555	Main Building/roof 2 (1)/Roof 2x2 (3)
-3.875	7.625	0.750	Floor/Floor 2x2 (23)
-3.875	7.625	-2.100	Terrain/Terrain (1)
-3.875	8.125	3.555	Main Building/roof 2 (1)/Roof 2x2 (4)
-3.875	8.125	0.750	Floor/Floor 2x2 (23)
-3.875	8.125	-2.100	Terrain/Terrain (1)
-3.875	8.625	3.555	Main Building/roof 2 (1)/Roof 2x2 (4)
-3.875	8.625	0.750	Floor/Floor 2x2 (23)
-3.875	8.625	-2.100	Terrain/Terrain (1)
-3.875	9.125	3.555	Main Building/roof 2 (1)/Roof 2x2 (4)
-3.875	9.125	0.750	Floor/Floor 2x2 (66)
-3.875	9.125	-2.100	Terrain/Terrain (1)
-3.875	9.625	3.555	Main Building/roof 2 (1)/Roof 2x2 (4)
-3.875	9.625	0.750	Floor/Floor 2x2 (66)
-3.875	9.625	-2.100	Terrain/Terrain (1)
-3.875	10.125	3.555	Main Building/roof 2 (1)/Roof 2x2 side (11)
-3.875	10.125	0.750	Floor/Floor 2x2 (66)
-3.875	10.125	-2.100	Terrain/Terrain (1)
-3.875	10.625	3.555	Main Building/roof 2 (1)/Roof 2x2 side (11)
-3.875	10.625	0.750	Floor/Floor 2x2 (66)
-3.875	10.625	-2.100	Terrain/Terrain (1)
-3.875	11.125	3.555	Main Building/roof 2 (1)/Roof 2x2 side (11)
-3.875	11.125	0.250	Backyard/Floor 2/Floor 2x2 (3)
-3.875	11.125	-2.100	Terrain/Terrain (1)
-3.875	11.625	3.555	Main Building/roof 2 (1)/Roof 2x2 side (11)
-3.875	11.625	0.250	Backyard/Floor 2/Floor 2x2 (3)
-3.875	11.625	-2.100	Terrain/Terrain (1)
-3.875	12.125	0.250	Backyard/Floor 2/Floor 2x2 (3)
-3.875	12.125	-2.100	Terrain/Terrain (1)
-3.875	12.625	0.250	Backyard/Floor 2/Floor 2x2 (7)
-3.875	12.625	-2.100	Terrain/Terrain (1)
-3.875	13.125	0.250	Backyard/Floor 2/Floor 2x2 (7)
-3.875	13.125	-2.100	Terrain/Terrain (1)
-3.875	13.625	0.250	Backyard/Floor 2/Floor 2x2 (7)
-3.875	13.625	-2.100	Terrain/Terrain (1)
-3.875	14.125	0.250	Backyard/Floor 2/Floor 2x2 (7)
-3.875	14.125	-2.100	Terrain/Terrain (1)
-3.875	14.625	0.250	Backyard/Floor 2/Floor 2x2 (11)
-3.875	14.625	-2.100	Terrain/Terrain (1)
-3.875	15.125	0.250	Backyard/Floor 2/Floor 2x2 (11)
-3.875	15.125	-2.100	Terrain/Terrain (1)
-3.875	15.625	0.250	Backyard/Floor 2/Floor 2x2 (11)
-3.875	15.625	-2.100	Terrain/Terrain (1)
-3.875	16.125	0.250	Backyard/Floor 2/Floor 2x2 (11)
-3.875	16.125	-2.100	Terrain/Terrain (1)
-3.875	16.625	0.250	Backyard/Floor 2/Floor 2x2 (15)
-3.875	16.625	-2.100	Terrain/Terrain (1)
-3.875	17.125	0.250	Backyard/Floor 2/Floor 2x2 (15)
-3.875	17.125	-2.100	Terrain/Terrain (1)
-3.875	17.625	0.250	Backyard/Floor 2/Floor 2x2 (15)
-3.875	17.625	-2.100	Terrain/Terrain (1)
-3.875	18.125	0.250	Backyard/Floor 2/Floor 2x2 (15)
-3.875	18.125	-2.100	Terrain/Terrain (1)
-3.875	18.625	0.250	Backyard/Floor 2/Floor 2x2 (19)
-3.875	18.625	-2.100	Terrain/Terrain (1)
-3.875	19.125	0.250	Backyard/Floor 2/Floor 2x2 (19)
-3.875	19.125	-2.100	Terrain/Terrain (1)
-3.875	19.625	0.250	Backyard/Floor 2/Floor 2x2 (19)
-3.875	19.625	-2.100	Terrain/Terrain (1)
-3.875	20.125	0.250	Backyard/Floor 2/Floor 2x2 (19)
-3.875	20.125	-2.100	Terrain/Terrain (1)
-3.875	20.625	0.250	Backyard/Pool back/Pool2/Floor/Floor 2x2 (4)
-3.875	20.625	-2.100	Terrain/Terrain (1)
-3.875	21.125	0.250	Backyard/Pool back/Pool2/Floor/Floor 2x2 (4)
-3.875	21.125	-2.100	Terrain/Terrain (1)
-3.875	21.625	0.250	Backyard/Pool back/Pool2/Floor/Floor 2x2 (4)
-3.875	21.625	-2.100	Terrain/Terrain (1)
-3.875	22.125	0.250	Backyard/Pool back/Pool2/Floor/Floor 2x2 (4)
-3.875	22.125	-2.100	Terrain/Terrain (1)
-3.875	22.625	0.270	Backyard/Pool back/Pool2/pool straight top (22)
-3.875	22.625	-2.100	Terrain/Terrain (1)
-3.875	23.125	-1.775	Backyard/Pool back/Pool2/pool straight top (22)/Pool Bottom side
-3.875	23.125	-2.100	Terrain/Terrain (1)
-3.875	23.625	-1.787	Backyard/Pool back/Pool2/Bottom/Pool Bottom (40)
-3.875	23.625	-2.100	Terrain/Terrain (1)
-3.875	24.125	-1.787	Backyard/Pool back/Pool2/Bottom/Pool Bottom (40)
-3.875	24.125	-2.100	Terrain/Terrain (1)
-3.875	24.625	-1.787	Backyard/Pool back/Pool2/Bottom/Pool Bottom (39)
-3.875	24.625	-2.100	Terrain/Terrain (1)
-3.875	25.125	-1.787	Backyard/Pool back/Pool2/Bottom/Pool Bottom (39)
-3.875	25.125	-2.100	Terrain/Terrain (1)
-3.875	25.625	-1.787	Backyard/Pool back/Pool2/Bottom/Pool Bottom (38)
-3.875	25.625	-2.100	Terrain/Terrain (1)
-3.875	26.125	-1.787	Backyard/Pool back/Pool2/Bottom/Pool Bottom (38)
-3.875	26.125	-2.100	Terrain/Terrain (1)
-3.875	26.625	-1.787	Backyard/Pool back/Pool2/Bottom/Pool Bottom (37)
-3.875	26.625	-2.100	Terrain/Terrain (1)
-3.875	27.125	-1.787	Backyard/Pool back/Pool2/Bottom/Pool Bottom (37)
-3.875	27.125	-2.100	Terrain/Terrain (1)
-3.875	27.625	-1.787	Backyard/Pool back/Pool2/Bottom/Pool Bottom (36)
-3.875	27.625	-2.100	Terrain/Terrain (1)
-3.875	28.125	-1.787	Backyard/Pool back/Pool2/Bottom/Pool Bottom (36)
-3.875	28.125	-2.100	Terrain/Terrain (1)
-3.875	28.625	-1.787	Backyard/Pool back/Pool2/Bottom/Pool Bottom (62)
-3.875	28.625	-2.100	Terrain/Terrain (1)
-3.875	29.125	-1.787	Backyard/Pool back/Pool2/Bottom/Pool Bottom (62)
-3.875	29.125	-2.100	Terrain/Terrain (1)
-3.875	29.625	-1.775	Backyard/Pool back/Pool2/pool straight top (13)/Pool Bottom side
-3.875	29.625	-2.100	Terrain/Terrain (1)
-3.875	30.125	0.270	Backyard/Pool back/Pool2/pool straight top (13)
-3.875	30.125	-2.100	Terrain/Terrain (1)
-3.875	30.625	-2.100	Terrain/Terrain (1)
-3.875	31.125	-2.100	Terrain/Terrain (1)
-3.875	31.625	-2.100	Terrain/Terrain (1)
-3.875	32.125	-2.100	Terrain/Terrain (1)
-3.875	32.625	-2.100	Terrain/Terrain (1)
-3.375	-4.875	-0.207	Terrain/Terrain (1)
-3.375	-4.375	-0.042	Terrain/Terrain (1)
-3.375	-3.875	-0.017	Terrain/Terrain (1)
-3.375	-3.375	-0.163	Terrain/Terrain (1)
-3.375	-2.875	0.750	Floor/Floor 2x2 side (8)
-3.375	-2.875	-0.240	Pool Level/Floor/Floor 2x2 (26)
-3.375	-2.375	0.750	Floor/Floor 2x2 side (8)
-3.375	-2.375	-0.240	Pool Level/Floor/Floor 2x2 (26)
-3.375	-1.875	3.555	Main Building/roof 2 (1)/Roof 2x2 side (2)
-3.375	-1.875	0.750	Floor/Floor 2x2 side (8)
-3.375	-1.875	-0.240	Pool Level/Floor/Floor 2x2 (26)
-3.375	-1.875	-0.704	Terrain/Terrain (1)
-3.375	-1.375	3.555	Main Building/roof 2 (1)/Roof 2x2 side (2)
-3.375	-1.375	0.750	Floor/Floor 2x2 side (8)
-3.375	-1.375	-0.240	Pool Level/Floor/Floor 2x2 (26)
-3.375	-1.375	-0.828	Terrain/Terrain (1)
-3.375	-0.875	3.555	Main Building/roof 2 (1)/Roof 2x2 side (2)
-3.375	-0.875	0.750	Floor/Floor 2x2 (7)
-3.375	-0.875	-1.229	Terrain/Terrain (1)
-3.375	-0.375	3.555	Main Building/roof 2 (1)/Roof 2x2 side (2)
-3.375	-0.375	0.750	Floor/Floor 2x2 (7)
-3.375	-0.375	-1.680	Terrain/Terrain (1)
-3.375	0.125	3.555	Main Building/roof 2 (1)/Roof 2x2
-3.375	0.125	0.750	Floor/Floor 2x2 (7)
-3.375	0.125	-1.973	Terrain/Terrain (1)
-3.375	0.625	3.555	Main Building/roof 2 (1)/Roof 2x2
-3.375	0.625	0.750	Floor/Floor 2x2 (7)
-3.375	0.625	-2.088	Terrain/Terrain (1)
-3.375	1.125	3.555	Main Building/roof 2 (1)/Roof 2x2
-3.375	1.125	0.750	Floor/Floor 2x2 (11)
-3.375	1.125	-2.100	Terrain/Terrain (1)
-3.375	1.625	3.555	Main Building/roof 2 (1)/Roof 2x2
-3.375	1.625	0.750	Floor/Floor 2x2 (11)
-3.375	1.625	-2.100	Terrain/Terrain (1)
-3.375	2.125	3.555	Main Building/roof 2 (1)/Roof 2x2 (1)
-3.375	2.125	0.750	Floor/Floor 2x2 (11)
-3.375	2.125	-2.100	Terrain/Terrain (1)
-3.375	2.625	3.555	Main Building/roof 2 (1)/Roof 2x2 (1)
-3.375	2.625	0.750	Floor/Floor 2x2 (11)
-3.375	2.625	-2.100	Terrain/Terrain (1)
-3.375	3.125	3.555	Main Building/roof 2 (1)/Roof 2x2 (1)
-3.375	3.125	0.750	Floor/Floor 2x2 (15)
-3.375	3.125	-2.100	Terrain/Terrain (1)
-3.375	3.625	3.555	Main Building/roof 2 (1)/Roof 2x2 (1)
-3.375	3.625	0.750	Floor/Floor 2x2 (15)
-3.375	3.625	-2.100	Terrain/Terrain (1)
-3.375	4.125	3.555	Main Building/roof 2 (1)/Roof 2x2 (2)
-3.375	4.125	0.750	Floor/Floor 2x2 (15)
-3.375	4.125	-2.100	Terrain/Terrain (1)
-3.375	4.625	3.555	Main Building/roof 2 (1)/Roof 2x2 (2)
-3.375	4.625	0.750	Floor/Floor 2x2 (15)
-3.375	4.625	-2.100	Terrain/Terrain (1)
-3.375	5.125	3.555	Main Building/roof 2 (1)/Roof 2x2 (2)
-3.375	5.125	0.750	Floor/Floor 2x2 (19)
-3.375	5.125	-2.100	Terrain/Terrain (1)
-3.375	5.625	3.555	Main Building/roof 2 (1)/Roof 2x2 (2)
-3.375	5.625	0.750	Floor/Floor 2x2 (19)
-3.375	5.625	-2.100	Terrain/Terrain (1)
-3.375	6.125	3.555	Main Building/roof 2 (1)/Roof 2x2 (3)
-3.375	6.125	0.750	Floor/Floor 2x2 (19)
-3.375	6.125	-2.100	Terrain/Terrain (1)
-3.375	6.625	3.555	Main Building/roof 2 (1)/Roof 2x2 (3)
-3.375	6.625	0.750	Floor/Floor 2x2 (19)
-3.375	6.625	-2.100	Terrain/Terrain (1)
-3.375	7.125	3.555	Main Building/roof 2 (1)/Roof 2x2 (3)
-3.375	7.125	0.750	Floor/Floor 2x2 (23)
-3.375	7.125	-2.100	Terrain/Terrain (1)
-3.375	7.625	3.555	Main Building/roof 2 (1)/Roof 2x2 (3)
-3.375	7.625	0.750	Floor/Floor 2x2 (23)
-3.375	7.625	-2.100	Terrain/Terrain (1)
-3.375	8.125	3.555	Main Building/roof 2 (1)/Roof 2x2 (4)
-3.375	8.125	0.750	Floor/Floor 2x2 (23)
-3.375	8.125	-2.100	Terrain/Terrain (1)
-3.375	8.625	3.555	Main Building/roof 2 (1)/Roof 2x2 (4)
-3.375	8.625	0.750	Floor/Floor 2x2 (23)
-3.375	8.625	-2.100	Terrain/Terrain (1)
-3.375	9.125	3.555	Main Building/roof 2 (1)/Roof 2x2 (4)
-3.375	9.125	0.750	Floor/Floor 2x2 (66)
-3.375	9.125	-2.100	Terrain/Terrain (1)
-3.375	9.625	3.555	Main Building/roof 2 (1)/Roof 2x2 (4)
-3.375	9.625	0.750	Floor/Floor 2x2 (66)
-3.375	9.625	-2.100	Terrain/Terrain (1)
-3.375	10.125	3.555	Main Building/roof 2 (1)/Roof 2x2 side (11)
-3.375	10.125	0.750	Floor/Floor 2x2 (66)
-3.375	10.125	-2.100	Terrain/Terrain (1)
-3.375	10.625	3.555	Main Building/roof 2 (1)/Roof 2x2 side (11)
-3.375	10.625	0.750	Floor/Floor 2x2 (66)
-3.375	10.625	-2.100	Terrain/Terrain (1)
-3.375	11.125	3.555	Main Building/roof 2 (1)/Roof 2x2 side (11)
-3.375	11.125	0.250	Backyard/Floor 2/Floor 2x2 (3)
-3.375	11.125	-2.100	Terrain/Terrain (1)
-3.375	11.625	3.555	Main Building/roof 2 (1)/Roof 2x2 side (11)
-3.375	11.625	0.250	Backyard/Floor 2/Floor 2x2 (3)
-3.375	11.625	-2.100	Terrain/Terrain (1)
-3.375	12.125	0.250	Backyard/Floor 2/Floor 2x2 (3)
-3.375	12.125	-2.100	Terrain/Terrain (1)
-3.375	12.625	0.250	Backyard/Floor 2/Floor 2x2 (7)
-3.375	12.625	-2.100	Terrain/Terrain (1)
-3.375	13.125	0.250	Backyard/Floor 2/Floor 2x2 (7)
-3.375	13.125	-2.100	Terrain/Terrain (1)
-3.375	13.625	0.250	Backyard/Floor 2/Floor 2x2 (7)
-3.375	13.625	-2.100	Terrain/Terrain (1)
-3.375	14.125	0.250	Backyard/Floor 2/Floor 2x2 (7)
-3.375	14.125	-2.100	Terrain/Terrain (1)
-3.375	14.625	0.250	Backyard/Floor 2/Floor 2x2 (11)
-3.375	14.625	-2.100	Terrain/Terrain (1)
-3.375	15.125	0.250	Backyard/Floor 2/Floor 2x2 (11)
-3.375	15.125	-2.100	Terrain/Terrain (1)
-3.375	15.625	0.250	Backyard/Floor 2/Floor 2x2 (11)
-3.375	15.625	-2.100	Terrain/Terrain (1)
-3.375	16.125	0.250	Backyard/Floor 2/Floor 2x2 (11)
-3.375	16.125	-2.100	Terrain/Terrain (1)
-3.375	16.625	0.250	Backyard/Floor 2/Floor 2x2 (15)
-3.375	16.625	-2.100	Terrain/Terrain (1)
-3.375	17.125	0.250	Backyard/Floor 2/Floor 2x2 (15)
-3.375	17.125	-2.100	Terrain/Terrain (1)
-3.375	17.625	0.250	Backyard/Floor 2/Floor 2x2 (15)
-3.375	17.625	-2.100	Terrain/Terrain (1)
-3.375	18.125	0.250	Backyard/Floor 2/Floor 2x2 (15)
-3.375	18.125	-2.100	Terrain/Terrain (1)
-3.375	18.625	0.250	Backyard/Floor 2/Floor 2x2 (19)
-3.375	18.625	-2.100	Terrain/Terrain (1)
-3.375	19.125	0.250	Backyard/Floor 2/Floor 2x2 (19)
-3.375	19.125	-2.100	Terrain/Terrain (1)
-3.375	19.625	0.250	Backyard/Floor 2/Floor 2x2 (19)
-3.375	19.625	-2.100	Terrain/Terrain (1)
-3.375	20.125	0.250	Backyard/Floor 2/Floor 2x2 (19)
-3.375	20.125	-2.100	Terrain/Terrain (1)
-3.375	20.625	0.250	Backyard/Pool back/Pool2/Floor/Floor 2x2 (4)
-3.375	20.625	-2.100	Terrain/Terrain (1)
-3.375	21.125	0.250	Backyard/Pool back/Pool2/Floor/Floor 2x2 (4)
-3.375	21.125	-2.100	Terrain/Terrain (1)
-3.375	21.625	0.250	Backyard/Pool back/Pool2/Floor/Floor 2x2 (4)
-3.375	21.625	-2.100	Terrain/Terrain (1)
-3.375	22.125	0.250	Backyard/Pool back/Pool2/Floor/Floor 2x2 (4)
-3.375	22.125	-2.100	Terrain/Terrain (1)
-3.375	22.625	0.270	Backyard/Pool back/Pool2/pool straight top (22)
-3.375	22.625	-2.100	Terrain/Terrain (1)
-3.375	23.125	-1.775	Backyard/Pool back/Pool2/pool straight top (22)/Pool Bottom side
-3.375	23.125	-2.100	Terrain/Terrain (1)
-3.375	23.625	-1.787	Backyard/Pool back/Pool2/Bottom/Pool Bottom (40)
-3.375	23.625	-2.100	Terrain/Terrain (1)
-3.375	24.125	-1.787	Backyard/Pool back/Pool2/Bottom/Pool Bottom (40)
-3.375	24.125	-2.100	Terrain/Terrain (1)
-3.375	24.625	-1.787	Backyard/Pool back/Pool2/Bottom/Pool Bottom (39)
-3.375	24.625	-2.100	Terrain/Terrain (1)
-3.375	25.125	-1.610	Backyard/Pool back/Pool2/Pool stair lower connection/Pool lower step 7
-3.375	25.125	-1.787	Backyard/Pool back/Pool2/Bottom/Pool Bottom (39)
-3.375	25.125	-2.100	Terrain/Terrain (1)
-3.375	25.625	-1.610	Backyard/Pool back/Pool2/Pool stair lower connection/Pool lower step 7
-3.375	25.625	-1.787	Backyard/Pool back/Pool2/Bottom/Pool Bottom (38)
-3.375	25.625	-2.100	Terrain/Terrain (1)
-3.375	26.125	-1.610	Backyard/Pool back/Pool2/Pool stair lower connection/Pool lower step 7
-3.375	26.125	-1.787	Backyard/Pool back/Pool2/Bottom/Pool Bottom (38)
-3.375	26.125	-2.100	Terrain/Terrain (1)
-3.375	26.625	-1.610	Backyard/Pool back/Pool2/Pool stair lower connection/Pool lower step 7
-3.375	26.625	-1.787	Backyard/Pool back/Pool2/Bottom/Pool Bottom (37)
-3.375	26.625	-2.100	Terrain/Terrain (1)
-3.375	27.125	-1.610	Backyard/Pool back/Pool2/Pool stair lower connection/Pool lower step 7
-3.375	27.125	-1.787	Backyard/Pool back/Pool2/Bottom/Pool Bottom (37)
-3.375	27.125	-2.100	Terrain/Terrain (1)
-3.375	27.625	-1.610	Backyard/Pool back/Pool2/Pool stair lower connection/Pool lower step 7
-3.375	27.625	-1.787	Backyard/Pool back/Pool2/Bottom/Pool Bottom (36)
-3.375	27.625	-2.100	Terrain/Terrain (1)
-3.375	28.125	-1.610	Backyard/Pool back/Pool2/Pool stair lower connection/Pool lower step 7
-3.375	28.125	-1.787	Backyard/Pool back/Pool2/Bottom/Pool Bottom (36)
-3.375	28.125	-2.100	Terrain/Terrain (1)
-3.375	28.625	-1.787	Backyard/Pool back/Pool2/Bottom/Pool Bottom (62)
-3.375	28.625	-2.100	Terrain/Terrain (1)
-3.375	29.125	-1.787	Backyard/Pool back/Pool2/Bottom/Pool Bottom (62)
-3.375	29.125	-2.100	Terrain/Terrain (1)
-3.375	29.625	-1.775	Backyard/Pool back/Pool2/pool straight top (13)/Pool Bottom side
-3.375	29.625	-2.100	Terrain/Terrain (1)
-3.375	30.125	0.270	Backyard/Pool back/Pool2/pool straight top (13)
-3.375	30.125	-2.100	Terrain/Terrain (1)
-3.375	30.625	-2.100	Terrain/Terrain (1)
-3.375	31.125	-2.100	Terrain/Terrain (1)
-3.375	31.625	-2.100	Terrain/Terrain (1)
-3.375	32.125	-2.100	Terrain/Terrain (1)
-3.375	32.625	-2.100	Terrain/Terrain (1)
-2.875	-4.875	-0.295	Terrain/Terrain (1)
-2.875	-4.375	-0.190	Terrain/Terrain (1)
-2.875	-3.875	-0.203	Terrain/Terrain (1)
-2.875	-3.375	-0.450	Terrain/Terrain (1)
-2.875	-2.875	0.750	Floor/Floor 2x2 side (9)
-2.875	-2.875	-0.240	Pool Level/Floor/Floor 2x2 (26)
-2.875	-2.375	0.750	Floor/Floor 2x2 side (9)
-2.875	-2.375	-0.240	Pool Level/Floor/Floor 2x2 (26)
-2.875	-1.875	3.555	Main Building/roof 2 (1)/Roof 2x2 corner (1)
-2.875	-1.875	0.750	Floor/Floor 2x2 side (9)
-2.875	-1.875	-0.240	Pool Level/Floor/Floor 2x2 (26)
-2.875	-1.375	3.555	Main Building/roof 2 (1)/Roof 2x2 corner (1)
-2.875	-1.375	0.750	Floor/Floor 2x2 side (9)
-2.875	-1.375	-0.240	Pool Level/Floor/Floor 2x2 (26)
-2.875	-1.375	-1.073	Terrain/Terrain (1)
-2.875	-0.875	3.555	Main Building/roof 2 (1)/Roof 2x2 corner (1)
-2.875	-0.875	0.750	Floor/Floor 2x2 (6)
-2.875	-0.875	-1.271	Terrain/Terrain (1)
-2.875	-0.375	3.555	Main Building/roof 2 (1)/Roof 2x2 corner (1)
-2.875	-0.375	0.750	Floor/Floor 2x2 (6)
-2.875	-0.375	-1.665	Terrain/Terrain (1)
-2.875	0.125	3.555	Main Building/roof 2 (1)/Roof 2x2 side (1)
-2.875	0.125	0.750	Floor/Floor 2x2 (6)
-2.875	0.125	-1.949	Terrain/Terrain (1)
-2.875	0.625	3.555	Main Building/roof 2 (1)/Roof 2x2 side (1)
-2.875	0.625	0.750	Floor/Floor 2x2 (6)
-2.875	0.625	-2.080	Terrain/Terrain (1)
-2.875	1.125	3.555	Main Building/roof 2 (1)/Roof 2x2 side (1)
-2.875	1.125	0.750	Floor/Floor 2x2 (10)
-2.875	1.125	-2.100	Terrain/Terrain (1)
-2.875	1.625	3.555	Main Building/roof 2 (1)/Roof 2x2 side (1)
-2.875	1.625	0.750	Floor/Floor 2x2 (10)
-2.875	1.625	-2.100	Terrain/Terrain (1)
-2.875	2.125	3.555	Main Building/roof 2 (1)/Roof 2x2 side (4)
-2.875	2.125	0.750	Floor/Floor 2x2 (10)
-2.875	2.125	-2.100	Terrain/Terrain (1)
-2.875	2.625	3.555	Main Building/roof 2 (1)/Roof 2x2 side (4)
-2.875	2.625	0.750	Floor/Floor 2x2 (10)
-2.875	2.625	-2.100	Terrain/Terrain (1)
-2.875	3.125	3.555	Main Building/roof 2 (1)/Roof 2x2 side (4)
-2.875	3.125	0.750	Floor/Floor 2x2 (14)
-2.875	3.125	-2.100	Terrain/Terrain (1)
-2.875	3.625	3.555	Main Building/roof 2 (1)/Roof 2x2 side (4)
-2.875	3.625	0.750	Floor/Floor 2x2 (14)
-2.875	3.625	-2.100	Terrain/Terrain (1)
-2.875	4.125	3.555	Main Building/roof 2 (1)/Roof 2x2 side (6)
-2.875	4.125	0.750	Floor/Floor 2x2 (14)
-2.875	4.125	-2.100	Terrain/Terrain (1)
-2.875	4.625	3.555	Main Building/roof 2 (1)/Roof 2x2 side (6)
-2.875	4.625	0.750	Floor/Floor 2x2 (14)
-2.875	4.625	-2.100	Terrain/Terrain (1)
-2.875	5.125	3.555	Main Building/roof 2 (1)/Roof 2x2 side (6)
-2.875	5.125	0.750	Floor/Floor 2x2 (18)
-2.875	5.125	-2.100	Terrain/Terrain (1)
-2.875	5.625	3.555	Main Building/roof 2 (1)/Roof 2x2 side (6)
-2.875	5.625	0.750	Floor/Floor 2x2 (18)
-2.875	5.625	-2.100	Terrain/Terrain (1)
-2.875	6.125	3.555	Main Building/roof 2 (1)/Roof 2x2 side (8)
-2.875	6.125	0.750	Floor/Floor 2x2 (18)
-2.875	6.125	-2.100	Terrain/Terrain (1)
-2.875	6.625	3.555	Main Building/roof 2 (1)/Roof 2x2 side (8)
-2.875	6.625	0.750	Floor/Floor 2x2 (18)
-2.875	6.625	-2.100	Terrain/Terrain (1)
-2.875	7.125	3.555	Main Building/roof 2 (1)/Roof 2x2 side (8)
-2.875	7.125	0.750	Floor/Floor 2x2 (22)
-2.875	7.125	-2.100	Terrain/Terrain (1)
-2.875	7.625	3.555	Main Building/roof 2 (1)/Roof 2x2 side (8)
-2.875	7.625	0.750	Floor/Floor 2x2 (22)
-2.875	7.625	-2.100	Terrain/Terrain (1)
-2.875	8.125	3.555	Main Building/roof 2 (1)/Roof 2x2 side (10)
-2.875	8.125	0.750	Floor/Floor 2x2 (22)
-2.875	8.125	-2.100	Terrain/Terrain (1)
-2.875	8.625	3.555	Main Building/roof 2 (1)/Roof 2x2 side (10)
-2.875	8.625	0.750	Floor/Floor 2x2 (22)
-2.875	8.625	-2.100	Terrain/Terrain (1)
-2.875	9.125	3.555	Main Building/roof 2 (1)/Roof 2x2 side (10)
-2.875	9.125	0.750	Floor/Floor 2x2 (65)
-2.875	9.125	-2.100	Terrain/Terrain (1)
-2.875	9.625	3.555	Main Building/roof 2 (1)/Roof 2x2 side (10)
-2.875	9.625	0.750	Floor/Floor 2x2 (65)
-2.875	9.625	-2.100	Terrain/Terrain (1)
-2.875	10.125	3.555	Main Building/roof 2 (1)/Roof 2x2 corner (3)
-2.875	10.125	0.750	Floor/Floor 2x2 (65)
-2.875	10.125	-2.100	Terrain/Terrain (1)
-2.875	10.625	3.555	Main Building/roof 2 (1)/Roof 2x2 corner (3)
-2.875	10.625	0.750	Floor/Floor 2x2 (65)
-2.875	10.625	-2.100	Terrain/Terrain (1)
-2.875	11.125	3.555	Main Building/roof 2 (1)/Roof 2x2 corner (3)
-2.875	11.125	0.250	Backyard/Floor 2/Floor 2x2 (2)
-2.875	11.125	-2.100	Terrain/Terrain (1)
-2.875	11.625	3.555	Main Building/roof 2 (1)/Roof 2x2 corner (3)
-2.875	11.625	0.250	Backyard/Floor 2/Floor 2x2 (2)
-2.875	11.625	-2.100	Terrain/Terrain (1)
-2.875	12.125	0.250	Backyard/Floor 2/Floor 2x2 (2)
-2.875	12.125	-2.100	Terrain/Terrain (1)
-2.875	12.625	0.250	Backyard/Floor 2/Floor 2x2 (6)
-2.875	12.625	-2.100	Terrain/Terrain (1)
-2.875	13.125	0.250	Backyard/Floor 2/Floor 2x2 (6)
-2.875	13.125	-2.100	Terrain/Terrain (1)
-2.875	13.625	0.250	Backyard/Floor 2/Floor 2x2 (6)
-2.875	13.625	-2.100	Terrain/Terrain (1)
-2.875	14.125	0.250	Backyard/Floor 2/Floor 2x2 (6)
-2.875	14.125	-2.100	Terrain/Terrain (1)
-2.875	14.625	0.250	Backyard/Floor 2/Floor 2x2 (10)
-2.875	14.625	-2.100	Terrain/Terrain (1)
-2.875	15.125	0.250	Backyard/Floor 2/Floor 2x2 (10)
-2.875	15.125	-2.100	Terrain/Terrain (1)
-2.875	15.625	0.250	Backyard/Floor 2/Floor 2x2 (10)
-2.875	15.625	-2.100	Terrain/Terrain (1)
-2.875	16.125	0.250	Backyard/Floor 2/Floor 2x2 (10)
-2.875	16.125	-2.100	Terrain/Terrain (1)
-2.875	16.625	0.250	Backyard/Floor 2/Floor 2x2 (14)
-2.875	16.625	-2.100	Terrain/Terrain (1)
-2.875	17.125	0.250	Backyard/Floor 2/Floor 2x2 (14)
-2.875	17.125	-2.100	Terrain/Terrain (1)
-2.875	17.625	0.250	Backyard/Floor 2/Floor 2x2 (14)
-2.875	17.625	-2.100	Terrain/Terrain (1)
-2.875	18.125	0.250	Backyard/Floor 2/Floor 2x2 (14)
-2.875	18.125	-2.100	Terrain/Terrain (1)
-2.875	18.625	0.250	Backyard/Floor 2/Floor 2x2 (18)
-2.875	18.625	-2.100	Terrain/Terrain (1)
-2.875	19.125	0.250	Backyard/Floor 2/Floor 2x2 (18)
-2.875	19.125	-2.100	Terrain/Terrain (1)
-2.875	19.625	0.250	Backyard/Floor 2/Floor 2x2 (18)
-2.875	19.625	-2.100	Terrain/Terrain (1)
-2.875	20.125	0.250	Backyard/Floor 2/Floor 2x2 (18)
-2.875	20.125	-2.100	Terrain/Terrain (1)
-2.875	20.625	0.250	Backyard/Pool back/Pool2/Floor/Floor 2x2 (3)
-2.875	20.625	-2.100	Terrain/Terrain (1)
-2.875	21.125	0.250	Backyard/Pool back/Pool2/Floor/Floor 2x2 (3)
-2.875	21.125	-2.100	Terrain/Terrain (1)
-2.875	21.625	0.250	Backyard/Pool back/Pool2/Floor/Floor 2x2 (3)
-2.875	21.625	-2.100	Terrain/Terrain (1)
-2.875	22.125	0.250	Backyard/Pool back/Pool2/Floor/Floor 2x2 (3)
-2.875	22.125	-2.100	Terrain/Terrain (1)
-2.875	22.625	0.277	Backyard/Pool back/Pool2/pool corner top 2x2
-2.875	22.625	-2.100	Terrain/Terrain (1)
-2.875	23.125	-2.100	Terrain/Terrain (1)
-2.875	23.625	-2.100	Terrain/Terrain (1)
-2.875	24.125	-2.100	Terrain/Terrain (1)
-2.875	24.625	-1.787	Backyard/Pool back/Pool2/Bottom/Pool Bottom (44)
-2.875	24.625	-2.100	Terrain/Terrain (1)
-2.875	25.125	-1.240	Backyard/Pool back/Pool2/Pool stair lower connection/Pool lower step 5
-2.875	25.125	-1.787	Backyard/Pool back/Pool2/Bottom/Pool Bottom (44)
-2.875	25.125	-2.100	Terrain/Terrain (1)
-2.875	25.625	-1.240	Backyard/Pool back/Pool2/Pool stair lower connection/Pool lower step 5
-2.875	25.625	-1.787	Backyard/Pool back/Pool2/Bottom/Pool Bottom (43)
-2.875	25.625	-2.100	Terrain/Terrain (1)
-2.875	26.125	-1.240	Backyard/Pool back/Pool2/Pool stair lower connection/Pool lower step 5
-2.875	26.125	-1.787	Backyard/Pool back/Pool2/Bottom/Pool Bottom (43)
-2.875	26.125	-2.100	Terrain/Terrain (1)
-2.875	26.625	-1.240	Backyard/Pool back/Pool2/Pool stair lower connection/Pool lower step 5
-2.875	26.625	-1.787	Backyard/Pool back/Pool2/Bottom/Pool Bottom (42)
-2.875	26.625	-2.100	Terrain/Terrain (1)
-2.875	27.125	-1.240	Backyard/Pool back/Pool2/Pool stair lower connection/Pool lower step 5
-2.875	27.125	-1.787	Backyard/Pool back/Pool2/Bottom/Pool Bottom (42)
-2.875	27.125	-2.100	Terrain/Terrain (1)
-2.875	27.625	-1.240	Backyard/Pool back/Pool2/Pool stair lower connection/Pool lower step 5
-2.875	27.625	-1.787	Backyard/Pool back/Pool2/Bottom/Pool Bottom (41)
-2.875	27.625	-2.100	Terrain/Terrain (1)
-2.875	28.125	-1.240	Backyard/Pool back/Pool2/Pool stair lower connection/Pool lower step 5
-2.875	28.125	-1.787	Backyard/Pool back/Pool2/Bottom/Pool Bottom (41)
-2.875	28.125	-2.100	Terrain/Terrain (1)
-2.875	28.625	-2.100	Terrain/Terrain (1)
-2.875	29.125	-2.100	Terrain/Terrain (1)
-2.875	29.625	-2.100	Terrain/Terrain (1)
-2.875	30.125	0.274	Backyard/Pool back/Pool2/pool corner top 2x2 (1)
-2.875	30.125	-2.100	Terrain/Terrain (1)
-2.875	30.625	-2.100	Terrain/Terrain (1)
-2.875	31.125	-2.100	Terrain/Terrain (1)
-2.875	31.625	-2.100	Terrain/Terrain (1)
-2.875	32.125	-2.100	Terrain/Terrain (1)
-2.875	32.625	-2.100	Terrain/Terrain (1)
-2.375	-4.875	-0.438	Terrain/Terrain (1)
-2.375	-4.375	-0.346	Terrain/Terrain (1)
-2.375	-3.875	-0.342	Terrain/Terrain (1)
-2.375	-3.375	-0.585	Terrain/Terrain (1)
-2.375	-2.875	0.750	Floor/Floor 2x2 side (9)
-2.375	-2.875	-0.240	Pool Level/Floor/Floor 2x2 (25)
-2.375	-2.375	0.750	Floor/Floor 2x2 side (9)
-2.375	-2.375	-0.240	Pool Level/Floor/Floor 2x2 (25)
-2.375	-2.375	-1.580	Terrain/Terrain (1)
-2.375	-1.875	3.555	Main Building/roof 2 (1)/Roof 2x2 corner (1)
-2.375	-1.875	0.750	Floor/Floor 2x2 side (9)
-2.375	-1.875	-0.240	Pool Level/Floor/Floor 2x2 (25)
-2.375	-1.875	-1.578	Terrain/Terrain (1)
-2.375	-1.375	3.555	Main Building/roof 2 (1)/Roof 2x2 corner (1)
-2.375	-1.375	0.750	Floor/Floor 2x2 side (9)
-2.375	-1.375	-0.240	Pool Level/Floor/Floor 2x2 (25)
-2.375	-1.375	-1.313	Terrain/Terrain (1)
-2.375	-0.875	3.555	Main Building/roof 2 (1)/Roof 2x2 corner (1)
-2.375	-0.875	0.750	Floor/Floor 2x2 (6)
-2.375	-0.875	-1.351	Terrain/Terrain (1)
-2.375	-0.375	3.555	Main Building/roof 2 (1)/Roof 2x2 corner (1)
-2.375	-0.375	0.750	Floor/Floor 2x2 (6)
-2.375	-0.375	-1.671	Terrain/Terrain (1)
-2.375	0.125	3.555	Main Building/roof 2 (1)/Roof 2x2 side (1)
-2.375	0.125	0.750	Floor/Floor 2x2 (6)
-2.375	0.125	-1.935	Terrain/Terrain (1)
-2.375	0.625	3.555	Main Building/roof 2 (1)/Roof 2x2 side (1)
-2.375	0.625	0.750	Floor/Floor 2x2 (6)
-2.375	0.625	-2.070	Terrain/Terrain (1)
-2.375	1.125	3.555	Main Building/roof 2 (1)/Roof 2x2 side (1)
-2.375	1.125	0.750	Floor/Floor 2x2 (10)
-2.375	1.125	-2.100	Terrain/Terrain (1)
-2.375	1.625	3.555	Main Building/roof 2 (1)/Roof 2x2 side (1)
-2.375	1.625	0.750	Floor/Floor 2x2 (10)
-2.375	1.625	-2.100	Terrain/Terrain (1)
-2.375	2.125	3.555	Main Building/roof 2 (1)/Roof 2x2 side (4)
-2.375	2.125	0.750	Floor/Floor 2x2 (10)
-2.375	2.125	-2.100	Terrain/Terrain (1)
-2.375	2.625	3.555	Main Building/roof 2 (1)/Roof 2x2 side (4)
-2.375	2.625	0.750	Floor/Floor 2x2 (10)
-2.375	2.625	-2.100	Terrain/Terrain (1)
-2.375	3.125	3.555	Main Building/roof 2 (1)/Roof 2x2 side (4)
-2.375	3.125	0.750	Floor/Floor 2x2 (14)
-2.375	3.125	-2.097	Terrain/Terrain (1)
-2.375	3.625	3.555	Main Building/roof 2 (1)/Roof 2x2 side (4)
-2.375	3.625	0.750	Floor/Floor 2x2 (14)
-2.375	3.625	-2.095	Terrain/Terrain (1)
-2.375	4.125	3.555	Main Building/roof 2 (1)/Roof 2x2 side (6)
-2.375	4.125	0.750	Floor/Floor 2x2 (14)
-2.375	4.125	-2.091	Terrain/Terrain (1)
-2.375	4.625	3.555	Main Building/roof 2 (1)/Roof 2x2 side (6)
-2.375	4.625	0.750	Floor/Floor 2x2 (14)
-2.375	4.625	-2.084	Terrain/Terrain (1)
-2.375	5.125	3.555	Main Building/roof 2 (1)/Roof 2x2 side (6)
-2.375	5.125	0.750	Floor/Floor 2x2 (18)
-2.375	5.125	-2.080	Terrain/Terrain (1)
-2.375	5.625	3.555	Main Building/roof 2 (1)/Roof 2x2 side (6)
-2.375	5.625	0.750	Floor/Floor 2x2 (18)
-2.375	5.625	-2.075	Terrain/Terrain (1)
-2.375	6.125	3.555	Main Building/roof 2 (1)/Roof 2x2 side (8)
-2.375	6.125	0.750	Floor/Floor 2x2 (18)
-2.375	6.125	-2.071	Terrain/Terrain (1)
-2.375	6.625	3.555	Main Building/roof 2 (1)/Roof 2x2 side (8)
-2.375	6.625	0.750	Floor/Floor 2x2 (18)
-2.375	6.625	-2.066	Terrain/Terrain (1)
-2.375	7.125	3.555	Main Building/roof 2 (1)/Roof 2x2 side (8)
-2.375	7.125	0.750	Floor/Floor 2x2 (22)
-2.375	7.125	-2.064	Terrain/Terrain (1)
-2.375	7.625	3.555	Main Building/roof 2 (1)/Roof 2x2 side (8)
-2.375	7.625	0.750	Floor/Floor 2x2 (22)
-2.375	7.625	-2.064	Terrain/Terrain (1)
-2.375	8.125	3.555	Main Building/roof 2 (1)/Roof 2x2 side (10)
-2.375	8.125	0.750	Floor/Floor 2x2 (22)
-2.375	8.125	-2.064	Terrain/Terrain (1)
-2.375	8.625	3.555	Main Building/roof 2 (1)/Roof 2x2 side (10)
-2.375	8.625	0.750	Floor/Floor 2x2 (22)
-2.375	8.625	-2.065	Terrain/Terrain (1)
-2.375	9.125	3.555	Main Building/roof 2 (1)/Roof 2x2 side (10)
-2.375	9.125	0.750	Floor/Floor 2x2 (65)
-2.375	9.125	-2.068	Terrain/Terrain (1)
-2.375	9.625	3.555	Main Building/roof 2 (1)/Roof 2x2 side (10)
-2.375	9.625	0.750	Floor/Floor 2x2 (65)
-2.375	9.625	-2.073	Terrain/Terrain (1)
-2.375	10.125	3.555	Main Building/roof 2 (1)/Roof 2x2 corner (3)
-2.375	10.125	0.750	Floor/Floor 2x2 (65)
-2.375	10.125	-2.076	Terrain/Terrain (1)
-2.375	10.625	3.555	Main Building/roof 2 (1)/Roof 2x2 corner (3)
-2.375	10.625	0.750	Floor/Floor 2x2 (65)
-2.375	10.625	-2.082	Terrain/Terrain (1)
-2.375	11.125	3.555	Main Building/roof 2 (1)/Roof 2x2 corner (3)
-2.375	11.125	0.250	Backyard/Floor 2/Floor 2x2 (2)
-2.375	11.125	-2.086	Terrain/Terrain (1)
-2.375	11.625	3.555	Main Building/roof 2 (1)/Roof 2x2 corner (3)
-2.375	11.625	0.250	Backyard/Floor 2/Floor 2x2 (2)
-2.375	11.625	-2.093	Terrain/Terrain (1)
-2.375	12.125	0.250	Backyard/Floor 2/Floor 2x2 (2)
-2.375	12.125	-2.094	Terrain/Terrain (1)
-2.375	12.625	0.250	Backyard/Floor 2/Floor 2x2 (6)
-2.375	12.625	-2.098	Terrain/Terrain (1)
-2.375	13.125	0.250	Backyard/Floor 2/Floor 2x2 (6)
-2.375	13.125	-2.098	Terrain/Terrain (1)
-2.375	13.625	0.250	Backyard/Floor 2/Floor 2x2 (6)
-2.375	13.625	-2.098	Terrain/Terrain (1)
-2.375	14.125	0.250	Backyard/Floor 2/Floor 2x2 (6)
-2.375	14.125	-2.098	Terrain/Terrain (1)
-2.375	14.625	0.250	Backyard/Floor 2/Floor 2x2 (10)
-2.375	14.625	-2.099	Terrain/Terrain (1)
-2.375	15.125	0.250	Backyard/Floor 2/Floor 2x2 (10)
-2.375	15.125	-2.100	Terrain/Terrain (1)
-2.375	15.625	0.250	Backyard/Floor 2/Floor 2x2 (10)
-2.375	15.625	-2.100	Terrain/Terrain (1)
-2.375	16.125	0.250	Backyard/Floor 2/Floor 2x2 (10)
-2.375	16.125	-2.100	Terrain/Terrain (1)
-2.375	16.625	0.250	Backyard/Floor 2/Floor 2x2 (14)
-2.375	16.625	-2.100	Terrain/Terrain (1)
-2.375	17.125	0.250	Backyard/Floor 2/Floor 2x2 (14)
-2.375	17.125	-2.100	Terrain/Terrain (1)
-2.375	17.625	0.250	Backyard/Floor 2/Floor 2x2 (14)
-2.375	17.625	-2.100	Terrain/Terrain (1)
-2.375	18.125	0.250	Backyard/Floor 2/Floor 2x2 (14)
-2.375	18.125	-2.100	Terrain/Terrain (1)
-2.375	18.625	0.250	Backyard/Floor 2/Floor 2x2 (18)
-2.375	18.625	-2.100	Terrain/Terrain (1)
-2.375	19.125	0.250	Backyard/Floor 2/Floor 2x2 (18)
-2.375	19.125	-2.100	Terrain/Terrain (1)
-2.375	19.625	0.250	Backyard/Floor 2/Floor 2x2 (18)
-2.375	19.625	-2.100	Terrain/Terrain (1)
-2.375	20.125	0.250	Backyard/Floor 2/Floor 2x2 (18)
-2.375	20.125	-2.100	Terrain/Terrain (1)
-2.375	20.625	0.250	Backyard/Pool back/Pool2/Floor/Floor 2x2 (3)
-2.375	20.625	-2.100	Terrain/Terrain (1)
-2.375	21.125	0.250	Backyard/Pool back/Pool2/Floor/Floor 2x2 (3)
-2.375	21.125	-2.100	Terrain/Terrain (1)
-2.375	21.625	0.250	Backyard/Pool back/Pool2/Floor/Floor 2x2 (3)
-2.375	21.625	-2.100	Terrain/Terrain (1)
-2.375	22.125	0.250	Backyard/Pool back/Pool2/Floor/Floor 2x2 (3)
-2.375	22.125	-2.100	Terrain/Terrain (1)
-2.375	22.625	0.267	Backyard/Pool back/Pool2/pool corner top 2x2
-2.375	22.625	-2.100	Terrain/Terrain (1)
-2.375	23.125	0.277	Backyard/Pool back/Pool2/pool corner top 2x2
-2.375	23.125	-2.100	Terrain/Terrain (1)
-2.375	23.625	-2.100	Terrain/Terrain (1)
-2.375	24.125	-2.100	Terrain/Terrain (1)
-2.375	24.625	-1.787	Backyard/Pool back/Pool2/Bottom/Pool Bottom (44)
-2.375	24.625	-2.100	Terrain/Terrain (1)
-2.375	25.125	-0.870	Backyard/Pool back/Pool2/Pool stair lower connection/Pool lower step 3
-2.375	25.125	-1.787	Backyard/Pool back/Pool2/Bottom/Pool Bottom (44)
-2.375	25.125	-2.100	Terrain/Terrain (1)
-2.375	25.625	-0.870	Backyard/Pool back/Pool2/Pool stair lower connection/Pool lower step 3
-2.375	25.625	-1.787	Backyard/Pool back/Pool2/Bottom/Pool Bottom (43)
-2.375	25.625	-2.100	Terrain/Terrain (1)
-2.375	26.125	-0.870	Backyard/Pool back/Pool2/Pool stair lower connection/Pool lower step 3
-2.375	26.125	-1.787	Backyard/Pool back/Pool2/Bottom/Pool Bottom (43)
-2.375	26.125	-2.100	Terrain/Terrain (1)
-2.375	26.625	-0.870	Backyard/Pool back/Pool2/Pool stair lower connection/Pool lower step 3
-2.375	26.625	-1.787	Backyard/Pool back/Pool2/Bottom/Pool Bottom (42)
-2.375	26.625	-2.100	Terrain/Terrain (1)
-2.375	27.125	-0.870	Backyard/Pool back/Pool2/Pool stair lower connection/Pool lower step 3
-2.375	27.125	-1.787	Backyard/Pool back/Pool2/Bottom/Pool Bottom (42)
-2.375	27.125	-2.100	Terrain/Terrain (1)
-2.375	27.625	-0.870	Backyard/Pool back/Pool2/Pool stair lower connection/Pool lower step 3
-2.375	27.625	-1.787	Backyard/Pool back/Pool2/Bottom/Pool Bottom (41)
-2.375	27.625	-2.100	Terrain/Terrain (1)
-2.375	28.125	-0.870	Backyard/Pool back/Pool2/Pool stair lower connection/Pool lower step 3
-2.375	28.125	-1.787	Backyard/Pool back/Pool2/Bottom/Pool Bottom (41)
-2.375	28.125	-2.100	Terrain/Terrain (1)
-2.375	28.625	-2.100	Terrain/Terrain (1)
-2.375	29.125	-2.100	Terrain/Terrain (1)
-2.375	29.625	-2.100	Terrain/Terrain (1)
-2.375	30.125	0.277	Backyard/Pool back/Pool2/pool corner top 2x2 (1)
-2.375	30.125	-2.100	Terrain/Terrain (1)
-2.375	30.625	-2.100	Terrain/Terrain (1)
-2.375	31.125	-2.100	Terrain/Terrain (1)
-2.375	31.625	-2.100	Terrain/Terrain (1)
-2.375	32.125	-2.100	Terrain/Terrain (1)
-2.375	32.625	-2.100	Terrain/Terrain (1)
-1.875	-4.875	-0.573	Terrain/Terrain (1)
-1.875	-4.375	-0.500	Terrain/Terrain (1)
-1.875	-3.875	-0.496	Terrain/Terrain (1)
-1.875	-3.375	-0.739	Terrain/Terrain (1)
-1.875	-2.875	0.750	Floor/Floor 2x2 side (9)
-1.875	-2.875	-0.240	Pool Level/Floor/Floor 2x2 (25)
-1.875	-2.375	0.750	Floor/Floor 2x2 side (9)
-1.875	-2.375	-0.240	Pool Level/Floor/Floor 2x2 (25)
-1.875	-2.375	-1.681	Terrain/Terrain (1)
-1.875	-1.875	3.555	Main Building/roof 2 (1)/Roof 2x2 corner (1)
-1.875	-1.875	0.750	Floor/Floor 2x2 side (9)
-1.875	-1.875	-0.240	Pool Level/Floor/Floor 2x2 (25)
-1.875	-1.875	-1.779	Terrain/Terrain (1)
-1.875	-1.375	3.555	Main Building/roof 2 (1)/Roof 2x2 corner (1)
-1.875	-1.375	0.750	Floor/Floor 2x2 side (9)
-1.875	-1.375	-0.240	Pool Level/Floor/Floor 2x2 (25)
-1.875	-1.375	-1.466	Terrain/Terrain (1)
-1.875	-0.875	3.555	Main Building/roof 2 (1)/Roof 2x2 corner (1)
-1.875	-0.875	0.750	Floor/Floor 2x2 (6)
-1.875	-0.875	-1.438	Terrain/Terrain (1)
-1.875	-0.375	3.555	Main Building/roof 2 (1)/Roof 2x2 corner (1)
-1.875	-0.375	0.750	Floor/Floor 2x2 (6)
-1.875	-0.375	-1.696	Terrain/Terrain (1)
-1.875	0.125	3.555	Main Building/roof 2 (1)/Roof 2x2 side (1)
-1.875	0.125	0.750	Floor/Floor 2x2 (6)
-1.875	0.125	-1.937	Terrain/Terrain (1)
-1.875	0.625	3.555	Main Building/roof 2 (1)/Roof 2x2 side (1)
-1.875	0.625	0.750	Floor/Floor 2x2 (6)
-1.875	0.625	-2.070	Terrain/Terrain (1)
-1.875	1.125	3.555	Main Building/roof 2 (1)/Roof 2x2 side (1)
-1.875	1.125	0.750	Floor/Floor 2x2 (10)
-1.875	1.125	-2.100	Terrain/Terrain (1)
-1.875	1.625	3.555	Main Building/roof 2 (1)/Roof 2x2 side (1)
-1.875	1.625	0.750	Floor/Floor 2x2 (10)
-1.875	1.625	-2.097	Terrain/Terrain (1)
-1.875	2.125	3.555	Main Building/roof 2 (1)/Roof 2x2 side (4)
-1.875	2.125	0.750	Floor/Floor 2x2 (10)
-1.875	2.125	-2.089	Terrain/Terrain (1)
-1.875	2.625	3.555	Main Building/roof 2 (1)/Roof 2x2 side (4)
-1.875	2.625	0.750	Floor/Floor 2x2 (10)
-1.875	2.625	-2.080	Terrain/Terrain (1)
-1.875	3.125	3.555	Main Building/roof 2 (1)/Roof 2x2 side (4)
-1.875	3.125	0.750	Floor/Floor 2x2 (14)
-1.875	3.125	-2.067	Terrain/Terrain (1)
-1.875	3.625	3.555	Main Building/roof 2 (1)/Roof 2x2 side (4)
-1.875	3.625	0.750	Floor/Floor 2x2 (14)
-1.875	3.625	-2.056	Terrain/Terrain (1)
-1.875	4.125	3.555	Main Building/roof 2 (1)/Roof 2x2 side (6)
-1.875	4.125	0.750	Floor/Floor 2x2 (14)
-1.875	4.125	-2.042	Terrain/Terrain (1)
-1.875	4.625	3.555	Main Building/roof 2 (1)/Roof 2x2 side (6)
-1.875	4.625	0.750	Floor/Floor 2x2 (14)
-1.875	4.625	-2.030	Terrain/Terrain (1)
-1.875	5.125	3.555	Main Building/roof 2 (1)/Roof 2x2 side (6)
-1.875	5.125	0.750	Floor/Floor 2x2 (18)
-1.875	5.125	-2.021	Terrain/Terrain (1)
-1.875	5.625	3.555	Main Building/roof 2 (1)/Roof 2x2 side (6)
-1.875	5.625	0.750	Floor/Floor 2x2 (18)
-1.875	5.625	-2.013	Terrain/Terrain (1)
-1.875	6.125	3.555	Main Building/roof 2 (1)/Roof 2x2 side (8)
-1.875	6.125	0.750	Floor/Floor 2x2 (18)
-1.875	6.125	-2.006	Terrain/Terrain (1)
-1.875	6.625	3.555	Main Building/roof 2 (1)/Roof 2x2 side (8)
-1.875	6.625	0.750	Floor/Floor 2x2 (18)
-1.875	6.625	-2.000	Terrain/Terrain (1)
-1.875	7.125	3.555	Main Building/roof 2 (1)/Roof 2x2 side (8)
-1.875	7.125	0.750	Floor/Floor 2x2 (22)
-1.875	7.125	-1.999	Terrain/Terrain (1)
-1.875	7.625	3.555	Main Building/roof 2 (1)/Roof 2x2 side (8)
-1.875	7.625	0.750	Floor/Floor 2x2 (22)
-1.875	7.625	-1.992	Terrain/Terrain (1)
-1.875	8.125	3.555	Main Building/roof 2 (1)/Roof 2x2 side (10)
-1.875	8.125	0.750	Floor/Floor 2x2 (22)
-1.875	8.125	-1.991	Terrain/Terrain (1)
-1.875	8.625	3.555	Main Building/roof 2 (1)/Roof 2x2 side (10)
-1.875	8.625	0.750	Floor/Floor 2x2 (22)
-1.875	8.625	-1.989	Terrain/Terrain (1)
-1.875	9.125	3.555	Main Building/roof 2 (1)/Roof 2x2 side (10)
-1.875	9.125	0.750	Floor/Floor 2x2 (65)
-1.875	9.125	-1.987	Terrain/Terrain (1)
-1.875	9.625	3.555	Main Building/roof 2 (1)/Roof 2x2 side (10)
-1.875	9.625	0.750	Floor/Floor 2x2 (65)
-1.875	9.625	-1.988	Terrain/Terrain (1)
-1.875	10.125	3.555	Main Building/roof 2 (1)/Roof 2x2 corner (3)
-1.875	10.125	0.750	Floor/Floor 2x2 (65)
-1.875	10.125	-1.992	Terrain/Terrain (1)
-1.875	10.625	3.555	Main Building/roof 2 (1)/Roof 2x2 corner (3)
-1.875	10.625	0.750	Floor/Floor 2x2 (65)
-1.875	10.625	-1.998	Terrain/Terrain (1)
-1.875	11.125	3.555	Main Building/roof 2 (1)/Roof 2x2 corner (3)
-1.875	11.125	0.250	Backyard/Floor 2/Floor 2x2 (2)
-1.875	11.125	-2.008	Terrain/Terrain (1)
-1.875	11.625	3.555	Main Building/roof 2 (1)/Roof 2x2 corner (3)
-1.875	11.625	0.250	Backyard/Floor 2/Floor 2x2 (2)
-1.875	11.625	-2.017	Terrain/Terrain (1)
-1.875	12.125	0.250	Backyard/Floor 2/Floor 2x2 (2)
-1.875	12.125	-2.028	Terrain/Terrain (1)
-1.875	12.625	0.250	Backyard/Floor 2/Floor 2x2 (6)
-1.875	12.625	-2.042	Terrain/Terrain (1)
-1.875	13.125	0.250	Backyard/Floor 2/Floor 2x2 (6)
-1.875	13.125	-2.054	Terrain/Terrain (1)
-1.875	13.625	0.250	Backyard/Floor 2/Floor 2x2 (6)
-1.875	13.625	-2.064	Terrain/Terrain (1)
-1.875	14.125	0.250	Backyard/Floor 2/Floor 2x2 (6)
-1.875	14.125	-2.074	Terrain/Terrain (1)
-1.875	14.625	0.250	Backyard/Floor 2/Floor 2x2 (10)
-1.875	14.625	-2.078	Terrain/Terrain (1)
-1.875	15.125	0.250	Backyard/Floor 2/Floor 2x2 (10)
-1.875	15.125	-2.083	Terrain/Terrain (1)
-1.875	15.625	0.250	Backyard/Floor 2/Floor 2x2 (10)
-1.875	15.625	-2.088	Terrain/Terrain (1)
-1.875	16.125	0.250	Backyard/Floor 2/Floor 2x2 (10)
-1.875	16.125	-2.093	Terrain/Terrain (1)
-1.875	16.625	0.250	Backyard/Floor 2/Floor 2x2 (14)
-1.875	16.625	-2.095	Terrain/Terrain (1)
-1.875	17.125	0.250	Backyard/Floor 2/Floor 2x2 (14)
-1.875	17.125	-2.100	Terrain/Terrain (1)
-1.875	17.625	0.250	Backyard/Floor 2/Floor 2x2 (14)
-1.875	17.625	-2.100	Terrain/Terrain (1)
-1.875	18.125	0.250	Backyard/Floor 2/Floor 2x2 (14)
-1.875	18.125	-2.100	Terrain/Terrain (1)
-1.875	18.625	0.250	Backyard/Floor 2/Floor 2x2 (18)
-1.875	18.625	-2.100	Terrain/Terrain (1)
-1.875	19.125	0.250	Backyard/Floor 2/Floor 2x2 (18)
-1.875	19.125	-2.100	Terrain/Terrain (1)
-1.875	19.625	0.250	Backyard/Floor 2/Floor 2x2 (18)
-1.875	19.625	-2.100	Terrain/Terrain (1)
-1.875	20.125	0.250	Backyard/Floor 2/Floor 2x2 (18)
-1.875	20.125	-2.100	Terrain/Terrain (1)
-1.875	20.625	0.250	Backyard/Pool back/Pool2/Floor/Floor 2x2 (3)
-1.875	20.625	-2.100	Terrain/Terrain (1)
-1.875	21.125	0.250	Backyard/Pool back/Pool2/Floor/Floor 2x2 (3)
-1.875	21.125	-2.100	Terrain/Terrain (1)
-1.875	21.625	0.250	Backyard/Pool back/Pool2/Floor/Floor 2x2 (3)
-1.875	21.625	-2.100	Terrain/Terrain (1)
-1.875	22.125	0.250	Backyard/Pool back/Pool2/Floor/Floor 2x2 (3)
-1.875	22.125	-2.100	Terrain/Terrain (1)
-1.875	22.625	0.256	Backyard/Pool back/Pool2/pool corner top 2x2/pool corner top 2x2.001
-1.875	22.625	-2.100	Terrain/Terrain (1)
-1.875	23.125	0.277	Backyard/Pool back/Pool2/pool corner top 2x2
-1.875	23.125	-2.100	Terrain/Terrain (1)
-1.875	23.625	-2.100	Terrain/Terrain (1)
-1.875	24.125	-2.100	Terrain/Terrain (1)
-1.875	24.625	-2.100	Terrain/Terrain (1)
-1.875	25.125	-0.685	Backyard/Pool back/Pool2/Pool stair lower connection/Pool lower step 2
-1.875	25.125	-2.100	Terrain/Terrain (1)
-1.875	25.625	-0.685	Backyard/Pool back/Pool2/Pool stair lower connection/Pool lower step 2
-1.875	25.625	-2.100	Terrain/Terrain (1)
-1.875	26.125	-0.685	Backyard/Pool back/Pool2/Pool stair lower connection/Pool lower step 2
-1.875	26.125	-2.100	Terrain/Terrain (1)
-1.875	26.625	-0.685	Backyard/Pool back/Pool2/Pool stair lower connection/Pool lower step 2
-1.875	26.625	-2.100	Terrain/Terrain (1)
-1.875	27.125	-0.685	Backyard/Pool back/Pool2/Pool stair lower connection/Pool lower step 2
-1.875	27.125	-2.100	Terrain/Terrain (1)
-1.875	27.625	-0.685	Backyard/Pool back/Pool2/Pool stair lower connection/Pool lower step 2
-1.875	27.625	-2.100	Terrain/Terrain (1)
-1.875	28.125	-0.685	Backyard/Pool back/Pool2/Pool stair lower connection/Pool lower step 2
-1.875	28.125	-2.082	Terrain/Terrain (1)
-1.875	28.625	-2.100	Terrain/Terrain (1)
-1.875	29.125	-2.100	Terrain/Terrain (1)
-1.875	29.625	0.277	Backyard/Pool back/Pool2/pool corner top 2x2 (1)
-1.875	29.625	-2.100	Terrain/Terrain (1)
-1.875	30.125	0.277	Backyard/Pool back/Pool2/pool corner top 2x2 (1)
-1.875	30.125	-2.100	Terrain/Terrain (1)
-1.875	30.625	-2.100	Terrain/Terrain (1)
-1.875	31.125	-2.100	Terrain/Terrain (1)
-1.875	31.625	-2.100	Terrain/Terrain (1)
-1.875	32.125	-2.100	Terrain/Terrain (1)
-1.875	32.625	-2.100	Terrain/Terrain (1)
-1.375	-4.875	-0.697	Terrain/Terrain (1)
-1.375	-4.375	-0.635	Terrain/Terrain (1)
-1.375	-3.875	-0.684	Terrain/Terrain (1)
-1.375	-3.375	-0.943	Terrain/Terrain (1)
-1.375	-2.875	0.750	Floor/Floor 2x2 side (9)
-1.375	-2.875	-0.240	Pool Level/Floor/Floor 2x2 (25)
-1.375	-2.875	-1.380	Terrain/Terrain (1)
-1.375	-2.375	0.750	Floor/Floor 2x2 side (9)
-1.375	-2.375	-0.240	Pool Level/Floor/Floor 2x2 (25)
-1.375	-2.375	-1.774	Terrain/Terrain (1)
-1.375	-1.875	3.555	Main Building/roof 2 (1)/Roof 2x2 corner (1)
-1.375	-1.875	0.750	Floor/Floor 2x2 side (9)
-1.375	-1.875	-0.240	Pool Level/Floor/Floor 2x2 (25)
-1.375	-1.875	-1.826	Terrain/Terrain (1)
-1.375	-1.375	3.555	Main Building/roof 2 (1)/Roof 2x2 corner (1)
-1.375	-1.375	0.750	Floor/Floor 2x2 side (9)
-1.375	-1.375	-0.240	Pool Level/Floor/Floor 2x2 (25)
-1.375	-1.375	-1.531	Terrain/Terrain (1)
-1.375	-0.875	3.555	Main Building/roof 2 (1)/Roof 2x2 corner (1)
-1.375	-0.875	0.750	Floor/Floor 2x2 (6)
-1.375	-0.875	-1.525	Terrain/Terrain (1)
-1.375	-0.375	3.555	Main Building/roof 2 (1)/Roof 2x2 corner (1)
-1.375	-0.375	0.750	Floor/Floor 2x2 (6)
-1.375	-0.375	-1.754	Terrain/Terrain (1)
-1.375	0.125	3.555	Main Building/roof 2 (1)/Roof 2x2 side (1)
-1.375	0.125	0.750	Floor/Floor 2x2 (6)
-1.375	0.125	-1.959	Terrain/Terrain (1)
-1.375	0.625	3.555	Main Building/roof 2 (1)/Roof 2x2 side (1)
-1.375	0.625	0.750	Floor/Floor 2x2 (6)
-1.375	0.625	-2.065	Terrain/Terrain (1)
-1.375	1.125	3.555	Main Building/roof 2 (1)/Roof 2x2 side (1)
-1.375	1.125	0.750	Floor/Floor 2x2 (10)
-1.375	1.125	-2.074	Terrain/Terrain (1)
-1.375	1.625	3.555	Main Building/roof 2 (1)/Roof 2x2 side (1)
-1.375	1.625	0.750	Floor/Floor 2x2 (10)
-1.375	1.625	-2.057	Terrain/Terrain (1)
-1.375	2.125	3.555	Main Building/roof 2 (1)/Roof 2x2 side (4)
-1.375	2.125	0.750	Floor/Floor 2x2 (10)
-1.375	2.125	-2.040	Terrain/Terrain (1)
-1.375	2.625	3.555	Main Building/roof 2 (1)/Roof 2x2 side (4)
-1.375	2.625	0.750	Floor/Floor 2x2 (10)
-1.375	2.625	-2.022	Terrain/Terrain (1)
-1.375	3.125	3.555	Main Building/roof 2 (1)/Roof 2x2 side (4)
-1.375	3.125	0.750	Floor/Floor 2x2 (14)
-1.375	3.125	-2.003	Terrain/Terrain (1)
-1.375	3.625	3.555	Main Building/roof 2 (1)/Roof 2x2 side (4)
-1.375	3.625	0.750	Floor/Floor 2x2 (14)
-1.375	3.625	-1.988	Terrain/Terrain (1)
-1.375	4.125	3.555	Main Building/roof 2 (1)/Roof 2x2 side (6)
-1.375	4.125	0.750	Floor/Floor 2x2 (14)
-1.375	4.125	-1.973	Terrain/Terrain (1)
-1.375	4.625	3.555	Main Building/roof 2 (1)/Roof 2x2 side (6)
-1.375	4.625	0.750	Floor/Floor 2x2 (14)
-1.375	4.625	-1.961	Terrain/Terrain (1)
-1.375	5.125	3.555	Main Building/roof 2 (1)/Roof 2x2 side (6)
-1.375	5.125	0.750	Floor/Floor 2x2 (18)
-1.375	5.125	-1.953	Terrain/Terrain (1)
-1.375	5.625	3.555	Main Building/roof 2 (1)/Roof 2x2 side (6)
-1.375	5.625	0.750	Floor/Floor 2x2 (18)
-1.375	5.625	-1.942	Terrain/Terrain (1)
-1.375	6.125	3.555	Main Building/roof 2 (1)/Roof 2x2 side (8)
-1.375	6.125	0.750	Floor/Floor 2x2 (18)
-1.375	6.125	-1.933	Terrain/Terrain (1)
-1.375	6.625	3.555	Main Building/roof 2 (1)/Roof 2x2 side (8)
-1.375	6.625	0.750	Floor/Floor 2x2 (18)
-1.375	6.625	-1.923	Terrain/Terrain (1)
-1.375	7.125	3.555	Main Building/roof 2 (1)/Roof 2x2 side (8)
-1.375	7.125	0.750	Floor/Floor 2x2 (22)
-1.375	7.125	-1.909	Terrain/Terrain (1)
-1.375	7.625	3.555	Main Building/roof 2 (1)/Roof 2x2 side (8)
-1.375	7.625	0.750	Floor/Floor 2x2 (22)
-1.375	7.625	-1.899	Terrain/Terrain (1)
-1.375	8.125	3.555	Main Building/roof 2 (1)/Roof 2x2 side (10)
-1.375	8.125	0.750	Floor/Floor 2x2 (22)
-1.375	8.125	-1.889	Terrain/Terrain (1)
-1.375	8.625	3.555	Main Building/roof 2 (1)/Roof 2x2 side (10)
-1.375	8.625	0.750	Floor/Floor 2x2 (22)
-1.375	8.625	-1.881	Terrain/Terrain (1)
-1.375	9.125	3.555	Main Building/roof 2 (1)/Roof 2x2 side (10)
-1.375	9.125	0.750	Floor/Floor 2x2 (65)
-1.375	9.125	-1.878	Terrain/Terrain (1)
-1.375	9.625	3.555	Main Building/roof 2 (1)/Roof 2x2 side (10)
-1.375	9.625	0.750	Floor/Floor 2x2 (65)
-1.375	9.625	-1.874	Terrain/Terrain (1)
-1.375	10.125	3.555	Main Building/roof 2 (1)/Roof 2x2 corner (3)
-1.375	10.125	0.750	Floor/Floor 2x2 (65)
-1.375	10.125	-1.874	Terrain/Terrain (1)
-1.375	10.625	3.555	Main Building/roof 2 (1)/Roof 2x2 corner (3)
-1.375	10.625	0.750	Floor/Floor 2x2 (65)
-1.375	10.625	-1.878	Terrain/Terrain (1)
-1.375	11.125	3.555	Main Building/roof 2 (1)/Roof 2x2 corner (3)
-1.375	11.125	0.250	Backyard/Floor 2/Floor 2x2 (2)
-1.375	11.125	-1.886	Terrain/Terrain (1)
-1.375	11.625	3.555	Main Building/roof 2 (1)/Roof 2x2 corner (3)
-1.375	11.625	0.250	Backyard/Floor 2/Floor 2x2 (2)
-1.375	11.625	-1.898	Terrain/Terrain (1)
-1.375	12.125	0.250	Backyard/Floor 2/Floor 2x2 (2)
-1.375	12.125	-1.910	Terrain/Terrain (1)
-1.375	12.625	0.250	Backyard/Floor 2/Floor 2x2 (6)
-1.375	12.625	-1.929	Terrain/Terrain (1)
-1.375	13.125	0.250	Backyard/Floor 2/Floor 2x2 (6)
-1.375	13.125	-1.950	Terrain/Terrain (1)
-1.375	13.625	0.250	Backyard/Floor 2/Floor 2x2 (6)
-1.375	13.625	-1.970	Terrain/Terrain (1)
-1.375	14.125	0.250	Backyard/Floor 2/Floor 2x2 (6)
-1.375	14.125	-1.994	Terrain/Terrain (1)
-1.375	14.625	0.250	Backyard/Floor 2/Floor 2x2 (10)
-1.375	14.625	-2.016	Terrain/Terrain (1)
-1.375	15.125	0.250	Backyard/Floor 2/Floor 2x2 (10)
-1.375	15.125	-2.034	Terrain/Terrain (1)
-1.375	15.625	0.250	Backyard/Floor 2/Floor 2x2 (10)
-1.375	15.625	-2.046	Terrain/Terrain (1)
-1.375	16.125	0.250	Backyard/Floor 2/Floor 2x2 (10)
-1.375	16.125	-2.056	Terrain/Terrain (1)
-1.375	16.625	0.250	Backyard/Floor 2/Floor 2x2 (14)
-1.375	16.625	-2.065	Terrain/Terrain (1)
-1.375	17.125	0.250	Backyard/Floor 2/Floor 2x2 (14)
-1.375	17.125	-2.075	Terrain/Terrain (1)
-1.375	17.625	0.250	Backyard/Floor 2/Floor 2x2 (14)
-1.375	17.625	-2.085	Terrain/Terrain (1)
-1.375	18.125	0.250	Backyard/Floor 2/Floor 2x2 (14)
-1.375	18.125	-2.092	Terrain/Terrain (1)
-1.375	18.625	0.250	Backyard/Floor 2/Floor 2x2 (18)
-1.375	18.625	-2.097	Terrain/Terrain (1)
-1.375	19.125	0.250	Backyard/Floor 2/Floor 2x2 (18)
-1.375	19.125	-2.100	Terrain/Terrain (1)
-1.375	19.625	0.250	Backyard/Floor 2/Floor 2x2 (18)
-1.375	19.625	-2.100	Terrain/Terrain (1)
-1.375	20.125	0.250	Backyard/Floor 2/Floor 2x2 (18)
-1.375	20.125	-2.100	Terrain/Terrain (1)
-1.375	20.625	0.250	Backyard/Pool back/Pool2/Floor/Floor 2x2 (3)
-1.375	20.625	-2.100	Terrain/Terrain (1)
-1.375	21.125	0.250	Backyard/Pool back/Pool2/Floor/Floor 2x2 (3)
-1.375	21.125	-2.100	Terrain/Terrain (1)
-1.375	21.625	0.250	Backyard/Pool back/Pool2/Floor/Floor 2x2 (3)
-1.375	21.625	-2.100	Terrain/Terrain (1)
-1.375	22.125	0.250	Backyard/Pool back/Pool2/Floor/Floor 2x2 (3)
-1.375	22.125	-2.100	Terrain/Terrain (1)
-1.375	22.625	0.256	Backyard/Pool back/Pool2/pool corner top 2x2/pool corner top 2x2.001
-1.375	22.625	-2.100	Terrain/Terrain (1)
-1.375	23.125	0.255	Backyard/Pool back/Pool2/pool corner top 2x2/pool corner top 2x2.001
-1.375	23.125	-2.100	Terrain/Terrain (1)
-1.375	23.625	0.277	Backyard/Pool back/Pool2/pool corner top 2x2
-1.375	23.625	-2.100	Terrain/Terrain (1)
-1.375	24.125	0.276	Backyard/Pool back/Pool2/pool corner top 2x2
-1.375	24.125	-2.100	Terrain/Terrain (1)
-1.375	24.625	-0.138	Backyard/Pool back/Pool2/Swimming Pool Steps/Swimming Pool Steps Floor
-1.375	24.625	-2.100	Terrain/Terrain (1)
-1.375	25.125	-0.138	Backyard/Pool back/Pool2/Swimming Pool Steps/Swimming Pool Steps Floor
-1.375	25.125	-2.100	Terrain/Terrain (1)
-1.375	25.625	-0.316	Backyard/Pool back/Pool2/Swimming Pool Steps/Swimming Pool Steps Floor
-1.375	25.625	-2.100	Terrain/Terrain (1)
-1.375	26.125	-0.316	Backyard/Pool back/Pool2/Swimming Pool Steps/Swimming Pool Steps Floor
-1.375	26.125	-2.100	Terrain/Terrain (1)
-1.375	26.625	-0.316	Backyard/Pool back/Pool2/Swimming Pool Steps/Swimming Pool Steps Floor
-1.375	26.625	-2.100	Terrain/Terrain (1)
-1.375	27.125	-0.316	Backyard/Pool back/Pool2/Swimming Pool Steps/Swimming Pool Steps Floor
-1.375	27.125	-2.100	Terrain/Terrain (1)
-1.375	27.625	-0.316	Backyard/Pool back/Pool2/Swimming Pool Steps/Swimming Pool Steps Floor
-1.375	27.625	-2.100	Terrain/Terrain (1)
-1.375	28.125	-0.138	Backyard/Pool back/Pool2/Swimming Pool Steps/Swimming Pool Steps Floor
-1.375	28.625	0.277	Backyard/Pool back/Pool2/pool corner top 2x2 (1)
-1.375	29.125	0.277	Backyard/Pool back/Pool2/pool corner top 2x2 (1)
-1.375	29.125	-2.100	Terrain/Terrain (1)
-1.375	29.625	0.275	Backyard/Pool back/Pool2/pool corner top 2x2 (1)
-1.375	29.625	-2.100	Terrain/Terrain (1)
-1.375	30.125	0.256	Backyard/Pool back/Pool2/pool corner top 2x2 (1)/pool corner top 2x2.001
-1.375	30.125	-2.100	Terrain/Terrain (1)
-1.375	30.625	-2.100	Terrain/Terrain (1)
-1.375	31.125	-2.100	Terrain/Terrain (1)
-1.375	31.625	-2.100	Terrain/Terrain (1)
-1.375	32.125	-2.100	Terrain/Terrain (1)
-1.375	32.625	-2.100	Terrain/Terrain (1)
-0.875	-4.875	-0.809	Terrain/Terrain (1)
-0.875	-4.375	-0.775	Terrain/Terrain (1)
-0.875	-3.875	-0.860	Terrain/Terrain (1)
-0.875	-3.375	-1.135	Terrain/Terrain (1)
-0.875	-2.875	0.750	Floor/Floor 2x2 side (30)
-0.875	-2.875	-0.240	Pool Level/Floor/Floor 2x2 (25)
-0.875	-2.875	-1.524	Terrain/Terrain (1)
-0.875	-2.375	0.750	Floor/Floor 2x2 side (30)
-0.875	-2.375	-0.240	Pool Level/Floor/Floor 2x2 (25)
-0.875	-2.375	-1.861	Terrain/Terrain (1)
-0.875	-1.875	0.750	Floor/Floor 2x2 side (30)
-0.875	-1.875	-0.240	Pool Level/Floor/Floor 2x2 (25)
-0.875	-1.875	-1.834	Terrain/Terrain (1)
-0.875	-1.375	0.750	Floor/Floor 2x2 side (30)
-0.875	-1.375	-0.240	Pool Level/Floor/Floor 2x2 (25)
-0.875	-1.375	-1.614	Terrain/Terrain (1)
-0.875	-0.875	0.750	Floor/Floor 2x2 (5)
-0.875	-0.875	-1.653	Terrain/Terrain (1)
-0.875	-0.375	0.750	Floor/Floor 2x2 (5)
-0.875	-0.375	-1.827	Terrain/Terrain (1)
-0.875	0.125	0.750	Floor/Floor 2x2 (5)
-0.875	0.125	-1.974	Terrain/Terrain (1)
-0.875	0.625	0.750	Floor/Floor 2x2 (5)
-0.875	0.625	-2.034	Terrain/Terrain (1)
-0.875	1.125	0.750	Floor/Floor 2x2 (9)
-0.875	1.125	-2.017	Terrain/Terrain (1)
-0.875	1.625	0.750	Floor/Floor 2x2 (9)
-0.875	1.625	-1.994	Terrain/Terrain (1)
-0.875	2.125	0.750	Floor/Floor 2x2 (9)
-0.875	2.125	-1.972	Terrain/Terrain (1)
-0.875	2.625	0.750	Floor/Floor 2x2 (9)
-0.875	2.625	-1.954	Terrain/Terrain (1)
-0.875	3.125	0.750	Floor/Floor 2x2 (13)
-0.875	3.125	-1.938	Terrain/Terrain (1)
-0.875	3.625	0.750	Floor/Floor 2x2 (13)
-0.875	3.625	-1.926	Terrain/Terrain (1)
-0.875	4.125	0.750	Floor/Floor 2x2 (13)
-0.875	4.125	-1.916	Terrain/Terrain (1)
-0.875	4.625	0.750	Floor/Floor 2x2 (13)
-0.875	4.625	-1.905	Terrain/Terrain (1)
-0.875	5.125	0.750	Floor/Floor 2x2 (17)
-0.875	5.125	-1.892	Terrain/Terrain (1)
-0.875	5.625	0.750	Floor/Floor 2x2 (17)
-0.875	5.625	-1.877	Terrain/Terrain (1)
-0.875	6.125	0.750	Floor/Floor 2x2 (17)
-0.875	6.125	-1.862	Terrain/Terrain (1)
-0.875	6.625	0.750	Floor/Floor 2x2 (17)
-0.875	6.625	-1.847	Terrain/Terrain (1)
-0.875	7.125	0.750	Floor/Floor 2x2 (21)
-0.875	7.125	-1.833	Terrain/Terrain (1)
-0.875	7.625	0.750	Floor/Floor 2x2 (21)
-0.875	7.625	-1.818	Terrain/Terrain (1)
-0.875	8.125	0.750	Floor/Floor 2x2 (21)
-0.875	8.125	-1.809	Terrain/Terrain (1)
-0.875	8.625	0.750	Floor/Floor 2x2 (21)
-0.875	8.625	-1.798	Terrain/Terrain (1)
-0.875	9.125	0.750	Floor/Floor 2x2 (64)
-0.875	9.125	-1.789	Terrain/Terrain (1)
-0.875	9.625	0.750	Floor/Floor 2x2 (64)
-0.875	9.625	-1.783	Terrain/Terrain (1)
-0.875	10.125	0.750	Floor/Floor 2x2 (64)
-0.875	10.125	-1.781	Terrain/Terrain (1)
-0.875	10.625	0.750	Floor/Floor 2x2 (64)
-0.875	10.625	-1.779	Terrain/Terrain (1)
-0.875	11.125	0.250	Backyard/Floor 2/Floor 2x2 (1)
-0.875	11.125	-1.783	Terrain/Terrain (1)
-0.875	11.625	0.250	Backyard/Floor 2/Floor 2x2 (1)
-0.875	11.625	-1.789	Terrain/Terrain (1)
-0.875	12.125	0.250	Backyard/Floor 2/Floor 2x2 (1)
-0.875	12.125	-1.800	Terrain/Terrain (1)
-0.875	12.625	0.250	Backyard/Floor 2/Floor 2x2 (5)
-0.875	12.625	-1.815	Terrain/Terrain (1)
-0.875	13.125	0.250	Backyard/Floor 2/Floor 2x2 (5)
-0.875	13.125	-1.835	Terrain/Terrain (1)
-0.875	13.625	0.250	Backyard/Floor 2/Floor 2x2 (5)
-0.875	13.625	-1.855	Terrain/Terrain (1)
-0.875	14.125	0.250	Backyard/Floor 2/Floor 2x2 (5)
-0.875	14.125	-1.883	Terrain/Terrain (1)
-0.875	14.625	0.250	Backyard/Floor 2/Floor 2x2 (9)
-0.875	14.625	-1.912	Terrain/Terrain (1)
-0.875	15.125	0.250	Backyard/Floor 2/Floor 2x2 (9)
-0.875	15.125	-1.942	Terrain/Terrain (1)
-0.875	15.625	0.250	Backyard/Floor 2/Floor 2x2 (9)
-0.875	15.625	-1.971	Terrain/Terrain (1)
-0.875	16.125	0.250	Backyard/Floor 2/Floor 2x2 (9)
-0.875	16.125	-1.996	Terrain/Terrain (1)
-0.875	16.625	0.250	Backyard/Floor 2/Floor 2x2 (13)
-0.875	16.625	-2.015	Terrain/Terrain (1)
-0.875	17.125	0.250	Backyard/Floor 2/Floor 2x2 (13)
-0.875	17.125	-2.028	Terrain/Terrain (1)
-0.875	17.625	0.250	Backyard/Floor 2/Floor 2x2 (13)
-0.875	17.625	-2.042	Terrain/Terrain (1)
-0.875	18.125	0.250	Backyard/Floor 2/Floor 2x2 (13)
-0.875	18.125	-2.058	Terrain/Terrain (1)
-0.875	18.625	0.250	Backyard/Floor 2/Floor 2x2 (17)
-0.875	18.625	-2.071	Terrain/Terrain (1)
-0.875	19.125	0.250	Backyard/Floor 2/Floor 2x2 (17)
-0.875	19.125	-2.083	Terrain/Terrain (1)
-0.875	19.625	0.250	Backyard/Floor 2/Floor 2x2 (17)
-0.875	19.625	-2.093	Terrain/Terrain (1)
-0.875	20.125	0.250	Backyard/Floor 2/Floor 2x2 (17)
-0.875	20.125	-2.100	Terrain/Terrain (1)
-0.875	20.625	0.250	Backyard/Pool back/Pool2/Floor/Floor 2x2
-0.875	20.625	-2.100	Terrain/Terrain (1)
-0.875	21.125	0.250	Backyard/Pool back/Pool2/Floor/Floor 2x2
-0.875	21.125	-2.100	Terrain/Terrain (1)
-0.875	21.625	0.250	Backyard/Pool back/Pool2/Floor/Floor 2x2
-0.875	21.625	-2.100	Terrain/Terrain (1)
-0.875	22.125	0.250	Backyard/Pool back/Pool2/Floor/Floor 2x2
-0.875	22.125	-2.100	Terrain/Terrain (1)
-0.875	22.625	0.250	Backyard/Pool back/Pool2/Floor/Floor 2x2 (2)
-0.875	22.625	-2.100	Terrain/Terrain (1)
-0.875	23.125	0.250	Backyard/Pool back/Pool2/Floor/Floor 2x2 (2)
-0.875	23.125	-2.100	Terrain/Terrain (1)
-0.875	23.625	0.250	Backyard/Pool back/Pool2/Floor/Floor 2x2 (2)
-0.875	23.625	-2.100	Terrain/Terrain (1)
-0.875	24.125	0.250	Backyard/Pool back/Pool2/Floor/Floor 2x2 (2)
-0.875	24.125	-2.100	Terrain/Terrain (1)
-0.875	24.625	0.270	Backyard/Pool back/Pool2/Swimming Pool Steps/Swimming Pool Steps Floor
-0.875	24.625	-2.100	Terrain/Terrain (1)
-0.875	25.125	-0.138	Backyard/Pool back/Pool2/Swimming Pool Steps/Swimming Pool Steps Floor
-0.875	25.125	-2.100	Terrain/Terrain (1)
-0.875	25.625	-0.138	Backyard/Pool back/Pool2/Swimming Pool Steps/Swimming Pool Steps Floor
-0.875	25.625	-2.100	Terrain/Terrain (1)
-0.875	26.125	-0.138	Backyard/Pool back/Pool2/Swimming Pool Steps/Swimming Pool Steps Floor
-0.875	26.125	-2.100	Terrain/Terrain (1)
-0.875	26.625	-0.138	Backyard/Pool back/Pool2/Swimming Pool Steps/Swimming Pool Steps Floor
-0.875	26.625	-2.100	Terrain/Terrain (1)
-0.875	27.125	-0.138	Backyard/Pool back/Pool2/Swimming Pool Steps/Swimming Pool Steps Floor
-0.875	27.125	-2.100	Terrain/Terrain (1)
-0.875	27.625	-0.138	Backyard/Pool back/Pool2/Swimming Pool Steps/Swimming Pool Steps Floor
-0.875	27.625	-2.092	Terrain/Terrain (1)
-0.875	28.125	-0.138	Backyard/Pool back/Pool2/Swimming Pool Steps/Swimming Pool Steps Floor
-0.875	28.625	0.250	Backyard/Pool back/Pool2/Floor/Floor 2x2 (1)
-0.875	29.125	0.250	Backyard/Pool back/Pool2/Floor/Floor 2x2 (1)
-0.875	29.125	-2.100	Terrain/Terrain (1)
-0.875	29.625	0.250	Backyard/Pool back/Pool2/Floor/Floor 2x2 (1)
-0.875	29.625	-2.100	Terrain/Terrain (1)
-0.875	30.125	0.250	Backyard/Pool back/Pool2/Floor/Floor 2x2 (1)
-0.875	30.125	-2.100	Terrain/Terrain (1)
-0.875	30.625	-2.100	Terrain/Terrain (1)
-0.875	31.125	-2.100	Terrain/Terrain (1)
-0.875	31.625	-2.100	Terrain/Terrain (1)
-0.875	32.125	-2.100	Terrain/Terrain (1)
-0.875	32.625	-2.100	Terrain/Terrain (1)
-0.375	-4.875	-0.939	Terrain/Terrain (1)
-0.375	-4.375	-0.924	Terrain/Terrain (1)
-0.375	-3.875	-1.028	Terrain/Terrain (1)
-0.375	-3.375	-1.290	Terrain/Terrain (1)
-0.375	-2.875	0.750	Floor/Floor 2x2 side (30)
-0.375	-2.875	-0.240	Pool Level/Floor/Floor 2x2 (23)
-0.375	-2.875	-1.632	Terrain/Terrain (1)
-0.375	-2.375	0.750	Floor/Floor 2x2 side (30)
-0.375	-2.375	-0.240	Pool Level/Floor/Floor 2x2 (23)
-0.375	-2.375	-1.913	Terrain/Terrain (1)
-0.375	-1.875	0.750	Floor/Floor 2x2 side (30)
-0.375	-1.875	-0.240	Pool Level/Floor/Floor 2x2 (23)
-0.375	-1.875	-1.832	Terrain/Terrain (1)
-0.375	-1.375	0.750	Floor/Floor 2x2 side (30)
-0.375	-1.375	-0.240	Pool Level/Floor/Floor 2x2 (23)
-0.375	-1.375	-1.707	Terrain/Terrain (1)
-0.375	-0.875	0.750	Floor/Floor 2x2 (5)
-0.375	-0.875	-1.770	Terrain/Terrain (1)
-0.375	-0.375	0.750	Floor/Floor 2x2 (5)
-0.375	-0.375	-1.880	Terrain/Terrain (1)
-0.375	0.125	0.750	Floor/Floor 2x2 (5)
-0.375	0.125	-1.962	Terrain/Terrain (1)
-0.375	0.625	0.750	Floor/Floor 2x2 (5)
-0.375	0.625	-1.975	Terrain/Terrain (1)
-0.375	1.125	0.750	Floor/Floor 2x2 (9)
-0.375	1.125	-1.951	Terrain/Terrain (1)
-0.375	1.625	0.750	Floor/Floor 2x2 (9)
-0.375	1.625	-1.932	Terrain/Terrain (1)
-0.375	2.125	0.750	Floor/Floor 2x2 (9)
-0.375	2.125	-1.918	Terrain/Terrain (1)
-0.375	2.625	0.750	Floor/Floor 2x2 (9)
-0.375	2.625	-1.909	Terrain/Terrain (1)
-0.375	3.125	0.750	Floor/Floor 2x2 (13)
-0.375	3.125	-1.903	Terrain/Terrain (1)
-0.375	3.625	0.750	Floor/Floor 2x2 (13)
-0.375	3.625	-1.895	Terrain/Terrain (1)
-0.375	4.125	0.750	Floor/Floor 2x2 (13)
-0.375	4.125	-1.878	Terrain/Terrain (1)
-0.375	4.625	0.750	Floor/Floor 2x2 (13)
-0.375	4.625	-1.862	Terrain/Terrain (1)
-0.375	5.125	0.750	Floor/Floor 2x2 (17)
-0.375	5.125	-1.844	Terrain/Terrain (1)
-0.375	5.625	0.750	Floor/Floor 2x2 (17)
-0.375	5.625	-1.825	Terrain/Terrain (1)
-0.375	6.125	0.750	Floor/Floor 2x2 (17)
-0.375	6.125	-1.807	Terrain/Terrain (1)
-0.375	6.625	0.750	Floor/Floor 2x2 (17)
-0.375	6.625	-1.791	Terrain/Terrain (1)
-0.375	7.125	0.750	Floor/Floor 2x2 (21)
-0.375	7.125	-1.778	Terrain/Terrain (1)
-0.375	7.625	0.750	Floor/Floor 2x2 (21)
-0.375	7.625	-1.767	Terrain/Terrain (1)
-0.375	8.125	0.750	Floor/Floor 2x2 (21)
-0.375	8.125	-1.759	Terrain/Terrain (1)
-0.375	8.625	0.750	Floor/Floor 2x2 (21)
-0.375	8.625	-1.755	Terrain/Terrain (1)
-0.375	9.125	0.750	Floor/Floor 2x2 (64)
-0.375	9.125	-1.749	Terrain/Terrain (1)
-0.375	9.625	0.750	Floor/Floor 2x2 (64)
-0.375	9.625	-1.748	Terrain/Terrain (1)
-0.375	10.125	0.750	Floor/Floor 2x2 (64)
-0.375	10.125	-1.748	Terrain/Terrain (1)
-0.375	10.625	0.750	Floor/Floor 2x2 (64)
-0.375	10.625	-1.744	Terrain/Terrain (1)
-0.375	11.125	0.250	Backyard/Floor 2/Floor 2x2 (1)
-0.375	11.125	-1.744	Terrain/Terrain (1)
-0.375	11.625	0.250	Backyard/Floor 2/Floor 2x2 (1)
-0.375	11.625	-1.750	Terrain/Terrain (1)
-0.375	12.125	0.250	Backyard/Floor 2/Floor 2x2 (1)
-0.375	12.125	-1.750	Terrain/Terrain (1)
-0.375	12.625	0.250	Backyard/Floor 2/Floor 2x2 (5)
-0.375	12.625	-1.753	Terrain/Terrain (1)
-0.375	13.125	0.250	Backyard/Floor 2/Floor 2x2 (5)
-0.375	13.125	-1.760	Terrain/Terrain (1)
-0.375	13.625	0.250	Backyard/Floor 2/Floor 2x2 (5)
-0.375	13.625	-1.775	Terrain/Terrain (1)
-0.375	14.125	0.250	Backyard/Floor 2/Floor 2x2 (5)
-0.375	14.125	-1.795	Terrain/Terrain (1)
-0.375	14.625	0.250	Backyard/Floor 2/Floor 2x2 (9)
-0.375	14.625	-1.819	Terrain/Terrain (1)
-0.375	15.125	0.250	Backyard/Floor 2/Floor 2x2 (9)
-0.375	15.125	-1.845	Terrain/Terrain (1)
-0.375	15.625	0.250	Backyard/Floor 2/Floor 2x2 (9)
-0.375	15.625	-1.877	Terrain/Terrain (1)
-0.375	16.125	0.250	Backyard/Floor 2/Floor 2x2 (9)
-0.375	16.125	-1.909	Terrain/Terrain (1)
-0.375	16.625	0.250	Backyard/Floor 2/Floor 2x2 (13)
-0.375	16.625	-1.941	Terrain/Terrain (1)
-0.375	17.125	0.250	Backyard/Floor 2/Floor 2x2 (13)
-0.375	17.125	-1.969	Terrain/Terrain (1)
-0.375	17.625	0.250	Backyard/Floor 2/Floor 2x2 (13)
-0.375	17.625	-1.992	Terrain/Terrain (1)
-0.375	18.125	0.250	Backyard/Floor 2/Floor 2x2 (13)
-0.375	18.125	-2.006	Terrain/Terrain (1)
-0.375	18.625	0.250	Backyard/Floor 2/Floor 2x2 (17)
-0.375	18.625	-2.023	Terrain/Terrain (1)
-0.375	19.125	0.250	Backyard/Floor 2/Floor 2x2 (17)
-0.375	19.125	-2.042	Terrain/Terrain (1)
-0.375	19.625	0.250	Backyard/Floor 2/Floor 2x2 (17)
-0.375	19.625	-2.060	Terrain/Terrain (1)
-0.375	20.125	0.250	Backyard/Floor 2/Floor 2x2 (17)
-0.375	20.125	-2.077	Terrain/Terrain (1)
-0.375	20.625	0.250	Backyard/Pool back/Pool2/Floor/Floor 2x2
-0.375	20.625	-2.091	Terrain/Terrain (1)
-0.375	21.125	0.250	Backyard/Pool back/Pool2/Floor/Floor 2x2
-0.375	21.125	-2.098	Terrain/Terrain (1)
-0.375	21.625	0.250	Backyard/Pool back/Pool2/Floor/Floor 2x2
-0.375	21.625	-2.100	Terrain/Terrain (1)
-0.375	22.125	0.250	Backyard/Pool back/Pool2/Floor/Floor 2x2
-0.375	22.125	-2.100	Terrain/Terrain (1)
-0.375	22.625	0.250	Backyard/Pool back/Pool2/Floor/Floor 2x2 (2)
-0.375	22.625	-2.100	Terrain/Terrain (1)
-0.375	23.125	0.250	Backyard/Pool back/Pool2/Floor/Floor 2x2 (2)
-0.375	23.125	-2.100	Terrain/Terrain (1)
-0.375	23.625	0.250	Backyard/Pool back/Pool2/Floor/Floor 2x2 (2)
-0.375	23.625	-2.100	Terrain/Terrain (1)
-0.375	24.125	0.250	Backyard/Pool back/Pool2/Floor/Floor 2x2 (2)
-0.375	24.125	-2.100	Terrain/Terrain (1)
-0.375	24.625	0.250	Backyard/Pool back/Pool2/Swimming Pool Steps
-0.375	24.625	-2.100	Terrain/Terrain (1)
-0.375	25.125	-0.038	Backyard/Pool back/Pool2/Swimming Pool Steps/Swimming Pool Steps Floor
-0.375	25.125	-2.100	Terrain/Terrain (1)
-0.375	25.625	-0.038	Backyard/Pool back/Pool2/Swimming Pool Steps/Swimming Pool Steps Floor
-0.375	25.625	-2.100	Terrain/Terrain (1)
-0.375	26.125	-0.038	Backyard/Pool back/Pool2/Swimming Pool Steps/Swimming Pool Steps Floor
-0.375	26.125	-2.100	Terrain/Terrain (1)
-0.375	26.625	-0.038	Backyard/Pool back/Pool2/Swimming Pool Steps/Swimming Pool Steps Floor
-0.375	26.625	-2.100	Terrain/Terrain (1)
-0.375	27.125	-0.038	Backyard/Pool back/Pool2/Swimming Pool Steps/Swimming Pool Steps Floor
-0.375	27.125	-2.100	Terrain/Terrain (1)
-0.375	27.625	0.062	Backyard/Pool back/Pool2/Swimming Pool Steps/Swimming Pool Steps Floor
-0.375	28.125	0.270	Backyard/Pool back/Pool2/Swimming Pool Steps/Swimming Pool Steps Floor
-0.375	28.125	-1.311	Terrain/Terrain (1)
-0.375	28.625	0.250	Backyard/Pool back/Pool2/Floor/Floor 2x2 (1)
-0.375	28.625	-1.213	Terrain/Terrain (1)
-0.375	29.125	0.250	Backyard/Pool back/Pool2/Floor/Floor 2x2 (1)
-0.375	29.625	0.250	Backyard/Pool back/Pool2/Floor/Floor 2x2 (1)
-0.375	29.625	-2.100	Terrain/Terrain (1)
-0.375	30.125	0.250	Backyard/Pool back/Pool2/Floor/Floor 2x2 (1)
-0.375	30.125	-2.100	Terrain/Terrain (1)
-0.375	30.625	-2.100	Terrain/Terrain (1)
-0.375	31.125	-2.100	Terrain/Terrain (1)
-0.375	31.625	-2.100	Terrain/Terrain (1)
-0.375	32.125	-2.100	Terrain/Terrain (1)
-0.375	32.625	-2.100	Terrain/Terrain (1)
0.125	-4.875	-1.086	Terrain/Terrain (1)
0.125	-4.375	-1.076	Terrain/Terrain (1)
0.125	-3.875	-1.182	Terrain/Terrain (1)
0.125	-3.375	-1.405	Terrain/Terrain (1)
0.125	-2.875	0.750	Floor/Floor 2x2 side (30)
0.125	-2.875	-0.240	Pool Level/Floor/Floor 2x2 (23)
0.125	-2.875	-1.636	Terrain/Terrain (1)
0.125	-2.375	0.750	Floor/Floor 2x2 side (30)
0.125	-2.375	-0.240	Pool Level/Floor/Floor 2x2 (23)
0.125	-2.375	-1.832	Terrain/Terrain (1)
0.125	-1.875	0.750	Floor/Floor 2x2 side (30)
0.125	-1.875	-0.240	Pool Level/Floor/Floor 2x2 (23)
0.125	-1.875	-1.820	Terrain/Terrain (1)
0.125	-1.375	0.750	Floor/Floor 2x2 side (30)
0.125	-1.375	-0.240	Pool Level/Floor/Floor 2x2 (23)
0.125	-1.375	-1.771	Terrain/Terrain (1)
0.125	-0.875	0.750	Floor/Floor 2x2 (5)
0.125	-0.875	-1.847	Terrain/Terrain (1)
0.125	-0.375	0.750	Floor/Floor 2x2 (5)
0.125	-0.375	-1.901	Terrain/Terrain (1)
0.125	0.125	0.750	Floor/Floor 2x2 (5)
0.125	0.125	-1.931	Terrain/Terrain (1)
0.125	0.625	0.750	Floor/Floor 2x2 (5)
0.125	0.625	-1.921	Terrain/Terrain (1)
0.125	1.125	0.750	Floor/Floor 2x2 (9)
0.125	1.125	-1.908	Terrain/Terrain (1)
0.125	1.625	0.750	Floor/Floor 2x2 (9)
0.125	1.625	-1.902	Terrain/Terrain (1)
0.125	2.125	0.750	Floor/Floor 2x2 (9)
0.125	2.125	-1.898	Terrain/Terrain (1)
0.125	2.625	0.750	Floor/Floor 2x2 (9)
0.125	2.625	-1.889	Terrain/Terrain (1)
0.125	3.125	0.750	Floor/Floor 2x2 (13)
0.125	3.125	-1.874	Terrain/Terrain (1)
0.125	3.625	0.750	Floor/Floor 2x2 (13)
0.125	3.625	-1.856	Terrain/Terrain (1)
0.125	4.125	0.750	Floor/Floor 2x2 (13)
0.125	4.125	-1.835	Terrain/Terrain (1)
0.125	4.625	0.750	Floor/Floor 2x2 (13)
0.125	4.625	-1.813	Terrain/Terrain (1)
0.125	5.125	0.750	Floor/Floor 2x2 (17)
0.125	5.125	-1.793	Terrain/Terrain (1)
0.125	5.625	0.750	Floor/Floor 2x2 (17)
0.125	5.625	-1.776	Terrain/Terrain (1)
0.125	6.125	0.750	Floor/Floor 2x2 (17)
0.125	6.125	-1.763	Terrain/Terrain (1)
0.125	6.625	0.750	Floor/Floor 2x2 (17)
0.125	6.625	-1.754	Terrain/Terrain (1)
0.125	7.125	0.750	Floor/Floor 2x2 (21)
0.125	7.125	-1.748	Terrain/Terrain (1)
0.125	7.625	0.750	Floor/Floor 2x2 (21)
0.125	7.625	-1.745	Terrain/Terrain (1)
0.125	8.125	0.750	Floor/Floor 2x2 (21)
0.125	8.125	-1.745	Terrain/Terrain (1)
0.125	8.625	0.750	Floor/Floor 2x2 (21)
0.125	8.625	-1.741	Terrain/Terrain (1)
0.125	9.125	0.750	Floor/Floor 2x2 (64)
0.125	9.125	-1.741	Terrain/Terrain (1)
0.125	9.625	0.750	Floor/Floor 2x2 (64)
0.125	9.625	-1.741	Terrain/Terrain (1)
0.125	10.125	0.750	Floor/Floor 2x2 (64)
0.125	10.125	-1.741	Terrain/Terrain (1)
0.125	10.625	0.750	Floor/Floor 2x2 (64)
0.125	10.625	-1.741	Terrain/Terrain (1)
0.125	11.125	0.250	Backyard/Floor 2/Floor 2x2 (1)
0.125	11.125	-1.741	Terrain/Terrain (1)
0.125	11.625	0.250	Backyard/Floor 2/Floor 2x2 (1)
0.125	11.625	-1.741	Terrain/Terrain (1)
0.125	12.125	0.250	Backyard/Floor 2/Floor 2x2 (1)
0.125	12.125	-1.741	Terrain/Terrain (1)
0.125	12.625	0.250	Backyard/Floor 2/Floor 2x2 (5)
0.125	12.625	-1.741	Terrain/Terrain (1)
0.125	13.125	0.250	Backyard/Floor 2/Floor 2x2 (5)
0.125	13.125	-1.744	Terrain/Terrain (1)
0.125	13.625	0.250	Backyard/Floor 2/Floor 2x2 (5)
0.125	13.625	-1.747	Terrain/Terrain (1)
0.125	14.125	0.250	Backyard/Floor 2/Floor 2x2 (5)
0.125	14.125	-1.750	Terrain/Terrain (1)
0.125	14.625	0.250	Backyard/Floor 2/Floor 2x2 (9)
0.125	14.625	-1.761	Terrain/Terrain (1)
0.125	15.125	0.250	Backyard/Floor 2/Floor 2x2 (9)
0.125	15.125	-1.778	Terrain/Terrain (1)
0.125	15.625	0.250	Backyard/Floor 2/Floor 2x2 (9)
0.125	15.625	-1.801	Terrain/Terrain (1)
0.125	16.125	0.250	Backyard/Floor 2/Floor 2x2 (9)
0.125	16.125	-1.834	Terrain/Terrain (1)
0.125	16.625	0.250	Backyard/Floor 2/Floor 2x2 (13)
0.125	16.625	-1.868	Terrain/Terrain (1)
0.125	17.125	0.250	Backyard/Floor 2/Floor 2x2 (13)
0.125	17.125	-1.900	Terrain/Terrain (1)
0.125	17.625	0.250	Backyard/Floor 2/Floor 2x2 (13)
0.125	17.625	-1.934	Terrain/Terrain (1)
0.125	18.125	0.250	Backyard/Floor 2/Floor 2x2 (13)
0.125	18.125	-1.959	Terrain/Terrain (1)
0.125	18.625	0.250	Backyard/Floor 2/Floor 2x2 (17)
0.125	18.625	-1.977	Terrain/Terrain (1)
0.125	19.125	0.250	Backyard/Floor 2/Floor 2x2 (17)
0.125	19.125	-1.993	Terrain/Terrain (1)
0.125	19.625	0.250	Backyard/Floor 2/Floor 2x2 (17)
0.125	19.625	-2.012	Terrain/Terrain (1)
0.125	20.125	0.250	Backyard/Floor 2/Floor 2x2 (17)
0.125	20.125	-2.033	Terrain/Terrain (1)
0.125	20.625	0.250	Backyard/Pool back/Pool2/Floor/Floor 2x2
0.125	20.625	-2.055	Terrain/Terrain (1)
0.125	21.125	0.250	Backyard/Pool back/Pool2/Floor/Floor 2x2
0.125	21.125	-2.074	Terrain/Terrain (1)
0.125	21.625	0.250	Backyard/Pool back/Pool2/Floor/Floor 2x2
0.125	21.625	-2.092	Terrain/Terrain (1)
0.125	22.125	0.250	Backyard/Pool back/Pool2/Floor/Floor 2x2
0.125	22.125	-2.099	Terrain/Terrain (1)
0.125	22.625	0.250	Backyard/Pool back/Pool2/Floor/Floor 2x2 (2)
0.125	22.625	-2.100	Terrain/Terrain (1)
0.125	23.125	0.250	Backyard/Pool back/Pool2/Floor/Floor 2x2 (2)
0.125	23.125	-2.100	Terrain/Terrain (1)
0.125	23.625	0.250	Backyard/Pool back/Pool2/Floor/Floor 2x2 (2)
0.125	23.625	-2.100	Terrain/Terrain (1)
0.125	24.125	0.250	Backyard/Pool back/Pool2/Floor/Floor 2x2 (2)
0.125	24.125	-2.100	Terrain/Terrain (1)
0.125	24.625	0.250	Backyard/Pool back/Pool2/Swimming Pool Steps
0.125	24.625	-2.100	Terrain/Terrain (1)
0.125	25.125	0.250	Backyard/Pool back/Pool2/Swimming Pool Steps
0.125	25.125	-2.100	Terrain/Terrain (1)
0.125	25.625	0.068	Backyard/Pool back/Pool2/Swimming Pool Steps/Swimming Pool Steps Floor
0.125	25.625	-2.100	Terrain/Terrain (1)
0.125	26.125	0.062	Backyard/Pool back/Pool2/Swimming Pool Steps/Swimming Pool Steps Floor
0.125	26.125	-2.100	Terrain/Terrain (1)
0.125	26.625	0.062	Backyard/Pool back/Pool2/Swimming Pool Steps/Swimming Pool Steps Floor
0.125	26.625	-2.100	Terrain/Terrain (1)
0.125	27.125	0.062	Backyard/Pool back/Pool2/Swimming Pool Steps/Swimming Pool Steps Floor
0.125	27.125	-2.031	Terrain/Terrain (1)
0.125	27.625	0.270	Backyard/Pool back/Pool2/Swimming Pool Steps/Swimming Pool Steps Floor
0.125	28.125	0.250	Backyard/Pool back/Pool2/Swimming Pool Steps
0.125	28.125	-1.111	Terrain/Terrain (1)
0.125	28.625	0.250	Backyard/Pool back/Pool2/Floor/Floor 2x2 (1)
0.125	28.625	-0.994	Terrain/Terrain (1)
0.125	29.125	0.250	Backyard/Pool back/Pool2/Floor/Floor 2x2 (1)
0.125	29.625	0.250	Backyard/Pool back/Pool2/Floor/Floor 2x2 (1)
0.125	30.125	0.250	Backyard/Pool back/Pool2/Floor/Floor 2x2 (1)
0.125	30.125	-2.100	Terrain/Terrain (1)
0.125	30.625	-2.100	Terrain/Terrain (1)
0.125	31.125	-2.100	Terrain/Terrain (1)
0.125	31.625	-2.100	Terrain/Terrain (1)
0.125	32.125	-2.100	Terrain/Terrain (1)
0.125	32.625	-2.100	Terrain/Terrain (1)
0.625	-4.875	-1.241	Terrain/Terrain (1)
0.625	-4.375	-1.218	Terrain/Terrain (1)
0.625	-3.875	-1.299	Terrain/Terrain (1)
0.625	-3.375	-1.458	Terrain/Terrain (1)
0.625	-2.875	0.750	Floor/Floor 2x2 side (30)
0.625	-2.875	-0.240	Pool Level/Floor/Floor 2x2 (23)
0.625	-2.875	-1.515	Terrain/Terrain (1)
0.625	-2.375	0.750	Floor/Floor 2x2 side (30)
0.625	-2.375	-0.240	Pool Level/Floor/Floor 2x2 (23)
0.625	-2.375	-1.580	Terrain/Terrain (1)
0.625	-1.875	0.750	Floor/Floor 2x2 side (30)
0.625	-1.875	-0.240	Pool Level/Floor/Floor 2x2 (23)
0.625	-1.875	-1.718	Terrain/Terrain (1)
0.625	-1.375	0.750	Floor/Floor 2x2 side (30)
0.625	-1.375	-0.240	Pool Level/Floor/Floor 2x2 (23)
0.625	-1.375	-1.795	Terrain/Terrain (1)
0.625	-0.875	0.750	Floor/Floor 2x2 (5)
0.625	-0.875	-1.869	Terrain/Terrain (1)
0.625	-0.375	0.750	Floor/Floor 2x2 (5)
0.625	-0.375	-1.899	Terrain/Terrain (1)
0.625	0.125	0.750	Floor/Floor 2x2 (5)
0.625	0.125	-1.904	Terrain/Terrain (1)
0.625	0.625	0.750	Floor/Floor 2x2 (5)
0.625	0.625	-1.901	Terrain/Terrain (1)
0.625	1.125	0.750	Floor/Floor 2x2 (9)
0.625	1.125	-1.895	Terrain/Terrain (1)
0.625	1.625	0.750	Floor/Floor 2x2 (9)
0.625	1.625	-1.890	Terrain/Terrain (1)
0.625	2.125	0.750	Floor/Floor 2x2 (9)
0.625	2.125	-1.878	Terrain/Terrain (1)
0.625	2.625	0.750	Floor/Floor 2x2 (9)
0.625	2.625	-1.857	Terrain/Terrain (1)
0.625	3.125	0.750	Floor/Floor 2x2 (13)
0.625	3.125	-1.834	Terrain/Terrain (1)
0.625	3.625	0.750	Floor/Floor 2x2 (13)
0.625	3.625	-1.809	Terrain/Terrain (1)
0.625	4.125	0.750	Floor/Floor 2x2 (13)
0.625	4.125	-1.787	Terrain/Terrain (1)
0.625	4.625	0.750	Floor/Floor 2x2 (13)
0.625	4.625	-1.769	Terrain/Terrain (1)
0.625	5.125	0.750	Floor/Floor 2x2 (17)
0.625	5.125	-1.756	Terrain/Terrain (1)
0.625	5.625	0.750	Floor/Floor 2x2 (17)
0.625	5.625	-1.748	Terrain/Terrain (1)
0.625	6.125	0.750	Floor/Floor 2x2 (17)
0.625	6.125	-1.746	Terrain/Terrain (1)
0.625	6.625	0.750	Floor/Floor 2x2 (17)
0.625	6.625	-1.742	Terrain/Terrain (1)
0.625	7.125	0.750	Floor/Floor 2x2 (21)
0.625	7.125	-1.742	Terrain/Terrain (1)
0.625	7.625	0.750	Floor/Floor 2x2 (21)
0.625	7.625	-1.741	Terrain/Terrain (1)
0.625	8.125	0.750	Floor/Floor 2x2 (21)
0.625	8.125	-1.741	Terrain/Terrain (1)
0.625	8.625	0.750	Floor/Floor 2x2 (21)
0.625	8.625	-1.741	Terrain/Terrain (1)
0.625	9.125	0.750	Floor/Floor 2x2 (64)
0.625	9.125	-1.741	Terrain/Terrain (1)
0.625	9.625	0.750	Floor/Floor 2x2 (64)
0.625	9.625	-1.741	Terrain/Terrain (1)
0.625	10.125	0.750	Floor/Floor 2x2 (64)
0.625	10.125	-1.741	Terrain/Terrain (1)
0.625	10.625	0.750	Floor/Floor 2x2 (64)
0.625	10.625	-1.741	Terrain/Terrain (1)
0.625	11.125	0.484	Backyard/Floor 2/objects/mv_step_block (6)
0.625	11.125	0.250	Backyard/Floor 2/Floor 2x2 (1)
0.625	11.125	-1.741	Terrain/Terrain (1)
0.625	11.625	0.250	Backyard/Floor 2/Floor 2x2 (1)
0.625	11.625	0.200	Backyard/Floor 2/objects/mv_step_block (4)
0.625	11.625	-1.741	Terrain/Terrain (1)
0.625	12.125	0.250	Backyard/Floor 2/Floor 2x2 (1)
0.625	12.125	-1.741	Terrain/Terrain (1)
0.625	12.625	0.250	Backyard/Floor 2/Floor 2x2 (5)
0.625	12.625	-1.741	Terrain/Terrain (1)
0.625	13.125	0.250	Backyard/Floor 2/Floor 2x2 (5)
0.625	13.125	-1.741	Terrain/Terrain (1)
0.625	13.625	0.250	Backyard/Floor 2/Floor 2x2 (5)
0.625	13.625	-1.741	Terrain/Terrain (1)
0.625	14.125	0.250	Backyard/Floor 2/Floor 2x2 (5)
0.625	14.125	-1.741	Terrain/Terrain (1)
0.625	14.625	0.250	Backyard/Floor 2/Floor 2x2 (9)
0.625	14.625	-1.743	Terrain/Terrain (1)
0.625	15.125	0.250	Backyard/Floor 2/Floor 2x2 (9)
0.625	15.125	-1.748	Terrain/Terrain (1)
0.625	15.625	0.250	Backyard/Floor 2/Floor 2x2 (9)
0.625	15.625	-1.755	Terrain/Terrain (1)
0.625	16.125	0.250	Backyard/Floor 2/Floor 2x2 (9)
0.625	16.125	-1.772	Terrain/Terrain (1)
0.625	16.625	0.250	Backyard/Floor 2/Floor 2x2 (13)
0.625	16.625	-1.801	Terrain/Terrain (1)
0.625	17.125	0.250	Backyard/Floor 2/Floor 2x2 (13)
0.625	17.125	-1.833	Terrain/Terrain (1)
0.625	17.625	0.250	Backyard/Floor 2/Floor 2x2 (13)
0.625	17.625	-1.871	Terrain/Terrain (1)
0.625	18.125	0.250	Backyard/Floor 2/Floor 2x2 (13)
0.625	18.125	-1.902	Terrain/Terrain (1)
0.625	18.625	0.250	Backyard/Floor 2/Floor 2x2 (17)
0.625	18.625	-1.937	Terrain/Terrain (1)
0.625	19.125	0.250	Backyard/Floor 2/Floor 2x2 (17)
0.625	19.125	-1.956	Terrain/Terrain (1)
0.625	19.625	0.250	Backyard/Floor 2/Floor 2x2 (17)
0.625	19.625	-1.969	Terrain/Terrain (1)
0.625	20.125	0.250	Backyard/Floor 2/Floor 2x2 (17)
0.625	20.125	-1.985	Terrain/Terrain (1)
0.625	20.625	0.250	Backyard/Pool back/Pool2/Floor/Floor 2x2
0.625	20.625	-2.007	Terrain/Terrain (1)
0.625	21.125	0.250	Backyard/Pool back/Pool2/Floor/Floor 2x2
0.625	21.125	-2.031	Terrain/Terrain (1)
0.625	21.625	0.250	Backyard/Pool back/Pool2/Floor/Floor 2x2
0.625	21.625	-2.055	Terrain/Terrain (1)
0.625	22.125	0.250	Backyard/Pool back/Pool2/Floor/Floor 2x2
0.625	22.125	-2.077	Terrain/Terrain (1)
0.625	22.625	0.250	Backyard/Pool back/Pool2/Floor/Floor 2x2 (2)
0.625	22.625	-2.092	Terrain/Terrain (1)
0.625	23.125	0.250	Backyard/Pool back/Pool2/Floor/Floor 2x2 (2)
0.625	23.125	-2.100	Terrain/Terrain (1)
0.625	23.625	0.250	Backyard/Pool back/Pool2/Floor/Floor 2x2 (2)
0.625	23.625	-2.100	Terrain/Terrain (1)
0.625	24.125	0.250	Backyard/Pool back/Pool2/Floor/Floor 2x2 (2)
0.625	24.125	-2.100	Terrain/Terrain (1)
0.625	24.625	0.250	Backyard/Pool back/Pool2/Swimming Pool Steps
0.625	24.625	-2.100	Terrain/Terrain (1)
0.625	25.125	0.250	Backyard/Pool back/Pool2/Swimming Pool Steps
0.625	25.125	-2.100	Terrain/Terrain (1)
0.625	25.625	0.250	Backyard/Pool back/Pool2/Swimming Pool Steps
0.625	25.625	-2.100	Terrain/Terrain (1)
0.625	26.125	0.250	Backyard/Pool back/Pool2/Swimming Pool Steps
0.625	26.125	-2.100	Terrain/Terrain (1)
0.625	26.625	0.250	Backyard/Pool back/Pool2/Swimming Pool Steps
0.625	26.625	-2.100	Terrain/Terrain (1)
0.625	27.125	0.250	Backyard/Pool back/Pool2/Swimming Pool Steps
0.625	27.125	-2.035	Terrain/Terrain (1)
0.625	27.625	0.250	Backyard/Pool back/Pool2/Swimming Pool Steps
0.625	28.125	0.250	Backyard/Pool back/Pool2/Swimming Pool Steps
0.625	28.125	-0.873	Terrain/Terrain (1)
0.625	28.625	0.250	Backyard/Pool back/Pool2/Floor/Floor 2x2 (1)
0.625	28.625	-0.708	Terrain/Terrain (1)
0.625	29.125	0.250	Backyard/Pool back/Pool2/Floor/Floor 2x2 (1)
0.625	29.125	-0.702	Terrain/Terrain (1)
0.625	29.625	0.250	Backyard/Pool back/Pool2/Floor/Floor 2x2 (1)
0.625	29.625	-0.794	Terrain/Terrain (1)
0.625	30.125	0.250	Backyard/Pool back/Pool2/Floor/Floor 2x2 (1)
0.625	30.625	-2.100	Terrain/Terrain (1)
0.625	31.125	-2.100	Terrain/Terrain (1)
0.625	31.625	-2.100	Terrain/Terrain (1)
0.625	32.125	-2.100	Terrain/Terrain (1)
0.625	32.625	-2.100	Terrain/Terrain (1)
1.125	-4.875	-1.359	Terrain/Terrain (1)
1.125	-4.375	-1.323	Terrain/Terrain (1)
1.125	-3.875	-1.371	Terrain/Terrain (1)
1.125	-3.375	-1.449	Terrain/Terrain (1)
1.125	-2.875	0.750	Floor/Floor 2x2 corner
1.125	-2.875	-0.240	Pool Level/Floor/Floor 2x2 (23)
1.125	-2.875	-1.390	Terrain/Terrain (1)
1.125	-2.375	0.750	Floor/Floor 2x2 corner
1.125	-2.375	-0.240	Pool Level/Floor/Floor 2x2 (23)
1.125	-2.375	-1.410	Terrain/Terrain (1)
1.125	-1.875	0.750	Floor/Floor 2x2 corner
1.125	-1.875	-0.240	Pool Level/Floor/Floor 2x2 (23)
1.125	-1.875	-1.535	Terrain/Terrain (1)
1.125	-1.375	0.750	Floor/Floor 2x2 corner
1.125	-1.375	-0.240	Pool Level/Floor/Floor 2x2 (23)
1.125	-1.375	-1.779	Terrain/Terrain (1)
1.125	-0.875	0.750	Floor/Floor 2x2 side
1.125	-0.875	-1.874	Terrain/Terrain (1)
1.125	-0.375	0.750	Floor/Floor 2x2 side
1.125	-0.375	-1.897	Terrain/Terrain (1)
1.125	0.125	0.750	Floor/Floor 2x2 side
1.125	0.125	-1.895	Terrain/Terrain (1)
1.125	0.625	0.750	Floor/Floor 2x2 side
1.125	0.625	-1.893	Terrain/Terrain (1)
1.125	1.125	0.750	Floor/Floor 2x2 side (1)
1.125	1.125	-1.884	Terrain/Terrain (1)
1.125	1.625	0.750	Floor/Floor 2x2 side (1)
1.125	1.625	-1.864	Terrain/Terrain (1)
1.125	2.125	0.750	Floor/Floor 2x2 side (1)
1.125	2.125	-1.838	Terrain/Terrain (1)
1.125	2.625	0.750	Floor/Floor 2x2 side (1)
1.125	2.625	-1.812	Terrain/Terrain (1)
1.125	3.125	0.750	Floor/Floor 2x2 side (2)
1.125	3.125	-1.787	Terrain/Terrain (1)
1.125	3.625	0.750	Floor/Floor 2x2 side (2)
1.125	3.625	-1.767	Terrain/Terrain (1)
1.125	4.125	0.750	Floor/Floor 2x2 side (2)
1.125	4.125	-1.753	Terrain/Terrain (1)
1.125	4.625	0.750	Floor/Floor 2x2 side (2)
1.125	4.625	-1.746	Terrain/Terrain (1)
1.125	5.125	0.750	Floor/Floor 2x2 side (3)
1.125	5.125	-1.745	Terrain/Terrain (1)
1.125	5.625	0.750	Floor/Floor 2x2 side (3)
1.125	5.625	-1.741	Terrain/Terrain (1)
1.125	6.125	0.750	Floor/Floor 2x2 side (3)
1.125	6.125	-1.741	Terrain/Terrain (1)
1.125	6.625	0.750	Floor/Floor 2x2 side (3)
1.125	6.625	-1.741	Terrain/Terrain (1)
1.125	7.125	0.750	Floor/Floor 2x2 side (4)
1.125	7.125	-1.741	Terrain/Terrain (1)
1.125	7.625	0.750	Floor/Floor 2x2 side (4)
1.125	7.625	-1.741	Terrain/Terrain (1)
1.125	8.125	0.750	Floor/Floor 2x2 side (4)
1.125	8.125	-1.741	Terrain/Terrain (1)
1.125	8.625	0.750	Floor/Floor 2x2 side (4)
1.125	8.625	-1.741	Terrain/Terrain (1)
1.125	9.125	0.750	Floor/Floor 2x2 side (5)
1.125	9.125	-1.741	Terrain/Terrain (1)
1.125	9.625	0.750	Floor/Floor 2x2 side (5)
1.125	9.625	-1.741	Terrain/Terrain (1)
1.125	10.125	0.750	Floor/Floor 2x2 side (5)
1.125	10.125	-1.741	Terrain/Terrain (1)
1.125	10.625	0.750	Floor/Floor 2x2 side (5)
1.125	10.625	-1.741	Terrain/Terrain (1)
1.125	11.125	0.484	Backyard/Floor 2/objects/mv_step_block (6)
1.125	11.125	0.250	Backyard/Floor 2/Floor 2x2
1.125	11.125	-1.741	Terrain/Terrain (1)
1.125	11.625	0.250	Backyard/Floor 2/Floor 2x2
1.125	11.625	0.200	Backyard/Floor 2/objects/mv_step_block (4)
1.125	11.625	-1.741	Terrain/Terrain (1)
1.125	12.125	0.250	Backyard/Floor 2/Floor 2x2
1.125	12.125	-1.741	Terrain/Terrain (1)
1.125	12.625	0.250	Backyard/Floor 2/Floor 2x2 (4)
1.125	12.625	-1.741	Terrain/Terrain (1)
1.125	13.125	0.250	Backyard/Floor 2/Floor 2x2 (4)
1.125	13.125	-1.741	Terrain/Terrain (1)
1.125	13.625	0.250	Backyard/Floor 2/Floor 2x2 (4)
1.125	13.625	-1.741	Terrain/Terrain (1)
1.125	14.125	0.250	Backyard/Floor 2/Floor 2x2 (4)
1.125	14.125	-1.741	Terrain/Terrain (1)
1.125	14.625	0.250	Backyard/Floor 2/Floor 2x2 (8)
1.125	14.625	-1.741	Terrain/Terrain (1)
1.125	15.125	0.250	Backyard/Floor 2/Floor 2x2 (8)
1.125	15.125	-1.741	Terrain/Terrain (1)
1.125	15.625	0.250	Backyard/Floor 2/Floor 2x2 (8)
1.125	15.625	-1.744	Terrain/Terrain (1)
1.125	16.125	0.250	Backyard/Floor 2/Floor 2x2 (8)
1.125	16.125	-1.748	Terrain/Terrain (1)
1.125	16.625	0.250	Backyard/Floor 2/Floor 2x2 (12)
1.125	16.625	-1.755	Terrain/Terrain (1)
1.125	17.125	0.250	Backyard/Floor 2/Floor 2x2 (12)
1.125	17.125	-1.777	Terrain/Terrain (1)
1.125	17.625	0.250	Backyard/Floor 2/Floor 2x2 (12)
1.125	17.625	-1.807	Terrain/Terrain (1)
1.125	18.125	0.250	Backyard/Floor 2/Floor 2x2 (12)
1.125	18.125	-1.844	Terrain/Terrain (1)
1.125	18.625	0.250	Backyard/Floor 2/Floor 2x2 (16)
1.125	18.625	-1.882	Terrain/Terrain (1)
1.125	19.125	0.250	Backyard/Floor 2/Floor 2x2 (16)
1.125	19.125	-1.919	Terrain/Terrain (1)
1.125	19.625	0.250	Backyard/Floor 2/Floor 2x2 (16)
1.125	19.625	-1.944	Terrain/Terrain (1)
1.125	20.125	0.250	Backyard/Floor 2/Floor 2x2 (16)
1.125	20.125	-1.955	Terrain/Terrain (1)
1.125	20.625	0.250	Backyard/Floor 2/Floor 2x2 (20)
1.125	20.625	-1.967	Terrain/Terrain (1)
1.125	21.125	0.250	Backyard/Floor 2/Floor 2x2 (20)
1.125	21.125	-1.985	Terrain/Terrain (1)
1.125	21.625	0.250	Backyard/Floor 2/Floor 2x2 (20)
1.125	21.625	-2.009	Terrain/Terrain (1)
1.125	22.125	0.250	Backyard/Floor 2/Floor 2x2 (20)
1.125	22.125	-2.035	Terrain/Terrain (1)
1.125	22.625	0.250	Backyard/Floor 2/Floor 1x1
1.125	22.625	-2.062	Terrain/Terrain (1)
1.125	23.125	0.250	Backyard/Floor 2/Floor 1x1
1.125	23.125	-2.083	Terrain/Terrain (1)
1.125	23.625	0.250	Backyard/Floor 2/Floor 1x1 (1)
1.125	23.625	-2.098	Terrain/Terrain (1)
1.125	24.125	0.250	Backyard/Floor 2/Floor 1x1 (1)
1.125	24.125	-2.100	Terrain/Terrain (1)
1.125	24.625	0.250	Backyard/Pool back/Pool2/Swimming Pool Steps
1.125	24.625	-2.100	Terrain/Terrain (1)
1.125	25.125	0.250	Backyard/Pool back/Pool2/Swimming Pool Steps
1.125	25.125	-2.100	Terrain/Terrain (1)
1.125	25.625	0.250	Backyard/Pool back/Pool2/Swimming Pool Steps
1.125	25.625	-2.100	Terrain/Terrain (1)
1.125	26.125	0.250	Backyard/Pool back/Pool2/Swimming Pool Steps
1.125	26.125	-2.100	Terrain/Terrain (1)
1.125	26.625	0.250	Backyard/Pool back/Pool2/Swimming Pool Steps
1.125	26.625	-2.100	Terrain/Terrain (1)
1.125	27.125	0.250	Backyard/Pool back/Pool2/Swimming Pool Steps
1.125	27.125	-1.994	Terrain/Terrain (1)
1.125	27.625	0.250	Backyard/Pool back/Pool2/Swimming Pool Steps
1.125	28.125	0.250	Backyard/Pool back/Pool2/Swimming Pool Steps
1.125	28.125	-0.971	Terrain/Terrain (1)
1.125	28.625	0.250	Backyard/Floor 2/Floor 1x1 (6)
1.125	28.625	-0.703	Terrain/Terrain (1)
1.125	29.125	0.250	Backyard/Floor 2/Floor 1x1 (6)
1.125	29.125	-0.701	Terrain/Terrain (1)
1.125	29.625	0.250	Backyard/Floor 2/Floor 1x1 (7)
1.125	29.625	-0.702	Terrain/Terrain (1)
1.125	30.125	0.250	Backyard/Floor 2/Floor 1x1 (7)
1.125	31.125	-2.100	Terrain/Terrain (1)
1.125	31.625	-2.100	Terrain/Terrain (1)
1.125	32.125	-2.100	Terrain/Terrain (1)
1.125	32.625	-2.100	Terrain/Terrain (1)
1.625	-4.875	-1.362	Terrain/Terrain (1)
1.625	-4.375	-1.329	Terrain/Terrain (1)
1.625	-3.875	-1.334	Terrain/Terrain (1)
1.625	-3.375	-1.328	Terrain/Terrain (1)
1.625	-2.875	0.750	Floor/Floor 2x2 corner
1.625	-2.875	-0.240	Pool Level/Floor/Floor 2x2 (19)
1.625	-2.875	-1.316	Terrain/Terrain (1)
1.625	-2.375	0.750	Floor/Floor 2x2 corner
1.625	-2.375	-0.240	Pool Level/Floor/Floor 2x2 (19)
1.625	-2.375	-1.399	Terrain/Terrain (1)
1.625	-1.875	0.750	Floor/Floor 2x2 corner
1.625	-1.875	-0.240	Pool Level/Floor/Floor 2x2 (19)
1.625	-1.875	-1.418	Terrain/Terrain (1)
1.625	-1.375	0.750	Floor/Floor 2x2 corner
1.625	-1.375	-0.240	Pool Level/Floor/Floor 2x2 (19)
1.625	-1.375	-1.741	Terrain/Terrain (1)
1.625	-0.875	0.750	Floor/Floor 2x2 side
1.625	-0.875	-1.876	Terrain/Terrain (1)
1.625	-0.375	0.750	Floor/Floor 2x2 side
1.625	-0.375	-1.895	Terrain/Terrain (1)
1.625	0.125	0.750	Floor/Floor 2x2 side
1.625	0.125	-1.890	Terrain/Terrain (1)
1.625	0.625	0.750	Floor/Floor 2x2 side
1.625	0.625	-1.875	Terrain/Terrain (1)
1.625	1.125	0.750	Floor/Floor 2x2 side (1)
1.625	1.125	-1.851	Terrain/Terrain (1)
1.625	1.625	0.750	Floor/Floor 2x2 side (1)
1.625	1.625	-1.823	Terrain/Terrain (1)
1.625	2.125	0.750	Floor/Floor 2x2 side (1)
1.625	2.125	-1.793	Terrain/Terrain (1)
1.625	2.625	0.750	Floor/Floor 2x2 side (1)
1.625	2.625	-1.770	Terrain/Terrain (1)
1.625	3.125	0.750	Floor/Floor 2x2 side (2)
1.625	3.125	-1.753	Terrain/Terrain (1)
1.625	3.625	0.750	Floor/Floor 2x2 side (2)
1.625	3.625	-1.747	Terrain/Terrain (1)
1.625	4.125	0.750	Floor/Floor 2x2 side (2)
1.625	4.125	-1.742	Terrain/Terrain (1)
1.625	4.625	0.750	Floor/Floor 2x2 side (2)
1.625	4.625	-1.741	Terrain/Terrain (1)
1.625	5.125	0.750	Floor/Floor 2x2 side (3)
1.625	5.125	-1.741	Terrain/Terrain (1)
1.625	5.625	0.750	Floor/Floor 2x2 side (3)
1.625	5.625	-1.741	Terrain/Terrain (1)
1.625	6.125	0.750	Floor/Floor 2x2 side (3)
1.625	6.125	-1.741	Terrain/Terrain (1)
1.625	6.625	0.750	Floor/Floor 2x2 side (3)
1.625	6.625	-1.741	Terrain/Terrain (1)
1.625	7.125	0.750	Floor/Floor 2x2 side (4)
1.625	7.125	-1.741	Terrain/Terrain (1)
1.625	7.625	0.750	Floor/Floor 2x2 side (4)
1.625	7.625	-1.741	Terrain/Terrain (1)
1.625	8.125	0.750	Floor/Floor 2x2 side (4)
1.625	8.125	-1.741	Terrain/Terrain (1)
1.625	8.625	0.750	Floor/Floor 2x2 side (4)
1.625	8.625	-1.741	Terrain/Terrain (1)
1.625	9.125	0.750	Floor/Floor 2x2 side (5)
1.625	9.125	-1.741	Terrain/Terrain (1)
1.625	9.625	0.750	Floor/Floor 2x2 side (5)
1.625	9.625	-1.741	Terrain/Terrain (1)
1.625	10.125	0.750	Floor/Floor 2x2 side (5)
1.625	10.125	-1.741	Terrain/Terrain (1)
1.625	10.625	0.750	Floor/Floor 2x2 side (5)
1.625	10.625	-1.741	Terrain/Terrain (1)
1.625	11.125	0.484	Backyard/Floor 2/objects/mv_step_block (2)
1.625	11.125	0.250	Backyard/Floor 2/Floor 2x2
1.625	11.125	-1.741	Terrain/Terrain (1)
1.625	11.625	0.250	Backyard/Floor 2/Floor 2x2
1.625	11.625	0.200	Backyard/Floor 2/objects/mv_step_block
1.625	11.625	-1.741	Terrain/Terrain (1)
1.625	12.125	0.250	Backyard/Floor 2/Floor 2x2
1.625	12.125	-1.741	Terrain/Terrain (1)
1.625	12.625	0.250	Backyard/Floor 2/Floor 2x2 (4)
1.625	12.625	-1.741	Terrain/Terrain (1)
1.625	13.125	0.250	Backyard/Floor 2/Floor 2x2 (4)
1.625	13.125	-1.741	Terrain/Terrain (1)
1.625	13.625	0.250	Backyard/Floor 2/Floor 2x2 (4)
1.625	13.625	-1.741	Terrain/Terrain (1)
1.625	14.125	0.250	Backyard/Floor 2/Floor 2x2 (4)
1.625	14.125	-1.741	Terrain/Terrain (1)
1.625	14.625	0.250	Backyard/Floor 2/Floor 2x2 (8)
1.625	14.625	-1.741	Terrain/Terrain (1)
1.625	15.125	0.250	Backyard/Floor 2/Floor 2x2 (8)
1.625	15.125	-1.741	Terrain/Terrain (1)
1.625	15.625	0.250	Backyard/Floor 2/Floor 2x2 (8)
1.625	15.625	-1.741	Terrain/Terrain (1)
1.625	16.125	0.250	Backyard/Floor 2/Floor 2x2 (8)
1.625	16.125	-1.741	Terrain/Terrain (1)
1.625	16.625	0.250	Backyard/Floor 2/Floor 2x2 (12)
1.625	16.625	-1.744	Terrain/Terrain (1)
1.625	17.125	0.250	Backyard/Floor 2/Floor 2x2 (12)
1.625	17.125	-1.749	Terrain/Terrain (1)
1.625	17.625	0.250	Backyard/Floor 2/Floor 2x2 (12)
1.625	17.625	-1.761	Terrain/Terrain (1)
1.625	18.125	0.250	Backyard/Floor 2/Floor 2x2 (12)
1.625	18.125	-1.788	Terrain/Terrain (1)
1.625	18.625	0.250	Backyard/Floor 2/Floor 2x2 (16)
1.625	18.625	-1.825	Terrain/Terrain (1)
1.625	19.125	0.250	Backyard/Floor 2/Floor 2x2 (16)
1.625	19.125	-1.863	Terrain/Terrain (1)
1.625	19.625	0.250	Backyard/Floor 2/Floor 2x2 (16)
1.625	19.625	-1.904	Terrain/Terrain (1)
1.625	20.125	0.250	Backyard/Floor 2/Floor 2x2 (16)
1.625	20.125	-1.935	Terrain/Terrain (1)
1.625	20.625	0.250	Backyard/Floor 2/Floor 2x2 (20)
1.625	20.625	-1.952	Terrain/Terrain (1)
1.625	21.125	0.250	Backyard/Floor 2/Floor 2x2 (20)
1.625	21.125	-1.955	Terrain/Terrain (1)
1.625	21.625	0.250	Backyard/Floor 2/Floor 2x2 (20)
1.625	21.625	-1.969	Terrain/Terrain (1)
1.625	22.125	0.250	Backyard/Floor 2/Floor 2x2 (20)
1.625	22.125	-1.991	Terrain/Terrain (1)
1.625	22.625	0.250	Backyard/Floor 2/Floor 1x1
1.625	22.625	-2.018	Terrain/Terrain (1)
1.625	23.125	0.250	Backyard/Floor 2/Floor 1x1
1.625	23.125	-2.048	Terrain/Terrain (1)
1.625	23.625	0.250	Backyard/Floor 2/Floor 1x1 (1)
1.625	23.625	-2.073	Terrain/Terrain (1)
1.625	24.125	0.250	Backyard/Floor 2/Floor 1x1 (1)
1.625	24.125	-2.094	Terrain/Terrain (1)
1.625	24.625	0.250	Backyard/Floor 2/Floor 1x1 (2)
1.625	24.625	-2.100	Terrain/Terrain (1)
1.625	25.125	0.250	Backyard/Floor 2/Floor 1x1 (2)
1.625	25.125	-2.100	Terrain/Terrain (1)
1.625	25.625	0.250	Backyard/Floor 2/Floor 1x1 (3)
1.625	25.625	-2.100	Terrain/Terrain (1)
1.625	26.125	0.250	Backyard/Floor 2/Floor 1x1 (3)
1.625	26.125	-2.100	Terrain/Terrain (1)
1.625	26.625	0.250	Backyard/Floor 2/Floor 1x1 (4)
1.625	26.625	-2.100	Terrain/Terrain (1)
1.625	27.125	0.250	Backyard/Floor 2/Floor 1x1 (4)
1.625	27.125	-1.947	Terrain/Terrain (1)
1.625	27.625	0.250	Backyard/Floor 2/Floor 1x1 (5)
1.625	27.625	-1.539	Terrain/Terrain (1)
1.625	28.125	0.250	Backyard/Floor 2/Floor 1x1 (5)
1.625	28.125	-1.117	Terrain/Terrain (1)
1.625	28.625	0.250	Backyard/Floor 2/Floor 1x1 (6)
1.625	28.625	-0.714	Terrain/Terrain (1)
1.625	29.125	0.250	Backyard/Floor 2/Floor 1x1 (6)
1.625	29.125	-0.701	Terrain/Terrain (1)
1.625	29.625	0.250	Backyard/Floor 2/Floor 1x1 (7)
1.625	29.625	-0.701	Terrain/Terrain (1)
1.625	30.125	0.250	Backyard/Floor 2/Floor 1x1 (7)
1.625	30.125	-0.704	Terrain/Terrain (1)
1.625	31.625	-2.100	Terrain/Terrain (1)
1.625	32.125	-2.100	Terrain/Terrain (1)
1.625	32.625	-2.100	Terrain/Terrain (1)
2.125	-4.875	-1.196	Terrain/Terrain (1)
2.125	-4.375	-1.133	Terrain/Terrain (1)
2.125	-3.875	-1.139	Terrain/Terrain (1)
2.125	-3.375	-1.212	Terrain/Terrain (1)
2.125	-2.875	0.750	Floor/Floor 2x2 corner
2.125	-2.875	-0.240	Pool Level/Floor/Floor 2x2 (19)
2.125	-2.875	-1.382	Terrain/Terrain (1)
2.125	-2.375	0.750	Floor/Floor 2x2 corner
2.125	-2.375	-0.240	Pool Level/Floor/Floor 2x2 (19)
2.125	-2.375	-1.446	Terrain/Terrain (1)
2.125	-1.875	0.750	Floor/Floor 2x2 corner
2.125	-1.875	-0.240	Pool Level/Floor/Floor 2x2 (19)
2.125	-1.875	-1.370	Terrain/Terrain (1)
2.125	-1.375	0.750	Floor/Floor 2x2 corner
2.125	-1.375	-0.240	Pool Level/Floor/Floor 2x2 (19)
2.125	-1.375	-1.739	Terrain/Terrain (1)
2.125	-0.875	0.750	Floor/Floor 2x2 side
2.125	-0.875	-1.883	Terrain/Terrain (1)
2.125	-0.375	0.750	Floor/Floor 2x2 side
2.125	-0.375	-1.886	Terrain/Terrain (1)
2.125	0.125	0.750	Floor/Floor 2x2 side
2.125	0.125	-1.866	Terrain/Terrain (1)
2.125	0.625	0.750	Floor/Floor 2x2 side
2.125	0.625	-1.838	Terrain/Terrain (1)
2.125	1.125	0.750	Floor/Floor 2x2 side (1)
2.125	1.125	-1.807	Terrain/Terrain (1)
2.125	1.625	0.750	Floor/Floor 2x2 side (1)
2.125	1.625	-1.780	Terrain/Terrain (1)
2.125	2.125	0.750	Floor/Floor 2x2 side (1)
2.125	2.125	-1.757	Terrain/Terrain (1)
2.125	2.625	0.750	Floor/Floor 2x2 side (1)
2.125	2.625	-1.748	Terrain/Terrain (1)
2.125	3.125	0.750	Floor/Floor 2x2 side (2)
2.125	3.125	-1.744	Terrain/Terrain (1)
2.125	3.625	0.750	Floor/Floor 2x2 side (2)
2.125	3.625	-1.741	Terrain/Terrain (1)
2.125	4.125	0.750	Floor/Floor 2x2 side (2)
2.125	4.125	-1.741	Terrain/Terrain (1)
2.125	4.625	0.750	Floor/Floor 2x2 side (2)
2.125	4.625	-1.741	Terrain/Terrain (1)
2.125	5.125	0.750	Floor/Floor 2x2 side (3)
2.125	5.125	-1.741	Terrain/Terrain (1)
2.125	5.625	0.750	Floor/Floor 2x2 side (3)
2.125	5.625	-1.741	Terrain/Terrain (1)
2.125	6.125	0.750	Floor/Floor 2x2 side (3)
2.125	6.125	-1.741	Terrain/Terrain (1)
2.125	6.625	0.750	Floor/Floor 2x2 side (3)
2.125	6.625	-1.741	Terrain/Terrain (1)
2.125	7.125	0.750	Floor/Floor 2x2 side (4)
2.125	7.125	-1.741	Terrain/Terrain (1)
2.125	7.625	0.750	Floor/Floor 2x2 side (4)
2.125	7.625	-1.741	Terrain/Terrain (1)
2.125	8.125	0.750	Floor/Floor 2x2 side (4)
2.125	8.125	-1.741	Terrain/Terrain (1)
2.125	8.625	0.750	Floor/Floor 2x2 side (4)
2.125	8.625	-1.741	Terrain/Terrain (1)
2.125	9.125	0.750	Floor/Floor 2x2 side (5)
2.125	9.125	-1.741	Terrain/Terrain (1)
2.125	9.625	0.750	Floor/Floor 2x2 side (5)
2.125	9.625	-1.741	Terrain/Terrain (1)
2.125	10.125	0.750	Floor/Floor 2x2 side (5)
2.125	10.125	-1.741	Terrain/Terrain (1)
2.125	10.625	0.750	Floor/Floor 2x2 side (5)
2.125	10.625	-1.741	Terrain/Terrain (1)
2.125	11.125	0.484	Backyard/Floor 2/objects/mv_step_block (2)
2.125	11.125	0.250	Backyard/Floor 2/Floor 2x2
2.125	11.125	-1.741	Terrain/Terrain (1)
2.125	11.625	0.250	Backyard/Floor 2/Floor 2x2
2.125	11.625	0.200	Backyard/Floor 2/objects/mv_step_block
2.125	11.625	-1.741	Terrain/Terrain (1)
2.125	12.125	0.250	Backyard/Floor 2/Floor 2x2
2.125	12.125	-1.741	Terrain/Terrain (1)
2.125	12.625	0.250	Backyard/Floor 2/Floor 2x2 (4)
2.125	12.625	-1.741	Terrain/Terrain (1)
2.125	13.125	0.250	Backyard/Floor 2/Floor 2x2 (4)
2.125	13.125	-1.741	Terrain/Terrain (1)
2.125	13.625	0.250	Backyard/Floor 2/Floor 2x2 (4)
2.125	13.625	-1.741	Terrain/Terrain (1)
2.125	14.125	0.250	Backyard/Floor 2/Floor 2x2 (4)
2.125	14.125	-1.741	Terrain/Terrain (1)
2.125	14.625	0.250	Backyard/Floor 2/Floor 2x2 (8)
2.125	14.625	-1.741	Terrain/Terrain (1)
2.125	15.125	0.250	Backyard/Floor 2/Floor 2x2 (8)
2.125	15.125	-1.741	Terrain/Terrain (1)
2.125	15.625	0.250	Backyard/Floor 2/Floor 2x2 (8)
2.125	15.625	-1.741	Terrain/Terrain (1)
2.125	16.125	0.250	Backyard/Floor 2/Floor 2x2 (8)
2.125	16.125	-1.741	Terrain/Terrain (1)
2.125	16.625	0.250	Backyard/Floor 2/Floor 2x2 (12)
2.125	16.625	-1.741	Terrain/Terrain (1)
2.125	17.125	0.250	Backyard/Floor 2/Floor 2x2 (12)
2.125	17.125	-1.741	Terrain/Terrain (1)
2.125	17.625	0.250	Backyard/Floor 2/Floor 2x2 (12)
2.125	17.625	-1.748	Terrain/Terrain (1)
2.125	18.125	0.250	Backyard/Floor 2/Floor 2x2 (12)
2.125	18.125	-1.753	Terrain/Terrain (1)
2.125	18.625	0.250	Backyard/Floor 2/Floor 2x2 (16)
2.125	18.625	-1.772	Terrain/Terrain (1)
2.125	19.125	0.250	Backyard/Floor 2/Floor 2x2 (16)
2.125	19.125	-1.807	Terrain/Terrain (1)
2.125	19.625	0.250	Backyard/Floor 2/Floor 2x2 (16)
2.125	19.625	-1.851	Terrain/Terrain (1)
2.125	20.125	0.250	Backyard/Floor 2/Floor 2x2 (16)
2.125	20.125	-1.894	Terrain/Terrain (1)
2.125	20.625	0.250	Backyard/Floor 2/Floor seam infill
2.125	20.625	-1.928	Terrain/Terrain (1)
2.125	21.125	0.250	Backyard/Floor 2/Floor seam infill
2.125	21.125	-1.946	Terrain/Terrain (1)
2.125	21.625	0.250	Backyard/Floor 2/Floor seam infill
2.125	21.625	-1.949	Terrain/Terrain (1)
2.125	22.125	0.250	Backyard/Floor 2/Floor seam infill
2.125	22.125	-1.958	Terrain/Terrain (1)
2.125	22.625	0.250	Backyard/Floor 2/Floor 2x2 (46)
2.125	22.625	-1.976	Terrain/Terrain (1)
2.125	23.125	0.250	Backyard/Floor 2/Floor 2x2 (46)
2.125	23.125	-2.003	Terrain/Terrain (1)
2.125	23.625	0.250	Backyard/Floor 2/Floor 2x2 (46)
2.125	23.625	-2.034	Terrain/Terrain (1)
2.125	24.125	0.250	Backyard/Floor 2/Floor 2x2 (46)
2.125	24.125	-2.064	Terrain/Terrain (1)
2.125	24.625	0.250	Backyard/Floor 2/Floor 2x2 (47)
2.125	24.625	-2.087	Terrain/Terrain (1)
2.125	25.125	0.250	Backyard/Floor 2/Floor 2x2 (47)
2.125	25.125	-2.100	Terrain/Terrain (1)
2.125	25.625	0.250	Backyard/Floor 2/Floor 2x2 (47)
2.125	25.625	-2.100	Terrain/Terrain (1)
2.125	26.125	0.250	Backyard/Floor 2/Floor 2x2 (47)
2.125	26.125	-2.100	Terrain/Terrain (1)
2.125	26.625	0.250	Backyard/Floor 2/Floor 2x2 (48)
2.125	26.625	-2.100	Terrain/Terrain (1)
2.125	27.125	0.250	Backyard/Floor 2/Floor 2x2 (48)
2.125	27.125	-1.915	Terrain/Terrain (1)
2.125	27.625	0.250	Backyard/Floor 2/Floor 2x2 (48)
2.125	27.625	-1.543	Terrain/Terrain (1)
2.125	28.125	0.250	Backyard/Floor 2/Floor 2x2 (48)
2.125	28.125	-1.262	Terrain/Terrain (1)
2.125	28.625	0.250	Backyard/Floor 2/Floor 2x2 (49)
2.125	28.625	-0.741	Terrain/Terrain (1)
2.125	29.125	0.250	Backyard/Floor 2/Floor 2x2 (49)
2.125	29.125	-0.701	Terrain/Terrain (1)
2.125	29.625	0.250	Backyard/Floor 2/Floor 2x2 (49)
2.125	29.625	-0.701	Terrain/Terrain (1)
2.125	30.125	0.250	Backyard/Floor 2/Floor 2x2 (50)
2.125	30.125	-0.701	Terrain/Terrain (1)
2.125	30.625	0.250	Backyard/Floor 2/Floor 2x2 (50)
2.125	30.625	-0.703	Terrain/Terrain (1)
2.125	31.125	0.250	Backyard/Floor 2/Floor 2x2 (50)
2.125	31.625	0.250	Backyard/Floor 2/Floor 2x2 (50)
2.125	32.625	-2.100	Terrain/Terrain (1)
2.625	-4.875	-1.018	Terrain/Terrain (1)
2.625	-4.375	-0.950	Terrain/Terrain (1)
2.625	-3.875	-1.051	Terrain/Terrain (1)
2.625	-3.375	-1.277	Terrain/Terrain (1)
2.625	-2.875	0.750	Floor/Floor 2x2 corner
2.625	-2.875	-0.240	Pool Level/Floor/Floor 2x2 (19)
2.625	-2.875	-1.452	Terrain/Terrain (1)
2.625	-2.375	0.750	Floor/Floor 2x2 corner
2.625	-2.375	-0.240	Pool Level/Floor/Floor 2x2 (19)
2.625	-2.375	-1.389	Terrain/Terrain (1)
2.625	-1.875	0.750	Floor/Floor 2x2 corner
2.625	-1.875	-0.240	Pool Level/Floor/Floor 2x2 (19)
2.625	-1.875	-1.406	Terrain/Terrain (1)
2.625	-1.375	0.750	Floor/Floor 2x2 corner
2.625	-1.375	-0.240	Pool Level/Floor/Floor 2x2 (19)
2.625	-1.375	-1.797	Terrain/Terrain (1)
2.625	-0.875	0.750	Floor/Floor 2x2 side
2.625	-0.875	-1.881	Terrain/Terrain (1)
2.625	-0.375	0.750	Floor/Floor 2x2 side
2.625	-0.375	-1.860	Terrain/Terrain (1)
2.625	0.125	0.750	Floor/Floor 2x2 side
2.625	0.125	-1.828	Terrain/Terrain (1)
2.625	0.625	0.750	Floor/Floor 2x2 side
2.625	0.625	-1.795	Terrain/Terrain (1)
2.625	1.125	0.750	Floor/Floor 2x2 side (1)
2.625	1.125	-1.767	Terrain/Terrain (1)
2.625	1.625	0.750	Floor/Floor 2x2 side (1)
2.625	1.625	-1.750	Terrain/Terrain (1)
2.625	2.125	0.750	Floor/Floor 2x2 side (1)
2.625	2.125	-1.746	Terrain/Terrain (1)
2.625	2.625	0.750	Floor/Floor 2x2 side (1)
2.625	2.625	-1.741	Terrain/Terrain (1)
2.625	3.125	0.750	Floor/Floor 2x2 side (2)
2.625	3.125	-1.741	Terrain/Terrain (1)
2.625	3.625	0.750	Floor/Floor 2x2 side (2)
2.625	3.625	-1.741	Terrain/Terrain (1)
2.625	4.125	0.750	Floor/Floor 2x2 side (2)
2.625	4.125	-1.741	Terrain/Terrain (1)
2.625	4.625	0.750	Floor/Floor 2x2 side (2)
2.625	4.625	-1.741	Terrain/Terrain (1)
2.625	5.125	0.750	Floor/Floor 2x2 side (3)
2.625	5.125	-1.741	Terrain/Terrain (1)
2.625	5.625	0.750	Floor/Floor 2x2 side (3)
2.625	5.625	-1.741	Terrain/Terrain (1)
2.625	6.125	0.750	Floor/Floor 2x2 side (3)
2.625	6.125	-1.741	Terrain/Terrain (1)
2.625	6.625	0.750	Floor/Floor 2x2 side (3)
2.625	6.625	-1.741	Terrain/Terrain (1)
2.625	7.125	0.750	Floor/Floor 2x2 side (4)
2.625	7.125	-1.741	Terrain/Terrain (1)
2.625	7.625	0.750	Floor/Floor 2x2 side (4)
2.625	7.625	-1.741	Terrain/Terrain (1)
2.625	8.125	0.750	Floor/Floor 2x2 side (4)
2.625	8.125	-1.741	Terrain/Terrain (1)
2.625	8.625	0.750	Floor/Floor 2x2 side (4)
2.625	8.625	-1.741	Terrain/Terrain (1)
2.625	9.125	0.750	Floor/Floor 2x2 side (5)
2.625	9.125	-1.741	Terrain/Terrain (1)
2.625	9.625	0.750	Floor/Floor 2x2 side (5)
2.625	9.625	-1.741	Terrain/Terrain (1)
2.625	10.125	0.750	Floor/Floor 2x2 side (5)
2.625	10.125	-1.741	Terrain/Terrain (1)
2.625	10.625	0.750	Floor/Floor 2x2 side (5)
2.625	10.625	-1.741	Terrain/Terrain (1)
2.625	11.125	0.250	Backyard/Floor 2/Floor 2x2
2.625	11.125	-1.741	Terrain/Terrain (1)
2.625	11.625	0.250	Backyard/Floor 2/Floor 2x2
2.625	11.625	-1.741	Terrain/Terrain (1)
2.625	12.125	0.250	Backyard/Floor 2/Floor 2x2
2.625	12.125	-1.741	Terrain/Terrain (1)
2.625	12.625	0.250	Backyard/Floor 2/Floor 2x2 (4)
2.625	12.625	-1.741	Terrain/Terrain (1)
2.625	13.125	0.250	Backyard/Floor 2/Floor 2x2 (4)
2.625	13.125	-1.741	Terrain/Terrain (1)
2.625	13.625	0.250	Backyard/Floor 2/Floor 2x2 (4)
2.625	13.625	-1.741	Terrain/Terrain (1)
2.625	14.125	0.250	Backyard/Floor 2/Floor 2x2 (4)
2.625	14.125	-1.741	Terrain/Terrain (1)
2.625	14.625	0.250	Backyard/Floor 2/Floor 2x2 (8)
2.625	14.625	-1.741	Terrain/Terrain (1)
2.625	15.125	0.250	Backyard/Floor 2/Floor 2x2 (8)
2.625	15.125	-1.741	Terrain/Terrain (1)
2.625	15.625	0.250	Backyard/Floor 2/Floor 2x2 (8)
2.625	15.625	-1.741	Terrain/Terrain (1)
2.625	16.125	0.250	Backyard/Floor 2/Floor 2x2 (8)
2.625	16.125	-1.741	Terrain/Terrain (1)
2.625	16.625	0.250	Backyard/Floor 2/Floor 2x2 (12)
2.625	16.625	-1.741	Terrain/Terrain (1)
2.625	17.125	0.250	Backyard/Floor 2/Floor 2x2 (12)
2.625	17.125	-1.741	Terrain/Terrain (1)
2.625	17.625	0.250	Backyard/Floor 2/Floor 2x2 (12)
2.625	17.625	-1.741	Terrain/Terrain (1)
2.625	18.125	0.250	Backyard/Floor 2/Floor 2x2 (12)
2.625	18.125	-1.741	Terrain/Terrain (1)
2.625	18.625	0.250	Backyard/Floor 2/Floor 2x2 (16)
2.625	18.625	-1.748	Terrain/Terrain (1)
2.625	19.125	0.250	Backyard/Floor 2/Floor 2x2 (16)
2.625	19.125	-1.764	Terrain/Terrain (1)
2.625	19.625	0.250	Backyard/Floor 2/Floor 2x2 (16)
2.625	19.625	-1.795	Terrain/Terrain (1)
2.625	20.125	0.250	Backyard/Floor 2/Floor 2x2 (16)
2.625	20.125	-1.840	Terrain/Terrain (1)
2.625	20.625	0.250	Backyard/Floor 2/Floor seam infill
2.625	20.625	-1.884	Terrain/Terrain (1)
2.625	21.125	0.250	Backyard/Floor 2/Floor seam infill
2.625	21.125	-1.922	Terrain/Terrain (1)
2.625	21.625	0.250	Backyard/Floor 2/Floor seam infill
2.625	21.625	-1.946	Terrain/Terrain (1)
2.625	22.125	0.250	Backyard/Floor 2/Floor seam infill
2.625	22.125	-1.949	Terrain/Terrain (1)
2.625	22.625	0.250	Backyard/Floor 2/Floor 2x2 (46)
2.625	22.625	-1.952	Terrain/Terrain (1)
2.625	23.125	0.250	Backyard/Floor 2/Floor 2x2 (46)
2.625	23.125	-1.966	Terrain/Terrain (1)
2.625	23.625	0.250	Backyard/Floor 2/Floor 2x2 (46)
2.625	23.625	-1.992	Terrain/Terrain (1)
2.625	24.125	0.250	Backyard/Floor 2/Floor 2x2 (46)
2.625	24.125	-2.023	Terrain/Terrain (1)
2.625	24.625	0.250	Backyard/Floor 2/Floor 2x2 (47)
2.625	24.625	-2.054	Terrain/Terrain (1)
2.625	25.125	0.250	Backyard/Floor 2/Floor 2x2 (47)
2.625	25.125	-2.082	Terrain/Terrain (1)
2.625	25.625	0.250	Backyard/Floor 2/Floor 2x2 (47)
2.625	25.625	-2.097	Terrain/Terrain (1)
2.625	26.125	0.250	Backyard/Floor 2/Floor 2x2 (47)
2.625	26.125	-2.100	Terrain/Terrain (1)
2.625	26.625	0.250	Backyard/Floor 2/Floor 2x2 (48)
2.625	26.625	-2.100	Terrain/Terrain (1)
2.625	27.125	0.250	Backyard/Floor 2/Floor 2x2 (48)
2.625	27.125	-1.898	Terrain/Terrain (1)
2.625	27.625	0.250	Backyard/Floor 2/Floor 2x2 (48)
2.625	27.625	-1.550	Terrain/Terrain (1)
2.625	28.125	0.250	Backyard/Floor 2/Floor 2x2 (48)
2.625	28.125	-1.336	Terrain/Terrain (1)
2.625	28.625	0.250	Backyard/Floor 2/Floor 2x2 (49)
2.625	29.125	0.250	Backyard/Floor 2/Floor 2x2 (49)
2.625	29.125	-0.701	Terrain/Terrain (1)
2.625	29.625	0.250	Backyard/Floor 2/Floor 2x2 (49)
2.625	29.625	-0.701	Terrain/Terrain (1)
2.625	30.125	0.250	Backyard/Floor 2/Floor 2x2 (50)
2.625	30.125	-0.701	Terrain/Terrain (1)
2.625	30.625	0.250	Backyard/Floor 2/Floor 2x2 (50)
2.625	30.625	-0.701	Terrain/Terrain (1)
2.625	31.125	0.250	Backyard/Floor 2/Floor 2x2 (50)
2.625	31.125	-0.701	Terrain/Terrain (1)
2.625	31.625	0.250	Backyard/Floor 2/Floor 2x2 (50)
2.625	31.625	-0.768	Terrain/Terrain (1)
3.125	-4.875	-0.887	Terrain/Terrain (1)
3.125	-4.375	-0.895	Terrain/Terrain (1)
3.125	-3.875	-1.071	Terrain/Terrain (1)
3.125	-3.375	-1.279	Terrain/Terrain (1)
3.125	-2.875	-0.240	Pool Level/Floor/Floor 2x2 (19)
3.125	-2.875	-1.352	Terrain/Terrain (1)
3.125	-2.375	-0.240	Pool Level/Floor/Floor 2x2 (19)
3.125	-2.375	-1.332	Terrain/Terrain (1)
3.125	-1.875	-0.240	Pool Level/Floor/Floor 2x2 (19)
3.125	-1.875	-1.577	Terrain/Terrain (1)
3.125	-1.375	-0.240	Pool Level/Floor/Floor 2x2 (19)
3.125	-1.375	-1.844	Terrain/Terrain (1)
3.125	-0.875	-1.853	Terrain/Terrain (1)
3.125	-0.375	-1.820	Terrain/Terrain (1)
3.125	0.125	-1.786	Terrain/Terrain (1)
3.125	0.625	-1.761	Terrain/Terrain (1)
3.125	1.125	-1.747	Terrain/Terrain (1)
3.125	1.625	-1.743	Terrain/Terrain (1)
3.125	2.125	-1.741	Terrain/Terrain (1)
3.125	2.625	-1.741	Terrain/Terrain (1)
3.125	3.125	-1.741	Terrain/Terrain (1)
3.125	3.625	-1.741	Terrain/Terrain (1)
3.125	4.125	-1.741	Terrain/Terrain (1)
3.125	4.625	-1.741	Terrain/Terrain (1)
3.125	5.125	-1.741	Terrain/Terrain (1)
3.125	5.625	-1.741	Terrain/Terrain (1)
3.125	6.125	-1.741	Terrain/Terrain (1)
3.125	6.625	-1.741	Terrain/Terrain (1)
3.125	7.125	-1.741	Terrain/Terrain (1)
3.125	7.625	0.250	annex building/Floor/Floor 1x1 (21)
3.125	7.625	-1.741	Terrain/Terrain (1)
3.125	8.125	0.250	annex building/Floor/Floor 1x1 (21)
3.125	8.125	-0.240	Pool Level/Floor/Floor 2x2 (9)
3.125	8.125	-1.741	Terrain/Terrain (1)
3.125	8.625	0.831	Pool Level/Steps/mv_step_block (5)
3.125	8.625	0.250	annex building/Floor/Floor 2x2 (13)
3.125	8.625	-0.240	Pool Level/Floor/Floor 2x2 (9)
3.125	8.625	-1.741	Terrain/Terrain (1)
3.125	9.125	3.050	annex building/roof 1/Roof 2x2 corner
3.125	9.125	0.831	Pool Level/Steps/mv_step_block (5)
3.125	9.125	0.250	annex building/Floor/Floor 2x2 (13)
3.125	9.125	-0.240	Pool Level/Floor/Floor 2x2 (9)
3.125	9.125	-1.741	Terrain/Terrain (1)
3.125	9.625	3.050	annex building/roof 1/Roof 2x2 corner
3.125	9.625	0.250	annex building/Floor/Floor 2x2 (13)
3.125	9.625	-0.240	Pool Level/Floor/Floor 2x2 (9)
3.125	9.625	-1.741	Terrain/Terrain (1)
3.125	10.125	3.050	annex building/roof 1/Roof 2x2 corner
3.125	10.125	0.250	annex building/Floor/Floor 2x2 (13)
3.125	10.125	-1.741	Terrain/Terrain (1)
3.125	10.625	3.050	annex building/roof 1/Roof 2x2 corner
3.125	10.625	0.250	annex building/Floor/Floor 2x2 (3)
3.125	10.625	-1.741	Terrain/Terrain (1)
3.125	11.125	3.050	annex building/roof 1/Roof 2x2 side
3.125	11.125	0.250	annex building/Floor/Floor 2x2 (3)
3.125	11.125	-1.741	Terrain/Terrain (1)
3.125	11.625	3.050	annex building/roof 1/Roof 2x2 side
3.125	11.625	0.250	annex building/Floor/Floor 2x2 (3)
3.125	11.625	-1.741	Terrain/Terrain (1)
3.125	12.125	3.050	annex building/roof 1/Roof 2x2 side
3.125	12.125	0.250	annex building/Floor/Floor 2x2 (3)
3.125	12.125	-1.741	Terrain/Terrain (1)
3.125	12.625	3.050	annex building/roof 1/Roof 2x2 side
3.125	12.625	0.250	annex building/Floor/Floor 2x2 (7)
3.125	12.625	-1.741	Terrain/Terrain (1)
3.125	13.125	0.250	annex building/Floor/Floor 2x2 (7)
3.125	13.125	-1.741	Terrain/Terrain (1)
3.125	13.625	0.250	annex building/Floor/Floor 2x2 (7)
3.125	13.625	-1.741	Terrain/Terrain (1)
3.125	14.125	0.250	annex building/Floor/Floor 2x2 (7)
3.125	14.125	-1.741	Terrain/Terrain (1)
3.125	14.625	0.250	annex building/Floor/Floor 2x2 (11)
3.125	14.625	-1.741	Terrain/Terrain (1)
3.125	15.125	0.250	annex building/Floor/Floor 2x2 (11)
3.125	15.125	-1.741	Terrain/Terrain (1)
3.125	15.625	0.250	annex building/Floor/Floor 2x2 (11)
3.125	15.625	-1.741	Terrain/Terrain (1)
3.125	16.125	0.250	annex building/Floor/Floor 2x2 (11)
3.125	16.125	-1.741	Terrain/Terrain (1)
3.125	16.625	0.250	annex building/Floor/Floor 2x2 (15)
3.125	16.625	-1.741	Terrain/Terrain (1)
3.125	17.125	3.050	annex building/roof 1/Roof 2x2 side (7)
3.125	17.125	0.250	annex building/Floor/Floor 2x2 (15)
3.125	17.125	-1.741	Terrain/Terrain (1)
3.125	17.625	3.050	annex building/roof 1/Roof 2x2 side (7)
3.125	17.625	0.250	annex building/Floor/Floor 2x2 (15)
3.125	17.625	-1.741	Terrain/Terrain (1)
3.125	18.125	3.050	annex building/roof 1/Roof 2x2 side (7)
3.125	18.125	0.250	annex building/Floor/Floor 2x2 (15)
3.125	18.125	-1.741	Terrain/Terrain (1)
3.125	18.625	3.050	annex building/roof 1/Roof 2x2 side (7)
3.125	18.625	0.250	annex building/Floor/Floor 2x2 (19)
3.125	18.625	-1.741	Terrain/Terrain (1)
3.125	19.125	3.050	annex building/roof 1/Roof 2x2 side (9)
3.125	19.125	0.250	annex building/Floor/Floor 2x2 (19)
3.125	19.125	-1.747	Terrain/Terrain (1)
3.125	19.625	3.050	annex building/roof 1/Roof 2x2 side (9)
3.125	19.625	0.250	annex building/Floor/Floor 2x2 (19)
3.125	19.625	-1.757	Terrain/Terrain (1)
3.125	20.125	3.050	annex building/roof 1/Roof 2x2 side (9)
3.125	20.125	0.250	annex building/Floor/Floor 2x2 (19)
3.125	20.125	-1.788	Terrain/Terrain (1)
3.125	20.625	3.050	annex building/roof 1/Roof 2x2 side (9)
3.125	20.625	0.250	annex building/Floor/Floor 2x2 (23)
3.125	20.625	-1.832	Terrain/Terrain (1)
3.125	21.125	3.050	annex building/roof 1/Roof 2x2 side (14)
3.125	21.125	0.250	annex building/Floor/Floor 2x2 (23)
3.125	21.125	-1.880	Terrain/Terrain (1)
3.125	21.625	3.050	annex building/roof 1/Roof 2x2 side (14)
3.125	21.625	0.250	annex building/Floor/Floor 2x2 (23)
3.125	21.625	-1.922	Terrain/Terrain (1)
3.125	22.125	3.050	annex building/roof 1/Roof 2x2 side (14)
3.125	22.125	0.250	annex building/Floor/Floor 2x2 (23)
3.125	22.125	-1.944	Terrain/Terrain (1)
3.125	22.625	3.050	annex building/roof 1/Roof 2x2 side (14)
3.125	22.625	0.250	Backyard/Floor 2/Floor 2x2 (46)
3.125	22.625	-1.946	Terrain/Terrain (1)
3.125	23.125	3.050	annex building/roof 1/Roof 2x2 corner (2)
3.125	23.125	0.250	Backyard/Floor 2/Floor 2x2 (46)
3.125	23.125	-1.952	Terrain/Terrain (1)
3.125	23.625	3.050	annex building/roof 1/Roof 2x2 corner (2)
3.125	23.625	0.250	Backyard/Floor 2/Floor 2x2 (46)
3.125	23.625	-1.961	Terrain/Terrain (1)
3.125	24.125	3.050	annex building/roof 1/Roof 2x2 corner (2)
3.125	24.125	0.250	Backyard/Floor 2/Floor 2x2 (46)
3.125	24.125	-1.983	Terrain/Terrain (1)
3.125	24.625	3.050	annex building/roof 1/Roof 2x2 corner (2)
3.125	24.625	0.250	Backyard/Floor 2/Floor 2x2 (47)
3.125	24.625	-2.015	Terrain/Terrain (1)
3.125	25.125	0.250	Backyard/Floor 2/Floor 2x2 (47)
3.125	25.125	-2.050	Terrain/Terrain (1)
3.125	25.625	0.250	Backyard/Floor 2/Floor 2x2 (47)
3.125	25.625	-2.080	Terrain/Terrain (1)
3.125	26.125	0.250	Backyard/Floor 2/Floor 2x2 (47)
3.125	26.125	-2.097	Terrain/Terrain (1)
3.125	26.625	0.250	Backyard/Floor 2/Floor 2x2 (48)
3.125	26.625	-2.100	Terrain/Terrain (1)
3.125	27.125	0.250	Backyard/Floor 2/Floor 2x2 (48)
3.125	27.125	-1.906	Terrain/Terrain (1)
3.125	27.625	0.250	Backyard/Floor 2/Floor 2x2 (48)
3.125	27.625	-1.561	Terrain/Terrain (1)
3.125	28.125	0.250	Backyard/Floor 2/Floor 2x2 (48)
3.125	28.125	-1.371	Terrain/Terrain (1)
3.125	28.625	0.250	Backyard/Floor 2/Floor 2x2 (49)
3.125	29.125	0.250	Backyard/Floor 2/Floor 2x2 (49)
3.125	29.125	-0.701	Terrain/Terrain (1)
3.125	29.625	0.250	Backyard/Floor 2/Floor 2x2 (49)
3.125	29.625	-0.701	Terrain/Terrain (1)
3.125	30.125	0.250	Backyard/Floor 2/Floor 2x2 (50)
3.125	30.125	-0.701	Terrain/Terrain (1)
3.125	30.625	0.250	Backyard/Floor 2/Floor 2x2 (50)
3.125	30.625	-0.701	Terrain/Terrain (1)
3.125	31.125	0.250	Backyard/Floor 2/Floor 2x2 (50)
3.125	31.125	-0.701	Terrain/Terrain (1)
3.125	31.625	0.250	Backyard/Floor 2/Floor 2x2 (50)
3.125	31.625	-0.701	Terrain/Terrain (1)
3.125	32.125	-0.713	Terrain/Terrain (1)
3.125	32.625	-0.870	Terrain/Terrain (1)
3.625	-4.875	-0.752	Terrain/Terrain (1)
3.625	-4.375	-0.797	Terrain/Terrain (1)
3.625	-3.875	-0.963	Terrain/Terrain (1)
3.625	-3.375	-1.179	Terrain/Terrain (1)
3.625	-2.875	-0.240	Pool Level/Floor/Floor 2x2 (22)
3.625	-2.875	-1.332	Terrain/Terrain (1)
3.625	-2.375	-0.240	Pool Level/Floor/Floor 2x2 (22)
3.625	-2.375	-1.514	Terrain/Terrain (1)
3.625	-1.875	-0.240	Pool Level/Floor/Floor 2x2 (22)
3.625	-1.875	-1.771	Terrain/Terrain (1)
3.625	-1.375	-0.240	Pool Level/Floor/Floor 2x2 (22)
3.625	-1.375	-1.844	Terrain/Terrain (1)
3.625	-0.875	-1.815	Terrain/Terrain (1)
3.625	-0.375	-1.781	Terrain/Terrain (1)
3.625	0.125	-0.240	Pool Level/Floor/Floor 2x2 (18)
3.625	0.125	-1.756	Terrain/Terrain (1)
3.625	0.625	-0.240	Pool Level/Floor/Floor 2x2 (18)
3.625	0.625	-1.746	Terrain/Terrain (1)
3.625	1.125	-0.240	Pool Level/Floor/Floor 2x2 (18)
3.625	1.125	-1.741	Terrain/Terrain (1)
3.625	1.625	-0.240	Pool Level/Floor/Floor 2x2 (18)
3.625	1.625	-1.741	Terrain/Terrain (1)
3.625	2.125	-0.240	Pool Level/Floor/Floor 2x2 (17)
3.625	2.125	-1.741	Terrain/Terrain (1)
3.625	2.625	-0.240	Pool Level/Floor/Floor 2x2 (17)
3.625	2.625	-1.741	Terrain/Terrain (1)
3.625	3.125	-0.240	Pool Level/Floor/Floor 2x2 (17)
3.625	3.125	-1.741	Terrain/Terrain (1)
3.625	3.625	-0.240	Pool Level/Floor/Floor 2x2 (17)
3.625	3.625	-1.741	Terrain/Terrain (1)
3.625	4.125	-0.240	Pool Level/Floor/Floor 2x2 (1)
3.625	4.125	-1.741	Terrain/Terrain (1)
3.625	4.625	-0.240	Pool Level/Floor/Floor 2x2 (1)
3.625	4.625	-1.741	Terrain/Terrain (1)
3.625	5.125	-0.240	Pool Level/Floor/Floor 2x2 (1)
3.625	5.125	-1.741	Terrain/Terrain (1)
3.625	5.625	-0.240	Pool Level/Floor/Floor 2x2 (1)
3.625	5.625	-1.741	Terrain/Terrain (1)
3.625	6.125	-0.240	Pool Level/Floor/Floor 2x2 (5)
3.625	6.125	-1.741	Terrain/Terrain (1)
3.625	6.625	-0.240	Pool Level/Floor/Floor 2x2 (5)
3.625	6.625	-1.741	Terrain/Terrain (1)
3.625	7.125	-0.240	Pool Level/Floor/Floor 2x2 (5)
3.625	7.125	-1.741	Terrain/Terrain (1)
3.625	7.625	0.250	annex building/Floor/Floor 1x1 (21)
3.625	7.625	-0.240	Pool Level/Floor/Floor 2x2 (5)
3.625	7.625	-1.741	Terrain/Terrain (1)
3.625	8.125	0.250	annex building/Floor/Floor 1x1 (21)
3.625	8.125	-0.240	Pool Level/Floor/Floor 2x2 (9)
3.625	8.125	-1.741	Terrain/Terrain (1)
3.625	8.625	0.449	Pool Level/Steps/mv_step_block (3)
3.625	8.625	0.250	annex building/Floor/Floor 2x2 (13)
3.625	8.625	-0.240	Pool Level/Floor/Floor 2x2 (9)
3.625	8.625	-1.741	Terrain/Terrain (1)
3.625	9.125	3.050	annex building/roof 1/Roof 2x2 corner
3.625	9.125	0.449	Pool Level/Steps/mv_step_block (3)
3.625	9.125	0.250	annex building/Floor/Floor 2x2 (13)
3.625	9.125	-0.240	Pool Level/Floor/Floor 2x2 (9)
3.625	9.125	-1.741	Terrain/Terrain (1)
3.625	9.625	3.050	annex building/roof 1/Roof 2x2 corner
3.625	9.625	0.250	annex building/Floor/Floor 2x2 (13)
3.625	9.625	-0.240	Pool Level/Floor/Floor 2x2 (9)
3.625	9.625	-1.741	Terrain/Terrain (1)
3.625	10.125	3.050	annex building/roof 1/Roof 2x2 corner
3.625	10.125	0.250	annex building/Floor/Floor 2x2 (13)
3.625	10.125	-1.741	Terrain/Terrain (1)
3.625	10.625	3.050	annex building/roof 1/Roof 2x2 corner
3.625	10.625	0.250	annex building/Floor/Floor 2x2 (3)
3.625	10.625	-1.741	Terrain/Terrain (1)
3.625	11.125	3.050	annex building/roof 1/Roof 2x2 side
3.625	11.125	0.250	annex building/Floor/Floor 2x2 (3)
3.625	11.125	-1.741	Terrain/Terrain (1)
3.625	11.625	3.050	annex building/roof 1/Roof 2x2 side
3.625	11.625	0.250	annex building/Floor/Floor 2x2 (3)
3.625	11.625	-1.741	Terrain/Terrain (1)
3.625	12.125	3.050	annex building/roof 1/Roof 2x2 side
3.625	12.125	0.250	annex building/Floor/Floor 2x2 (3)
3.625	12.125	-1.741	Terrain/Terrain (1)
3.625	12.625	3.050	annex building/roof 1/Roof 2x2 side
3.625	12.625	0.250	annex building/Floor/Floor 2x2 (7)
3.625	12.625	-1.741	Terrain/Terrain (1)
3.625	13.125	2.896	annex building/Ground Level/stairs
3.625	13.125	0.250	annex building/Floor/Floor 2x2 (7)
3.625	13.125	-1.741	Terrain/Terrain (1)
3.625	13.625	2.489	annex building/Ground Level/stairs
3.625	13.625	0.250	annex building/Floor/Floor 2x2 (7)
3.625	13.625	-1.741	Terrain/Terrain (1)
3.625	14.125	2.082	annex building/Ground Level/stairs
3.625	14.125	0.250	annex building/Floor/Floor 2x2 (7)
3.625	14.125	-1.741	Terrain/Terrain (1)
3.625	14.625	1.676	annex building/Ground Level/stairs
3.625	14.625	0.250	annex building/Floor/Floor 2x2 (11)
3.625	14.625	-1.741	Terrain/Terrain (1)
3.625	15.125	1.473	annex building/Ground Level/stairs
3.625	15.125	0.250	annex building/Floor/Floor 2x2 (11)
3.625	15.125	-1.741	Terrain/Terrain (1)
3.625	15.625	1.066	annex building/Ground Level/stairs
3.625	15.625	0.250	annex building/Floor/Floor 2x2 (11)
3.625	15.625	-1.741	Terrain/Terrain (1)
3.625	16.125	0.660	annex building/Ground Level/stairs
3.625	16.125	0.250	annex building/Floor/Floor 2x2 (11)
3.625	16.125	-1.741	Terrain/Terrain (1)
3.625	16.625	0.250	annex building/Floor/Floor 2x2 (15)
3.625	16.625	-1.741	Terrain/Terrain (1)
3.625	17.125	3.050	annex building/roof 1/Roof 2x2 side (7)
3.625	17.125	0.250	annex building/Floor/Floor 2x2 (15)
3.625	17.125	-1.741	Terrain/Terrain (1)
3.625	17.625	3.050	annex building/roof 1/Roof 2x2 side (7)
3.625	17.625	0.250	annex building/Floor/Floor 2x2 (15)
3.625	17.625	-1.741	Terrain/Terrain (1)
3.625	18.125	3.050	annex building/roof 1/Roof 2x2 side (7)
3.625	18.125	0.250	annex building/Floor/Floor 2x2 (15)
3.625	18.125	-1.741	Terrain/Terrain (1)
3.625	18.625	3.050	annex building/roof 1/Roof 2x2 side (7)
3.625	18.625	0.250	annex building/Floor/Floor 2x2 (19)
3.625	18.625	-1.741	Terrain/Terrain (1)
3.625	19.125	3.050	annex building/roof 1/Roof 2x2 side (9)
3.625	19.125	0.250	annex building/Floor/Floor 2x2 (19)
3.625	19.125	-1.741	Terrain/Terrain (1)
3.625	19.625	3.050	annex building/roof 1/Roof 2x2 side (9)
3.625	19.625	0.250	annex building/Floor/Floor 2x2 (19)
3.625	19.625	-1.745	Terrain/Terrain (1)
3.625	20.125	3.050	annex building/roof 1/Roof 2x2 side (9)
3.625	20.125	0.250	annex building/Floor/Floor 2x2 (19)
3.625	20.125	-1.754	Terrain/Terrain (1)
3.625	20.625	3.050	annex building/roof 1/Roof 2x2 side (9)
3.625	20.625	0.250	annex building/Floor/Floor 2x2 (23)
3.625	20.625	-1.781	Terrain/Terrain (1)
3.625	21.125	3.050	annex building/roof 1/Roof 2x2 side (14)
3.625	21.125	0.250	annex building/Floor/Floor 2x2 (23)
3.625	21.125	-1.827	Terrain/Terrain (1)
3.625	21.625	3.050	annex building/roof 1/Roof 2x2 side (14)
3.625	21.625	0.250	annex building/Floor/Floor 2x2 (23)
3.625	21.625	-1.877	Terrain/Terrain (1)
3.625	22.125	3.050	annex building/roof 1/Roof 2x2 side (14)
3.625	22.125	0.250	annex building/Floor/Floor 2x2 (23)
3.625	22.125	-1.921	Terrain/Terrain (1)
3.625	22.625	3.050	annex building/roof 1/Roof 2x2 side (14)
3.625	22.625	0.250	Backyard/Floor 2/Floor 2x2 (46)
3.625	22.625	-1.946	Terrain/Terrain (1)
3.625	23.125	3.050	annex building/roof 1/Roof 2x2 corner (2)
3.625	23.125	0.250	Backyard/Floor 2/Floor 2x2 (46)
3.625	23.125	-1.946	Terrain/Terrain (1)
3.625	23.625	3.050	annex building/roof 1/Roof 2x2 corner (2)
3.625	23.625	0.250	Backyard/Floor 2/Floor 2x2 (46)
3.625	23.625	-1.949	Terrain/Terrain (1)
3.625	24.125	3.050	annex building/roof 1/Roof 2x2 corner (2)
3.625	24.125	0.250	Backyard/Floor 2/Floor 2x2 (46)
3.625	24.125	-1.955	Terrain/Terrain (1)
3.625	24.625	3.050	annex building/roof 1/Roof 2x2 corner (2)
3.625	24.625	0.250	Backyard/Floor 2/Floor 2x2 (47)
3.625	24.625	-1.976	Terrain/Terrain (1)
3.625	25.125	0.250	Backyard/Floor 2/Floor 2x2 (47)
3.625	25.125	-2.008	Terrain/Terrain (1)
3.625	25.625	0.250	Backyard/Floor 2/Floor 2x2 (47)
3.625	25.625	-2.044	Terrain/Terrain (1)
3.625	26.125	0.250	Backyard/Floor 2/Floor 2x2 (47)
3.625	26.125	-2.076	Terrain/Terrain (1)
3.625	26.625	0.250	Backyard/Floor 2/Floor 2x2 (48)
3.625	26.625	-2.097	Terrain/Terrain (1)
3.625	27.125	0.250	Backyard/Floor 2/Floor 2x2 (48)
3.625	27.125	-1.932	Terrain/Terrain (1)
3.625	27.625	0.250	Backyard/Floor 2/Floor 2x2 (48)
3.625	27.625	-1.581	Terrain/Terrain (1)
3.625	28.125	0.250	Backyard/Floor 2/Floor 2x2 (48)
3.625	28.125	-1.379	Terrain/Terrain (1)
3.625	28.625	0.250	Backyard/Floor 2/Floor 2x2 (49)
3.625	29.125	0.250	Backyard/Floor 2/Floor 2x2 (49)
3.625	29.125	-0.701	Terrain/Terrain (1)
3.625	29.625	0.250	Backyard/Floor 2/Floor 2x2 (49)
3.625	29.625	-0.701	Terrain/Terrain (1)
3.625	30.125	0.250	Backyard/Floor 2/Floor 2x2 (50)
3.625	30.125	-0.701	Terrain/Terrain (1)
3.625	30.625	0.250	Backyard/Floor 2/Floor 2x2 (50)
3.625	30.625	-0.701	Terrain/Terrain (1)
3.625	31.125	0.250	Backyard/Floor 2/Floor 2x2 (50)
3.625	31.125	-0.701	Terrain/Terrain (1)
3.625	31.625	0.250	Backyard/Floor 2/Floor 2x2 (50)
3.625	31.625	-0.701	Terrain/Terrain (1)
3.625	32.125	-0.701	Terrain/Terrain (1)
3.625	32.625	-0.701	Terrain/Terrain (1)
4.125	-4.875	-0.706	Terrain/Terrain (1)
4.125	-4.375	-0.743	Terrain/Terrain (1)
4.125	-3.875	-0.911	Terrain/Terrain (1)
4.125	-3.375	-1.209	Terrain/Terrain (1)
4.125	-2.875	-0.240	Pool Level/Floor/Floor 2x2 (22)
4.125	-2.875	-1.524	Terrain/Terrain (1)
4.125	-2.375	-0.240	Pool Level/Floor/Floor 2x2 (22)
4.125	-2.375	-1.758	Terrain/Terrain (1)
4.125	-1.875	-0.240	Pool Level/Floor/Floor 2x2 (22)
4.125	-1.875	-1.828	Terrain/Terrain (1)
4.125	-1.375	-0.240	Pool Level/Floor/Floor 2x2 (22)
4.125	-1.375	-1.813	Terrain/Terrain (1)
4.125	-0.875	-1.778	Terrain/Terrain (1)
4.125	-0.375	-1.753	Terrain/Terrain (1)
4.125	0.125	-0.240	Pool Level/Floor/Floor 2x2 (18)
4.125	0.125	-1.746	Terrain/Terrain (1)
4.125	0.625	-0.240	Pool Level/Floor/Floor 2x2 (18)
4.125	0.625	-1.741	Terrain/Terrain (1)
4.125	1.125	-0.240	Pool Level/Floor/Floor 2x2 (18)
4.125	1.125	-1.741	Terrain/Terrain (1)
4.125	1.625	-0.240	Pool Level/Floor/Floor 2x2 (18)
4.125	1.625	-1.741	Terrain/Terrain (1)
4.125	2.125	-0.240	Pool Level/Floor/Floor 2x2 (17)
4.125	2.125	-1.741	Terrain/Terrain (1)
4.125	2.625	-0.240	Pool Level/Floor/Floor 2x2 (17)
4.125	2.625	-1.741	Terrain/Terrain (1)
4.125	3.125	-0.240	Pool Level/Floor/Floor 2x2 (17)
4.125	3.125	-1.741	Terrain/Terrain (1)
4.125	3.625	-0.240	Pool Level/Floor/Floor 2x2 (17)
4.125	3.625	-1.741	Terrain/Terrain (1)
4.125	4.125	-0.240	Pool Level/Floor/Floor 2x2 (1)
4.125	4.125	-1.741	Terrain/Terrain (1)
4.125	4.625	-0.240	Pool Level/Floor/Floor 2x2 (1)
4.125	4.625	-1.741	Terrain/Terrain (1)
4.125	5.125	-0.240	Pool Level/Floor/Floor 2x2 (1)
4.125	5.125	-1.741	Terrain/Terrain (1)
4.125	5.625	-0.240	Pool Level/Floor/Floor 2x2 (1)
4.125	5.625	-1.741	Terrain/Terrain (1)
4.125	6.125	-0.240	Pool Level/Floor/Floor 2x2 (5)
4.125	6.125	-1.741	Terrain/Terrain (1)
4.125	6.625	-0.240	Pool Level/Floor/Floor 2x2 (5)
4.125	6.625	-1.741	Terrain/Terrain (1)
4.125	7.125	-0.240	Pool Level/Floor/Floor 2x2 (5)
4.125	7.125	-1.741	Terrain/Terrain (1)
4.125	7.625	0.250	annex building/Floor/Floor 1x1 (18)
4.125	7.625	-0.240	Pool Level/Floor/Floor 2x2 (5)
4.125	7.625	-1.741	Terrain/Terrain (1)
4.125	8.125	0.250	annex building/Floor/Floor 1x1 (18)
4.125	8.125	-0.240	Pool Level/Floor/Floor 2x2 (9)
4.125	8.125	-1.741	Terrain/Terrain (1)
4.125	8.625	0.250	annex building/Floor/Floor 2x2 (13)
4.125	8.625	-0.240	Pool Level/Floor/Floor 2x2 (9)
4.125	8.625	-1.741	Terrain/Terrain (1)
4.125	9.125	3.050	annex building/roof 1/Roof 2x2 corner
4.125	9.125	0.250	annex building/Floor/Floor 2x2 (13)
4.125	9.125	-0.240	Pool Level/Floor/Floor 2x2 (9)
4.125	9.125	-1.741	Terrain/Terrain (1)
4.125	9.625	3.050	annex building/roof 1/Roof 2x2 corner
4.125	9.625	0.250	annex building/Floor/Floor 2x2 (13)
4.125	9.625	-0.240	Pool Level/Floor/Floor 2x2 (9)
4.125	9.625	-1.741	Terrain/Terrain (1)
4.125	10.125	3.050	annex building/roof 1/Roof 2x2 corner
4.125	10.125	0.250	annex building/Floor/Floor 2x2 (13)
4.125	10.125	-1.741	Terrain/Terrain (1)
4.125	10.625	3.050	annex building/roof 1/Roof 2x2 corner
4.125	10.625	0.250	annex building/Floor/Floor 2x2 (3)
4.125	10.625	-1.741	Terrain/Terrain (1)
4.125	11.125	3.050	annex building/roof 1/Roof 2x2 side
4.125	11.125	0.250	annex building/Floor/Floor 2x2 (3)
4.125	11.125	-1.741	Terrain/Terrain (1)
4.125	11.625	3.050	annex building/roof 1/Roof 2x2 side
4.125	11.625	0.250	annex building/Floor/Floor 2x2 (3)
4.125	11.625	-1.741	Terrain/Terrain (1)
4.125	12.125	3.050	annex building/roof 1/Roof 2x2 side
4.125	12.125	0.250	annex building/Floor/Floor 2x2 (3)
4.125	12.125	-1.741	Terrain/Terrain (1)
4.125	12.625	3.050	annex building/roof 1/Roof 2x2 side
4.125	12.625	0.250	annex building/Floor/Floor 2x2 (7)
4.125	12.625	-1.741	Terrain/Terrain (1)
4.125	13.125	2.896	annex building/Ground Level/stairs
4.125	13.125	0.250	annex building/Floor/Floor 2x2 (7)
4.125	13.125	-1.741	Terrain/Terrain (1)
4.125	13.625	2.489	annex building/Ground Level/stairs
4.125	13.625	0.250	annex building/Floor/Floor 2x2 (7)
4.125	13.625	-1.741	Terrain/Terrain (1)
4.125	14.125	2.082	annex building/Ground Level/stairs
4.125	14.125	0.250	annex building/Floor/Floor 2x2 (7)
4.125	14.125	-1.741	Terrain/Terrain (1)
4.125	14.625	1.676	annex building/Ground Level/stairs
4.125	14.625	0.250	annex building/Floor/Floor 2x2 (11)
4.125	14.625	-1.741	Terrain/Terrain (1)
4.125	15.125	1.473	annex building/Ground Level/stairs
4.125	15.125	0.250	annex building/Floor/Floor 2x2 (11)
4.125	15.125	-1.741	Terrain/Terrain (1)
4.125	15.625	1.066	annex building/Ground Level/stairs
4.125	15.625	0.250	annex building/Floor/Floor 2x2 (11)
4.125	15.625	-1.741	Terrain/Terrain (1)
4.125	16.125	0.660	annex building/Ground Level/stairs
4.125	16.125	0.250	annex building/Floor/Floor 2x2 (11)
4.125	16.125	-1.741	Terrain/Terrain (1)
4.125	16.625	0.250	annex building/Floor/Floor 2x2 (15)
4.125	16.625	-1.741	Terrain/Terrain (1)
4.125	17.125	3.050	annex building/roof 1/Roof 2x2 side (7)
4.125	17.125	0.250	annex building/Floor/Floor 2x2 (15)
4.125	17.125	-1.741	Terrain/Terrain (1)
4.125	17.625	3.050	annex building/roof 1/Roof 2x2 side (7)
4.125	17.625	0.250	annex building/Floor/Floor 2x2 (15)
4.125	17.625	-1.741	Terrain/Terrain (1)
4.125	18.125	3.050	annex building/roof 1/Roof 2x2 side (7)
4.125	18.125	0.250	annex building/Floor/Floor 2x2 (15)
4.125	18.125	-1.741	Terrain/Terrain (1)
4.125	18.625	3.050	annex building/roof 1/Roof 2x2 side (7)
4.125	18.625	0.250	annex building/Floor/Floor 2x2 (19)
4.125	18.625	-1.741	Terrain/Terrain (1)
4.125	19.125	3.050	annex building/roof 1/Roof 2x2 side (9)
4.125	19.125	0.250	annex building/Floor/Floor 2x2 (19)
4.125	19.125	-1.741	Terrain/Terrain (1)
4.125	19.625	3.050	annex building/roof 1/Roof 2x2 side (9)
4.125	19.625	0.250	annex building/Floor/Floor 2x2 (19)
4.125	19.625	-1.741	Terrain/Terrain (1)
4.125	20.125	3.050	annex building/roof 1/Roof 2x2 side (9)
4.125	20.125	0.250	annex building/Floor/Floor 2x2 (19)
4.125	20.125	-1.745	Terrain/Terrain (1)
4.125	20.625	3.050	annex building/roof 1/Roof 2x2 side (9)
4.125	20.625	0.250	annex building/Floor/Floor 2x2 (23)
4.125	20.625	-1.750	Terrain/Terrain (1)
4.125	21.125	3.050	annex building/roof 1/Roof 2x2 side (14)
4.125	21.125	0.250	annex building/Floor/Floor 2x2 (23)
4.125	21.125	-1.781	Terrain/Terrain (1)
4.125	21.625	3.050	annex building/roof 1/Roof 2x2 side (14)
4.125	21.625	0.250	annex building/Floor/Floor 2x2 (23)
4.125	21.625	-1.826	Terrain/Terrain (1)
4.125	22.125	3.050	annex building/roof 1/Roof 2x2 side (14)
4.125	22.125	0.250	annex building/Floor/Floor 2x2 (23)
4.125	22.125	-1.880	Terrain/Terrain (1)
4.125	22.625	3.050	annex building/roof 1/Roof 2x2 side (14)
4.125	22.625	0.250	Backyard/Floor 2/Floor 2x2 (51)
4.125	22.625	-1.922	Terrain/Terrain (1)
4.125	23.125	3.050	annex building/roof 1/Roof 2x2 corner (2)
4.125	23.125	0.250	Backyard/Floor 2/Floor 2x2 (51)
4.125	23.125	-1.946	Terrain/Terrain (1)
4.125	23.625	3.050	annex building/roof 1/Roof 2x2 corner (2)
4.125	23.625	0.250	Backyard/Floor 2/Floor 2x2 (51)
4.125	23.625	-1.946	Terrain/Terrain (1)
4.125	24.125	3.050	annex building/roof 1/Roof 2x2 corner (2)
4.125	24.125	0.250	Backyard/Floor 2/Floor 2x2 (51)
4.125	24.125	-1.948	Terrain/Terrain (1)
4.125	24.625	3.050	annex building/roof 1/Roof 2x2 corner (2)
4.125	24.625	0.250	Backyard/Floor 2/Floor 2x2 (52)
4.125	24.625	-1.955	Terrain/Terrain (1)
4.125	25.125	0.250	Backyard/Floor 2/Floor 2x2 (52)
4.125	25.125	-1.974	Terrain/Terrain (1)
4.125	25.625	0.250	Backyard/Floor 2/Floor 2x2 (52)
4.125	25.625	-2.008	Terrain/Terrain (1)
4.125	26.125	0.250	Backyard/Floor 2/Floor 2x2 (52)
4.125	26.125	-2.044	Terrain/Terrain (1)
4.125	26.625	0.250	Backyard/Floor 2/Floor 2x2 (53)
4.125	26.625	-2.076	Terrain/Terrain (1)
4.125	27.125	0.250	Backyard/Floor 2/Floor 2x2 (53)
4.125	27.125	-1.974	Terrain/Terrain (1)
4.125	27.625	0.250	Backyard/Floor 2/Floor 2x2 (53)
4.125	27.625	-1.609	Terrain/Terrain (1)
4.125	28.125	0.250	Backyard/Floor 2/Floor 2x2 (53)
4.125	28.125	-1.402	Terrain/Terrain (1)
4.125	28.625	0.250	Backyard/Floor 2/Floor 2x2 (54)
4.125	29.125	0.250	Backyard/Floor 2/Floor 2x2 (54)
4.125	29.125	-0.701	Terrain/Terrain (1)
4.125	29.625	0.250	Backyard/Floor 2/Floor 2x2 (54)
4.125	29.625	-0.701	Terrain/Terrain (1)
4.125	30.125	0.250	Backyard/Floor 2/Floor 2x2 (55)
4.125	30.125	-0.701	Terrain/Terrain (1)
4.125	30.625	0.250	Backyard/Floor 2/Floor 2x2 (55)
4.125	30.625	-0.701	Terrain/Terrain (1)
4.125	31.125	0.250	Backyard/Floor 2/Floor 2x2 (55)
4.125	31.125	-0.701	Terrain/Terrain (1)
4.125	31.625	0.250	Backyard/Floor 2/Floor 2x2 (55)
4.125	31.625	-0.701	Terrain/Terrain (1)
4.125	32.125	-0.701	Terrain/Terrain (1)
4.125	32.625	-0.701	Terrain/Terrain (1)
4.625	-4.875	-0.692	Terrain/Terrain (1)
4.625	-4.375	-0.740	Terrain/Terrain (1)
4.625	-3.875	-0.939	Terrain/Terrain (1)
4.625	-3.375	-1.318	Terrain/Terrain (1)
4.625	-2.875	-0.240	Pool Level/Floor/Floor 2x2 (22)
4.625	-2.875	-1.687	Terrain/Terrain (1)
4.625	-2.375	-0.240	Pool Level/Floor/Floor 2x2 (22)
4.625	-2.375	-1.827	Terrain/Terrain (1)
4.625	-1.875	-0.240	Pool Level/Floor/Floor 2x2 (22)
4.625	-1.875	-1.813	Terrain/Terrain (1)
4.625	-1.375	-0.240	Pool Level/Floor/Floor 2x2 (22)
4.625	-1.375	-1.778	Terrain/Terrain (1)
4.625	-0.875	-1.752	Terrain/Terrain (1)
4.625	-0.375	-1.745	Terrain/Terrain (1)
4.625	0.125	-0.240	Pool Level/Floor/Floor 2x2 (18)
4.625	0.125	-1.741	Terrain/Terrain (1)
4.625	0.625	-0.240	Pool Level/Floor/Floor 2x2 (18)
4.625	0.625	-1.741	Terrain/Terrain (1)
4.625	1.125	-0.240	Pool Level/Floor/Floor 2x2 (18)
4.625	1.125	-1.741	Terrain/Terrain (1)
4.625	1.625	-0.240	Pool Level/Floor/Floor 2x2 (18)
4.625	1.625	-1.741	Terrain/Terrain (1)
4.625	2.125	-0.240	Pool Level/Floor/Floor 2x2 (17)
4.625	2.125	-1.741	Terrain/Terrain (1)
4.625	2.625	-0.240	Pool Level/Floor/Floor 2x2 (17)
4.625	2.625	-1.741	Terrain/Terrain (1)
4.625	3.125	-0.240	Pool Level/Floor/Floor 2x2 (17)
4.625	3.125	-1.741	Terrain/Terrain (1)
4.625	3.625	-0.240	Pool Level/Floor/Floor 2x2 (17)
4.625	3.625	-1.741	Terrain/Terrain (1)
4.625	4.125	-0.240	Pool Level/Floor/Floor 2x2 (1)
4.625	4.125	-1.741	Terrain/Terrain (1)
4.625	4.625	-0.240	Pool Level/Floor/Floor 2x2 (1)
4.625	4.625	-1.741	Terrain/Terrain (1)
4.625	5.125	-0.240	Pool Level/Floor/Floor 2x2 (1)
4.625	5.125	-1.741	Terrain/Terrain (1)
4.625	5.625	-0.240	Pool Level/Floor/Floor 2x2 (1)
4.625	5.625	-1.741	Terrain/Terrain (1)
4.625	6.125	-0.240	Pool Level/Floor/Floor 2x2 (5)
4.625	6.125	-1.741	Terrain/Terrain (1)
4.625	6.625	-0.240	Pool Level/Floor/Floor 2x2 (5)
4.625	6.625	-1.741	Terrain/Terrain (1)
4.625	7.125	-0.240	Pool Level/Floor/Floor 2x2 (5)
4.625	7.125	-1.741	Terrain/Terrain (1)
4.625	7.625	0.250	annex building/Floor/Floor 1x1 (18)
4.625	7.625	-0.240	Pool Level/Floor/Floor 2x2 (5)
4.625	7.625	-1.741	Terrain/Terrain (1)
4.625	8.125	0.250	annex building/Floor/Floor 1x1 (18)
4.625	8.125	-0.240	Pool Level/Floor/Floor 2x2 (9)
4.625	8.125	-1.741	Terrain/Terrain (1)
4.625	8.625	0.250	annex building/Floor/Floor 2x2 (13)
4.625	8.625	-0.240	Pool Level/Floor/Floor 2x2 (9)
4.625	8.625	-1.741	Terrain/Terrain (1)
4.625	9.125	3.050	annex building/roof 1/Roof 2x2 corner
4.625	9.125	0.250	annex building/Floor/Floor 2x2 (13)
4.625	9.125	-0.240	Pool Level/Floor/Floor 2x2 (9)
4.625	9.125	-1.741	Terrain/Terrain (1)
4.625	9.625	3.050	annex building/roof 1/Roof 2x2 corner
4.625	9.625	0.250	annex building/Floor/Floor 2x2 (13)
4.625	9.625	-0.240	Pool Level/Floor/Floor 2x2 (9)
4.625	9.625	-1.741	Terrain/Terrain (1)
4.625	10.125	3.050	annex building/roof 1/Roof 2x2 corner
4.625	10.125	0.250	annex building/Floor/Floor 2x2 (13)
4.625	10.125	-1.741	Terrain/Terrain (1)
4.625	10.625	3.050	annex building/roof 1/Roof 2x2 corner
4.625	10.625	0.250	annex building/Floor/Floor 2x2 (3)
4.625	10.625	-1.741	Terrain/Terrain (1)
4.625	11.125	3.050	annex building/roof 1/Roof 2x2 side
4.625	11.125	0.250	annex building/Floor/Floor 2x2 (3)
4.625	11.125	-1.741	Terrain/Terrain (1)
4.625	11.625	3.050	annex building/roof 1/Roof 2x2 side
4.625	11.625	0.250	annex building/Floor/Floor 2x2 (3)
4.625	11.625	-1.741	Terrain/Terrain (1)
4.625	12.125	3.050	annex building/roof 1/Roof 2x2 side
4.625	12.125	0.250	annex building/Floor/Floor 2x2 (3)
4.625	12.125	-1.741	Terrain/Terrain (1)
4.625	12.625	3.050	annex building/roof 1/Roof 2x2 side
4.625	12.625	0.250	annex building/Floor/Floor 2x2 (7)
4.625	12.625	-1.741	Terrain/Terrain (1)
4.625	13.125	0.250	annex building/Floor/Floor 2x2 (7)
4.625	13.125	-1.741	Terrain/Terrain (1)
4.625	13.625	0.250	annex building/Floor/Floor 2x2 (7)
4.625	13.625	-1.741	Terrain/Terrain (1)
4.625	14.125	0.250	annex building/Floor/Floor 2x2 (7)
4.625	14.125	-1.741	Terrain/Terrain (1)
4.625	14.625	0.250	annex building/Floor/Floor 2x2 (11)
4.625	14.625	-1.741	Terrain/Terrain (1)
4.625	15.125	0.250	annex building/Floor/Floor 2x2 (11)
4.625	15.125	-1.741	Terrain/Terrain (1)
4.625	15.625	0.250	annex building/Floor/Floor 2x2 (11)
4.625	15.625	-1.741	Terrain/Terrain (1)
4.625	16.125	0.250	annex building/Floor/Floor 2x2 (11)
4.625	16.125	-1.741	Terrain/Terrain (1)
4.625	16.625	0.250	annex building/Floor/Floor 2x2 (15)
4.625	16.625	-1.741	Terrain/Terrain (1)
4.625	17.125	3.050	annex building/roof 1/Roof 2x2 side (7)
4.625	17.125	0.250	annex building/Floor/Floor 2x2 (15)
4.625	17.125	-1.741	Terrain/Terrain (1)
4.625	17.625	3.050	annex building/roof 1/Roof 2x2 side (7)
4.625	17.625	0.250	annex building/Floor/Floor 2x2 (15)
4.625	17.625	-1.741	Terrain/Terrain (1)
4.625	18.125	3.050	annex building/roof 1/Roof 2x2 side (7)
4.625	18.125	0.250	annex building/Floor/Floor 2x2 (15)
4.625	18.125	-1.741	Terrain/Terrain (1)
4.625	18.625	3.050	annex building/roof 1/Roof 2x2 side (7)
4.625	18.625	0.250	annex building/Floor/Floor 2x2 (19)
4.625	18.625	-1.741	Terrain/Terrain (1)
4.625	19.125	3.050	annex building/roof 1/Roof 2x2 side (9)
4.625	19.125	0.250	annex building/Floor/Floor 2x2 (19)
4.625	19.125	-1.741	Terrain/Terrain (1)
4.625	19.625	3.050	annex building/roof 1/Roof 2x2 side (9)
4.625	19.625	0.250	annex building/Floor/Floor 2x2 (19)
4.625	19.625	-1.741	Terrain/Terrain (1)
4.625	20.125	3.050	annex building/roof 1/Roof 2x2 side (9)
4.625	20.125	0.250	annex building/Floor/Floor 2x2 (19)
4.625	20.125	-1.741	Terrain/Terrain (1)
4.625	20.625	3.050	annex building/roof 1/Roof 2x2 side (9)
4.625	20.625	0.250	annex building/Floor/Floor 2x2 (23)
4.625	20.625	-1.744	Terrain/Terrain (1)
4.625	21.125	3.050	annex building/roof 1/Roof 2x2 side (14)
4.625	21.125	0.250	annex building/Floor/Floor 2x2 (23)
4.625	21.125	-1.749	Terrain/Terrain (1)
4.625	21.625	3.050	annex building/roof 1/Roof 2x2 side (14)
4.625	21.625	0.250	annex building/Floor/Floor 2x2 (23)
4.625	21.625	-1.782	Terrain/Terrain (1)
4.625	22.125	3.050	annex building/roof 1/Roof 2x2 side (14)
4.625	22.125	0.250	annex building/Floor/Floor 2x2 (23)
4.625	22.125	-1.831	Terrain/Terrain (1)
4.625	22.625	3.050	annex building/roof 1/Roof 2x2 side (14)
4.625	22.625	0.250	Backyard/Floor 2/Floor 2x2 (51)
4.625	22.625	-1.884	Terrain/Terrain (1)
4.625	23.125	3.050	annex building/roof 1/Roof 2x2 corner (2)
4.625	23.125	0.250	Backyard/Floor 2/Floor 2x2 (51)
4.625	23.125	-1.927	Terrain/Terrain (1)
4.625	23.625	3.050	annex building/roof 1/Roof 2x2 corner (2)
4.625	23.625	0.250	Backyard/Floor 2/Floor 2x2 (51)
4.625	23.625	-1.946	Terrain/Terrain (1)
4.625	24.125	3.050	annex building/roof 1/Roof 2x2 corner (2)
4.625	24.125	0.250	Backyard/Floor 2/Floor 2x2 (51)
4.625	24.125	-1.946	Terrain/Terrain (1)
4.625	24.625	3.050	annex building/roof 1/Roof 2x2 corner (2)
4.625	24.625	0.250	Backyard/Floor 2/Floor 2x2 (52)
4.625	24.625	-1.948	Terrain/Terrain (1)
4.625	25.125	0.250	Backyard/Floor 2/Floor 2x2 (52)
4.625	25.125	-1.954	Terrain/Terrain (1)
4.625	25.625	0.250	Backyard/Floor 2/Floor 2x2 (52)
4.625	25.625	-1.973	Terrain/Terrain (1)
4.625	26.125	0.250	Backyard/Floor 2/Floor 2x2 (52)
4.625	26.125	-2.008	Terrain/Terrain (1)
4.625	26.625	0.250	Backyard/Floor 2/Floor 2x2 (53)
4.625	26.625	-2.045	Terrain/Terrain (1)
4.625	27.125	0.250	Backyard/Floor 2/Floor 2x2 (53)
4.625	27.125	-2.018	Terrain/Terrain (1)
4.625	27.625	0.250	Backyard/Floor 2/Floor 2x2 (53)
4.625	27.625	-1.656	Terrain/Terrain (1)
4.625	28.125	0.250	Backyard/Floor 2/Floor 2x2 (53)
4.625	28.125	-1.421	Terrain/Terrain (1)
4.625	28.625	0.250	Backyard/Floor 2/Floor 2x2 (54)
4.625	28.625	-1.089	Terrain/Terrain (1)
4.625	29.125	0.250	Backyard/Floor 2/Floor 2x2 (54)
4.625	29.125	-0.701	Terrain/Terrain (1)
4.625	29.625	0.250	Backyard/Floor 2/Floor 2x2 (54)
4.625	29.625	-0.701	Terrain/Terrain (1)
4.625	30.125	0.250	Backyard/Floor 2/Floor 2x2 (55)
4.625	30.125	-0.701	Terrain/Terrain (1)
4.625	30.625	0.250	Backyard/Floor 2/Floor 2x2 (55)
4.625	30.625	-0.701	Terrain/Terrain (1)
4.625	31.125	0.250	Backyard/Floor 2/Floor 2x2 (55)
4.625	31.125	-0.701	Terrain/Terrain (1)
4.625	31.625	0.250	Backyard/Floor 2/Floor 2x2 (55)
4.625	31.625	-0.701	Terrain/Terrain (1)
4.625	32.125	-0.701	Terrain/Terrain (1)
4.625	32.625	-0.701	Terrain/Terrain (1)
5.125	-4.875	-0.629	Terrain/Terrain (1)
5.125	-4.375	-0.732	Terrain/Terrain (1)
5.125	-3.875	-0.951	Terrain/Terrain (1)
5.125	-3.375	-1.358	Terrain/Terrain (1)
5.125	-2.875	-0.230	Pool Level/Pool/Pool Corner Top (1)
5.125	-2.875	-1.250	Pool Level/Pool/Bottom/Pool Bottom (21)
5.125	-2.875	-1.709	Terrain/Terrain (1)
5.125	-2.375	-0.230	Pool Level/Pool/Pool Corner Top (1)
5.125	-2.375	-1.250	Pool Level/Pool/Bottom/Pool Bottom (21)
5.125	-2.375	-1.808	Terrain/Terrain (1)
5.125	-1.875	-0.230	Pool Level/Pool/pool straight top (7)
5.125	-1.875	-1.250	Pool Level/Pool/Bottom/Pool Bottom (17)
5.125	-1.875	-1.779	Terrain/Terrain (1)
5.125	-1.375	-0.230	Pool Level/Pool/pool straight top (7)
5.125	-1.375	-1.250	Pool Level/Pool/Bottom/Pool Bottom (17)
5.125	-1.375	-1.752	Terrain/Terrain (1)
5.125	-0.875	-0.230	Pool Level/Pool/pool straight top (8)
5.125	-0.875	-1.250	Pool Level/Pool/Bottom/Pool Bottom (1)
5.125	-0.875	-1.745	Terrain/Terrain (1)
5.125	-0.375	-0.230	Pool Level/Pool/pool straight top (8)
5.125	-0.375	-1.250	Pool Level/Pool/Bottom/Pool Bottom (1)
5.125	-0.375	-1.741	Terrain/Terrain (1)
5.125	0.125	-0.230	Pool Level/Pool/pool straight top (1)
5.125	0.125	-1.250	Pool Level/Pool/Bottom/Pool Bottom (5)
5.125	0.125	-1.741	Terrain/Terrain (1)
5.125	0.625	-0.230	Pool Level/Pool/pool straight top (1)
5.125	0.625	-1.250	Pool Level/Pool/Bottom/Pool Bottom (5)
5.125	0.625	-1.741	Terrain/Terrain (1)
5.125	1.125	-0.230	Pool Level/Pool/pool straight top (2)
5.125	1.125	-1.250	Pool Level/Pool/Bottom/Pool Bottom (9)
5.125	1.125	-1.741	Terrain/Terrain (1)
5.125	1.625	-0.230	Pool Level/Pool/pool straight top (2)
5.125	1.625	-1.250	Pool Level/Pool/Bottom/Pool Bottom (9)
5.125	1.625	-1.741	Terrain/Terrain (1)
5.125	2.125	-0.230	Pool Level/Pool/Pool Corner Top
5.125	2.125	-1.250	Pool Level/Pool/Bottom/Pool Bottom (13)
5.125	2.125	-1.741	Terrain/Terrain (1)
5.125	2.625	-0.230	Pool Level/Pool/Pool Corner Top
5.125	2.625	-1.250	Pool Level/Pool/Bottom/Pool Bottom (13)
5.125	2.625	-1.741	Terrain/Terrain (1)
5.125	3.125	-0.240	Pool Level/Floor/Floor 2x2 (17)
5.125	3.125	-1.741	Terrain/Terrain (1)
5.125	3.625	-0.240	Pool Level/Floor/Floor 2x2 (17)
5.125	3.625	-1.741	Terrain/Terrain (1)
5.125	4.125	-0.240	Pool Level/Floor/Floor 2x2 (1)
5.125	4.125	-1.741	Terrain/Terrain (1)
5.125	4.625	-0.240	Pool Level/Floor/Floor 2x2 (1)
5.125	4.625	-1.741	Terrain/Terrain (1)
5.125	5.125	-0.240	Pool Level/Floor/Floor 2x2 (1)
5.125	5.125	-1.741	Terrain/Terrain (1)
5.125	5.625	-0.240	Pool Level/Floor/Floor 2x2 (1)
5.125	5.625	-1.741	Terrain/Terrain (1)
5.125	6.125	-0.240	Pool Level/Floor/Floor 2x2 (5)
5.125	6.125	-1.741	Terrain/Terrain (1)
5.125	6.625	-0.240	Pool Level/Floor/Floor 2x2 (5)
5.125	6.625	-1.741	Terrain/Terrain (1)
5.125	7.125	-0.240	Pool Level/Floor/Floor 2x2 (5)
5.125	7.125	-1.741	Terrain/Terrain (1)
5.125	7.625	0.250	annex building/Floor/Floor 1x1 (19)
5.125	7.625	-0.240	Pool Level/Floor/Floor 2x2 (5)
5.125	7.625	-1.741	Terrain/Terrain (1)
5.125	8.125	0.250	annex building/Floor/Floor 1x1 (19)
5.125	8.125	-0.240	Pool Level/Floor/Floor 2x2 (8)
5.125	8.125	-1.741	Terrain/Terrain (1)
5.125	8.625	0.250	annex building/Floor/Floor 2x2 (12)
5.125	8.625	-0.240	Pool Level/Floor/Floor 2x2 (8)
5.125	8.625	-1.741	Terrain/Terrain (1)
5.125	9.125	3.050	annex building/roof 1/Roof 2x2 corner
5.125	9.125	0.250	annex building/Floor/Floor 2x2 (12)
5.125	9.125	-0.240	Pool Level/Floor/Floor 2x2 (8)
5.125	9.125	-1.741	Terrain/Terrain (1)
5.125	9.625	3.050	annex building/roof 1/Roof 2x2 corner
5.125	9.625	0.250	annex building/Floor/Floor 2x2 (12)
5.125	9.625	-0.240	Pool Level/Floor/Floor 2x2 (8)
5.125	9.625	-1.741	Terrain/Terrain (1)
5.125	10.125	3.050	annex building/roof 1/Roof 2x2 corner
5.125	10.125	0.250	annex building/Floor/Floor 2x2 (12)
5.125	10.125	-1.741	Terrain/Terrain (1)
5.125	10.625	3.050	annex building/roof 1/Roof 2x2 corner
5.125	10.625	0.250	annex building/Floor/Floor 2x2 (2)
5.125	10.625	-1.741	Terrain/Terrain (1)
5.125	11.125	3.050	annex building/roof 1/Roof 2x2 side
5.125	11.125	0.250	annex building/Floor/Floor 2x2 (2)
5.125	11.125	-1.741	Terrain/Terrain (1)
5.125	11.625	3.050	annex building/roof 1/Roof 2x2 side
5.125	11.625	0.250	annex building/Floor/Floor 2x2 (2)
5.125	11.625	-1.741	Terrain/Terrain (1)
5.125	12.125	3.050	annex building/roof 1/Roof 2x2 side
5.125	12.125	0.250	annex building/Floor/Floor 2x2 (2)
5.125	12.125	-1.741	Terrain/Terrain (1)
5.125	12.625	3.050	annex building/roof 1/Roof 2x2 side
5.125	12.625	0.250	annex building/Floor/Floor 2x2 (6)
5.125	12.625	-1.741	Terrain/Terrain (1)
5.125	13.125	0.250	annex building/Floor/Floor 2x2 (6)
5.125	13.125	-1.741	Terrain/Terrain (1)
5.125	13.625	0.250	annex building/Floor/Floor 2x2 (6)
5.125	13.625	-1.741	Terrain/Terrain (1)
5.125	14.125	0.250	annex building/Floor/Floor 2x2 (6)
5.125	14.125	-1.741	Terrain/Terrain (1)
5.125	14.625	0.250	annex building/Floor/Floor 2x2 (10)
5.125	14.625	-1.741	Terrain/Terrain (1)
5.125	15.125	0.250	annex building/Floor/Floor 2x2 (10)
5.125	15.125	-1.741	Terrain/Terrain (1)
5.125	15.625	0.250	annex building/Floor/Floor 2x2 (10)
5.125	15.625	-1.741	Terrain/Terrain (1)
5.125	16.125	0.250	annex building/Floor/Floor 2x2 (10)
5.125	16.125	-1.741	Terrain/Terrain (1)
5.125	16.625	0.250	annex building/Floor/Floor 2x2 (14)
5.125	16.625	-1.741	Terrain/Terrain (1)
5.125	17.125	3.050	annex building/roof 1/Roof 2x2 side (7)
5.125	17.125	0.250	annex building/Floor/Floor 2x2 (14)
5.125	17.125	-1.741	Terrain/Terrain (1)
5.125	17.625	3.050	annex building/roof 1/Roof 2x2 side (7)
5.125	17.625	0.250	annex building/Floor/Floor 2x2 (14)
5.125	17.625	-1.741	Terrain/Terrain (1)
5.125	18.125	3.050	annex building/roof 1/Roof 2x2 side (7)
5.125	18.125	0.250	annex building/Floor/Floor 2x2 (14)
5.125	18.125	-1.741	Terrain/Terrain (1)
5.125	18.625	3.050	annex building/roof 1/Roof 2x2 side (7)
5.125	18.625	0.250	annex building/Floor/Floor 2x2 (18)
5.125	18.625	-1.741	Terrain/Terrain (1)
5.125	19.125	3.050	annex building/roof 1/Roof 2x2 side (9)
5.125	19.125	0.250	annex building/Floor/Floor 2x2 (18)
5.125	19.125	-1.741	Terrain/Terrain (1)
5.125	19.625	3.050	annex building/roof 1/Roof 2x2 side (9)
5.125	19.625	0.250	annex building/Floor/Floor 2x2 (18)
5.125	19.625	-1.741	Terrain/Terrain (1)
5.125	20.125	3.050	annex building/roof 1/Roof 2x2 side (9)
5.125	20.125	0.250	annex building/Floor/Floor 2x2 (18)
5.125	20.125	-1.741	Terrain/Terrain (1)
5.125	20.625	3.050	annex building/roof 1/Roof 2x2 side (9)
5.125	20.625	0.250	annex building/Floor/Floor 2x2 (22)
5.125	20.625	-1.741	Terrain/Terrain (1)
5.125	21.125	3.050	annex building/roof 1/Roof 2x2 side (14)
5.125	21.125	0.250	annex building/Floor/Floor 2x2 (22)
5.125	21.125	-1.745	Terrain/Terrain (1)
5.125	21.625	3.050	annex building/roof 1/Roof 2x2 side (14)
5.125	21.625	0.250	annex building/Floor/Floor 2x2 (22)
5.125	21.625	-1.753	Terrain/Terrain (1)
5.125	22.125	3.050	annex building/roof 1/Roof 2x2 side (14)
5.125	22.125	0.250	annex building/Floor/Floor 2x2 (22)
5.125	22.125	-1.786	Terrain/Terrain (1)
5.125	22.625	3.050	annex building/roof 1/Roof 2x2 side (14)
5.125	22.625	0.250	Backyard/Floor 2/Floor 2x2 (51)
5.125	22.625	-1.838	Terrain/Terrain (1)
5.125	23.125	3.050	annex building/roof 1/Roof 2x2 corner (2)
5.125	23.125	0.250	Backyard/Floor 2/Floor 2x2 (51)
5.125	23.125	-1.893	Terrain/Terrain (1)
5.125	23.625	3.050	annex building/roof 1/Roof 2x2 corner (2)
5.125	23.625	0.250	Backyard/Floor 2/Floor 2x2 (51)
5.125	23.625	-1.932	Terrain/Terrain (1)
5.125	24.125	3.050	annex building/roof 1/Roof 2x2 corner (2)
5.125	24.125	0.250	Backyard/Floor 2/Floor 2x2 (51)
5.125	24.125	-1.946	Terrain/Terrain (1)
5.125	24.625	3.050	annex building/roof 1/Roof 2x2 corner (2)
5.125	24.625	0.250	Backyard/Floor 2/Floor 2x2 (52)
5.125	24.625	-1.946	Terrain/Terrain (1)
5.125	25.125	0.250	Backyard/Floor 2/Floor 2x2 (52)
5.125	25.125	-1.947	Terrain/Terrain (1)
5.125	25.625	0.250	Backyard/Floor 2/Floor 2x2 (52)
5.125	25.625	-1.954	Terrain/Terrain (1)
5.125	26.125	0.250	Backyard/Floor 2/Floor 2x2 (52)
5.125	26.125	-1.976	Terrain/Terrain (1)
5.125	26.625	0.250	Backyard/Floor 2/Floor 2x2 (53)
5.125	26.625	-2.009	Terrain/Terrain (1)
5.125	27.125	0.250	Backyard/Floor 2/Floor 2x2 (53)
5.125	27.125	-2.026	Terrain/Terrain (1)
5.125	27.625	0.250	Backyard/Floor 2/Floor 2x2 (53)
5.125	27.625	-1.714	Terrain/Terrain (1)
5.125	28.125	0.250	Backyard/Floor 2/Floor 2x2 (53)
5.125	28.125	-1.470	Terrain/Terrain (1)
5.125	28.625	0.250	Backyard/Floor 2/Floor 2x2 (54)
5.125	28.625	-1.107	Terrain/Terrain (1)
5.125	29.125	0.250	Backyard/Floor 2/Floor 2x2 (54)
5.125	29.125	-0.745	Terrain/Terrain (1)
5.125	29.625	0.250	Backyard/Floor 2/Floor 2x2 (54)
5.125	29.625	-0.701	Terrain/Terrain (1)
5.125	30.125	0.250	Backyard/Floor 2/Floor 2x2 (55)
5.125	30.125	-0.701	Terrain/Terrain (1)
5.125	30.625	0.250	Backyard/Floor 2/Floor 2x2 (55)
5.125	30.625	-0.701	Terrain/Terrain (1)
5.125	31.125	0.250	Backyard/Floor 2/Floor 2x2 (55)
5.125	31.125	-0.701	Terrain/Terrain (1)
5.125	31.625	0.250	Backyard/Floor 2/Floor 2x2 (55)
5.125	31.625	-0.701	Terrain/Terrain (1)
5.125	32.125	-0.701	Terrain/Terrain (1)
5.125	32.625	-0.701	Terrain/Terrain (1)
5.625	-4.875	-0.520	Terrain/Terrain (1)
5.625	-4.375	-0.687	Terrain/Terrain (1)
5.625	-3.875	-0.926	Terrain/Terrain (1)
5.625	-3.375	-1.346	Terrain/Terrain (1)
5.625	-2.875	-0.230	Pool Level/Pool/Pool Corner Top (1)
5.625	-2.875	-1.250	Pool Level/Pool/Bottom/Pool Bottom (21)
5.625	-2.875	-1.687	Terrain/Terrain (1)
5.625	-2.375	-1.250	Pool Level/Pool/Bottom/Pool Bottom (21)
5.625	-2.375	-1.779	Terrain/Terrain (1)
5.625	-1.875	-1.250	Pool Level/Pool/Bottom/Pool Bottom (17)
5.625	-1.875	-1.755	Terrain/Terrain (1)
5.625	-1.375	-1.250	Pool Level/Pool/Bottom/Pool Bottom (17)
5.625	-1.375	-1.745	Terrain/Terrain (1)
5.625	-0.875	-1.250	Pool Level/Pool/Bottom/Pool Bottom (1)
5.625	-0.875	-1.741	Terrain/Terrain (1)
5.625	-0.375	-1.250	Pool Level/Pool/Bottom/Pool Bottom (1)
5.625	-0.375	-1.741	Terrain/Terrain (1)
5.625	0.125	-1.250	Pool Level/Pool/Bottom/Pool Bottom (5)
5.625	0.125	-1.741	Terrain/Terrain (1)
5.625	0.625	-1.250	Pool Level/Pool/Bottom/Pool Bottom (5)
5.625	0.625	-1.741	Terrain/Terrain (1)
5.625	1.125	-1.250	Pool Level/Pool/Bottom/Pool Bottom (9)
5.625	1.125	-1.741	Terrain/Terrain (1)
5.625	1.625	-1.250	Pool Level/Pool/Bottom/Pool Bottom (9)
5.625	1.625	-1.741	Terrain/Terrain (1)
5.625	2.125	-1.250	Pool Level/Pool/Bottom/Pool Bottom (13)
5.625	2.125	-1.741	Terrain/Terrain (1)
5.625	2.625	-0.230	Pool Level/Pool/Pool Corner Top
5.625	2.625	-1.250	Pool Level/Pool/Bottom/Pool Bottom (13)
5.625	2.625	-1.741	Terrain/Terrain (1)
5.625	3.125	-1.741	Terrain/Terrain (1)
5.625	3.625	-1.741	Terrain/Terrain (1)
5.625	4.125	-0.240	Pool Level/Floor/Floor 2x2
5.625	4.125	-1.741	Terrain/Terrain (1)
5.625	4.625	-0.240	Pool Level/Floor/Floor 2x2
5.625	4.625	-1.741	Terrain/Terrain (1)
5.625	5.125	-0.240	Pool Level/Floor/Floor 2x2
5.625	5.125	-1.741	Terrain/Terrain (1)
5.625	5.625	-0.240	Pool Level/Floor/Floor 2x2
5.625	5.625	-1.741	Terrain/Terrain (1)
5.625	6.125	-0.240	Pool Level/Floor/Floor 2x2 (4)
5.625	6.125	-1.741	Terrain/Terrain (1)
5.625	6.625	-0.240	Pool Level/Floor/Floor 2x2 (4)
5.625	6.625	-1.741	Terrain/Terrain (1)
5.625	7.125	-0.240	Pool Level/Floor/Floor 2x2 (4)
5.625	7.125	-1.741	Terrain/Terrain (1)
5.625	7.625	0.250	annex building/Floor/Floor 1x1 (19)
5.625	7.625	-0.240	Pool Level/Floor/Floor 2x2 (4)
5.625	7.625	-1.741	Terrain/Terrain (1)
5.625	8.125	0.250	annex building/Floor/Floor 1x1 (19)
5.625	8.125	-0.240	Pool Level/Floor/Floor 2x2 (8)
5.625	8.125	-1.741	Terrain/Terrain (1)
5.625	8.625	0.250	annex building/Floor/Floor 2x2 (12)
5.625	8.625	-0.240	Pool Level/Floor/Floor 2x2 (8)
5.625	8.625	-1.741	Terrain/Terrain (1)
5.625	9.125	3.050	annex building/roof 1/Roof 2x2 side (2)
5.625	9.125	0.250	annex building/Floor/Floor 2x2 (12)
5.625	9.125	-0.240	Pool Level/Floor/Floor 2x2 (8)
5.625	9.125	-1.741	Terrain/Terrain (1)
5.625	9.625	3.050	annex building/roof 1/Roof 2x2 side (2)
5.625	9.625	0.250	annex building/Floor/Floor 2x2 (12)
5.625	9.625	-0.240	Pool Level/Floor/Floor 2x2 (8)
5.625	9.625	-1.741	Terrain/Terrain (1)
5.625	10.125	3.050	annex building/roof 1/Roof 2x2 side (2)
5.625	10.125	0.250	annex building/Floor/Floor 2x2 (12)
5.625	10.125	-1.741	Terrain/Terrain (1)
5.625	10.625	3.050	annex building/roof 1/Roof 2x2 side (2)
5.625	10.625	0.250	annex building/Floor/Floor 2x2 (2)
5.625	10.625	-1.741	Terrain/Terrain (1)
5.625	11.125	3.050	annex building/roof 1/Roof 2x2
5.625	11.125	0.250	annex building/Floor/Floor 2x2 (2)
5.625	11.125	-1.741	Terrain/Terrain (1)
5.625	11.625	3.050	annex building/roof 1/Roof 2x2
5.625	11.625	0.250	annex building/Floor/Floor 2x2 (2)
5.625	11.625	-1.741	Terrain/Terrain (1)
5.625	12.125	3.050	annex building/roof 1/Roof 2x2
5.625	12.125	0.250	annex building/Floor/Floor 2x2 (2)
5.625	12.125	-1.741	Terrain/Terrain (1)
5.625	12.625	3.050	annex building/roof 1/Roof 2x2
5.625	12.625	0.250	annex building/Floor/Floor 2x2 (6)
5.625	12.625	-1.741	Terrain/Terrain (1)
5.625	13.125	3.050	annex building/roof 1/Roof 2x2 (1)
5.625	13.125	0.250	annex building/Floor/Floor 2x2 (6)
5.625	13.125	-1.741	Terrain/Terrain (1)
5.625	13.625	3.050	annex building/roof 1/Roof 2x2 (1)
5.625	13.625	0.250	annex building/Floor/Floor 2x2 (6)
5.625	13.625	-1.741	Terrain/Terrain (1)
5.625	14.125	3.050	annex building/roof 1/Roof 2x2 (1)
5.625	14.125	0.250	annex building/Floor/Floor 2x2 (6)
5.625	14.125	-1.741	Terrain/Terrain (1)
5.625	14.625	3.050	annex building/roof 1/Roof 2x2 (1)
5.625	14.625	0.250	annex building/Floor/Floor 2x2 (10)
5.625	14.625	-1.741	Terrain/Terrain (1)
5.625	15.125	3.050	annex building/roof 1/Roof 2x2 (12)
5.625	15.125	0.250	annex building/Floor/Floor 2x2 (10)
5.625	15.125	-1.741	Terrain/Terrain (1)
5.625	15.625	3.050	annex building/roof 1/Roof 2x2 (12)
5.625	15.625	0.250	annex building/Floor/Floor 2x2 (10)
5.625	15.625	-1.741	Terrain/Terrain (1)
5.625	16.125	3.050	annex building/roof 1/Roof 2x2 (12)
5.625	16.125	0.250	annex building/Floor/Floor 2x2 (10)
5.625	16.125	-1.741	Terrain/Terrain (1)
5.625	16.625	3.050	annex building/roof 1/Roof 2x2 (12)
5.625	16.625	0.250	annex building/Floor/Floor 2x2 (14)
5.625	16.625	-1.741	Terrain/Terrain (1)
5.625	17.125	3.050	annex building/roof 1/Roof 2x2 (3)
5.625	17.125	0.250	annex building/Floor/Floor 2x2 (14)
5.625	17.125	-1.741	Terrain/Terrain (1)
5.625	17.625	3.050	annex building/roof 1/Roof 2x2 (3)
5.625	17.625	0.250	annex building/Floor/Floor 2x2 (14)
5.625	17.625	-1.741	Terrain/Terrain (1)
5.625	18.125	3.050	annex building/roof 1/Roof 2x2 (3)
5.625	18.125	0.250	annex building/Floor/Floor 2x2 (14)
5.625	18.125	-1.741	Terrain/Terrain (1)
5.625	18.625	3.050	annex building/roof 1/Roof 2x2 (3)
5.625	18.625	0.250	annex building/Floor/Floor 2x2 (18)
5.625	18.625	-1.741	Terrain/Terrain (1)
5.625	19.125	3.050	annex building/roof 1/Roof 2x2 (4)
5.625	19.125	0.250	annex building/Floor/Floor 2x2 (18)
5.625	19.125	-1.741	Terrain/Terrain (1)
5.625	19.625	3.050	annex building/roof 1/Roof 2x2 (4)
5.625	19.625	0.250	annex building/Floor/Floor 2x2 (18)
5.625	19.625	-1.741	Terrain/Terrain (1)
5.625	20.125	3.050	annex building/roof 1/Roof 2x2 (4)
5.625	20.125	0.250	annex building/Floor/Floor 2x2 (18)
5.625	20.125	-1.741	Terrain/Terrain (1)
5.625	20.625	3.050	annex building/roof 1/Roof 2x2 (4)
5.625	20.625	0.250	annex building/Floor/Floor 2x2 (22)
5.625	20.625	-1.741	Terrain/Terrain (1)
5.625	21.125	3.050	annex building/roof 1/Roof 2x2 (10)
5.625	21.125	0.250	annex building/Floor/Floor 2x2 (22)
5.625	21.125	-1.741	Terrain/Terrain (1)
5.625	21.625	3.050	annex building/roof 1/Roof 2x2 (10)
5.625	21.625	0.250	annex building/Floor/Floor 2x2 (22)
5.625	21.625	-1.746	Terrain/Terrain (1)
5.625	22.125	3.050	annex building/roof 1/Roof 2x2 (10)
5.625	22.125	0.250	annex building/Floor/Floor 2x2 (22)
5.625	22.125	-1.755	Terrain/Terrain (1)
5.625	22.625	3.050	annex building/roof 1/Roof 2x2 (10)
5.625	22.625	0.250	Backyard/Floor 2/Floor 2x2 (51)
5.625	22.625	-1.793	Terrain/Terrain (1)
5.625	23.125	3.050	annex building/roof 1/Roof 2x2 side (11)
5.625	23.125	0.250	Backyard/Floor 2/Floor 2x2 (51)
5.625	23.125	-1.848	Terrain/Terrain (1)
5.625	23.625	3.050	annex building/roof 1/Roof 2x2 side (11)
5.625	23.625	0.250	Backyard/Floor 2/Floor 2x2 (51)
5.625	23.625	-1.904	Terrain/Terrain (1)
5.625	24.125	3.050	annex building/roof 1/Roof 2x2 side (11)
5.625	24.125	0.250	Backyard/Floor 2/Floor 2x2 (51)
5.625	24.125	-1.938	Terrain/Terrain (1)
5.625	24.625	3.050	annex building/roof 1/Roof 2x2 side (11)
5.625	24.625	0.250	Backyard/Floor 2/Floor 2x2 (52)
5.625	24.625	-1.946	Terrain/Terrain (1)
5.625	25.125	0.250	Backyard/Floor 2/Floor 2x2 (52)
5.625	25.125	-1.946	Terrain/Terrain (1)
5.625	25.625	0.250	Backyard/Floor 2/Floor 2x2 (52)
5.625	25.625	-1.948	Terrain/Terrain (1)
5.625	26.125	0.250	Backyard/Floor 2/Floor 2x2 (52)
5.625	26.125	-1.955	Terrain/Terrain (1)
5.625	26.625	0.250	Backyard/Floor 2/Floor 2x2 (53)
5.625	26.625	-1.977	Terrain/Terrain (1)
5.625	27.125	0.250	Backyard/Floor 2/Floor 2x2 (53)
5.625	27.125	-2.012	Terrain/Terrain (1)
5.625	27.625	0.250	Backyard/Floor 2/Floor 2x2 (53)
5.625	27.625	-1.803	Terrain/Terrain (1)
5.625	28.125	0.250	Backyard/Floor 2/Floor 2x2 (53)
5.625	28.125	-1.513	Terrain/Terrain (1)
5.625	28.625	0.250	Backyard/Floor 2/Floor 2x2 (54)
5.625	28.625	-1.125	Terrain/Terrain (1)
5.625	29.125	0.250	Backyard/Floor 2/Floor 2x2 (54)
5.625	29.125	-0.822	Terrain/Terrain (1)
5.625	29.625	0.250	Backyard/Floor 2/Floor 2x2 (54)
5.625	29.625	-0.701	Terrain/Terrain (1)
5.625	30.125	0.250	Backyard/Floor 2/Floor 2x2 (55)
5.625	30.125	-0.701	Terrain/Terrain (1)
5.625	30.625	0.250	Backyard/Floor 2/Floor 2x2 (55)
5.625	30.625	-0.701	Terrain/Terrain (1)
5.625	31.125	0.250	Backyard/Floor 2/Floor 2x2 (55)
5.625	31.125	-0.701	Terrain/Terrain (1)
5.625	31.625	0.250	Backyard/Floor 2/Floor 2x2 (55)
5.625	31.625	-0.701	Terrain/Terrain (1)
5.625	32.125	-0.701	Terrain/Terrain (1)
5.625	32.625	-0.701	Terrain/Terrain (1)
6.125	-4.875	-0.440	Terrain/Terrain (1)
6.125	-4.375	-0.649	Terrain/Terrain (1)
6.125	-3.875	-0.902	Terrain/Terrain (1)
6.125	-3.375	-1.342	Terrain/Terrain (1)
6.125	-2.875	-0.230	Pool Level/Pool/pool straight top (3)
6.125	-2.875	-1.250	Pool Level/Pool/Bottom/Pool Bottom (20)
6.125	-2.875	-1.677	Terrain/Terrain (1)
6.125	-2.375	-1.250	Pool Level/Pool/Bottom/Pool Bottom (20)
6.125	-2.375	-1.756	Terrain/Terrain (1)
6.125	-1.875	-1.250	Pool Level/Pool/Bottom/Pool Bottom (16)
6.125	-1.875	-1.747	Terrain/Terrain (1)
6.125	-1.375	-1.250	Pool Level/Pool/Bottom/Pool Bottom (16)
6.125	-1.375	-1.741	Terrain/Terrain (1)
6.125	-0.875	-1.250	Pool Level/Pool/Bottom/Pool Bottom
6.125	-0.875	-1.741	Terrain/Terrain (1)
6.125	-0.375	-1.250	Pool Level/Pool/Bottom/Pool Bottom
6.125	-0.375	-1.741	Terrain/Terrain (1)
6.125	0.125	-1.250	Pool Level/Pool/Bottom/Pool Bottom (4)
6.125	0.125	-1.741	Terrain/Terrain (1)
6.125	0.625	-1.250	Pool Level/Pool/Bottom/Pool Bottom (4)
6.125	0.625	-1.741	Terrain/Terrain (1)
6.125	1.125	-1.250	Pool Level/Pool/Bottom/Pool Bottom (8)
6.125	1.125	-1.741	Terrain/Terrain (1)
6.125	1.625	-1.250	Pool Level/Pool/Bottom/Pool Bottom (8)
6.125	1.625	-1.741	Terrain/Terrain (1)
6.125	2.125	-1.250	Pool Level/Pool/Bottom/Pool Bottom (12)
6.125	2.125	-1.741	Terrain/Terrain (1)
6.125	2.625	-0.230	Pool Level/Pool/pool straight top (4)
6.125	2.625	-1.250	Pool Level/Pool/Bottom/Pool Bottom (12)
6.125	2.625	-1.741	Terrain/Terrain (1)
6.125	3.125	-1.741	Terrain/Terrain (1)
6.125	3.625	-1.741	Terrain/Terrain (1)
6.125	4.125	-0.240	Pool Level/Floor/Floor 2x2
6.125	4.125	-1.741	Terrain/Terrain (1)
6.125	4.625	-0.240	Pool Level/Floor/Floor 2x2
6.125	4.625	-1.741	Terrain/Terrain (1)
6.125	5.125	-0.240	Pool Level/Floor/Floor 2x2
6.125	5.125	-1.741	Terrain/Terrain (1)
6.125	5.625	-0.240	Pool Level/Floor/Floor 2x2
6.125	5.625	-1.741	Terrain/Terrain (1)
6.125	6.125	-0.240	Pool Level/Floor/Floor 2x2 (4)
6.125	6.125	-1.741	Terrain/Terrain (1)
6.125	6.625	-0.240	Pool Level/Floor/Floor 2x2 (4)
6.125	6.625	-1.741	Terrain/Terrain (1)
6.125	7.125	-0.240	Pool Level/Floor/Floor 2x2 (4)
6.125	7.125	-1.741	Terrain/Terrain (1)
6.125	7.625	0.250	annex building/Floor/Floor 1x1 (20)
6.125	7.625	-0.240	Pool Level/Floor/Floor 2x2 (4)
6.125	7.625	-1.741	Terrain/Terrain (1)
6.125	8.125	0.250	annex building/Floor/Floor 1x1 (20)
6.125	8.125	-0.240	Pool Level/Floor/Floor 2x2 (8)
6.125	8.125	-1.741	Terrain/Terrain (1)
6.125	8.625	0.250	annex building/Floor/Floor 2x2 (12)
6.125	8.625	-0.240	Pool Level/Floor/Floor 2x2 (8)
6.125	8.625	-1.741	Terrain/Terrain (1)
6.125	9.125	3.050	annex building/roof 1/Roof 2x2 side (2)
6.125	9.125	0.250	annex building/Floor/Floor 2x2 (12)
6.125	9.125	-0.240	Pool Level/Floor/Floor 2x2 (8)
6.125	9.125	-1.741	Terrain/Terrain (1)
6.125	9.625	3.050	annex building/roof 1/Roof 2x2 side (2)
6.125	9.625	0.250	annex building/Floor/Floor 2x2 (12)
6.125	9.625	-0.240	Pool Level/Floor/Floor 2x2 (8)
6.125	9.625	-1.741	Terrain/Terrain (1)
6.125	10.125	3.050	annex building/roof 1/Roof 2x2 side (2)
6.125	10.125	0.250	annex building/Floor/Floor 2x2 (12)
6.125	10.125	-1.741	Terrain/Terrain (1)
6.125	10.625	3.050	annex building/roof 1/Roof 2x2 side (2)
6.125	10.625	0.250	annex building/Floor/Floor 2x2 (2)
6.125	10.625	-1.741	Terrain/Terrain (1)
6.125	11.125	3.050	annex building/roof 1/Roof 2x2
6.125	11.125	0.250	annex building/Floor/Floor 2x2 (2)
6.125	11.125	-1.741	Terrain/Terrain (1)
6.125	11.625	3.050	annex building/roof 1/Roof 2x2
6.125	11.625	0.250	annex building/Floor/Floor 2x2 (2)
6.125	11.625	-1.741	Terrain/Terrain (1)
6.125	12.125	3.050	annex building/roof 1/Roof 2x2
6.125	12.125	0.250	annex building/Floor/Floor 2x2 (2)
6.125	12.125	-1.741	Terrain/Terrain (1)
6.125	12.625	3.050	annex building/roof 1/Roof 2x2
6.125	12.625	0.250	annex building/Floor/Floor 2x2 (6)
6.125	12.625	-1.741	Terrain/Terrain (1)
6.125	13.125	3.050	annex building/roof 1/Roof 2x2 (1)
6.125	13.125	0.250	annex building/Floor/Floor 2x2 (6)
6.125	13.125	-1.741	Terrain/Terrain (1)
6.125	13.625	3.050	annex building/roof 1/Roof 2x2 (1)
6.125	13.625	0.250	annex building/Floor/Floor 2x2 (6)
6.125	13.625	-1.741	Terrain/Terrain (1)
6.125	14.125	3.050	annex building/roof 1/Roof 2x2 (1)
6.125	14.125	0.250	annex building/Floor/Floor 2x2 (6)
6.125	14.125	-1.741	Terrain/Terrain (1)
6.125	14.625	3.050	annex building/roof 1/Roof 2x2 (1)
6.125	14.625	0.250	annex building/Floor/Floor 2x2 (10)
6.125	14.625	-1.741	Terrain/Terrain (1)
6.125	15.125	3.050	annex building/roof 1/Roof 2x2 (12)
6.125	15.125	0.250	annex building/Floor/Floor 2x2 (10)
6.125	15.125	-1.741	Terrain/Terrain (1)
6.125	15.625	3.050	annex building/roof 1/Roof 2x2 (12)
6.125	15.625	0.250	annex building/Floor/Floor 2x2 (10)
6.125	15.625	-1.741	Terrain/Terrain (1)
6.125	16.125	3.050	annex building/roof 1/Roof 2x2 (12)
6.125	16.125	0.250	annex building/Floor/Floor 2x2 (10)
6.125	16.125	-1.741	Terrain/Terrain (1)
6.125	16.625	3.050	annex building/roof 1/Roof 2x2 (12)
6.125	16.625	0.250	annex building/Floor/Floor 2x2 (14)
6.125	16.625	-1.741	Terrain/Terrain (1)
6.125	17.125	3.050	annex building/roof 1/Roof 2x2 (3)
6.125	17.125	0.250	annex building/Floor/Floor 2x2 (14)
6.125	17.125	-1.741	Terrain/Terrain (1)
6.125	17.625	3.050	annex building/roof 1/Roof 2x2 (3)
6.125	17.625	0.250	annex building/Floor/Floor 2x2 (14)
6.125	17.625	-1.741	Terrain/Terrain (1)
6.125	18.125	3.050	annex building/roof 1/Roof 2x2 (3)
6.125	18.125	0.250	annex building/Floor/Floor 2x2 (14)
6.125	18.125	-1.741	Terrain/Terrain (1)
6.125	18.625	3.050	annex building/roof 1/Roof 2x2 (3)
6.125	18.625	0.250	annex building/Floor/Floor 2x2 (18)
6.125	18.625	-1.741	Terrain/Terrain (1)
6.125	19.125	3.050	annex building/roof 1/Roof 2x2 (4)
6.125	19.125	0.250	annex building/Floor/Floor 2x2 (18)
6.125	19.125	-1.741	Terrain/Terrain (1)
6.125	19.625	3.050	annex building/roof 1/Roof 2x2 (4)
6.125	19.625	0.250	annex building/Floor/Floor 2x2 (18)
6.125	19.625	-1.741	Terrain/Terrain (1)
6.125	20.125	3.050	annex building/roof 1/Roof 2x2 (4)
6.125	20.125	0.250	annex building/Floor/Floor 2x2 (18)
6.125	20.125	-1.741	Terrain/Terrain (1)
6.125	20.625	3.050	annex building/roof 1/Roof 2x2 (4)
6.125	20.625	0.250	annex building/Floor/Floor 2x2 (22)
6.125	20.625	-1.741	Terrain/Terrain (1)
6.125	21.125	3.050	annex building/roof 1/Roof 2x2 (10)
6.125	21.125	0.250	annex building/Floor/Floor 2x2 (22)
6.125	21.125	-1.741	Terrain/Terrain (1)
6.125	21.625	3.050	annex building/roof 1/Roof 2x2 (10)
6.125	21.625	0.250	annex building/Floor/Floor 2x2 (22)
6.125	21.625	-1.741	Terrain/Terrain (1)
6.125	22.125	3.050	annex building/roof 1/Roof 2x2 (10)
6.125	22.125	0.250	annex building/Floor/Floor 2x2 (22)
6.125	22.125	-1.747	Terrain/Terrain (1)
6.125	22.625	3.050	annex building/roof 1/Roof 2x2 (10)
6.125	22.625	0.250	Backyard/Floor 2/Floor 2x2 (56)
6.125	22.625	-1.761	Terrain/Terrain (1)
6.125	23.125	3.050	annex building/roof 1/Roof 2x2 side (11)
6.125	23.125	0.250	Backyard/Floor 2/Floor 2x2 (56)
6.125	23.125	-1.806	Terrain/Terrain (1)
6.125	23.625	3.050	annex building/roof 1/Roof 2x2 side (11)
6.125	23.625	0.250	Backyard/Floor 2/Floor 2x2 (56)
6.125	23.625	-1.863	Terrain/Terrain (1)
6.125	24.125	3.050	annex building/roof 1/Roof 2x2 side (11)
6.125	24.125	0.250	Backyard/Floor 2/Floor 2x2 (56)
6.125	24.125	-1.916	Terrain/Terrain (1)
6.125	24.625	3.050	annex building/roof 1/Roof 2x2 side (11)
6.125	24.625	0.250	Backyard/Floor 2/Floor 2x2 (57)
6.125	24.625	-1.944	Terrain/Terrain (1)
6.125	25.125	0.250	Backyard/Floor 2/Floor 2x2 (57)
6.125	25.125	-1.946	Terrain/Terrain (1)
6.125	25.625	0.250	Backyard/Floor 2/Floor 2x2 (57)
6.125	25.625	-1.946	Terrain/Terrain (1)
6.125	26.125	0.250	Backyard/Floor 2/Floor 2x2 (57)
6.125	26.125	-1.947	Terrain/Terrain (1)
6.125	26.625	0.250	Backyard/Floor 2/Floor 2x2 (58)
6.125	26.625	-1.955	Terrain/Terrain (1)
6.125	27.125	0.250	Backyard/Floor 2/Floor 2x2 (58)
6.125	27.125	-1.981	Terrain/Terrain (1)
6.125	27.625	0.250	Backyard/Floor 2/Floor 2x2 (58)
6.125	27.625	-1.871	Terrain/Terrain (1)
6.125	28.125	0.250	Backyard/Floor 2/Floor 2x2 (58)
6.125	28.125	-1.585	Terrain/Terrain (1)
6.125	28.625	0.250	Backyard/Floor 2/Floor 2x2 (59)
6.125	28.625	-1.173	Terrain/Terrain (1)
6.125	29.125	0.250	Backyard/Floor 2/Floor 2x2 (59)
6.125	29.125	-0.901	Terrain/Terrain (1)
6.125	29.625	0.250	Backyard/Floor 2/Floor 2x2 (59)
6.125	29.625	-0.701	Terrain/Terrain (1)
6.125	30.125	0.250	Backyard/Floor 2/Floor 2x2 (60)
6.125	30.125	-0.701	Terrain/Terrain (1)
6.125	30.625	0.250	Backyard/Floor 2/Floor 2x2 (60)
6.125	30.625	-0.701	Terrain/Terrain (1)
6.125	31.125	0.250	Backyard/Floor 2/Floor 2x2 (60)
6.125	31.125	-0.701	Terrain/Terrain (1)
6.125	31.625	0.250	Backyard/Floor 2/Floor 2x2 (60)
6.125	31.625	-0.701	Terrain/Terrain (1)
6.125	32.125	-0.701	Terrain/Terrain (1)
6.125	32.625	-0.701	Terrain/Terrain (1)
6.625	-4.875	-0.441	Terrain/Terrain (1)
6.625	-4.375	-0.654	Terrain/Terrain (1)
6.625	-3.875	-0.921	Terrain/Terrain (1)
6.625	-3.375	-1.377	Terrain/Terrain (1)
6.625	-2.875	-0.230	Pool Level/Pool/pool straight top (3)
6.625	-2.875	-1.250	Pool Level/Pool/Bottom/Pool Bottom (20)
6.625	-2.875	-1.686	Terrain/Terrain (1)
6.625	-2.375	-1.250	Pool Level/Pool/Bottom/Pool Bottom (20)
6.625	-2.375	-1.745	Terrain/Terrain (1)
6.625	-1.875	-1.250	Pool Level/Pool/Bottom/Pool Bottom (16)
6.625	-1.875	-1.741	Terrain/Terrain (1)
6.625	-1.375	-1.250	Pool Level/Pool/Bottom/Pool Bottom (16)
6.625	-1.375	-1.741	Terrain/Terrain (1)
6.625	-0.875	-1.250	Pool Level/Pool/Bottom/Pool Bottom
6.625	-0.875	-1.741	Terrain/Terrain (1)
6.625	-0.375	-1.250	Pool Level/Pool/Bottom/Pool Bottom
6.625	-0.375	-1.741	Terrain/Terrain (1)
6.625	0.125	-1.250	Pool Level/Pool/Bottom/Pool Bottom (4)
6.625	0.125	-1.741	Terrain/Terrain (1)
6.625	0.625	-1.250	Pool Level/Pool/Bottom/Pool Bottom (4)
6.625	0.625	-1.741	Terrain/Terrain (1)
6.625	1.125	-1.250	Pool Level/Pool/Bottom/Pool Bottom (8)
6.625	1.125	-1.741	Terrain/Terrain (1)
6.625	1.625	-1.250	Pool Level/Pool/Bottom/Pool Bottom (8)
6.625	1.625	-1.741	Terrain/Terrain (1)
6.625	2.125	-1.250	Pool Level/Pool/Bottom/Pool Bottom (12)
6.625	2.125	-1.741	Terrain/Terrain (1)
6.625	2.625	-0.230	Pool Level/Pool/pool straight top (4)
6.625	2.625	-1.250	Pool Level/Pool/Bottom/Pool Bottom (12)
6.625	2.625	-1.741	Terrain/Terrain (1)
6.625	3.125	-1.741	Terrain/Terrain (1)
6.625	3.625	-1.741	Terrain/Terrain (1)
6.625	4.125	-0.240	Pool Level/Floor/Floor 2x2
6.625	4.125	-1.741	Terrain/Terrain (1)
6.625	4.625	-0.240	Pool Level/Floor/Floor 2x2
6.625	4.625	-1.741	Terrain/Terrain (1)
6.625	5.125	-0.240	Pool Level/Floor/Floor 2x2
6.625	5.125	-1.741	Terrain/Terrain (1)
6.625	5.625	-0.240	Pool Level/Floor/Floor 2x2
6.625	5.625	-1.741	Terrain/Terrain (1)
6.625	6.125	-0.240	Pool Level/Floor/Floor 2x2 (4)
6.625	6.125	-1.741	Terrain/Terrain (1)
6.625	6.625	-0.240	Pool Level/Floor/Floor 2x2 (4)
6.625	6.625	-1.741	Terrain/Terrain (1)
6.625	7.125	-0.240	Pool Level/Floor/Floor 2x2 (4)
6.625	7.125	-1.741	Terrain/Terrain (1)
6.625	7.625	0.250	annex building/Floor/Floor 1x1 (20)
6.625	7.625	-0.240	Pool Level/Floor/Floor 2x2 (4)
6.625	7.625	-1.741	Terrain/Terrain (1)
6.625	8.125	0.250	annex building/Floor/Floor 1x1 (20)
6.625	8.125	-0.240	Pool Level/Floor/Floor 2x2 (8)
6.625	8.125	-1.741	Terrain/Terrain (1)
6.625	8.625	0.250	annex building/Floor/Floor 2x2 (12)
6.625	8.625	-0.240	Pool Level/Floor/Floor 2x2 (8)
6.625	8.625	-1.741	Terrain/Terrain (1)
6.625	9.125	3.050	annex building/roof 1/Roof 2x2 side (2)
6.625	9.125	0.250	annex building/Floor/Floor 2x2 (12)
6.625	9.125	-0.240	Pool Level/Floor/Floor 2x2 (8)
6.625	9.125	-1.741	Terrain/Terrain (1)
6.625	9.625	3.050	annex building/roof 1/Roof 2x2 side (2)
6.625	9.625	0.250	annex building/Floor/Floor 2x2 (12)
6.625	9.625	-0.240	Pool Level/Floor/Floor 2x2 (8)
6.625	9.625	-1.741	Terrain/Terrain (1)
6.625	10.125	3.050	annex building/roof 1/Roof 2x2 side (2)
6.625	10.125	0.250	annex building/Floor/Floor 2x2 (12)
6.625	10.125	-1.741	Terrain/Terrain (1)
6.625	10.625	3.050	annex building/roof 1/Roof 2x2 side (2)
6.625	10.625	0.250	annex building/Floor/Floor 2x2 (2)
6.625	10.625	-1.741	Terrain/Terrain (1)
6.625	11.125	3.050	annex building/roof 1/Roof 2x2
6.625	11.125	0.250	annex building/Floor/Floor 2x2 (2)
6.625	11.125	-1.741	Terrain/Terrain (1)
6.625	11.625	3.050	annex building/roof 1/Roof 2x2
6.625	11.625	0.250	annex building/Floor/Floor 2x2 (2)
6.625	11.625	-1.741	Terrain/Terrain (1)
6.625	12.125	3.050	annex building/roof 1/Roof 2x2
6.625	12.125	0.250	annex building/Floor/Floor 2x2 (2)
6.625	12.125	-1.741	Terrain/Terrain (1)
6.625	12.625	3.050	annex building/roof 1/Roof 2x2
6.625	12.625	0.250	annex building/Floor/Floor 2x2 (6)
6.625	12.625	-1.741	Terrain/Terrain (1)
6.625	13.125	3.050	annex building/roof 1/Roof 2x2 (1)
6.625	13.125	0.250	annex building/Floor/Floor 2x2 (6)
6.625	13.125	-1.741	Terrain/Terrain (1)
6.625	13.625	3.050	annex building/roof 1/Roof 2x2 (1)
6.625	13.625	0.250	annex building/Floor/Floor 2x2 (6)
6.625	13.625	-1.741	Terrain/Terrain (1)
6.625	14.125	3.050	annex building/roof 1/Roof 2x2 (1)
6.625	14.125	0.250	annex building/Floor/Floor 2x2 (6)
6.625	14.125	-1.741	Terrain/Terrain (1)
6.625	14.625	3.050	annex building/roof 1/Roof 2x2 (1)
6.625	14.625	0.250	annex building/Floor/Floor 2x2 (10)
6.625	14.625	-1.741	Terrain/Terrain (1)
6.625	15.125	3.050	annex building/roof 1/Roof 2x2 (12)
6.625	15.125	0.250	annex building/Floor/Floor 2x2 (10)
6.625	15.125	-1.741	Terrain/Terrain (1)
6.625	15.625	3.050	annex building/roof 1/Roof 2x2 (12)
6.625	15.625	0.250	annex building/Floor/Floor 2x2 (10)
6.625	15.625	-1.741	Terrain/Terrain (1)
6.625	16.125	3.050	annex building/roof 1/Roof 2x2 (12)
6.625	16.125	0.250	annex building/Floor/Floor 2x2 (10)
6.625	16.125	-1.741	Terrain/Terrain (1)
6.625	16.625	3.050	annex building/roof 1/Roof 2x2 (12)
6.625	16.625	0.250	annex building/Floor/Floor 2x2 (14)
6.625	16.625	-1.741	Terrain/Terrain (1)
6.625	17.125	3.050	annex building/roof 1/Roof 2x2 (3)
6.625	17.125	0.250	annex building/Floor/Floor 2x2 (14)
6.625	17.125	-1.741	Terrain/Terrain (1)
6.625	17.625	3.050	annex building/roof 1/Roof 2x2 (3)
6.625	17.625	0.250	annex building/Floor/Floor 2x2 (14)
6.625	17.625	-1.741	Terrain/Terrain (1)
6.625	18.125	3.050	annex building/roof 1/Roof 2x2 (3)
6.625	18.125	0.250	annex building/Floor/Floor 2x2 (14)
6.625	18.125	-1.741	Terrain/Terrain (1)
6.625	18.625	3.050	annex building/roof 1/Roof 2x2 (3)
6.625	18.625	0.250	annex building/Floor/Floor 2x2 (18)
6.625	18.625	-1.741	Terrain/Terrain (1)
6.625	19.125	3.050	annex building/roof 1/Roof 2x2 (4)
6.625	19.125	0.250	annex building/Floor/Floor 2x2 (18)
6.625	19.125	-1.741	Terrain/Terrain (1)
6.625	19.625	3.050	annex building/roof 1/Roof 2x2 (4)
6.625	19.625	0.250	annex building/Floor/Floor 2x2 (18)
6.625	19.625	-1.741	Terrain/Terrain (1)
6.625	20.125	3.050	annex building/roof 1/Roof 2x2 (4)
6.625	20.125	0.250	annex building/Floor/Floor 2x2 (18)
6.625	20.125	-1.741	Terrain/Terrain (1)
6.625	20.625	3.050	annex building/roof 1/Roof 2x2 (4)
6.625	20.625	0.250	annex building/Floor/Floor 2x2 (22)
6.625	20.625	-1.741	Terrain/Terrain (1)
6.625	21.125	3.050	annex building/roof 1/Roof 2x2 (10)
6.625	21.125	0.250	annex building/Floor/Floor 2x2 (22)
6.625	21.125	-1.741	Terrain/Terrain (1)
6.625	21.625	3.050	annex building/roof 1/Roof 2x2 (10)
6.625	21.625	0.250	annex building/Floor/Floor 2x2 (22)
6.625	21.625	-1.741	Terrain/Terrain (1)
6.625	22.125	3.050	annex building/roof 1/Roof 2x2 (10)
6.625	22.125	0.250	annex building/Floor/Floor 2x2 (22)
6.625	22.125	-1.741	Terrain/Terrain (1)
6.625	22.625	3.050	annex building/roof 1/Roof 2x2 (10)
6.625	22.625	0.250	Backyard/Floor 2/Floor 2x2 (56)
6.625	22.625	-1.748	Terrain/Terrain (1)
6.625	23.125	3.050	annex building/roof 1/Roof 2x2 side (11)
6.625	23.125	0.250	Backyard/Floor 2/Floor 2x2 (56)
6.625	23.125	-1.771	Terrain/Terrain (1)
6.625	23.625	3.050	annex building/roof 1/Roof 2x2 side (11)
6.625	23.625	0.250	Backyard/Floor 2/Floor 2x2 (56)
6.625	23.625	-1.822	Terrain/Terrain (1)
6.625	24.125	3.050	annex building/roof 1/Roof 2x2 side (11)
6.625	24.125	0.250	Backyard/Floor 2/Floor 2x2 (56)
6.625	24.125	-1.880	Terrain/Terrain (1)
6.625	24.625	3.050	annex building/roof 1/Roof 2x2 side (11)
6.625	24.625	0.250	Backyard/Floor 2/Floor 2x2 (57)
6.625	24.625	-1.928	Terrain/Terrain (1)
6.625	25.125	0.250	Backyard/Floor 2/Floor 2x2 (57)
6.625	25.125	-1.946	Terrain/Terrain (1)
6.625	25.625	0.250	Backyard/Floor 2/Floor 2x2 (57)
6.625	25.625	-1.946	Terrain/Terrain (1)
6.625	26.125	0.250	Backyard/Floor 2/Floor 2x2 (57)
6.625	26.125	-1.946	Terrain/Terrain (1)
6.625	26.625	0.250	Backyard/Floor 2/Floor 2x2 (58)
6.625	26.625	-1.949	Terrain/Terrain (1)
6.625	27.125	0.250	Backyard/Floor 2/Floor 2x2 (58)
6.625	27.125	-1.961	Terrain/Terrain (1)
6.625	27.625	0.250	Backyard/Floor 2/Floor 2x2 (58)
6.625	27.625	-1.919	Terrain/Terrain (1)
6.625	28.125	0.250	Backyard/Floor 2/Floor 2x2 (58)
6.625	28.125	-1.673	Terrain/Terrain (1)
6.625	28.625	0.250	Backyard/Floor 2/Floor 2x2 (59)
6.625	28.625	-1.218	Terrain/Terrain (1)
6.625	29.125	0.250	Backyard/Floor 2/Floor 2x2 (59)
6.625	29.125	-0.920	Terrain/Terrain (1)
6.625	29.625	0.250	Backyard/Floor 2/Floor 2x2 (59)
6.625	29.625	-0.701	Terrain/Terrain (1)
6.625	30.125	0.250	Backyard/Floor 2/Floor 2x2 (60)
6.625	30.125	-0.701	Terrain/Terrain (1)
6.625	30.625	0.250	Backyard/Floor 2/Floor 2x2 (60)
6.625	30.625	-0.701	Terrain/Terrain (1)
6.625	31.125	0.250	Backyard/Floor 2/Floor 2x2 (60)
6.625	31.125	-0.701	Terrain/Terrain (1)
6.625	31.625	0.250	Backyard/Floor 2/Floor 2x2 (60)
6.625	31.625	-0.701	Terrain/Terrain (1)
6.625	32.125	-0.701	Terrain/Terrain (1)
6.625	32.625	-0.701	Terrain/Terrain (1)
7.125	-4.875	-0.481	Terrain/Terrain (1)
7.125	-4.375	-0.684	Terrain/Terrain (1)
7.125	-3.875	-0.961	Terrain/Terrain (1)
7.125	-3.375	-1.429	Terrain/Terrain (1)
7.125	-2.875	-0.230	Pool Level/Pool/pool straight top (14)
7.125	-2.875	-1.250	Pool Level/Pool/Bottom/Pool Bottom (29)
7.125	-2.875	-1.703	Terrain/Terrain (1)
7.125	-2.375	-1.250	Pool Level/Pool/Bottom/Pool Bottom (29)
7.125	-2.375	-1.741	Terrain/Terrain (1)
7.125	-1.875	-1.250	Pool Level/Pool/Bottom/Pool Bottom (28)
7.125	-1.875	-1.741	Terrain/Terrain (1)
7.125	-1.375	-1.250	Pool Level/Pool/Bottom/Pool Bottom (28)
7.125	-1.375	-1.741	Terrain/Terrain (1)
7.125	-0.875	-1.250	Pool Level/Pool/Bottom/Pool Bottom (24)
7.125	-0.875	-1.741	Terrain/Terrain (1)
7.125	-0.375	-1.250	Pool Level/Pool/Bottom/Pool Bottom (24)
7.125	-0.375	-1.741	Terrain/Terrain (1)
7.125	0.125	-1.250	Pool Level/Pool/Bottom/Pool Bottom (25)
7.125	0.125	-1.741	Terrain/Terrain (1)
7.125	0.625	-1.250	Pool Level/Pool/Bottom/Pool Bottom (25)
7.125	0.625	-1.741	Terrain/Terrain (1)
7.125	1.125	-1.250	Pool Level/Pool/Bottom/Pool Bottom (26)
7.125	1.125	-1.741	Terrain/Terrain (1)
7.125	1.625	-1.250	Pool Level/Pool/Bottom/Pool Bottom (26)
7.125	1.625	-1.741	Terrain/Terrain (1)
7.125	2.125	-1.250	Pool Level/Pool/Bottom/Pool Bottom (27)
7.125	2.125	-1.741	Terrain/Terrain (1)
7.125	2.625	-0.230	Pool Level/Pool/pool straight top (13)
7.125	2.625	-1.250	Pool Level/Pool/Bottom/Pool Bottom (27)
7.125	2.625	-1.741	Terrain/Terrain (1)
7.125	3.125	-0.240	Pool Level/Floor/Floor 1x1
7.125	3.125	-1.741	Terrain/Terrain (1)
7.125	3.625	-0.240	Pool Level/Floor/Floor 1x1
7.125	3.625	-1.741	Terrain/Terrain (1)
7.125	4.125	-0.240	Pool Level/Floor/Floor 2x2
7.125	4.125	-1.741	Terrain/Terrain (1)
7.125	4.625	-0.240	Pool Level/Floor/Floor 2x2
7.125	4.625	-1.741	Terrain/Terrain (1)
7.125	5.125	-0.240	Pool Level/Floor/Floor 2x2
7.125	5.125	-1.741	Terrain/Terrain (1)
7.125	5.625	-0.240	Pool Level/Floor/Floor 2x2
7.125	5.625	-1.741	Terrain/Terrain (1)
7.125	6.125	-0.240	Pool Level/Floor/Floor 2x2 (4)
7.125	6.125	-1.741	Terrain/Terrain (1)
7.125	6.625	-0.240	Pool Level/Floor/Floor 2x2 (4)
7.125	6.625	-1.741	Terrain/Terrain (1)
7.125	7.125	0.087	Pool Level/Steps/mv_step_block (2)
7.125	7.125	-0.240	Pool Level/Floor/Floor 2x2 (4)
7.125	7.125	-1.741	Terrain/Terrain (1)
7.125	7.625	0.250	annex building/Floor/Floor 1x1 (6)
7.125	7.625	-0.240	Pool Level/Floor/Floor 2x2 (4)
7.125	7.625	-1.741	Terrain/Terrain (1)
7.125	8.125	0.250	annex building/Floor/Floor 1x1 (6)
7.125	8.125	-1.741	Terrain/Terrain (1)
7.125	8.625	0.250	annex building/Floor/Floor 1x1 (7)
7.125	8.625	-1.741	Terrain/Terrain (1)
7.125	9.125	3.050	annex building/roof 1/Roof 2x2 side (2)
7.125	9.125	0.250	annex building/Floor/Floor 1x1 (7)
7.125	9.125	-1.741	Terrain/Terrain (1)
7.125	9.625	3.050	annex building/roof 1/Roof 2x2 side (2)
7.125	9.625	0.250	annex building/Floor/Floor 1x1 (12)
7.125	9.625	-1.741	Terrain/Terrain (1)
7.125	10.125	3.050	annex building/roof 1/Roof 2x2 side (2)
7.125	10.125	0.250	annex building/Floor/Floor 1x1 (12)
7.125	10.125	-1.741	Terrain/Terrain (1)
7.125	10.625	3.050	annex building/roof 1/Roof 2x2 side (2)
7.125	10.625	0.250	annex building/Floor/Floor 2x2 (1)
7.125	10.625	-1.741	Terrain/Terrain (1)
7.125	11.125	3.050	annex building/roof 1/Roof 2x2
7.125	11.125	0.250	annex building/Floor/Floor 2x2 (1)
7.125	11.125	-1.741	Terrain/Terrain (1)
7.125	11.625	3.050	annex building/roof 1/Roof 2x2
7.125	11.625	0.250	annex building/Floor/Floor 2x2 (1)
7.125	11.625	-1.741	Terrain/Terrain (1)
7.125	12.125	3.050	annex building/roof 1/Roof 2x2
7.125	12.125	0.250	annex building/Floor/Floor 2x2 (1)
7.125	12.125	-1.741	Terrain/Terrain (1)
7.125	12.625	3.050	annex building/roof 1/Roof 2x2
7.125	12.625	0.250	annex building/Floor/Floor 2x2 (5)
7.125	12.625	-1.741	Terrain/Terrain (1)
7.125	13.125	3.050	annex building/roof 1/Roof 2x2 (1)
7.125	13.125	0.250	annex building/Floor/Floor 2x2 (5)
7.125	13.125	-1.741	Terrain/Terrain (1)
7.125	13.625	3.050	annex building/roof 1/Roof 2x2 (1)
7.125	13.625	0.250	annex building/Floor/Floor 2x2 (5)
7.125	13.625	-1.741	Terrain/Terrain (1)
7.125	14.125	3.050	annex building/roof 1/Roof 2x2 (1)
7.125	14.125	0.250	annex building/Floor/Floor 2x2 (5)
7.125	14.125	-1.741	Terrain/Terrain (1)
7.125	14.625	3.050	annex building/roof 1/Roof 2x2 (1)
7.125	14.625	0.250	annex building/Floor/Floor 2x2 (9)
7.125	14.625	-1.741	Terrain/Terrain (1)
7.125	15.125	3.050	annex building/roof 1/Roof 2x2 (12)
7.125	15.125	0.250	annex building/Floor/Floor 2x2 (9)
7.125	15.125	-1.741	Terrain/Terrain (1)
7.125	15.625	3.050	annex building/roof 1/Roof 2x2 (12)
7.125	15.625	0.250	annex building/Floor/Floor 2x2 (9)
7.125	15.625	-1.741	Terrain/Terrain (1)
7.125	16.125	3.050	annex building/roof 1/Roof 2x2 (12)
7.125	16.125	0.250	annex building/Floor/Floor 2x2 (9)
7.125	16.125	-1.741	Terrain/Terrain (1)
7.125	16.625	3.050	annex building/roof 1/Roof 2x2 (12)
7.125	16.625	0.250	annex building/Floor/Floor 2x2 (13)
7.125	16.625	-1.741	Terrain/Terrain (1)
7.125	17.125	3.050	annex building/roof 1/Roof 2x2 (3)
7.125	17.125	0.250	annex building/Floor/Floor 2x2 (13)
7.125	17.125	-1.741	Terrain/Terrain (1)
7.125	17.625	3.050	annex building/roof 1/Roof 2x2 (3)
7.125	17.625	0.250	annex building/Floor/Floor 2x2 (13)
7.125	17.625	-1.741	Terrain/Terrain (1)
7.125	18.125	3.050	annex building/roof 1/Roof 2x2 (3)
7.125	18.125	0.250	annex building/Floor/Floor 2x2 (13)
7.125	18.125	-1.741	Terrain/Terrain (1)
7.125	18.625	3.050	annex building/roof 1/Roof 2x2 (3)
7.125	18.625	0.250	annex building/Floor/Floor 2x2 (17)
7.125	18.625	-1.741	Terrain/Terrain (1)
7.125	19.125	3.050	annex building/roof 1/Roof 2x2 (4)
7.125	19.125	0.250	annex building/Floor/Floor 2x2 (17)
7.125	19.125	-1.741	Terrain/Terrain (1)
7.125	19.625	3.050	annex building/roof 1/Roof 2x2 (4)
7.125	19.625	0.250	annex building/Floor/Floor 2x2 (17)
7.125	19.625	-1.741	Terrain/Terrain (1)
7.125	20.125	3.050	annex building/roof 1/Roof 2x2 (4)
7.125	20.125	0.250	annex building/Floor/Floor 2x2 (17)
7.125	20.125	-1.741	Terrain/Terrain (1)
7.125	20.625	3.050	annex building/roof 1/Roof 2x2 (4)
7.125	20.625	0.250	annex building/Floor/Floor 2x2 (21)
7.125	20.625	-1.741	Terrain/Terrain (1)
7.125	21.125	3.050	annex building/roof 1/Roof 2x2 (10)
7.125	21.125	0.250	annex building/Floor/Floor 2x2 (21)
7.125	21.125	-1.741	Terrain/Terrain (1)
7.125	21.625	3.050	annex building/roof 1/Roof 2x2 (10)
7.125	21.625	0.250	annex building/Floor/Floor 2x2 (21)
7.125	21.625	-1.741	Terrain/Terrain (1)
7.125	22.125	3.050	annex building/roof 1/Roof 2x2 (10)
7.125	22.125	0.250	annex building/Floor/Floor 2x2 (21)
7.125	22.125	-1.741	Terrain/Terrain (1)
7.125	22.625	3.050	annex building/roof 1/Roof 2x2 (10)
7.125	22.625	0.250	Backyard/Floor 2/Floor 2x2 (56)
7.125	22.625	-1.741	Terrain/Terrain (1)
7.125	23.125	3.050	annex building/roof 1/Roof 2x2 side (11)
7.125	23.125	0.250	Backyard/Floor 2/Floor 2x2 (56)
7.125	23.125	-1.753	Terrain/Terrain (1)
7.125	23.625	3.050	annex building/roof 1/Roof 2x2 side (11)
7.125	23.625	0.250	Backyard/Floor 2/Floor 2x2 (56)
7.125	23.625	-1.785	Terrain/Terrain (1)
7.125	24.125	3.050	annex building/roof 1/Roof 2x2 side (11)
7.125	24.125	0.250	Backyard/Floor 2/Floor 2x2 (56)
7.125	24.125	-1.842	Terrain/Terrain (1)
7.125	24.625	3.050	annex building/roof 1/Roof 2x2 side (11)
7.125	24.625	0.250	Backyard/Floor 2/Floor 2x2 (57)
7.125	24.625	-1.900	Terrain/Terrain (1)
7.125	25.125	0.250	Backyard/Floor 2/Floor 2x2 (57)
7.125	25.125	-1.941	Terrain/Terrain (1)
7.125	25.625	0.250	Backyard/Floor 2/Floor 2x2 (57)
7.125	25.625	-1.946	Terrain/Terrain (1)
7.125	26.125	0.250	Backyard/Floor 2/Floor 2x2 (57)
7.125	26.125	-1.946	Terrain/Terrain (1)
7.125	26.625	0.250	Backyard/Floor 2/Floor 2x2 (58)
7.125	26.625	-1.946	Terrain/Terrain (1)
7.125	27.125	0.250	Backyard/Floor 2/Floor 2x2 (58)
7.125	27.125	-1.952	Terrain/Terrain (1)
7.125	27.625	0.250	Backyard/Floor 2/Floor 2x2 (58)
7.125	27.625	-1.951	Terrain/Terrain (1)
7.125	28.125	0.250	Backyard/Floor 2/Floor 2x2 (58)
7.125	28.125	-1.724	Terrain/Terrain (1)
7.125	28.625	0.250	Backyard/Floor 2/Floor 2x2 (59)
7.125	28.625	-1.312	Terrain/Terrain (1)
7.125	29.125	0.250	Backyard/Floor 2/Floor 2x2 (59)
7.125	29.125	-0.843	Terrain/Terrain (1)
7.125	29.625	0.250	Backyard/Floor 2/Floor 2x2 (59)
7.125	29.625	-0.701	Terrain/Terrain (1)
7.125	30.125	0.250	Backyard/Floor 2/Floor 2x2 (60)
7.125	30.125	-0.701	Terrain/Terrain (1)
7.125	30.625	0.250	Backyard/Floor 2/Floor 2x2 (60)
7.125	30.625	-0.701	Terrain/Terrain (1)
7.125	31.125	0.250	Backyard/Floor 2/Floor 2x2 (60)
7.125	31.125	-0.701	Terrain/Terrain (1)
7.125	31.625	0.250	Backyard/Floor 2/Floor 2x2 (60)
7.125	31.625	-0.701	Terrain/Terrain (1)
7.125	32.125	-0.701	Terrain/Terrain (1)
7.125	32.625	-0.701	Terrain/Terrain (1)
7.625	-4.875	-0.492	Terrain/Terrain (1)
7.625	-4.375	-0.692	Terrain/Terrain (1)
7.625	-3.875	-0.969	Terrain/Terrain (1)
7.625	-3.375	-1.436	Terrain/Terrain (1)
7.625	-2.875	-0.230	Pool Level/Pool/pool straight top (14)
7.625	-2.875	-1.250	Pool Level/Pool/Bottom/Pool Bottom (29)
7.625	-2.875	-1.704	Terrain/Terrain (1)
7.625	-2.375	-1.250	Pool Level/Pool/Bottom/Pool Bottom (29)
7.625	-2.375	-1.741	Terrain/Terrain (1)
7.625	-1.875	-1.250	Pool Level/Pool/Bottom/Pool Bottom (28)
7.625	-1.875	-1.741	Terrain/Terrain (1)
7.625	-1.375	-1.250	Pool Level/Pool/Bottom/Pool Bottom (28)
7.625	-1.375	-1.741	Terrain/Terrain (1)
7.625	-0.875	-1.250	Pool Level/Pool/Bottom/Pool Bottom (24)
7.625	-0.875	-1.741	Terrain/Terrain (1)
7.625	-0.375	-1.250	Pool Level/Pool/Bottom/Pool Bottom (24)
7.625	-0.375	-1.741	Terrain/Terrain (1)
7.625	0.125	-1.250	Pool Level/Pool/Bottom/Pool Bottom (25)
7.625	0.125	-1.741	Terrain/Terrain (1)
7.625	0.625	-1.250	Pool Level/Pool/Bottom/Pool Bottom (25)
7.625	0.625	-1.741	Terrain/Terrain (1)
7.625	1.125	-1.250	Pool Level/Pool/Bottom/Pool Bottom (26)
7.625	1.125	-1.741	Terrain/Terrain (1)
7.625	1.625	-1.250	Pool Level/Pool/Bottom/Pool Bottom (26)
7.625	1.625	-1.741	Terrain/Terrain (1)
7.625	2.125	-1.250	Pool Level/Pool/Bottom/Pool Bottom (27)
7.625	2.125	-1.741	Terrain/Terrain (1)
7.625	2.625	-0.230	Pool Level/Pool/pool straight top (13)
7.625	2.625	-1.250	Pool Level/Pool/Bottom/Pool Bottom (27)
7.625	2.625	-1.741	Terrain/Terrain (1)
7.625	3.125	-0.240	Pool Level/Floor/Floor 1x1
7.625	3.125	-1.741	Terrain/Terrain (1)
7.625	3.625	-0.240	Pool Level/Floor/Floor 1x1
7.625	3.625	-1.741	Terrain/Terrain (1)
7.625	4.125	-0.240	Pool Level/Floor/Floor 1x1 (1)
7.625	4.125	-1.741	Terrain/Terrain (1)
7.625	4.625	-0.240	Pool Level/Floor/Floor 1x1 (1)
7.625	4.625	-1.741	Terrain/Terrain (1)
7.625	5.125	-0.240	Pool Level/Floor/Floor 1x1 (2)
7.625	5.125	-1.741	Terrain/Terrain (1)
7.625	5.625	-0.240	Pool Level/Floor/Floor 1x1 (2)
7.625	5.625	-1.741	Terrain/Terrain (1)
7.625	6.125	-0.240	Pool Level/Floor/Floor 1x1 (3)
7.625	6.125	-1.741	Terrain/Terrain (1)
7.625	6.625	-0.240	Pool Level/Floor/Floor 1x1 (3)
7.625	6.625	-1.741	Terrain/Terrain (1)
7.625	7.125	0.087	Pool Level/Steps/mv_step_block (2)
7.625	7.125	-1.741	Terrain/Terrain (1)
7.625	7.625	0.250	annex building/Floor/Floor 1x1 (6)
7.625	7.625	-0.240	Pool Level/Floor/Floor 1x1 (4)
7.625	7.625	-1.741	Terrain/Terrain (1)
7.625	8.125	0.250	annex building/Floor/Floor 1x1 (6)
7.625	8.125	-0.240	Pool Level/Floor/Floor 1x1 (4)
7.625	8.125	-1.741	Terrain/Terrain (1)
7.625	8.625	0.250	annex building/Floor/Floor 1x1 (7)
7.625	8.625	-1.741	Terrain/Terrain (1)
7.625	9.125	3.050	annex building/roof 1/Roof 2x2 side (12)
7.625	9.125	0.250	annex building/Floor/Floor 1x1 (7)
7.625	9.125	-1.741	Terrain/Terrain (1)
7.625	9.625	3.050	annex building/roof 1/Roof 2x2 side (12)
7.625	9.625	0.250	annex building/Floor/Floor 1x1 (12)
7.625	9.625	-1.741	Terrain/Terrain (1)
7.625	10.125	3.050	annex building/roof 1/Roof 2x2 side (12)
7.625	10.125	0.250	annex building/Floor/Floor 1x1 (12)
7.625	10.125	-1.741	Terrain/Terrain (1)
7.625	10.625	3.050	annex building/roof 1/Roof 2x2 side (12)
7.625	10.625	0.250	annex building/Floor/Floor 2x2 (1)
7.625	10.625	-1.741	Terrain/Terrain (1)
7.625	11.125	3.050	annex building/roof 1/Roof 2x2 (5)
7.625	11.125	0.250	annex building/Floor/Floor 2x2 (1)
7.625	11.125	-1.741	Terrain/Terrain (1)
7.625	11.625	3.050	annex building/roof 1/Roof 2x2 (5)
7.625	11.625	0.250	annex building/Floor/Floor 2x2 (1)
7.625	11.625	-1.741	Terrain/Terrain (1)
7.625	12.125	3.050	annex building/roof 1/Roof 2x2 (5)
7.625	12.125	0.250	annex building/Floor/Floor 2x2 (1)
7.625	12.125	-1.741	Terrain/Terrain (1)
7.625	12.625	3.050	annex building/roof 1/Roof 2x2 (5)
7.625	12.625	0.250	annex building/Floor/Floor 2x2 (5)
7.625	12.625	-1.741	Terrain/Terrain (1)
7.625	13.125	3.050	annex building/roof 1/Roof 2x2 (6)
7.625	13.125	0.250	annex building/Floor/Floor 2x2 (5)
7.625	13.125	-1.741	Terrain/Terrain (1)
7.625	13.625	3.050	annex building/roof 1/Roof 2x2 (6)
7.625	13.625	0.250	annex building/Floor/Floor 2x2 (5)
7.625	13.625	-1.741	Terrain/Terrain (1)
7.625	14.125	3.050	annex building/roof 1/Roof 2x2 (6)
7.625	14.125	0.250	annex building/Floor/Floor 2x2 (5)
7.625	14.125	-1.741	Terrain/Terrain (1)
7.625	14.625	3.050	annex building/roof 1/Roof 2x2 (6)
7.625	14.625	0.250	annex building/Floor/Floor 2x2 (9)
7.625	14.625	-1.741	Terrain/Terrain (1)
7.625	15.125	3.050	annex building/roof 1/Roof 2x2 (7)
7.625	15.125	0.250	annex building/Floor/Floor 2x2 (9)
7.625	15.125	-1.741	Terrain/Terrain (1)
7.625	15.625	3.050	annex building/roof 1/Roof 2x2 (7)
7.625	15.625	0.250	annex building/Floor/Floor 2x2 (9)
7.625	15.625	-1.741	Terrain/Terrain (1)
7.625	16.125	3.050	annex building/roof 1/Roof 2x2 (7)
7.625	16.125	0.250	annex building/Floor/Floor 2x2 (9)
7.625	16.125	-1.741	Terrain/Terrain (1)
7.625	16.625	3.050	annex building/roof 1/Roof 2x2 (7)
7.625	16.625	0.250	annex building/Floor/Floor 2x2 (13)
7.625	16.625	-1.741	Terrain/Terrain (1)
7.625	17.125	3.050	annex building/roof 1/Roof 2x2 (8)
7.625	17.125	0.250	annex building/Floor/Floor 2x2 (13)
7.625	17.125	-1.741	Terrain/Terrain (1)
7.625	17.625	3.050	annex building/roof 1/Roof 2x2 (8)
7.625	17.625	0.250	annex building/Floor/Floor 2x2 (13)
7.625	17.625	-1.741	Terrain/Terrain (1)
7.625	18.125	3.050	annex building/roof 1/Roof 2x2 (8)
7.625	18.125	0.250	annex building/Floor/Floor 2x2 (13)
7.625	18.125	-1.741	Terrain/Terrain (1)
7.625	18.625	3.050	annex building/roof 1/Roof 2x2 (8)
7.625	18.625	0.250	annex building/Floor/Floor 2x2 (17)
7.625	18.625	-1.741	Terrain/Terrain (1)
7.625	19.125	3.050	annex building/roof 1/Roof 2x2 (9)
7.625	19.125	0.250	annex building/Floor/Floor 2x2 (17)
7.625	19.125	-1.741	Terrain/Terrain (1)
7.625	19.625	3.050	annex building/roof 1/Roof 2x2 (9)
7.625	19.625	0.250	annex building/Floor/Floor 2x2 (17)
7.625	19.625	-1.741	Terrain/Terrain (1)
7.625	20.125	3.050	annex building/roof 1/Roof 2x2 (9)
7.625	20.125	0.250	annex building/Floor/Floor 2x2 (17)
7.625	20.125	-1.741	Terrain/Terrain (1)
7.625	20.625	3.050	annex building/roof 1/Roof 2x2 (9)
7.625	20.625	0.250	annex building/Floor/Floor 2x2 (21)
7.625	20.625	-1.741	Terrain/Terrain (1)
7.625	21.125	3.050	annex building/roof 1/Roof 2x2 (11)
7.625	21.125	0.250	annex building/Floor/Floor 2x2 (21)
7.625	21.125	-1.741	Terrain/Terrain (1)
7.625	21.625	3.050	annex building/roof 1/Roof 2x2 (11)
7.625	21.625	0.250	annex building/Floor/Floor 2x2 (21)
7.625	21.625	-1.741	Terrain/Terrain (1)
7.625	22.125	3.050	annex building/roof 1/Roof 2x2 (11)
7.625	22.125	0.250	annex building/Floor/Floor 2x2 (21)
7.625	22.125	-1.741	Terrain/Terrain (1)
7.625	22.625	3.050	annex building/roof 1/Roof 2x2 (11)
7.625	22.625	0.250	Backyard/Floor 2/Floor 2x2 (56)
7.625	22.625	-1.741	Terrain/Terrain (1)
7.625	23.125	3.050	annex building/roof 1/Roof 2x2 side (13)
7.625	23.125	0.250	Backyard/Floor 2/Floor 2x2 (56)
7.625	23.125	-1.747	Terrain/Terrain (1)
7.625	23.625	3.050	annex building/roof 1/Roof 2x2 side (13)
7.625	23.625	0.250	Backyard/Floor 2/Floor 2x2 (56)
7.625	23.625	-1.759	Terrain/Terrain (1)
7.625	24.125	3.050	annex building/roof 1/Roof 2x2 side (13)
7.625	24.125	0.250	Backyard/Floor 2/Floor 2x2 (56)
7.625	24.125	-1.805	Terrain/Terrain (1)
7.625	24.625	3.050	annex building/roof 1/Roof 2x2 side (13)
7.625	24.625	0.250	Backyard/Floor 2/Floor 2x2 (57)
7.625	24.625	-1.867	Terrain/Terrain (1)
7.625	25.125	0.250	Backyard/Floor 2/Floor 2x2 (57)
7.625	25.125	-1.921	Terrain/Terrain (1)
7.625	25.625	0.250	Backyard/Floor 2/Floor 2x2 (57)
7.625	25.625	-1.946	Terrain/Terrain (1)
7.625	26.125	0.250	Backyard/Floor 2/Floor 2x2 (57)
7.625	26.125	-1.946	Terrain/Terrain (1)
7.625	26.625	0.250	Backyard/Floor 2/Floor 2x2 (58)
7.625	26.625	-1.946	Terrain/Terrain (1)
7.625	27.125	0.250	Backyard/Floor 2/Floor 2x2 (58)
7.625	27.125	-1.946	Terrain/Terrain (1)
7.625	27.625	0.250	Backyard/Floor 2/Floor 2x2 (58)
7.625	27.625	-1.952	Terrain/Terrain (1)
7.625	28.125	0.250	Backyard/Floor 2/Floor 2x2 (58)
7.625	28.625	0.250	Backyard/Floor 2/Floor 2x2 (59)
7.625	28.625	-1.269	Terrain/Terrain (1)
7.625	29.125	0.250	Backyard/Floor 2/Floor 2x2 (59)
7.625	29.125	-0.830	Terrain/Terrain (1)
7.625	29.625	0.250	Backyard/Floor 2/Floor 2x2 (59)
7.625	29.625	-0.701	Terrain/Terrain (1)
7.625	30.125	0.250	Backyard/Floor 2/Floor 2x2 (60)
7.625	30.125	-0.701	Terrain/Terrain (1)
7.625	30.625	0.250	Backyard/Floor 2/Floor 2x2 (60)
7.625	30.625	-0.701	Terrain/Terrain (1)
7.625	31.125	0.250	Backyard/Floor 2/Floor 2x2 (60)
7.625	31.125	-0.701	Terrain/Terrain (1)
7.625	31.625	0.250	Backyard/Floor 2/Floor 2x2 (60)
7.625	31.625	-0.701	Terrain/Terrain (1)
7.625	32.125	-0.701	Terrain/Terrain (1)
7.625	32.625	-0.701	Terrain/Terrain (1)
8.125	-4.875	-0.451	Terrain/Terrain (1)
8.125	-4.375	-0.675	Terrain/Terrain (1)
8.125	-3.875	-0.879	Terrain/Terrain (1)
8.125	-2.875	-0.230	Pool Level/Pool/pool straight top (11)
8.125	-2.875	-1.250	Pool Level/Pool/Bottom/Pool Bottom (23)
8.125	-2.875	-1.658	Terrain/Terrain (1)
8.125	-2.375	-1.250	Pool Level/Pool/Bottom/Pool Bottom (23)
8.125	-2.375	-1.741	Terrain/Terrain (1)
8.125	-1.875	-1.250	Pool Level/Pool/Bottom/Pool Bottom (19)
8.125	-1.875	-1.741	Terrain/Terrain (1)
8.125	-1.375	-1.250	Pool Level/Pool/Bottom/Pool Bottom (19)
8.125	-1.375	-1.741	Terrain/Terrain (1)
8.125	-0.875	-1.250	Pool Level/Pool/Bottom/Pool Bottom (3)
8.125	-0.875	-1.741	Terrain/Terrain (1)
8.125	-0.375	-1.250	Pool Level/Pool/Bottom/Pool Bottom (3)
8.125	-0.375	-1.741	Terrain/Terrain (1)
8.125	0.125	-1.250	Pool Level/Pool/Bottom/Pool Bottom (7)
8.125	0.125	-1.741	Terrain/Terrain (1)
8.125	0.625	-1.250	Pool Level/Pool/Bottom/Pool Bottom (7)
8.125	0.625	-1.741	Terrain/Terrain (1)
8.125	1.125	-1.250	Pool Level/Pool/Bottom/Pool Bottom (11)
8.125	1.125	-1.741	Terrain/Terrain (1)
8.125	1.625	-1.250	Pool Level/Pool/Bottom/Pool Bottom (11)
8.125	1.625	-1.741	Terrain/Terrain (1)
8.125	2.125	-1.250	Pool Level/Pool/Bottom/Pool Bottom (15)
8.125	2.125	-1.741	Terrain/Terrain (1)
8.125	2.625	-0.230	Pool Level/Pool/pool straight top (12)
8.125	2.625	-1.250	Pool Level/Pool/Bottom/Pool Bottom (15)
8.125	2.625	-1.741	Terrain/Terrain (1)
8.125	3.125	-1.741	Terrain/Terrain (1)
8.125	3.625	-1.741	Terrain/Terrain (1)
8.125	4.125	-0.240	Pool Level/Floor/Floor 1x1 (1)
8.125	4.125	-1.741	Terrain/Terrain (1)
8.125	4.625	-0.240	Pool Level/Floor/Floor 1x1 (1)
8.125	4.625	-1.741	Terrain/Terrain (1)
8.125	5.125	-0.240	Pool Level/Floor/Floor 1x1 (2)
8.125	5.125	-1.741	Terrain/Terrain (1)
8.125	5.625	-0.240	Pool Level/Floor/Floor 1x1 (2)
8.125	5.625	-1.741	Terrain/Terrain (1)
8.125	6.125	-0.240	Pool Level/Floor/Floor 1x1 (3)
8.125	6.125	-1.741	Terrain/Terrain (1)
8.125	6.625	-0.240	Pool Level/Floor/Floor 1x1 (3)
8.125	6.625	-1.741	Terrain/Terrain (1)
8.125	7.125	-1.741	Terrain/Terrain (1)
8.125	7.625	0.250	annex building/Floor/Floor 1x1 (13)
8.125	7.625	-0.240	Pool Level/Floor/Floor 1x1 (4)
8.125	7.625	-1.741	Terrain/Terrain (1)
8.125	8.125	0.250	annex building/Floor/Floor 1x1 (13)
8.125	8.125	-0.240	Pool Level/Floor/Floor 1x1 (4)
8.125	8.125	-1.741	Terrain/Terrain (1)
8.125	8.625	0.250	annex building/Floor/Floor 2x2 (15)
8.125	8.625	-1.741	Terrain/Terrain (1)
8.125	9.125	3.050	annex building/roof 1/Roof 2x2 side (12)
8.125	9.125	0.250	annex building/Floor/Floor 2x2 (15)
8.125	9.125	-1.741	Terrain/Terrain (1)
8.125	9.625	3.050	annex building/roof 1/Roof 2x2 side (12)
8.125	9.625	0.250	annex building/Floor/Floor 2x2 (15)
8.125	9.625	-1.741	Terrain/Terrain (1)
8.125	10.125	3.050	annex building/roof 1/Roof 2x2 side (12)
8.125	10.125	0.250	annex building/Floor/Floor 2x2 (15)
8.125	10.125	-1.741	Terrain/Terrain (1)
8.125	10.625	3.050	annex building/roof 1/Roof 2x2 side (12)
8.125	10.625	0.250	annex building/Floor/Floor 2x2 (1)
8.125	10.625	-1.741	Terrain/Terrain (1)
8.125	11.125	3.050	annex building/roof 1/Roof 2x2 (5)
8.125	11.125	0.250	annex building/Floor/Floor 2x2 (1)
8.125	11.125	-1.741	Terrain/Terrain (1)
8.125	11.625	3.050	annex building/roof 1/Roof 2x2 (5)
8.125	11.625	0.250	annex building/Floor/Floor 2x2 (1)
8.125	11.625	-1.741	Terrain/Terrain (1)
8.125	12.125	3.050	annex building/roof 1/Roof 2x2 (5)
8.125	12.125	0.250	annex building/Floor/Floor 2x2 (1)
8.125	12.125	-1.741	Terrain/Terrain (1)
8.125	12.625	3.050	annex building/roof 1/Roof 2x2 (5)
8.125	12.625	0.250	annex building/Floor/Floor 2x2 (5)
8.125	12.625	-1.741	Terrain/Terrain (1)
8.125	13.125	3.050	annex building/roof 1/Roof 2x2 (6)
8.125	13.125	0.250	annex building/Floor/Floor 2x2 (5)
8.125	13.125	-1.741	Terrain/Terrain (1)
8.125	13.625	3.050	annex building/roof 1/Roof 2x2 (6)
8.125	13.625	0.250	annex building/Floor/Floor 2x2 (5)
8.125	13.625	-1.741	Terrain/Terrain (1)
8.125	14.125	3.050	annex building/roof 1/Roof 2x2 (6)
8.125	14.125	0.250	annex building/Floor/Floor 2x2 (5)
8.125	14.125	-1.741	Terrain/Terrain (1)
8.125	14.625	3.050	annex building/roof 1/Roof 2x2 (6)
8.125	14.625	0.250	annex building/Floor/Floor 2x2 (9)
8.125	14.625	-1.741	Terrain/Terrain (1)
8.125	15.125	3.050	annex building/roof 1/Roof 2x2 (7)
8.125	15.125	0.250	annex building/Floor/Floor 2x2 (9)
8.125	15.125	-1.741	Terrain/Terrain (1)
8.125	15.625	3.050	annex building/roof 1/Roof 2x2 (7)
8.125	15.625	0.250	annex building/Floor/Floor 2x2 (9)
8.125	15.625	-1.741	Terrain/Terrain (1)
8.125	16.125	3.050	annex building/roof 1/Roof 2x2 (7)
8.125	16.125	0.250	annex building/Floor/Floor 2x2 (9)
8.125	16.125	-1.741	Terrain/Terrain (1)
8.125	16.625	3.050	annex building/roof 1/Roof 2x2 (7)
8.125	16.625	0.250	annex building/Floor/Floor 2x2 (13)
8.125	16.625	-1.741	Terrain/Terrain (1)
8.125	17.125	3.050	annex building/roof 1/Roof 2x2 (8)
8.125	17.125	0.250	annex building/Floor/Floor 2x2 (13)
8.125	17.125	-1.741	Terrain/Terrain (1)
8.125	17.625	3.050	annex building/roof 1/Roof 2x2 (8)
8.125	17.625	0.250	annex building/Floor/Floor 2x2 (13)
8.125	17.625	-1.741	Terrain/Terrain (1)
8.125	18.125	3.050	annex building/roof 1/Roof 2x2 (8)
8.125	18.125	0.250	annex building/Floor/Floor 2x2 (13)
8.125	18.125	-1.741	Terrain/Terrain (1)
8.125	18.625	3.050	annex building/roof 1/Roof 2x2 (8)
8.125	18.625	0.250	annex building/Floor/Floor 2x2 (17)
8.125	18.625	-1.741	Terrain/Terrain (1)
8.125	19.125	3.050	annex building/roof 1/Roof 2x2 (9)
8.125	19.125	0.250	annex building/Floor/Floor 2x2 (17)
8.125	19.125	-1.741	Terrain/Terrain (1)
8.125	19.625	3.050	annex building/roof 1/Roof 2x2 (9)
8.125	19.625	0.250	annex building/Floor/Floor 2x2 (17)
8.125	19.625	-1.741	Terrain/Terrain (1)
8.125	20.125	3.050	annex building/roof 1/Roof 2x2 (9)
8.125	20.125	0.250	annex building/Floor/Floor 2x2 (17)
8.125	20.125	-1.741	Terrain/Terrain (1)
8.125	20.625	3.050	annex building/roof 1/Roof 2x2 (9)
8.125	20.625	0.250	annex building/Floor/Floor 2x2 (21)
8.125	20.625	-1.741	Terrain/Terrain (1)
8.125	21.125	3.050	annex building/roof 1/Roof 2x2 (11)
8.125	21.125	0.250	annex building/Floor/Floor 2x2 (21)
8.125	21.125	-1.741	Terrain/Terrain (1)
8.125	21.625	3.050	annex building/roof 1/Roof 2x2 (11)
8.125	21.625	0.250	annex building/Floor/Floor 2x2 (21)
8.125	21.625	-1.741	Terrain/Terrain (1)
8.125	22.125	3.050	annex building/roof 1/Roof 2x2 (11)
8.125	22.125	0.250	annex building/Floor/Floor 2x2 (21)
8.125	22.125	-1.741	Terrain/Terrain (1)
8.125	22.625	3.050	annex building/roof 1/Roof 2x2 (11)
8.125	22.625	0.250	Backyard/Floor 2/Floor 2x2 (61)
8.125	22.625	-1.741	Terrain/Terrain (1)
8.125	23.125	3.050	annex building/roof 1/Roof 2x2 side (13)
8.125	23.125	0.250	Backyard/Floor 2/Floor 2x2 (61)
8.125	23.125	-1.741	Terrain/Terrain (1)
8.125	23.625	3.050	annex building/roof 1/Roof 2x2 side (13)
8.125	23.625	0.250	Backyard/Floor 2/Floor 2x2 (61)
8.125	23.625	-1.748	Terrain/Terrain (1)
8.125	24.125	3.050	annex building/roof 1/Roof 2x2 side (13)
8.125	24.125	0.250	Backyard/Floor 2/Floor 2x2 (61)
8.125	24.125	-1.776	Terrain/Terrain (1)
8.125	24.625	3.050	annex building/roof 1/Roof 2x2 side (13)
8.125	24.625	0.250	Backyard/Floor 2/Floor 2x2 (62)
8.125	24.625	-1.830	Terrain/Terrain (1)
8.125	25.125	0.250	Backyard/Floor 2/Floor 2x2 (62)
8.125	25.125	-1.893	Terrain/Terrain (1)
8.125	25.625	0.250	Backyard/Floor 2/Floor 2x2 (62)
8.125	25.625	-1.935	Terrain/Terrain (1)
8.125	26.125	0.250	Backyard/Floor 2/Floor 2x2 (62)
8.125	26.125	-1.946	Terrain/Terrain (1)
8.125	26.625	0.250	Backyard/Floor 2/Floor 2x2 (63)
8.125	26.625	-1.946	Terrain/Terrain (1)
8.125	27.125	0.250	Backyard/Floor 2/Floor 2x2 (63)
8.125	27.125	-1.946	Terrain/Terrain (1)
8.125	27.625	0.250	Backyard/Floor 2/Floor 2x2 (63)
8.125	27.625	-1.949	Terrain/Terrain (1)
8.125	28.125	0.250	Backyard/Floor 2/Floor 2x2 (63)
8.125	28.625	0.250	Backyard/Floor 2/Floor 2x2 (64)
8.125	29.125	0.250	Backyard/Floor 2/Floor 2x2 (64)
8.125	29.125	-0.777	Terrain/Terrain (1)
8.125	29.625	0.250	Backyard/Floor 2/Floor 2x2 (64)
8.125	29.625	-0.701	Terrain/Terrain (1)
8.125	30.125	0.250	Backyard/Floor 2/Floor 2x2 (65)
8.125	30.125	-0.701	Terrain/Terrain (1)
8.125	30.625	0.250	Backyard/Floor 2/Floor 2x2 (65)
8.125	30.625	-0.701	Terrain/Terrain (1)
8.125	31.125	0.250	Backyard/Floor 2/Floor 2x2 (65)
8.125	31.125	-0.701	Terrain/Terrain (1)
8.125	31.625	0.250	Backyard/Floor 2/Floor 2x2 (65)
8.125	31.625	-0.701	Terrain/Terrain (1)
8.125	32.125	-0.701	Terrain/Terrain (1)
8.125	32.625	-0.701	Terrain/Terrain (1)
8.625	-4.875	-0.422	Terrain/Terrain (1)
8.625	-4.375	-0.659	Terrain/Terrain (1)
8.625	-3.875	-0.750	Terrain/Terrain (1)
8.625	-2.875	-0.230	Pool Level/Pool/pool straight top (11)
8.625	-2.875	-1.250	Pool Level/Pool/Bottom/Pool Bottom (23)
8.625	-2.375	-1.250	Pool Level/Pool/Bottom/Pool Bottom (23)
8.625	-2.375	-1.741	Terrain/Terrain (1)
8.625	-1.875	-1.250	Pool Level/Pool/Bottom/Pool Bottom (19)
8.625	-1.875	-1.741	Terrain/Terrain (1)
8.625	-1.375	-1.250	Pool Level/Pool/Bottom/Pool Bottom (19)
8.625	-1.375	-1.741	Terrain/Terrain (1)
8.625	-0.875	-1.250	Pool Level/Pool/Bottom/Pool Bottom (3)
8.625	-0.875	-1.741	Terrain/Terrain (1)
8.625	-0.375	-1.250	Pool Level/Pool/Bottom/Pool Bottom (3)
8.625	-0.375	-1.741	Terrain/Terrain (1)
8.625	0.125	-1.250	Pool Level/Pool/Bottom/Pool Bottom (7)
8.625	0.125	-1.741	Terrain/Terrain (1)
8.625	0.625	-1.250	Pool Level/Pool/Bottom/Pool Bottom (7)
8.625	0.625	-1.741	Terrain/Terrain (1)
8.625	1.125	-1.250	Pool Level/Pool/Bottom/Pool Bottom (11)
8.625	1.125	-1.741	Terrain/Terrain (1)
8.625	1.625	-1.250	Pool Level/Pool/Bottom/Pool Bottom (11)
8.625	1.625	-1.741	Terrain/Terrain (1)
8.625	2.125	-1.250	Pool Level/Pool/Bottom/Pool Bottom (15)
8.625	2.125	-1.741	Terrain/Terrain (1)
8.625	2.625	-0.230	Pool Level/Pool/pool straight top (12)
8.625	2.625	-1.250	Pool Level/Pool/Bottom/Pool Bottom (15)
8.625	2.625	-1.741	Terrain/Terrain (1)
8.625	3.125	-1.741	Terrain/Terrain (1)
8.625	3.625	-1.741	Terrain/Terrain (1)
8.625	4.125	-0.240	Pool Level/Floor/Floor 2x2 (3)
8.625	4.125	-1.741	Terrain/Terrain (1)
8.625	4.625	-0.240	Pool Level/Floor/Floor 2x2 (3)
8.625	4.625	-1.741	Terrain/Terrain (1)
8.625	5.125	-0.240	Pool Level/Floor/Floor 2x2 (3)
8.625	5.125	-1.741	Terrain/Terrain (1)
8.625	5.625	-0.240	Pool Level/Floor/Floor 2x2 (3)
8.625	5.625	-1.741	Terrain/Terrain (1)
8.625	6.125	-0.240	Pool Level/Floor/Floor 2x2 (7)
8.625	6.125	-1.741	Terrain/Terrain (1)
8.625	6.625	-0.240	Pool Level/Floor/Floor 2x2 (7)
8.625	6.625	-1.741	Terrain/Terrain (1)
8.625	7.125	-0.240	Pool Level/Floor/Floor 2x2 (7)
8.625	7.125	-1.741	Terrain/Terrain (1)
8.625	7.625	0.250	annex building/Floor/Floor 1x1 (13)
8.625	7.625	-0.240	Pool Level/Floor/Floor 2x2 (7)
8.625	7.625	-1.741	Terrain/Terrain (1)
8.625	8.125	0.250	annex building/Floor/Floor 1x1 (13)
8.625	8.125	-1.741	Terrain/Terrain (1)
8.625	8.625	0.250	annex building/Floor/Floor 2x2 (15)
8.625	8.625	-1.741	Terrain/Terrain (1)
8.625	9.125	3.050	annex building/roof 1/Roof 2x2 side (12)
8.625	9.125	0.250	annex building/Floor/Floor 2x2 (15)
8.625	9.125	-1.741	Terrain/Terrain (1)
8.625	9.625	3.050	annex building/roof 1/Roof 2x2 side (12)
8.625	9.625	0.250	annex building/Floor/Floor 2x2 (15)
8.625	9.625	-1.741	Terrain/Terrain (1)
8.625	10.125	3.050	annex building/roof 1/Roof 2x2 side (12)
8.625	10.125	0.250	annex building/Floor/Floor 2x2 (15)
8.625	10.125	-1.741	Terrain/Terrain (1)
8.625	10.625	3.050	annex building/roof 1/Roof 2x2 side (12)
8.625	10.625	0.250	annex building/Floor/Floor 2x2 (1)
8.625	10.625	-1.741	Terrain/Terrain (1)
8.625	11.125	3.050	annex building/roof 1/Roof 2x2 (5)
8.625	11.125	0.250	annex building/Floor/Floor 2x2 (1)
8.625	11.125	-1.741	Terrain/Terrain (1)
8.625	11.625	3.050	annex building/roof 1/Roof 2x2 (5)
8.625	11.625	0.250	annex building/Floor/Floor 2x2 (1)
8.625	11.625	-1.741	Terrain/Terrain (1)
8.625	12.125	3.050	annex building/roof 1/Roof 2x2 (5)
8.625	12.125	0.250	annex building/Floor/Floor 2x2 (1)
8.625	12.125	-1.741	Terrain/Terrain (1)
8.625	12.625	3.050	annex building/roof 1/Roof 2x2 (5)
8.625	12.625	0.250	annex building/Floor/Floor 2x2 (5)
8.625	12.625	-1.741	Terrain/Terrain (1)
8.625	13.125	3.050	annex building/roof 1/Roof 2x2 (6)
8.625	13.125	0.250	annex building/Floor/Floor 2x2 (5)
8.625	13.125	-1.741	Terrain/Terrain (1)
8.625	13.625	3.050	annex building/roof 1/Roof 2x2 (6)
8.625	13.625	0.250	annex building/Floor/Floor 2x2 (5)
8.625	13.625	-1.741	Terrain/Terrain (1)
8.625	14.125	3.050	annex building/roof 1/Roof 2x2 (6)
8.625	14.125	0.250	annex building/Floor/Floor 2x2 (5)
8.625	14.125	-1.737	Terrain/Terrain (1)
8.625	14.625	3.050	annex building/roof 1/Roof 2x2 (6)
8.625	14.625	0.250	annex building/Floor/Floor 2x2 (9)
8.625	14.625	-1.737	Terrain/Terrain (1)
8.625	15.125	3.050	annex building/roof 1/Roof 2x2 (7)
8.625	15.125	0.250	annex building/Floor/Floor 2x2 (9)
8.625	15.125	-1.738	Terrain/Terrain (1)
8.625	15.625	3.050	annex building/roof 1/Roof 2x2 (7)
8.625	15.625	0.250	annex building/Floor/Floor 2x2 (9)
8.625	15.625	-1.740	Terrain/Terrain (1)
8.625	16.125	3.050	annex building/roof 1/Roof 2x2 (7)
8.625	16.125	0.250	annex building/Floor/Floor 2x2 (9)
8.625	16.125	-1.741	Terrain/Terrain (1)
8.625	16.625	3.050	annex building/roof 1/Roof 2x2 (7)
8.625	16.625	0.250	annex building/Floor/Floor 2x2 (13)
8.625	16.625	-1.741	Terrain/Terrain (1)
8.625	17.125	3.050	annex building/roof 1/Roof 2x2 (8)
8.625	17.125	0.250	annex building/Floor/Floor 2x2 (13)
8.625	17.125	-1.741	Terrain/Terrain (1)
8.625	17.625	3.050	annex building/roof 1/Roof 2x2 (8)
8.625	17.625	0.250	annex building/Floor/Floor 2x2 (13)
8.625	17.625	-1.741	Terrain/Terrain (1)
8.625	18.125	3.050	annex building/roof 1/Roof 2x2 (8)
8.625	18.125	0.250	annex building/Floor/Floor 2x2 (13)
8.625	18.125	-1.741	Terrain/Terrain (1)
8.625	18.625	3.050	annex building/roof 1/Roof 2x2 (8)
8.625	18.625	0.250	annex building/Floor/Floor 2x2 (17)
8.625	18.625	-1.741	Terrain/Terrain (1)
8.625	19.125	3.050	annex building/roof 1/Roof 2x2 (9)
8.625	19.125	0.250	annex building/Floor/Floor 2x2 (17)
8.625	19.125	-1.741	Terrain/Terrain (1)
8.625	19.625	3.050	annex building/roof 1/Roof 2x2 (9)
8.625	19.625	0.250	annex building/Floor/Floor 2x2 (17)
8.625	19.625	-1.741	Terrain/Terrain (1)
8.625	20.125	3.050	annex building/roof 1/Roof 2x2 (9)
8.625	20.125	0.250	annex building/Floor/Floor 2x2 (17)
8.625	20.125	-1.741	Terrain/Terrain (1)
8.625	20.625	3.050	annex building/roof 1/Roof 2x2 (9)
8.625	20.625	0.250	annex building/Floor/Floor 2x2 (21)
8.625	20.625	-1.741	Terrain/Terrain (1)
8.625	21.125	3.050	annex building/roof 1/Roof 2x2 (11)
8.625	21.125	0.250	annex building/Floor/Floor 2x2 (21)
8.625	21.125	-1.741	Terrain/Terrain (1)
8.625	21.625	3.050	annex building/roof 1/Roof 2x2 (11)
8.625	21.625	0.250	annex building/Floor/Floor 2x2 (21)
8.625	21.625	-1.741	Terrain/Terrain (1)
8.625	22.125	3.050	annex building/roof 1/Roof 2x2 (11)
8.625	22.125	0.250	annex building/Floor/Floor 2x2 (21)
8.625	22.125	-1.741	Terrain/Terrain (1)
8.625	22.625	3.050	annex building/roof 1/Roof 2x2 (11)
8.625	22.625	0.250	Backyard/Floor 2/Floor 2x2 (61)
8.625	22.625	-1.741	Terrain/Terrain (1)
8.625	23.125	3.050	annex building/roof 1/Roof 2x2 side (13)
8.625	23.125	0.250	Backyard/Floor 2/Floor 2x2 (61)
8.625	23.125	-1.741	Terrain/Terrain (1)
8.625	23.625	3.050	annex building/roof 1/Roof 2x2 side (13)
8.625	23.625	0.250	Backyard/Floor 2/Floor 2x2 (61)
8.625	23.625	-1.743	Terrain/Terrain (1)
8.625	24.125	3.050	annex building/roof 1/Roof 2x2 side (13)
8.625	24.125	0.250	Backyard/Floor 2/Floor 2x2 (61)
8.625	24.125	-1.752	Terrain/Terrain (1)
8.625	24.625	3.050	annex building/roof 1/Roof 2x2 side (13)
8.625	24.625	0.250	Backyard/Floor 2/Floor 2x2 (62)
8.625	24.625	-1.793	Terrain/Terrain (1)
8.625	25.125	0.250	Backyard/Floor 2/Floor 2x2 (62)
8.625	25.125	-1.855	Terrain/Terrain (1)
8.625	25.625	0.250	Backyard/Floor 2/Floor 2x2 (62)
8.625	25.625	-1.912	Terrain/Terrain (1)
8.625	26.125	0.250	Backyard/Floor 2/Floor 2x2 (62)
8.625	26.125	-1.942	Terrain/Terrain (1)
8.625	26.625	0.250	Backyard/Floor 2/Floor 2x2 (63)
8.625	26.625	-1.946	Terrain/Terrain (1)
8.625	27.125	0.250	Backyard/Floor 2/Floor 2x2 (63)
8.625	27.125	-1.946	Terrain/Terrain (1)
8.625	27.625	0.250	Backyard/Floor 2/Floor 2x2 (63)
8.625	27.625	-1.946	Terrain/Terrain (1)
8.625	28.125	0.250	Backyard/Floor 2/Floor 2x2 (63)
8.625	28.625	0.250	Backyard/Floor 2/Floor 2x2 (64)
8.625	29.125	0.250	Backyard/Floor 2/Floor 2x2 (64)
8.625	29.125	-0.746	Terrain/Terrain (1)
8.625	29.625	0.250	Backyard/Floor 2/Floor 2x2 (64)
8.625	29.625	-0.701	Terrain/Terrain (1)
8.625	30.125	0.250	Backyard/Floor 2/Floor 2x2 (65)
8.625	30.125	-0.701	Terrain/Terrain (1)
8.625	30.625	0.250	Backyard/Floor 2/Floor 2x2 (65)
8.625	30.625	-0.701	Terrain/Terrain (1)
8.625	31.125	0.250	Backyard/Floor 2/Floor 2x2 (65)
8.625	31.125	-0.701	Terrain/Terrain (1)
8.625	31.625	0.250	Backyard/Floor 2/Floor 2x2 (65)
8.625	31.625	-0.701	Terrain/Terrain (1)
8.625	32.125	-0.701	Terrain/Terrain (1)
8.625	32.625	-0.701	Terrain/Terrain (1)
9.125	-4.875	-0.493	Terrain/Terrain (1)
9.125	-4.375	-0.674	Terrain/Terrain (1)
9.125	-3.875	-0.704	Terrain/Terrain (1)
9.125	-3.375	-0.772	Terrain/Terrain (1)
9.125	-2.875	-0.230	Pool Level/Pool/Pool Corner Top (3)
9.125	-2.875	-1.250	Pool Level/Pool/Bottom/Pool Bottom (22)
9.125	-2.375	-1.250	Pool Level/Pool/Bottom/Pool Bottom (22)
9.125	-2.375	-1.729	Terrain/Terrain (1)
9.125	-1.875	-1.250	Pool Level/Pool/Bottom/Pool Bottom (18)
9.125	-1.875	-1.741	Terrain/Terrain (1)
9.125	-1.375	-1.250	Pool Level/Pool/Bottom/Pool Bottom (18)
9.125	-1.375	-1.741	Terrain/Terrain (1)
9.125	-0.875	-1.250	Pool Level/Pool/Bottom/Pool Bottom (2)
9.125	-0.875	-1.741	Terrain/Terrain (1)
9.125	-0.375	-1.250	Pool Level/Pool/Bottom/Pool Bottom (2)
9.125	-0.375	-1.741	Terrain/Terrain (1)
9.125	0.125	-1.250	Pool Level/Pool/Bottom/Pool Bottom (6)
9.125	0.125	-1.741	Terrain/Terrain (1)
9.125	0.625	-1.250	Pool Level/Pool/Bottom/Pool Bottom (6)
9.125	0.625	-1.741	Terrain/Terrain (1)
9.125	1.125	-1.250	Pool Level/Pool/Bottom/Pool Bottom (10)
9.125	1.125	-1.741	Terrain/Terrain (1)
9.125	1.625	-1.250	Pool Level/Pool/Bottom/Pool Bottom (10)
9.125	1.625	-1.741	Terrain/Terrain (1)
9.125	2.125	-1.250	Pool Level/Pool/Bottom/Pool Bottom (14)
9.125	2.125	-1.741	Terrain/Terrain (1)
9.125	2.625	-0.230	Pool Level/Pool/Pool Corner Top (4)
9.125	2.625	-1.250	Pool Level/Pool/Bottom/Pool Bottom (14)
9.125	2.625	-1.741	Terrain/Terrain (1)
9.125	3.125	-1.741	Terrain/Terrain (1)
9.125	3.625	-1.741	Terrain/Terrain (1)
9.125	4.125	-0.240	Pool Level/Floor/Floor 2x2 (3)
9.125	4.125	-1.741	Terrain/Terrain (1)
9.125	4.625	-0.240	Pool Level/Floor/Floor 2x2 (3)
9.125	4.625	-1.741	Terrain/Terrain (1)
9.125	5.125	-0.240	Pool Level/Floor/Floor 2x2 (3)
9.125	5.125	-1.741	Terrain/Terrain (1)
9.125	5.625	-0.240	Pool Level/Floor/Floor 2x2 (3)
9.125	5.625	-1.741	Terrain/Terrain (1)
9.125	6.125	-0.240	Pool Level/Floor/Floor 2x2 (7)
9.125	6.125	-1.741	Terrain/Terrain (1)
9.125	6.625	-0.240	Pool Level/Floor/Floor 2x2 (7)
9.125	6.625	-1.741	Terrain/Terrain (1)
9.125	7.125	-0.240	Pool Level/Floor/Floor 2x2 (7)
9.125	7.125	-1.741	Terrain/Terrain (1)
9.125	7.625	0.250	annex building/Floor/Floor 1x1 (15)
9.125	7.625	-0.240	Pool Level/Floor/Floor 2x2 (7)
9.125	7.625	-1.741	Terrain/Terrain (1)
9.125	8.125	0.250	annex building/Floor/Floor 1x1 (15)
9.125	8.125	-1.741	Terrain/Terrain (1)
9.125	8.625	0.250	annex building/Floor/Floor 2x2 (15)
9.125	8.625	-1.741	Terrain/Terrain (1)
9.125	9.125	3.050	annex building/roof 1/Roof 2x2 side (12)
9.125	9.125	0.250	annex building/Floor/Floor 2x2 (15)
9.125	9.125	-1.741	Terrain/Terrain (1)
9.125	9.625	3.050	annex building/roof 1/Roof 2x2 side (12)
9.125	9.625	0.250	annex building/Floor/Floor 2x2 (15)
9.125	9.625	-1.741	Terrain/Terrain (1)
9.125	10.125	3.050	annex building/roof 1/Roof 2x2 side (12)
9.125	10.125	0.250	annex building/Floor/Floor 2x2 (15)
9.125	10.125	-1.741	Terrain/Terrain (1)
9.125	10.625	3.050	annex building/roof 1/Roof 2x2 side (12)
9.125	10.625	0.250	annex building/Floor/Floor 2x2
9.125	10.625	-1.741	Terrain/Terrain (1)
9.125	11.125	3.050	annex building/roof 1/Roof 2x2 (5)
9.125	11.125	0.250	annex building/Floor/Floor 2x2
9.125	11.125	-1.739	Terrain/Terrain (1)
9.125	11.625	3.050	annex building/roof 1/Roof 2x2 (5)
9.125	11.625	0.250	annex building/Floor/Floor 2x2
9.125	11.625	-1.735	Terrain/Terrain (1)
9.125	12.125	3.050	annex building/roof 1/Roof 2x2 (5)
9.125	12.125	0.250	annex building/Floor/Floor 2x2
9.125	12.125	-1.726	Terrain/Terrain (1)
9.125	12.625	3.050	annex building/roof 1/Roof 2x2 (5)
9.125	12.625	0.250	annex building/Floor/Floor 2x2 (4)
9.125	12.625	-1.718	Terrain/Terrain (1)
9.125	13.125	3.050	annex building/roof 1/Roof 2x2 (6)
9.125	13.125	0.250	annex building/Floor/Floor 2x2 (4)
9.125	13.125	-1.712	Terrain/Terrain (1)
9.125	13.625	3.050	annex building/roof 1/Roof 2x2 (6)
9.125	13.625	0.250	annex building/Floor/Floor 2x2 (4)
9.125	13.625	-1.710	Terrain/Terrain (1)
9.125	14.125	3.050	annex building/roof 1/Roof 2x2 (6)
9.125	14.125	0.250	annex building/Floor/Floor 2x2 (4)
9.125	14.125	-1.701	Terrain/Terrain (1)
9.125	14.625	3.050	annex building/roof 1/Roof 2x2 (6)
9.125	14.625	0.250	annex building/Floor/Floor 2x2 (8)
9.125	14.625	-1.697	Terrain/Terrain (1)
9.125	15.125	3.050	annex building/roof 1/Roof 2x2 (7)
9.125	15.125	0.250	annex building/Floor/Floor 2x2 (8)
9.125	15.125	-1.698	Terrain/Terrain (1)
9.125	15.625	3.050	annex building/roof 1/Roof 2x2 (7)
9.125	15.625	0.250	annex building/Floor/Floor 2x2 (8)
9.125	15.625	-1.703	Terrain/Terrain (1)
9.125	16.125	3.050	annex building/roof 1/Roof 2x2 (7)
9.125	16.125	0.250	annex building/Floor/Floor 2x2 (8)
9.125	16.125	-1.707	Terrain/Terrain (1)
9.125	16.625	3.050	annex building/roof 1/Roof 2x2 (7)
9.125	16.625	0.250	annex building/Floor/Floor 2x2 (12)
9.125	16.625	-1.714	Terrain/Terrain (1)
9.125	17.125	3.050	annex building/roof 1/Roof 2x2 (8)
9.125	17.125	0.250	annex building/Floor/Floor 2x2 (12)
9.125	17.125	-1.725	Terrain/Terrain (1)
9.125	17.625	3.050	annex building/roof 1/Roof 2x2 (8)
9.125	17.625	0.250	annex building/Floor/Floor 2x2 (12)
9.125	17.625	-1.733	Terrain/Terrain (1)
9.125	18.125	3.050	annex building/roof 1/Roof 2x2 (8)
9.125	18.125	0.250	annex building/Floor/Floor 2x2 (12)
9.125	18.125	-1.738	Terrain/Terrain (1)
9.125	18.625	3.050	annex building/roof 1/Roof 2x2 (8)
9.125	18.625	0.250	annex building/Floor/Floor 2x2 (16)
9.125	18.625	-1.740	Terrain/Terrain (1)
9.125	19.125	3.050	annex building/roof 1/Roof 2x2 (9)
9.125	19.125	0.250	annex building/Floor/Floor 2x2 (16)
9.125	19.125	-1.741	Terrain/Terrain (1)
9.125	19.625	3.050	annex building/roof 1/Roof 2x2 (9)
9.125	19.625	0.250	annex building/Floor/Floor 2x2 (16)
9.125	19.625	-1.741	Terrain/Terrain (1)
9.125	20.125	3.050	annex building/roof 1/Roof 2x2 (9)
9.125	20.125	0.250	annex building/Floor/Floor 2x2 (16)
9.125	20.125	-1.741	Terrain/Terrain (1)
9.125	20.625	3.050	annex building/roof 1/Roof 2x2 (9)
9.125	20.625	0.250	annex building/Floor/Floor 2x2 (20)
9.125	20.625	-1.741	Terrain/Terrain (1)
9.125	21.125	3.050	annex building/roof 1/Roof 2x2 (11)
9.125	21.125	0.250	annex building/Floor/Floor 2x2 (20)
9.125	21.125	-1.741	Terrain/Terrain (1)
9.125	21.625	3.050	annex building/roof 1/Roof 2x2 (11)
9.125	21.625	0.250	annex building/Floor/Floor 2x2 (20)
9.125	21.625	-1.737	Terrain/Terrain (1)
9.125	22.125	3.050	annex building/roof 1/Roof 2x2 (11)
9.125	22.125	0.250	annex building/Floor/Floor 2x2 (20)
9.125	22.125	-1.732	Terrain/Terrain (1)
9.125	22.625	3.050	annex building/roof 1/Roof 2x2 (11)
9.125	22.625	0.250	Backyard/Floor 2/Floor 2x2 (61)
9.125	22.625	-1.718	Terrain/Terrain (1)
9.125	23.125	3.050	annex building/roof 1/Roof 2x2 side (13)
9.125	23.125	0.250	Backyard/Floor 2/Floor 2x2 (61)
9.125	23.125	-1.714	Terrain/Terrain (1)
9.125	23.625	3.050	annex building/roof 1/Roof 2x2 side (13)
9.125	23.625	0.250	Backyard/Floor 2/Floor 2x2 (61)
9.125	23.625	-1.713	Terrain/Terrain (1)
9.125	24.125	3.050	annex building/roof 1/Roof 2x2 side (13)
9.125	24.125	0.250	Backyard/Floor 2/Floor 2x2 (61)
9.125	24.125	-1.717	Terrain/Terrain (1)
9.125	24.625	3.050	annex building/roof 1/Roof 2x2 side (13)
9.125	24.625	0.250	Backyard/Floor 2/Floor 2x2 (62)
9.125	24.625	-1.735	Terrain/Terrain (1)
9.125	25.125	0.250	Backyard/Floor 2/Floor 2x2 (62)
9.125	25.125	-1.794	Terrain/Terrain (1)
9.125	25.625	0.250	Backyard/Floor 2/Floor 2x2 (62)
9.125	25.625	-1.861	Terrain/Terrain (1)
9.125	26.125	0.250	Backyard/Floor 2/Floor 2x2 (62)
9.125	26.125	-1.911	Terrain/Terrain (1)
9.125	26.625	0.250	Backyard/Floor 2/Floor 2x2 (63)
9.125	26.625	-1.926	Terrain/Terrain (1)
9.125	27.125	0.250	Backyard/Floor 2/Floor 2x2 (63)
9.125	27.125	-1.931	Terrain/Terrain (1)
9.125	27.625	0.250	Backyard/Floor 2/Floor 2x2 (63)
9.125	27.625	-1.936	Terrain/Terrain (1)
9.125	28.125	0.250	Backyard/Floor 2/Floor 2x2 (63)
9.125	28.625	0.250	Backyard/Floor 2/Floor 2x2 (64)
9.125	28.625	-1.147	Terrain/Terrain (1)
9.125	29.125	0.250	Backyard/Floor 2/Floor 2x2 (64)
9.125	29.125	-0.752	Terrain/Terrain (1)
9.125	29.625	0.250	Backyard/Floor 2/Floor 2x2 (64)
9.125	29.625	-0.701	Terrain/Terrain (1)
9.125	30.125	0.250	Backyard/Floor 2/Floor 2x2 (65)
9.125	30.125	-0.701	Terrain/Terrain (1)
9.125	30.625	0.250	Backyard/Floor 2/Floor 2x2 (65)
9.125	30.625	-0.701	Terrain/Terrain (1)
9.125	31.125	0.250	Backyard/Floor 2/Floor 2x2 (65)
9.125	31.125	-0.700	Terrain/Terrain (1)
9.125	31.625	0.250	Backyard/Floor 2/Floor 2x2 (65)
9.125	31.625	-0.699	Terrain/Terrain (1)
9.125	32.125	-0.698	Terrain/Terrain (1)
9.125	32.625	-0.696	Terrain/Terrain (1)
9.625	-4.875	-0.626	Terrain/Terrain (1)
9.625	-4.375	-0.695	Terrain/Terrain (1)
9.625	-3.875	-0.701	Terrain/Terrain (1)
9.625	-3.375	-0.701	Terrain/Terrain (1)
9.625	-2.875	-0.230	Pool Level/Pool/Pool Corner Top (3)
9.625	-2.875	-1.250	Pool Level/Pool/Bottom/Pool Bottom (22)
9.625	-2.375	-0.230	Pool Level/Pool/Pool Corner Top (3)
9.625	-2.375	-1.250	Pool Level/Pool/Bottom/Pool Bottom (22)
9.625	-2.375	-1.628	Terrain/Terrain (1)
9.625	-1.875	-0.230	Pool Level/Pool/pool straight top (9)
9.625	-1.875	-1.250	Pool Level/Pool/Bottom/Pool Bottom (18)
9.625	-1.875	-1.741	Terrain/Terrain (1)
9.625	-1.375	-0.230	Pool Level/Pool/pool straight top (9)
9.625	-1.375	-1.250	Pool Level/Pool/Bottom/Pool Bottom (18)
9.625	-1.375	-1.741	Terrain/Terrain (1)
9.625	-0.875	-0.230	Pool Level/Pool/pool straight top (10)
9.625	-0.875	-1.250	Pool Level/Pool/Bottom/Pool Bottom (2)
9.625	-0.875	-1.741	Terrain/Terrain (1)
9.625	-0.375	-0.230	Pool Level/Pool/pool straight top (10)
9.625	-0.375	-1.250	Pool Level/Pool/Bottom/Pool Bottom (2)
9.625	-0.375	-1.741	Terrain/Terrain (1)
9.625	0.125	-0.230	Pool Level/Pool/pool straight top (5)
9.625	0.125	-1.250	Pool Level/Pool/Bottom/Pool Bottom (6)
9.625	0.125	-1.741	Terrain/Terrain (1)
9.625	0.625	-0.230	Pool Level/Pool/pool straight top (5)
9.625	0.625	-1.250	Pool Level/Pool/Bottom/Pool Bottom (6)
9.625	0.625	-1.741	Terrain/Terrain (1)
9.625	1.125	-0.230	Pool Level/Pool/pool straight top (6)
9.625	1.125	-1.250	Pool Level/Pool/Bottom/Pool Bottom (10)
9.625	1.125	-1.741	Terrain/Terrain (1)
9.625	1.625	-0.230	Pool Level/Pool/pool straight top (6)
9.625	1.625	-1.250	Pool Level/Pool/Bottom/Pool Bottom (10)
9.625	1.625	-1.741	Terrain/Terrain (1)
9.625	2.125	-0.230	Pool Level/Pool/Pool Corner Top (4)
9.625	2.125	-1.250	Pool Level/Pool/Bottom/Pool Bottom (14)
9.625	2.125	-1.741	Terrain/Terrain (1)
9.625	2.625	-0.230	Pool Level/Pool/Pool Corner Top (4)
9.625	2.625	-1.250	Pool Level/Pool/Bottom/Pool Bottom (14)
9.625	2.625	-1.741	Terrain/Terrain (1)
9.625	3.125	-1.741	Terrain/Terrain (1)
9.625	3.625	-1.741	Terrain/Terrain (1)
9.625	4.125	-0.240	Pool Level/Floor/Floor 2x2 (3)
9.625	4.125	-1.741	Terrain/Terrain (1)
9.625	4.625	-0.240	Pool Level/Floor/Floor 2x2 (3)
9.625	4.625	-1.741	Terrain/Terrain (1)
9.625	5.125	-0.240	Pool Level/Floor/Floor 2x2 (3)
9.625	5.125	-1.741	Terrain/Terrain (1)
9.625	5.625	-0.240	Pool Level/Floor/Floor 2x2 (3)
9.625	5.625	-1.741	Terrain/Terrain (1)
9.625	6.125	-0.240	Pool Level/Floor/Floor 2x2 (7)
9.625	6.125	-1.741	Terrain/Terrain (1)
9.625	6.625	-0.240	Pool Level/Floor/Floor 2x2 (7)
9.625	6.625	-1.741	Terrain/Terrain (1)
9.625	7.125	-0.240	Pool Level/Floor/Floor 2x2 (7)
9.625	7.125	-1.741	Terrain/Terrain (1)
9.625	7.625	0.250	annex building/Floor/Floor 1x1 (15)
9.625	7.625	-0.240	Pool Level/Floor/Floor 2x2 (7)
9.625	7.625	-1.741	Terrain/Terrain (1)
9.625	8.125	0.250	annex building/Floor/Floor 1x1 (15)
9.625	8.125	-1.741	Terrain/Terrain (1)
9.625	8.625	0.250	annex building/Floor/Floor 2x2 (15)
9.625	8.625	-1.741	Terrain/Terrain (1)
9.625	9.125	3.050	annex building/roof 1/Roof 2x2 corner (1)
9.625	9.125	0.250	annex building/Floor/Floor 2x2 (15)
9.625	9.125	-1.741	Terrain/Terrain (1)
9.625	9.625	3.050	annex building/roof 1/Roof 2x2 corner (1)
9.625	9.625	0.250	annex building/Floor/Floor 2x2 (15)
9.625	9.625	-1.741	Terrain/Terrain (1)
9.625	10.125	3.050	annex building/roof 1/Roof 2x2 corner (1)
9.625	10.125	0.250	annex building/Floor/Floor 2x2 (15)
9.625	10.125	-1.741	Terrain/Terrain (1)
9.625	10.625	3.050	annex building/roof 1/Roof 2x2 corner (1)
9.625	10.625	0.250	annex building/Floor/Floor 2x2
9.625	10.625	-1.729	Terrain/Terrain (1)
9.625	11.125	3.050	annex building/roof 1/Roof 2x2 side (1)
9.625	11.125	0.250	annex building/Floor/Floor 2x2
9.625	11.125	-1.714	Terrain/Terrain (1)
9.625	11.625	3.050	annex building/roof 1/Roof 2x2 side (1)
9.625	11.625	0.250	annex building/Floor/Floor 2x2
9.625	11.625	-1.701	Terrain/Terrain (1)
9.625	12.125	3.050	annex building/roof 1/Roof 2x2 side (1)
9.625	12.125	0.250	annex building/Floor/Floor 2x2
9.625	12.125	-1.681	Terrain/Terrain (1)
9.625	12.625	3.050	annex building/roof 1/Roof 2x2 side (1)
9.625	12.625	0.250	annex building/Floor/Floor 2x2 (4)
9.625	12.625	-1.666	Terrain/Terrain (1)
9.625	13.125	3.050	annex building/roof 1/Roof 2x2 side (4)
9.625	13.125	0.250	annex building/Floor/Floor 2x2 (4)
9.625	13.125	-1.655	Terrain/Terrain (1)
9.625	13.625	3.050	annex building/roof 1/Roof 2x2 side (4)
9.625	13.625	0.250	annex building/Floor/Floor 2x2 (4)
9.625	13.625	-1.638	Terrain/Terrain (1)
9.625	14.125	3.050	annex building/roof 1/Roof 2x2 side (4)
9.625	14.125	0.250	annex building/Floor/Floor 2x2 (4)
9.625	14.125	-1.628	Terrain/Terrain (1)
9.625	14.625	3.050	annex building/roof 1/Roof 2x2 side (4)
9.625	14.625	0.250	annex building/Floor/Floor 2x2 (8)
9.625	14.625	-1.622	Terrain/Terrain (1)
9.625	15.125	3.050	annex building/roof 1/Roof 2x2 side (6)
9.625	15.125	0.250	annex building/Floor/Floor 2x2 (8)
9.625	15.125	-1.611	Terrain/Terrain (1)
9.625	15.625	3.050	annex building/roof 1/Roof 2x2 side (6)
9.625	15.625	0.250	annex building/Floor/Floor 2x2 (8)
9.625	15.625	-1.610	Terrain/Terrain (1)
9.625	16.125	3.050	annex building/roof 1/Roof 2x2 side (6)
9.625	16.125	0.250	annex building/Floor/Floor 2x2 (8)
9.625	16.125	-1.614	Terrain/Terrain (1)
9.625	16.625	3.050	annex building/roof 1/Roof 2x2 side (6)
9.625	16.625	0.250	annex building/Floor/Floor 2x2 (12)
9.625	16.625	-1.616	Terrain/Terrain (1)
9.625	17.125	3.050	annex building/roof 1/Roof 2x2 side (8)
9.625	17.125	0.250	annex building/Floor/Floor 2x2 (12)
9.625	17.125	-1.631	Terrain/Terrain (1)
9.625	17.625	3.050	annex building/roof 1/Roof 2x2 side (8)
9.625	17.625	0.250	annex building/Floor/Floor 2x2 (12)
9.625	17.625	-1.646	Terrain/Terrain (1)
9.625	18.125	3.050	annex building/roof 1/Roof 2x2 side (8)
9.625	18.125	0.250	annex building/Floor/Floor 2x2 (12)
9.625	18.125	-1.667	Terrain/Terrain (1)
9.625	18.625	3.050	annex building/roof 1/Roof 2x2 side (8)
9.625	18.625	0.250	annex building/Floor/Floor 2x2 (16)
9.625	18.625	-1.694	Terrain/Terrain (1)
9.625	19.125	3.065	annex building/roof 1/Roof 2x2 side (10)
9.625	19.125	0.250	annex building/Floor/Floor 2x2 (16)
9.625	19.125	-1.706	Terrain/Terrain (1)
9.625	19.625	3.065	annex building/roof 1/Roof 2x2 side (10)
9.625	19.625	0.250	annex building/Floor/Floor 2x2 (16)
9.625	19.625	-1.715	Terrain/Terrain (1)
9.625	20.125	3.065	annex building/roof 1/Roof 2x2 side (10)
9.625	20.125	0.250	annex building/Floor/Floor 2x2 (16)
9.625	20.125	-1.730	Terrain/Terrain (1)
9.625	20.625	3.065	annex building/roof 1/Roof 2x2 side (10)
9.625	20.625	0.250	annex building/Floor/Floor 2x2 (20)
9.625	20.625	-1.710	Terrain/Terrain (1)
9.625	21.125	3.050	annex building/roof 1/Roof 2x2 side (15)
9.625	21.125	0.250	annex building/Floor/Floor 2x2 (20)
9.625	21.125	-1.696	Terrain/Terrain (1)
9.625	21.625	3.050	annex building/roof 1/Roof 2x2 side (15)
9.625	21.625	0.250	annex building/Floor/Floor 2x2 (20)
9.625	21.625	-1.679	Terrain/Terrain (1)
9.625	22.125	3.050	annex building/roof 1/Roof 2x2 side (15)
9.625	22.125	0.250	annex building/Floor/Floor 2x2 (20)
9.625	22.125	-1.672	Terrain/Terrain (1)
9.625	22.625	3.050	annex building/roof 1/Roof 2x2 side (15)
9.625	22.625	0.250	Backyard/Floor 2/Floor 2x2 (61)
9.625	22.625	-1.657	Terrain/Terrain (1)
9.625	23.125	3.050	annex building/roof 1/Roof 2x2 corner (3)
9.625	23.125	0.250	Backyard/Floor 2/Floor 2x2 (61)
9.625	23.125	-1.658	Terrain/Terrain (1)
9.625	23.625	3.050	annex building/roof 1/Roof 2x2 corner (3)
9.625	23.625	0.250	Backyard/Floor 2/Floor 2x2 (61)
9.625	23.625	-1.656	Terrain/Terrain (1)
9.625	24.125	3.050	annex building/roof 1/Roof 2x2 corner (3)
9.625	24.125	0.250	Backyard/Floor 2/Floor 2x2 (61)
9.625	24.125	-1.651	Terrain/Terrain (1)
9.625	24.625	3.050	annex building/roof 1/Roof 2x2 corner (3)
9.625	24.625	0.250	Backyard/Floor 2/Floor 2x2 (62)
9.625	24.625	-1.666	Terrain/Terrain (1)
9.625	25.125	0.250	Backyard/Floor 2/Floor 2x2 (62)
9.625	25.125	-1.709	Terrain/Terrain (1)
9.625	25.625	0.250	Backyard/Floor 2/Floor 2x2 (62)
9.625	25.625	-1.783	Terrain/Terrain (1)
9.625	26.125	0.250	Backyard/Floor 2/Floor 2x2 (62)
9.625	26.125	-1.849	Terrain/Terrain (1)
9.625	26.625	0.250	Backyard/Floor 2/Floor 2x2 (63)
9.625	26.625	-1.883	Terrain/Terrain (1)
9.625	27.125	0.250	Backyard/Floor 2/Floor 2x2 (63)
9.625	27.125	-1.893	Terrain/Terrain (1)
9.625	27.625	0.250	Backyard/Floor 2/Floor 2x2 (63)
9.625	27.625	-1.896	Terrain/Terrain (1)
9.625	28.125	0.250	Backyard/Floor 2/Floor 2x2 (63)
9.625	28.625	0.250	Backyard/Floor 2/Floor 2x2 (64)
9.625	28.625	-1.075	Terrain/Terrain (1)
9.625	29.125	0.250	Backyard/Floor 2/Floor 2x2 (64)
9.625	29.125	-0.808	Terrain/Terrain (1)
9.625	29.625	0.250	Backyard/Floor 2/Floor 2x2 (64)
9.625	29.625	-0.701	Terrain/Terrain (1)
9.625	30.125	0.250	Backyard/Floor 2/Floor 2x2 (65)
9.625	30.125	-0.697	Terrain/Terrain (1)
9.625	30.625	0.250	Backyard/Floor 2/Floor 2x2 (65)
9.625	30.625	-0.693	Terrain/Terrain (1)
9.625	31.125	0.250	Backyard/Floor 2/Floor 2x2 (65)
9.625	31.125	-0.685	Terrain/Terrain (1)
9.625	31.625	0.250	Backyard/Floor 2/Floor 2x2 (65)
9.625	31.625	-0.675	Terrain/Terrain (1)
9.625	32.125	-0.669	Terrain/Terrain (1)
9.625	32.625	-0.662	Terrain/Terrain (1)
10.125	-4.875	-0.692	Terrain/Terrain (1)
10.125	-4.375	-0.701	Terrain/Terrain (1)
10.125	-3.875	-0.701	Terrain/Terrain (1)
10.125	-3.375	-0.701	Terrain/Terrain (1)
10.125	-2.875	-0.240	Pool Level/Floor/Floor 2x2 (24)
10.125	-2.375	-0.240	Pool Level/Floor/Floor 2x2 (24)
10.125	-2.375	-1.568	Terrain/Terrain (1)
10.125	-1.875	-0.240	Pool Level/Floor/Floor 2x2 (21)
10.125	-1.875	-1.741	Terrain/Terrain (1)
10.125	-1.375	-0.240	Pool Level/Floor/Floor 2x2 (21)
10.125	-1.375	-1.730	Terrain/Terrain (1)
10.125	-0.875	-0.240	Pool Level/Floor/Floor 2x2 (21)
10.125	-0.875	-1.690	Terrain/Terrain (1)
10.125	-0.375	-0.240	Pool Level/Floor/Floor 2x2 (21)
10.125	-0.375	-1.643	Terrain/Terrain (1)
10.125	0.125	-0.240	Pool Level/Floor/Floor 2x2 (20)
10.125	0.125	-1.639	Terrain/Terrain (1)
10.125	0.625	-0.240	Pool Level/Floor/Floor 2x2 (20)
10.125	0.625	-1.675	Terrain/Terrain (1)
10.125	1.125	-0.240	Pool Level/Floor/Floor 2x2 (20)
10.125	1.125	-1.693	Terrain/Terrain (1)
10.125	1.625	-0.240	Pool Level/Floor/Floor 2x2 (20)
10.125	1.625	-1.713	Terrain/Terrain (1)
10.125	2.125	-0.240	Pool Level/Floor/Floor 2x2 (16)
10.125	2.125	-1.722	Terrain/Terrain (1)
10.125	2.625	-0.240	Pool Level/Floor/Floor 2x2 (16)
10.125	2.625	-1.729	Terrain/Terrain (1)
10.125	3.125	-0.240	Pool Level/Floor/Floor 2x2 (16)
10.125	3.125	-1.736	Terrain/Terrain (1)
10.125	3.625	-0.240	Pool Level/Floor/Floor 2x2 (16)
10.125	3.625	-1.740	Terrain/Terrain (1)
10.125	4.125	-0.240	Pool Level/Floor/Floor 2x2 (3)
10.125	4.125	-1.741	Terrain/Terrain (1)
10.125	4.625	-0.240	Pool Level/Floor/Floor 2x2 (3)
10.125	4.625	-1.741	Terrain/Terrain (1)
10.125	5.125	-0.240	Pool Level/Floor/Floor 2x2 (3)
10.125	5.125	-1.741	Terrain/Terrain (1)
10.125	5.625	-0.240	Pool Level/Floor/Floor 2x2 (3)
10.125	5.625	-1.741	Terrain/Terrain (1)
10.125	6.125	-0.240	Pool Level/Floor/Floor 2x2 (7)
10.125	6.125	-1.741	Terrain/Terrain (1)
10.125	6.625	-0.240	Pool Level/Floor/Floor 2x2 (7)
10.125	6.625	-1.741	Terrain/Terrain (1)
10.125	7.125	-0.240	Pool Level/Floor/Floor 2x2 (7)
10.125	7.125	-1.741	Terrain/Terrain (1)
10.125	7.625	0.250	annex building/Floor/Floor 1x1 (16)
10.125	7.625	-0.240	Pool Level/Floor/Floor 2x2 (7)
10.125	7.625	-1.741	Terrain/Terrain (1)
10.125	8.125	0.250	annex building/Floor/Floor 1x1 (16)
10.125	8.125	-1.741	Terrain/Terrain (1)
10.125	8.625	0.250	annex building/Floor/Floor 2x2 (14)
10.125	8.625	-1.741	Terrain/Terrain (1)
10.125	9.125	3.050	annex building/roof 1/Roof 2x2 corner (1)
10.125	9.125	0.250	annex building/Floor/Floor 2x2 (14)
10.125	9.125	-1.741	Terrain/Terrain (1)
10.125	9.625	3.050	annex building/roof 1/Roof 2x2 corner (1)
10.125	9.625	0.250	annex building/Floor/Floor 2x2 (14)
10.125	9.625	-1.733	Terrain/Terrain (1)
10.125	10.125	3.050	annex building/roof 1/Roof 2x2 corner (1)
10.125	10.125	0.250	annex building/Floor/Floor 2x2 (14)
10.125	10.125	-1.716	Terrain/Terrain (1)
10.125	10.625	3.050	annex building/roof 1/Roof 2x2 corner (1)
10.125	10.625	0.250	annex building/Floor/Floor 2x2
10.125	10.625	-1.691	Terrain/Terrain (1)
10.125	11.125	3.050	annex building/roof 1/Roof 2x2 side (1)
10.125	11.125	0.250	annex building/Floor/Floor 2x2
10.125	11.125	-1.661	Terrain/Terrain (1)
10.125	11.625	3.050	annex building/roof 1/Roof 2x2 side (1)
10.125	11.625	0.250	annex building/Floor/Floor 2x2
10.125	11.625	-1.629	Terrain/Terrain (1)
10.125	12.125	3.050	annex building/roof 1/Roof 2x2 side (1)
10.125	12.125	0.250	annex building/Floor/Floor 2x2
10.125	12.125	-1.591	Terrain/Terrain (1)
10.125	12.625	3.050	annex building/roof 1/Roof 2x2 side (1)
10.125	12.625	0.250	annex building/Floor/Floor 2x2 (4)
10.125	12.625	-1.564	Terrain/Terrain (1)
10.125	13.125	3.050	annex building/roof 1/Roof 2x2 side (4)
10.125	13.125	0.250	annex building/Floor/Floor 2x2 (4)
10.125	13.125	-1.542	Terrain/Terrain (1)
10.125	13.625	3.050	annex building/roof 1/Roof 2x2 side (4)
10.125	13.625	0.250	annex building/Floor/Floor 2x2 (4)
10.125	13.625	-1.519	Terrain/Terrain (1)
10.125	14.125	3.050	annex building/roof 1/Roof 2x2 side (4)
10.125	14.125	0.250	annex building/Floor/Floor 2x2 (4)
10.125	14.125	-1.487	Terrain/Terrain (1)
10.125	14.625	3.050	annex building/roof 1/Roof 2x2 side (4)
10.125	14.625	0.250	annex building/Floor/Floor 2x2 (8)
10.125	14.625	-1.469	Terrain/Terrain (1)
10.125	15.125	3.050	annex building/roof 1/Roof 2x2 side (6)
10.125	15.125	0.250	annex building/Floor/Floor 2x2 (8)
10.125	15.125	-1.455	Terrain/Terrain (1)
10.125	15.625	3.050	annex building/roof 1/Roof 2x2 side (6)
10.125	15.625	0.250	annex building/Floor/Floor 2x2 (8)
10.125	15.625	-1.445	Terrain/Terrain (1)
10.125	16.125	3.050	annex building/roof 1/Roof 2x2 side (6)
10.125	16.125	0.250	annex building/Floor/Floor 2x2 (8)
10.125	16.125	-1.442	Terrain/Terrain (1)
10.125	16.625	3.050	annex building/roof 1/Roof 2x2 side (6)
10.125	16.625	0.250	annex building/Floor/Floor 2x2 (12)
10.125	16.625	-1.448	Terrain/Terrain (1)
10.125	17.125	3.050	annex building/roof 1/Roof 2x2 side (8)
10.125	17.125	0.250	annex building/Floor/Floor 2x2 (12)
10.125	17.125	-1.438	Terrain/Terrain (1)
10.125	17.625	3.050	annex building/roof 1/Roof 2x2 side (8)
10.125	17.625	0.250	annex building/Floor/Floor 2x2 (12)
10.125	17.625	-1.410	Terrain/Terrain (1)
10.125	18.125	3.050	annex building/roof 1/Roof 2x2 side (8)
10.125	18.125	0.250	annex building/Floor/Floor 2x2 (12)
10.125	18.625	3.050	annex building/roof 1/Roof 2x2 side (8)
10.125	18.625	0.250	annex building/Floor/Floor 2x2 (16)
10.125	19.125	3.065	annex building/roof 1/Roof 2x2 side (10)
10.125	19.125	0.250	annex building/Floor/Floor 2x2 (16)
10.125	19.625	3.065	annex building/roof 1/Roof 2x2 side (10)
10.125	19.625	0.250	annex building/Floor/Floor 2x2 (16)
10.125	19.625	-1.373	Terrain/Terrain (1)
10.125	20.125	3.065	annex building/roof 1/Roof 2x2 side (10)
10.125	20.125	0.250	annex building/Floor/Floor 2x2 (16)
10.125	20.125	-1.370	Terrain/Terrain (1)
10.125	20.625	3.065	annex building/roof 1/Roof 2x2 side (10)
10.125	20.625	0.250	annex building/Floor/Floor 2x2 (20)
10.125	20.625	-1.358	Terrain/Terrain (1)
10.125	21.125	3.050	annex building/roof 1/Roof 2x2 side (15)
10.125	21.125	0.250	annex building/Floor/Floor 2x2 (20)
10.125	21.125	-1.346	Terrain/Terrain (1)
10.125	21.625	3.050	annex building/roof 1/Roof 2x2 side (15)
10.125	21.625	0.250	annex building/Floor/Floor 2x2 (20)
10.125	21.625	-1.357	Terrain/Terrain (1)
10.125	22.125	3.050	annex building/roof 1/Roof 2x2 side (15)
10.125	22.125	0.250	annex building/Floor/Floor 2x2 (20)
10.125	22.125	-1.352	Terrain/Terrain (1)
10.125	22.625	3.050	annex building/roof 1/Roof 2x2 side (15)
10.125	22.625	0.250	Backyard/Floor 2/Floor 2x2 (66)
10.125	22.625	-1.351	Terrain/Terrain (1)
10.125	23.125	3.050	annex building/roof 1/Roof 2x2 corner (3)
10.125	23.125	0.250	Backyard/Floor 2/Floor 2x2 (66)
10.125	23.125	-1.357	Terrain/Terrain (1)
10.125	23.625	3.050	annex building/roof 1/Roof 2x2 corner (3)
10.125	23.625	0.250	Backyard/Floor 2/Floor 2x2 (66)
10.125	23.625	-1.376	Terrain/Terrain (1)
10.125	24.125	3.050	annex building/roof 1/Roof 2x2 corner (3)
10.125	24.125	0.250	Backyard/Floor 2/Floor 2x2 (66)
10.125	24.125	-1.412	Terrain/Terrain (1)
10.125	24.625	3.050	annex building/roof 1/Roof 2x2 corner (3)
10.125	24.625	0.250	Backyard/Floor 2/Floor 2x2 (67)
10.125	24.625	-1.469	Terrain/Terrain (1)
10.125	25.125	0.250	Backyard/Floor 2/Floor 2x2 (67)
10.125	25.125	-1.542	Terrain/Terrain (1)
10.125	25.625	0.250	Backyard/Floor 2/Floor 2x2 (67)
10.125	25.625	-1.628	Terrain/Terrain (1)
10.125	26.125	0.250	Backyard/Floor 2/Floor 2x2 (67)
10.125	26.125	-1.710	Terrain/Terrain (1)
10.125	26.625	0.250	Backyard/Floor 2/Floor 2x2 (68)
10.125	26.625	-1.768	Terrain/Terrain (1)
10.125	27.125	0.250	Backyard/Floor 2/Floor 2x2 (68)
10.125	27.125	-1.788	Terrain/Terrain (1)
10.125	27.625	0.250	Backyard/Floor 2/Floor 2x2 (68)
10.125	27.625	-1.778	Terrain/Terrain (1)
10.125	28.125	0.250	Backyard/Floor 2/Floor 2x2 (68)
10.125	28.625	0.250	Backyard/Floor 2/Floor 2x2 (69)
10.125	28.625	-0.924	Terrain/Terrain (1)
10.125	29.125	0.250	Backyard/Floor 2/Floor 2x2 (69)
10.125	29.125	-0.743	Terrain/Terrain (1)
10.125	29.625	0.250	Backyard/Floor 2/Floor 2x2 (69)
10.125	29.625	-0.668	Terrain/Terrain (1)
10.125	30.125	0.250	Backyard/Floor 2/Floor 2x2 (70)
10.125	30.125	-0.671	Terrain/Terrain (1)
10.125	30.625	0.250	Backyard/Floor 2/Floor 2x2 (70)
10.125	30.625	-0.665	Terrain/Terrain (1)
10.125	31.125	0.250	Backyard/Floor 2/Floor 2x2 (70)
10.125	31.125	-0.648	Terrain/Terrain (1)
10.125	31.625	0.250	Backyard/Floor 2/Floor 2x2 (70)
10.125	31.625	-0.634	Terrain/Terrain (1)
10.125	32.125	-0.626	Terrain/Terrain (1)
10.125	32.625	-0.614	Terrain/Terrain (1)
10.625	-4.875	-0.700	Terrain/Terrain (1)
10.625	-4.375	-0.701	Terrain/Terrain (1)
10.625	-3.875	-0.701	Terrain/Terrain (1)
10.625	-3.375	-0.701	Terrain/Terrain (1)
10.625	-2.875	-0.240	Pool Level/Floor/Floor 2x2 (24)
10.625	-2.875	-0.794	Terrain/Terrain (1)
10.625	-2.375	-0.240	Pool Level/Floor/Floor 2x2 (24)
10.625	-2.375	-1.489	Terrain/Terrain (1)
10.625	-1.875	-0.240	Pool Level/Floor/Floor 2x2 (21)
10.625	-1.875	-1.551	Terrain/Terrain (1)
10.625	-1.375	-0.240	Pool Level/Floor/Floor 2x2 (21)
10.625	-0.875	-0.240	Pool Level/Floor/Floor 2x2 (21)
10.625	-0.375	-0.240	Pool Level/Floor/Floor 2x2 (21)
10.625	-0.375	-1.336	Terrain/Terrain (1)
10.625	0.125	-0.240	Pool Level/Floor/Floor 2x2 (20)
10.625	0.125	-1.347	Terrain/Terrain (1)
10.625	0.625	-0.240	Pool Level/Floor/Floor 2x2 (20)
10.625	0.625	-1.338	Terrain/Terrain (1)
10.625	1.125	-0.240	Pool Level/Floor/Floor 2x2 (20)
10.625	1.125	-1.305	Terrain/Terrain (1)
10.625	1.625	-0.240	Pool Level/Floor/Floor 2x2 (20)
10.625	2.125	-0.240	Pool Level/Floor/Floor 2x2 (16)
10.625	2.625	-0.240	Pool Level/Floor/Floor 2x2 (16)
10.625	3.125	-0.240	Pool Level/Floor/Floor 2x2 (16)
10.625	3.625	-0.240	Pool Level/Floor/Floor 2x2 (16)
10.625	4.125	-0.240	Pool Level/Floor/Floor 2x2 (2)
10.625	4.125	-1.604	Terrain/Terrain (1)
10.625	4.625	-0.240	Pool Level/Floor/Floor 2x2 (2)
10.625	4.625	-1.682	Terrain/Terrain (1)
10.625	5.125	-0.240	Pool Level/Floor/Floor 2x2 (2)
10.625	5.125	-1.720	Terrain/Terrain (1)
10.625	5.625	-0.240	Pool Level/Floor/Floor 2x2 (2)
10.625	5.625	-1.694	Terrain/Terrain (1)
10.625	6.125	-0.240	Pool Level/Floor/Floor 2x2 (6)
10.625	6.125	-1.665	Terrain/Terrain (1)
10.625	6.625	-0.240	Pool Level/Floor/Floor 2x2 (6)
10.625	6.625	-1.656	Terrain/Terrain (1)
10.625	7.125	-0.240	Pool Level/Floor/Floor 2x2 (6)
10.625	7.125	-1.665	Terrain/Terrain (1)
10.625	7.625	0.250	annex building/Floor/Floor 1x1 (16)
10.625	7.625	-0.240	Pool Level/Floor/Floor 2x2 (6)
10.625	7.625	-1.685	Terrain/Terrain (1)
10.625	8.125	0.250	annex building/Floor/Floor 1x1 (16)
10.625	8.125	-1.706	Terrain/Terrain (1)
10.625	8.625	0.250	annex building/Floor/Floor 2x2 (14)
10.625	8.625	-1.714	Terrain/Terrain (1)
10.625	9.125	3.050	annex building/roof 1/Roof 2x2 corner (1)
10.625	9.125	0.250	annex building/Floor/Floor 2x2 (14)
10.625	9.125	-1.702	Terrain/Terrain (1)
10.625	9.625	3.050	annex building/roof 1/Roof 2x2 corner (1)
10.625	9.625	0.250	annex building/Floor/Floor 2x2 (14)
10.625	9.625	-1.670	Terrain/Terrain (1)
10.625	10.125	3.050	annex building/roof 1/Roof 2x2 corner (1)
10.625	10.125	0.250	annex building/Floor/Floor 2x2 (14)
10.625	10.125	-1.629	Terrain/Terrain (1)
10.625	10.625	3.050	annex building/roof 1/Roof 2x2 corner (1)
10.625	10.625	0.250	annex building/Floor/Floor 2x2
10.625	10.625	-1.585	Terrain/Terrain (1)
10.625	11.125	3.050	annex building/roof 1/Roof 2x2 side (1)
10.625	11.125	0.250	annex building/Floor/Floor 2x2
10.625	11.125	-1.536	Terrain/Terrain (1)
10.625	11.625	3.050	annex building/roof 1/Roof 2x2 side (1)
10.625	11.625	0.250	annex building/Floor/Floor 2x2
10.625	11.625	-1.482	Terrain/Terrain (1)
10.625	12.125	3.050	annex building/roof 1/Roof 2x2 side (1)
10.625	12.125	0.250	annex building/Floor/Floor 2x2
10.625	12.125	-1.421	Terrain/Terrain (1)
10.625	12.625	3.050	annex building/roof 1/Roof 2x2 side (1)
10.625	12.625	0.250	annex building/Floor/Floor 2x2 (4)
10.625	12.625	-1.363	Terrain/Terrain (1)
10.625	13.125	3.050	annex building/roof 1/Roof 2x2 side (4)
10.625	13.125	0.250	annex building/Floor/Floor 2x2 (4)
10.625	13.125	-1.288	Terrain/Terrain (1)
10.625	13.625	3.050	annex building/roof 1/Roof 2x2 side (4)
10.625	13.625	0.250	annex building/Floor/Floor 2x2 (4)
10.625	13.625	-1.212	Terrain/Terrain (1)
10.625	14.125	3.050	annex building/roof 1/Roof 2x2 side (4)
10.625	14.125	0.250	annex building/Floor/Floor 2x2 (4)
10.625	14.625	3.050	annex building/roof 1/Roof 2x2 side (4)
10.625	14.625	0.250	annex building/Floor/Floor 2x2 (8)
10.625	15.125	3.050	annex building/roof 1/Roof 2x2 side (6)
10.625	15.125	0.250	annex building/Floor/Floor 2x2 (8)
10.625	15.125	-1.111	Terrain/Terrain (1)
10.625	15.625	3.050	annex building/roof 1/Roof 2x2 side (6)
10.625	15.625	0.250	annex building/Floor/Floor 2x2 (8)
10.625	15.625	-1.124	Terrain/Terrain (1)
10.625	16.125	3.050	annex building/roof 1/Roof 2x2 side (6)
10.625	16.125	0.250	annex building/Floor/Floor 2x2 (8)
10.625	16.125	-1.081	Terrain/Terrain (1)
10.625	16.625	3.050	annex building/roof 1/Roof 2x2 side (6)
10.625	16.625	0.250	annex building/Floor/Floor 2x2 (12)
10.625	17.125	3.050	annex building/roof 1/Roof 2x2 side (8)
10.625	17.125	0.250	annex building/Floor/Floor 2x2 (12)
10.625	17.625	3.050	annex building/roof 1/Roof 2x2 side (8)
10.625	17.625	0.250	annex building/Floor/Floor 2x2 (12)
10.625	18.125	3.050	annex building/roof 1/Roof 2x2 side (8)
10.625	18.125	0.250	annex building/Floor/Floor 2x2 (12)
10.625	18.625	3.050	annex building/roof 1/Roof 2x2 side (8)
10.625	18.625	0.250	annex building/Floor/Floor 2x2 (16)
10.625	18.625	-0.884	Terrain/Terrain (1)
10.625	19.125	3.065	annex building/roof 1/Roof 2x2 side (10)
10.625	19.125	0.250	annex building/Floor/Floor 2x2 (16)
10.625	19.125	-0.916	Terrain/Terrain (1)
10.625	19.625	3.065	annex building/roof 1/Roof 2x2 side (10)
10.625	19.625	0.250	annex building/Floor/Floor 2x2 (16)
10.625	19.625	-0.914	Terrain/Terrain (1)
10.625	20.125	3.065	annex building/roof 1/Roof 2x2 side (10)
10.625	20.125	0.250	annex building/Floor/Floor 2x2 (16)
10.625	20.625	3.065	annex building/roof 1/Roof 2x2 side (10)
10.625	20.625	0.250	annex building/Floor/Floor 2x2 (20)
10.625	20.625	-0.910	Terrain/Terrain (1)
10.625	21.125	3.050	annex building/roof 1/Roof 2x2 side (15)
10.625	21.125	0.250	annex building/Floor/Floor 2x2 (20)
10.625	21.125	-0.928	Terrain/Terrain (1)
10.625	21.625	3.050	annex building/roof 1/Roof 2x2 side (15)
10.625	21.625	0.250	annex building/Floor/Floor 2x2 (20)
10.625	21.625	-0.926	Terrain/Terrain (1)
10.625	22.125	3.050	annex building/roof 1/Roof 2x2 side (15)
10.625	22.125	0.250	annex building/Floor/Floor 2x2 (20)
10.625	22.625	3.050	annex building/roof 1/Roof 2x2 side (15)
10.625	22.625	0.250	Backyard/Floor 2/Floor 2x2 (66)
10.625	23.125	3.050	annex building/roof 1/Roof 2x2 corner (3)
10.625	23.125	0.250	Backyard/Floor 2/Floor 2x2 (66)
10.625	23.625	3.050	annex building/roof 1/Roof 2x2 corner (3)
10.625	23.625	0.250	Backyard/Floor 2/Floor 2x2 (66)
10.625	24.125	3.050	annex building/roof 1/Roof 2x2 corner (3)
10.625	24.125	0.250	Backyard/Floor 2/Floor 2x2 (66)
10.625	24.625	3.050	annex building/roof 1/Roof 2x2 corner (3)
10.625	24.625	0.250	Backyard/Floor 2/Floor 2x2 (67)
10.625	25.125	0.250	Backyard/Floor 2/Floor 2x2 (67)
10.625	25.625	0.250	Backyard/Floor 2/Floor 2x2 (67)
10.625	26.125	0.250	Backyard/Floor 2/Floor 2x2 (67)
10.625	26.625	0.250	Backyard/Floor 2/Floor 2x2 (68)
10.625	27.125	0.250	Backyard/Floor 2/Floor 2x2 (68)
10.625	27.125	-1.369	Terrain/Terrain (1)
10.625	27.625	0.250	Backyard/Floor 2/Floor 2x2 (68)
10.625	28.125	0.250	Backyard/Floor 2/Floor 2x2 (68)
10.625	28.625	0.250	Backyard/Floor 2/Floor 2x2 (69)
10.625	28.625	-0.564	Terrain/Terrain (1)
10.625	29.125	0.250	Backyard/Floor 2/Floor 2x2 (69)
10.625	29.125	-0.579	Terrain/Terrain (1)
10.625	29.625	0.250	Backyard/Floor 2/Floor 2x2 (69)
10.625	29.625	-0.597	Terrain/Terrain (1)
10.625	30.125	0.250	Backyard/Floor 2/Floor 2x2 (70)
10.625	30.125	-0.604	Terrain/Terrain (1)
10.625	30.625	0.250	Backyard/Floor 2/Floor 2x2 (70)
10.625	30.625	-0.602	Terrain/Terrain (1)
10.625	31.125	0.250	Backyard/Floor 2/Floor 2x2 (70)
10.625	31.125	-0.582	Terrain/Terrain (1)
10.625	31.625	0.250	Backyard/Floor 2/Floor 2x2 (70)
10.625	31.625	-0.561	Terrain/Terrain (1)
10.625	32.125	-0.535	Terrain/Terrain (1)
10.625	32.625	-0.516	Terrain/Terrain (1)
11.125	-4.875	-0.655	Terrain/Terrain (1)
11.125	-4.375	-0.701	Terrain/Terrain (1)
11.125	-3.875	-0.701	Terrain/Terrain (1)
11.125	-3.375	-0.701	Terrain/Terrain (1)
11.125	-2.875	-0.240	Pool Level/Floor/Floor 2x2 (24)
11.125	-2.875	-0.776	Terrain/Terrain (1)
11.125	-2.375	-0.240	Pool Level/Floor/Floor 2x2 (24)
11.125	-2.375	-1.281	Terrain/Terrain (1)
11.125	-1.875	-0.240	Pool Level/Floor/Floor 2x2 (21)
11.125	-1.875	-1.079	Terrain/Terrain (1)
11.125	-1.375	-0.240	Pool Level/Floor/Floor 2x2 (21)
11.125	-1.375	-0.860	Terrain/Terrain (1)
11.125	-0.875	-0.240	Pool Level/Floor/Floor 2x2 (21)
11.125	-0.875	-0.757	Terrain/Terrain (1)
11.125	-0.375	-0.240	Pool Level/Floor/Floor 2x2 (21)
11.125	-0.375	-0.712	Terrain/Terrain (1)
11.125	0.125	-0.240	Pool Level/Floor/Floor 2x2 (20)
11.125	0.125	-0.701	Terrain/Terrain (1)
11.125	0.625	-0.240	Pool Level/Floor/Floor 2x2 (20)
11.125	0.625	-0.718	Terrain/Terrain (1)
11.125	1.125	-0.240	Pool Level/Floor/Floor 2x2 (20)
11.125	1.125	-0.796	Terrain/Terrain (1)
11.125	1.625	-0.240	Pool Level/Floor/Floor 2x2 (20)
11.125	1.625	-0.812	Terrain/Terrain (1)
11.125	2.125	-0.240	Pool Level/Floor/Floor 2x2 (16)
11.125	2.125	-0.805	Terrain/Terrain (1)
11.125	2.625	-0.240	Pool Level/Floor/Floor 2x2 (16)
11.125	2.625	-0.820	Terrain/Terrain (1)
11.125	3.125	-0.240	Pool Level/Floor/Floor 2x2 (16)
11.125	3.125	-0.846	Terrain/Terrain (1)
11.125	3.625	-0.240	Pool Level/Floor/Floor 2x2 (16)
11.125	4.125	-0.240	Pool Level/Floor/Floor 2x2 (2)
11.125	4.625	-0.240	Pool Level/Floor/Floor 2x2 (2)
11.125	5.125	-0.240	Pool Level/Floor/Floor 2x2 (2)
11.125	5.625	-0.240	Pool Level/Floor/Floor 2x2 (2)
11.125	6.125	-0.240	Pool Level/Floor/Floor 2x2 (6)
11.125	6.625	-0.240	Pool Level/Floor/Floor 2x2 (6)
11.125	7.125	-0.240	Pool Level/Floor/Floor 2x2 (6)
11.125	7.625	0.250	annex building/Floor/Floor 1x1 (17)
11.125	7.625	-0.240	Pool Level/Floor/Floor 2x2 (6)
11.125	8.125	0.250	annex building/Floor/Floor 1x1 (17)
11.125	8.625	0.250	annex building/Floor/Floor 2x2 (14)
11.125	9.125	3.050	annex building/roof 1/Roof 2x2 corner (1)
11.125	9.125	0.250	annex building/Floor/Floor 2x2 (14)
11.125	9.625	3.050	annex building/roof 1/Roof 2x2 corner (1)
11.125	9.625	0.250	annex building/Floor/Floor 2x2 (14)
11.125	10.125	3.050	annex building/roof 1/Roof 2x2 corner (1)
11.125	10.125	0.250	annex building/Floor/Floor 2x2 (14)
11.125	10.625	3.050	annex building/roof 1/Roof 2x2 corner (1)
11.125	10.625	0.250	annex building/Floor/Floor 1x1
11.125	11.125	3.050	annex building/roof 1/Roof 2x2 side (1)
11.125	11.125	0.250	annex building/Floor/Floor 1x1
11.125	11.625	3.050	annex building/roof 1/Roof 2x2 side (1)
11.125	11.625	0.250	annex building/Floor/Floor 1x1 (1)
11.125	12.125	3.050	annex building/roof 1/Roof 2x2 side (1)
11.125	12.125	0.250	annex building/Floor/Floor 1x1 (1)
11.125	12.625	3.050	annex building/roof 1/Roof 2x2 side (1)
11.125	12.625	0.250	annex building/Floor/Floor 1x1 (2)
11.125	13.125	3.050	annex building/roof 1/Roof 2x2 side (4)
11.125	13.125	0.250	annex building/Floor/Floor 1x1 (2)
11.125	13.625	3.050	annex building/roof 1/Roof 2x2 side (4)
11.125	13.625	0.250	annex building/Floor/Floor 1x1 (3)
11.125	14.125	3.050	annex building/roof 1/Roof 2x2 side (4)
11.125	14.125	0.250	annex building/Floor/Floor 1x1 (3)
11.125	14.625	3.050	annex building/roof 1/Roof 2x2 side (4)
11.125	14.625	0.250	annex building/Floor/Floor 1x1 (4)
11.125	14.625	-0.041	Terrain/Terrain (1)
11.125	15.125	3.050	annex building/roof 1/Roof 2x2 side (6)
11.125	15.125	0.250	annex building/Floor/Floor 1x1 (4)
11.125	15.125	0.000	Terrain/Terrain (1)
11.125	15.625	3.050	annex building/roof 1/Roof 2x2 side (6)
11.125	15.625	0.250	annex building/Floor/Floor 1x1 (5)
11.125	15.625	0.000	Terrain/Terrain (1)
11.125	16.125	3.050	annex building/roof 1/Roof 2x2 side (6)
11.125	16.125	0.250	annex building/Floor/Floor 1x1 (5)
11.125	16.125	-0.010	Terrain/Terrain (1)
11.125	16.625	3.050	annex building/roof 1/Roof 2x2 side (6)
11.125	16.625	0.250	annex building/Floor/Floor 1x1 (6)
11.125	16.625	-0.074	Terrain/Terrain (1)
11.125	17.125	3.050	annex building/roof 1/Roof 2x2 side (8)
11.125	17.125	0.250	annex building/Floor/Floor 1x1 (6)
11.125	17.625	3.050	annex building/roof 1/Roof 2x2 side (8)
11.125	17.625	0.250	annex building/Floor/Floor 1x1 (7)
11.125	18.125	3.050	annex building/roof 1/Roof 2x2 side (8)
11.125	18.125	0.250	annex building/Floor/Floor 1x1 (7)
11.125	18.625	3.050	annex building/roof 1/Roof 2x2 side (8)
11.125	18.625	0.250	annex building/Floor/Floor 1x1 (8)
11.125	19.125	3.065	annex building/roof 1/Roof 2x2 side (10)
11.125	19.125	0.250	annex building/Floor/Floor 1x1 (8)
11.125	19.625	3.065	annex building/roof 1/Roof 2x2 side (10)
11.125	19.625	0.250	annex building/Floor/Floor 1x1 (9)
11.125	19.625	-0.070	Terrain/Terrain (1)
11.125	20.125	3.065	annex building/roof 1/Roof 2x2 side (10)
11.125	20.125	0.250	annex building/Floor/Floor 1x1 (9)
11.125	20.125	-0.048	Terrain/Terrain (1)
11.125	20.625	3.065	annex building/roof 1/Roof 2x2 side (10)
11.125	20.625	0.250	annex building/Floor/Floor 1x1 (10)
11.125	20.625	-0.039	Terrain/Terrain (1)
11.125	21.125	3.050	annex building/roof 1/Roof 2x2 side (15)
11.125	21.125	0.250	annex building/Floor/Floor 1x1 (10)
11.125	21.125	-0.029	Terrain/Terrain (1)
11.125	21.625	3.050	annex building/roof 1/Roof 2x2 side (15)
11.125	21.625	0.250	annex building/Floor/Floor 1x1 (11)
11.125	21.625	-0.062	Terrain/Terrain (1)
11.125	22.125	3.050	annex building/roof 1/Roof 2x2 side (15)
11.125	22.125	0.250	annex building/Floor/Floor 1x1 (11)
11.125	22.125	-0.089	Terrain/Terrain (1)
11.125	22.625	3.050	annex building/roof 1/Roof 2x2 side (15)
11.125	22.625	0.250	Backyard/Floor 2/Floor 2x2 (66)
11.125	23.125	3.050	annex building/roof 1/Roof 2x2 corner (3)
11.125	23.125	0.250	Backyard/Floor 2/Floor 2x2 (66)
11.125	23.625	3.050	annex building/roof 1/Roof 2x2 corner (3)
11.125	23.625	0.250	Backyard/Floor 2/Floor 2x2 (66)
11.125	24.125	3.050	annex building/roof 1/Roof 2x2 corner (3)
11.125	24.125	0.250	Backyard/Floor 2/Floor 2x2 (66)
11.125	24.625	3.050	annex building/roof 1/Roof 2x2 corner (3)
11.125	24.625	0.250	Backyard/Floor 2/Floor 2x2 (67)
11.125	25.125	0.250	Backyard/Floor 2/Floor 2x2 (67)
11.125	25.625	0.250	Backyard/Floor 2/Floor 2x2 (67)
11.125	26.125	0.250	Backyard/Floor 2/Floor 2x2 (67)
11.125	26.625	0.250	Backyard/Floor 2/Floor 2x2 (68)
11.125	27.125	0.250	Backyard/Floor 2/Floor 2x2 (68)
11.125	27.625	0.250	Backyard/Floor 2/Floor 2x2 (68)
11.125	28.125	0.250	Backyard/Floor 2/Floor 2x2 (68)
11.125	28.125	-0.410	Terrain/Terrain (1)
11.125	28.625	0.250	Backyard/Floor 2/Floor 2x2 (69)
11.125	28.625	-0.435	Terrain/Terrain (1)
11.125	29.125	0.250	Backyard/Floor 2/Floor 2x2 (69)
11.125	29.125	-0.461	Terrain/Terrain (1)
11.125	29.625	0.250	Backyard/Floor 2/Floor 2x2 (69)
11.125	29.625	-0.477	Terrain/Terrain (1)
11.125	30.125	0.250	Backyard/Floor 2/Floor 2x2 (70)
11.125	30.125	-0.483	Terrain/Terrain (1)
11.125	30.625	0.250	Backyard/Floor 2/Floor 2x2 (70)
11.125	30.625	-0.477	Terrain/Terrain (1)
11.125	31.125	0.250	Backyard/Floor 2/Floor 2x2 (70)
11.125	31.125	-0.466	Terrain/Terrain (1)
11.125	31.625	0.250	Backyard/Floor 2/Floor 2x2 (70)
11.125	31.625	-0.444	Terrain/Terrain (1)
11.125	32.125	-0.415	Terrain/Terrain (1)
11.125	32.625	-0.389	Terrain/Terrain (1)
11.625	-4.875	-0.555	Terrain/Terrain (1)
11.625	-4.375	-0.694	Terrain/Terrain (1)
11.625	-3.875	-0.701	Terrain/Terrain (1)
11.625	-3.375	-0.701	Terrain/Terrain (1)
11.625	-2.875	-0.240	Pool Level/Floor/Floor 2x2 (24)
11.625	-2.375	-0.240	Pool Level/Floor/Floor 2x2 (24)
11.625	-2.375	-1.089	Terrain/Terrain (1)
11.625	-1.875	-0.240	Pool Level/Floor/Floor 2x2 (21)
11.625	-1.875	-0.786	Terrain/Terrain (1)
11.625	-1.375	-0.240	Pool Level/Floor/Floor 2x2 (21)
11.625	-1.375	-0.701	Terrain/Terrain (1)
11.625	-0.875	-0.240	Pool Level/Floor/Floor 2x2 (21)
11.625	-0.875	-0.701	Terrain/Terrain (1)
11.625	-0.375	-0.240	Pool Level/Floor/Floor 2x2 (21)
11.625	-0.375	-0.701	Terrain/Terrain (1)
11.625	0.125	-0.240	Pool Level/Floor/Floor 2x2 (20)
11.625	0.125	-0.701	Terrain/Terrain (1)
11.625	0.625	-0.240	Pool Level/Floor/Floor 2x2 (20)
11.625	0.625	-0.701	Terrain/Terrain (1)
11.625	1.125	-0.240	Pool Level/Floor/Floor 2x2 (20)
11.625	1.125	-0.701	Terrain/Terrain (1)
11.625	1.625	-0.240	Pool Level/Floor/Floor 2x2 (20)
11.625	1.625	-0.701	Terrain/Terrain (1)
11.625	2.125	-0.240	Pool Level/Floor/Floor 2x2 (16)
11.625	2.125	-0.701	Terrain/Terrain (1)
11.625	2.625	-0.240	Pool Level/Floor/Floor 2x2 (16)
11.625	2.625	-0.702	Terrain/Terrain (1)
11.625	3.125	-0.240	Pool Level/Floor/Floor 2x2 (16)
11.625	3.125	-0.703	Terrain/Terrain (1)
11.625	3.625	-0.240	Pool Level/Floor/Floor 2x2 (16)
11.625	3.625	-0.701	Terrain/Terrain (1)
11.625	4.125	-0.240	Pool Level/Floor/Floor 2x2 (2)
11.625	4.125	-0.701	Terrain/Terrain (1)
11.625	4.625	-0.240	Pool Level/Floor/Floor 2x2 (2)
11.625	4.625	-0.701	Terrain/Terrain (1)
11.625	5.125	-0.240	Pool Level/Floor/Floor 2x2 (2)
11.625	5.125	-0.701	Terrain/Terrain (1)
11.625	5.625	-0.240	Pool Level/Floor/Floor 2x2 (2)
11.625	5.625	-0.701	Terrain/Terrain (1)
11.625	6.125	-0.240	Pool Level/Floor/Floor 2x2 (6)
11.625	6.125	-0.701	Terrain/Terrain (1)
11.625	6.625	-0.240	Pool Level/Floor/Floor 2x2 (6)
11.625	6.625	-0.701	Terrain/Terrain (1)
11.625	7.125	-0.240	Pool Level/Floor/Floor 2x2 (6)
11.625	7.125	-0.701	Terrain/Terrain (1)
11.625	7.625	0.250	annex building/Floor/Floor 1x1 (17)
11.625	7.625	-0.240	Pool Level/Floor/Floor 2x2 (6)
11.625	7.625	-0.698	Terrain/Terrain (1)
11.625	8.125	0.250	annex building/Floor/Floor 1x1 (17)
11.625	8.125	-0.673	Terrain/Terrain (1)
11.625	8.625	0.250	annex building/Floor/Floor 2x2 (14)
11.625	8.625	-0.636	Terrain/Terrain (1)
11.625	9.125	0.250	annex building/Floor/Floor 2x2 (14)
11.625	9.125	-0.580	Terrain/Terrain (1)
11.625	9.625	0.250	annex building/Floor/Floor 2x2 (14)
11.625	9.625	-0.501	Terrain/Terrain (1)
11.625	10.125	0.250	annex building/Floor/Floor 2x2 (14)
11.625	10.125	-0.403	Terrain/Terrain (1)
11.625	10.625	0.250	annex building/Floor/Floor 1x1
11.625	10.625	-0.291	Terrain/Terrain (1)
11.625	11.125	0.250	annex building/Floor/Floor 1x1
11.625	11.125	-0.175	Terrain/Terrain (1)
11.625	11.625	0.250	annex building/Floor/Floor 1x1 (1)
11.625	11.625	-0.072	Terrain/Terrain (1)
11.625	12.125	0.250	annex building/Floor/Floor 1x1 (1)
11.625	12.125	-0.005	Terrain/Terrain (1)
11.625	12.625	0.250	annex building/Floor/Floor 1x1 (2)
11.625	12.625	0.000	Terrain/Terrain (1)
11.625	13.125	0.250	annex building/Floor/Floor 1x1 (2)
11.625	13.125	0.000	Terrain/Terrain (1)
11.625	13.625	0.250	annex building/Floor/Floor 1x1 (3)
11.625	13.625	0.000	Terrain/Terrain (1)
11.625	14.125	0.250	annex building/Floor/Floor 1x1 (3)
11.625	14.125	0.000	Terrain/Terrain (1)
11.625	14.625	0.250	annex building/Floor/Floor 1x1 (4)
11.625	14.625	0.000	Terrain/Terrain (1)
11.625	15.125	0.250	annex building/Floor/Floor 1x1 (4)
11.625	15.125	0.000	Terrain/Terrain (1)
11.625	15.625	0.250	annex building/Floor/Floor 1x1 (5)
11.625	15.625	0.000	Terrain/Terrain (1)
11.625	16.125	0.250	annex building/Floor/Floor 1x1 (5)
11.625	16.125	0.000	Terrain/Terrain (1)
11.625	16.625	0.250	annex building/Floor/Floor 1x1 (6)
11.625	16.625	0.000	Terrain/Terrain (1)
11.625	17.125	0.250	annex building/Floor/Floor 1x1 (6)
11.625	17.125	0.000	Terrain/Terrain (1)
11.625	17.625	0.250	annex building/Floor/Floor 1x1 (7)
11.625	17.625	0.000	Terrain/Terrain (1)
11.625	18.125	0.250	annex building/Floor/Floor 1x1 (7)
11.625	18.125	0.000	Terrain/Terrain (1)
11.625	18.625	0.250	annex building/Floor/Floor 1x1 (8)
11.625	18.625	0.000	Terrain/Terrain (1)
11.625	19.125	0.250	annex building/Floor/Floor 1x1 (8)
11.625	19.125	0.000	Terrain/Terrain (1)
11.625	19.625	0.250	annex building/Floor/Floor 1x1 (9)
11.625	19.625	0.000	Terrain/Terrain (1)
11.625	20.125	0.250	annex building/Floor/Floor 1x1 (9)
11.625	20.125	0.000	Terrain/Terrain (1)
11.625	20.625	0.250	annex building/Floor/Floor 1x1 (10)
11.625	20.625	0.000	Terrain/Terrain (1)
11.625	21.125	0.250	annex building/Floor/Floor 1x1 (10)
11.625	21.125	0.000	Terrain/Terrain (1)
11.625	21.625	0.250	annex building/Floor/Floor 1x1 (11)
11.625	21.625	0.000	Terrain/Terrain (1)
11.625	22.125	0.250	annex building/Floor/Floor 1x1 (11)
11.625	22.125	0.000	Terrain/Terrain (1)
11.625	22.625	0.250	Backyard/Floor 2/Floor 2x2 (66)
11.625	22.625	0.000	Terrain/Terrain (1)
11.625	23.125	0.250	Backyard/Floor 2/Floor 2x2 (66)
11.625	23.125	0.000	Terrain/Terrain (1)
11.625	23.625	0.250	Backyard/Floor 2/Floor 2x2 (66)
11.625	23.625	0.000	Terrain/Terrain (1)
11.625	24.125	0.250	Backyard/Floor 2/Floor 2x2 (66)
11.625	24.125	0.000	Terrain/Terrain (1)
11.625	24.625	0.250	Backyard/Floor 2/Floor 2x2 (67)
11.625	24.625	0.000	Terrain/Terrain (1)
11.625	25.125	0.250	Backyard/Floor 2/Floor 2x2 (67)
11.625	25.125	0.000	Terrain/Terrain (1)
11.625	25.625	0.250	Backyard/Floor 2/Floor 2x2 (67)
11.625	25.625	0.000	Terrain/Terrain (1)
11.625	26.125	0.250	Backyard/Floor 2/Floor 2x2 (67)
11.625	26.125	0.000	Terrain/Terrain (1)
11.625	26.625	0.250	Backyard/Floor 2/Floor 2x2 (68)
11.625	26.625	-0.001	Terrain/Terrain (1)
11.625	27.125	0.250	Backyard/Floor 2/Floor 2x2 (68)
11.625	27.625	0.250	Backyard/Floor 2/Floor 2x2 (68)
11.625	27.625	-0.170	Terrain/Terrain (1)
11.625	28.125	0.250	Backyard/Floor 2/Floor 2x2 (68)
11.625	28.125	-0.192	Terrain/Terrain (1)
11.625	28.625	0.250	Backyard/Floor 2/Floor 2x2 (69)
11.625	28.625	-0.244	Terrain/Terrain (1)
11.625	29.125	0.250	Backyard/Floor 2/Floor 2x2 (69)
11.625	29.125	-0.276	Terrain/Terrain (1)
11.625	29.625	0.250	Backyard/Floor 2/Floor 2x2 (69)
11.625	29.625	-0.302	Terrain/Terrain (1)
11.625	30.125	0.250	Backyard/Floor 2/Floor 2x2 (70)
11.625	30.125	-0.313	Terrain/Terrain (1)
11.625	30.625	0.250	Backyard/Floor 2/Floor 2x2 (70)
11.625	30.625	-0.325	Terrain/Terrain (1)
11.625	31.125	0.250	Backyard/Floor 2/Floor 2x2 (70)
11.625	31.125	-0.326	Terrain/Terrain (1)
11.625	31.625	0.250	Backyard/Floor 2/Floor 2x2 (70)
11.625	31.625	-0.321	Terrain/Terrain (1)
11.625	32.125	-0.312	Terrain/Terrain (1)
11.625	32.625	-0.275	Terrain/Terrain (1)
12.125	-4.875	-0.496	Terrain/Terrain (1)
12.125	-4.375	-0.688	Terrain/Terrain (1)
12.125	-3.875	-0.701	Terrain/Terrain (1)
12.125	-3.375	-0.701	Terrain/Terrain (1)
12.125	-2.875	-0.828	Terrain/Terrain (1)
12.125	-2.375	-0.769	Terrain/Terrain (1)
12.125	-1.875	-0.701	Terrain/Terrain (1)
12.125	-1.375	-0.701	Terrain/Terrain (1)
12.125	-0.875	-0.701	Terrain/Terrain (1)
12.125	-0.375	-0.701	Terrain/Terrain (1)
12.125	0.125	-0.701	Terrain/Terrain (1)
12.125	0.625	-0.701	Terrain/Terrain (1)
12.125	1.125	-0.701	Terrain/Terrain (1)
12.125	1.625	-0.701	Terrain/Terrain (1)
12.125	2.125	-0.701	Terrain/Terrain (1)
12.125	2.625	-0.701	Terrain/Terrain (1)
12.125	3.125	-0.701	Terrain/Terrain (1)
12.125	3.625	-0.701	Terrain/Terrain (1)
12.125	4.125	-0.701	Terrain/Terrain (1)
12.125	4.625	-0.701	Terrain/Terrain (1)
12.125	5.125	-0.701	Terrain/Terrain (1)
12.125	5.625	-0.701	Terrain/Terrain (1)
12.125	6.125	-0.701	Terrain/Terrain (1)
12.125	6.625	-0.701	Terrain/Terrain (1)
12.125	7.125	-0.701	Terrain/Terrain (1)
12.125	7.625	-0.682	Terrain/Terrain (1)
12.125	8.125	-0.642	Terrain/Terrain (1)
12.125	8.625	-0.575	Terrain/Terrain (1)
12.125	9.125	-0.489	Terrain/Terrain (1)
12.125	9.625	-0.389	Terrain/Terrain (1)
12.125	10.125	-0.275	Terrain/Terrain (1)
12.125	10.625	-0.143	Terrain/Terrain (1)
12.125	11.125	-0.024	Terrain/Terrain (1)
12.125	11.625	0.000	Terrain/Terrain (1)
12.125	12.125	0.000	Terrain/Terrain (1)
12.125	12.625	0.000	Terrain/Terrain (1)
12.125	13.125	0.000	Terrain/Terrain (1)
12.125	13.625	0.000	Terrain/Terrain (1)
12.125	14.125	0.000	Terrain/Terrain (1)
12.125	14.625	0.000	Terrain/Terrain (1)
12.125	15.125	0.000	Terrain/Terrain (1)
12.125	15.625	0.000	Terrain/Terrain (1)
12.125	16.125	0.000	Terrain/Terrain (1)
12.125	16.625	0.000	Terrain/Terrain (1)
12.125	17.125	0.000	Terrain/Terrain (1)
12.125	17.625	0.000	Terrain/Terrain (1)
12.125	18.125	0.000	Terrain/Terrain (1)
12.125	18.625	0.000	Terrain/Terrain (1)
12.125	19.125	0.000	Terrain/Terrain (1)
12.125	19.625	0.000	Terrain/Terrain (1)
12.125	20.125	0.000	Terrain/Terrain (1)
12.125	20.625	0.000	Terrain/Terrain (1)
12.125	21.125	0.000	Terrain/Terrain (1)
12.125	21.625	0.000	Terrain/Terrain (1)
12.125	22.125	0.000	Terrain/Terrain (1)
12.125	22.625	0.000	Terrain/Terrain (1)
12.125	23.125	0.000	Terrain/Terrain (1)
12.125	23.625	0.000	Terrain/Terrain (1)
12.125	24.125	0.000	Terrain/Terrain (1)
12.125	24.625	0.000	Terrain/Terrain (1)
12.125	25.125	0.000	Terrain/Terrain (1)
12.125	25.625	0.000	Terrain/Terrain (1)
12.125	26.125	0.000	Terrain/Terrain (1)
12.125	26.625	0.000	Terrain/Terrain (1)
12.125	27.125	0.000	Terrain/Terrain (1)
12.125	27.625	0.000	Terrain/Terrain (1)
12.125	28.125	0.000	Terrain/Terrain (1)
12.125	28.625	-0.019	Terrain/Terrain (1)
12.125	29.125	-0.047	Terrain/Terrain (1)
12.125	29.625	-0.083	Terrain/Terrain (1)
12.125	30.125	-0.114	Terrain/Terrain (1)
12.125	30.625	-0.153	Terrain/Terrain (1)
12.125	31.125	-0.195	Terrain/Terrain (1)
12.125	31.625	-0.210	Terrain/Terrain (1)
12.125	32.125	-0.202	Terrain/Terrain (1)
12.125	32.625	-0.162	Terrain/Terrain (1)
12.625	-4.875	-0.698	Terrain/Terrain (1)
12.625	-4.375	-0.701	Terrain/Terrain (1)
12.625	-3.875	-0.701	Terrain/Terrain (1)
12.625	-3.375	-0.701	Terrain/Terrain (1)
12.625	-2.875	-0.701	Terrain/Terrain (1)
12.625	-2.375	-0.701	Terrain/Terrain (1)
12.625	-1.875	-0.701	Terrain/Terrain (1)
12.625	-1.375	-0.701	Terrain/Terrain (1)
12.625	-0.875	-0.701	Terrain/Terrain (1)
12.625	-0.375	-0.701	Terrain/Terrain (1)
12.625	0.125	-0.701	Terrain/Terrain (1)
12.625	0.625	-0.701	Terrain/Terrain (1)
12.625	1.125	-0.701	Terrain/Terrain (1)
12.625	1.625	-0.701	Terrain/Terrain (1)
12.625	2.125	-0.701	Terrain/Terrain (1)
12.625	2.625	-0.701	Terrain/Terrain (1)
12.625	3.125	-0.701	Terrain/Terrain (1)
12.625	3.625	-0.701	Terrain/Terrain (1)
12.625	4.125	-0.701	Terrain/Terrain (1)
12.625	4.625	-0.701	Terrain/Terrain (1)
12.625	5.125	-0.701	Terrain/Terrain (1)
12.625	5.625	-0.701	Terrain/Terrain (1)
12.625	6.125	-0.701	Terrain/Terrain (1)
12.625	6.625	-0.701	Terrain/Terrain (1)
12.625	7.125	-0.691	Terrain/Terrain (1)
12.625	7.625	-0.664	Terrain/Terrain (1)
12.625	8.125	-0.606	Terrain/Terrain (1)
12.625	8.625	-0.520	Terrain/Terrain (1)
12.625	9.125	-0.405	Terrain/Terrain (1)
12.625	9.625	-0.275	Terrain/Terrain (1)
12.625	10.125	-0.133	Terrain/Terrain (1)
12.625	10.625	-0.011	Terrain/Terrain (1)
12.625	11.125	0.000	Terrain/Terrain (1)
12.625	11.625	0.000	Terrain/Terrain (1)
12.625	12.125	0.000	Terrain/Terrain (1)
12.625	12.625	0.000	Terrain/Terrain (1)
12.625	13.125	0.000	Terrain/Terrain (1)
12.625	13.625	0.000	Terrain/Terrain (1)
12.625	14.125	0.000	Terrain/Terrain (1)
12.625	14.625	0.000	Terrain/Terrain (1)
12.625	15.125	0.000	Terrain/Terrain (1)
12.625	15.625	0.000	Terrain/Terrain (1)
12.625	16.125	0.000	Terrain/Terrain (1)
12.625	16.625	0.000	Terrain/Terrain (1)
12.625	17.125	0.000	Terrain/Terrain (1)
12.625	17.625	0.000	Terrain/Terrain (1)
12.625	18.125	0.000	Terrain/Terrain (1)
12.625	18.625	0.000	Terrain/Terrain (1)
12.625	19.125	0.000	Terrain/Terrain (1)
12.625	19.625	0.000	Terrain/Terrain (1)
12.625	20.125	0.000	Terrain/Terrain (1)
12.625	20.625	0.000	Terrain/Terrain (1)
12.625	21.125	0.000	Terrain/Terrain (1)
12.625	21.625	0.000	Terrain/Terrain (1)
12.625	22.125	0.000	Terrain/Terrain (1)
12.625	22.625	0.000	Terrain/Terrain (1)
12.625	23.125	0.000	Terrain/Terrain (1)
12.625	23.625	0.000	Terrain/Terrain (1)
12.625	24.125	0.000	Terrain/Terrain (1)
12.625	24.625	0.000	Terrain/Terrain (1)
12.625	25.125	0.000	Terrain/Terrain (1)
12.625	25.625	0.000	Terrain/Terrain (1)
12.625	26.125	0.000	Terrain/Terrain (1)
12.625	26.625	0.000	Terrain/Terrain (1)
12.625	27.125	0.000	Terrain/Terrain (1)
12.625	27.625	0.000	Terrain/Terrain (1)
12.625	28.125	0.000	Terrain/Terrain (1)
12.625	28.625	0.000	Terrain/Terrain (1)
12.625	29.125	0.000	Terrain/Terrain (1)
12.625	29.625	0.000	Terrain/Terrain (1)
12.625	30.125	0.000	Terrain/Terrain (1)
12.625	30.625	-0.001	Terrain/Terrain (1)
12.625	31.125	-0.026	Terrain/Terrain (1)
12.625	31.625	-0.050	Terrain/Terrain (1)
12.625	32.125	-0.043	Terrain/Terrain (1)
12.625	32.625	-0.009	Terrain/Terrain (1)
